{
  "updated_utc": "2026-01-07T15:11:22.473221+00:00",
  "tf": "1d",
  "params": {
    "pole_bars": 10,
    "flag_bars": 8,
    "min_pole_gain_pct": 10.0,
    "near_breakout_pct": 3.0,
    "flag_pullback_min_pct": 1.0,
    "flag_pullback_max_pct": 8.0,
    "tight_ratio": 0.6,
    "sma_fast": 20,
    "sma_slow": 50
  },
  "count": 8,
  "data": [
    {
      "ticker": "CCL",
      "tf": "1d",
      "bars_used": 320,
      "close": 32.29999923706055,
      "sma20": 29.50750026702881,
      "sma50": 27.798400154113768,
      "trend_ok": true,
      "pole_bars": 10,
      "pole_gain_pct": 20.47183797639896,
      "pole_high": 32.88999938964844,
      "pole_range": 7.340000152587891,
      "flag_bars": 8,
      "flag_range": 2.529998779296875,
      "pullback_from_pole_high_pct": 1.7938588128207236,
      "pullback_ok": true,
      "tight_ok": true,
      "flag_hold_ok": true,
      "near_breakout": true,
      "pattern": "bull_flag",
      "rank_score": 2.8275696040139158
    },
    {
      "ticker": "GLIBK",
      "tf": "1d",
      "bars_used": 124,
      "close": 37.040000915527344,
      "sma20": 35.21799983978271,
      "sma50": 34.67359992980957,
      "trend_ok": true,
      "pole_bars": 10,
      "pole_gain_pct": 16.076971163636536,
      "pole_high": 37.630001068115234,
      "pole_range": 6.530000686645508,
      "flag_bars": 8,
      "flag_range": 2.3100013732910156,
      "pullback_from_pole_high_pct": 1.5678983147513414,
      "pullback_ok": true,
      "tight_ok": true,
      "flag_hold_ok": true,
      "near_breakout": true,
      "pattern": "bull_flag",
      "rank_score": 2.691628974349773
    },
    {
      "ticker": "NCLH",
      "tf": "1d",
      "bars_used": 320,
      "close": 23.799999237060547,
      "sma20": 21.87800006866455,
      "sma50": 20.391600074768068,
      "trend_ok": true,
      "pole_bars": 10,
      "pole_gain_pct": 20.11434971554829,
      "pole_high": 24.31999969482422,
      "pole_range": 5.809999465942383,
      "flag_bars": 8,
      "flag_range": 2.280000686645508,
      "pullback_from_pole_high_pct": 2.138159803819152,
      "pullback_ok": true,
      "tight_ok": true,
      "flag_hold_ok": true,
      "near_breakout": true,
      "pattern": "bull_flag",
      "rank_score": 2.633235057870914
    },
    {
      "ticker": "MSGS",
      "tf": "1d",
      "bars_used": 320,
      "close": 253.0399932861328,
      "sma20": 245.95849838256837,
      "sma50": 230.75739990234376,
      "trend_ok": true,
      "pole_bars": 10,
      "pole_gain_pct": 14.627288911971482,
      "pole_high": 257.239990234375,
      "pole_range": 34.209991455078125,
      "flag_bars": 8,
      "flag_range": 11.574981689453125,
      "pullback_from_pole_high_pct": 1.6327154049475396,
      "pullback_ok": true,
      "tight_ok": true,
      "flag_hold_ok": true,
      "near_breakout": true,
      "pattern": "bull_flag",
      "rank_score": 2.623207796407973
    },
    {
      "ticker": "RCL",
      "tf": "1d",
      "bars_used": 320,
      "close": 297.75,
      "sma20": 280.9255851745605,
      "sma50": 272.2709213256836,
      "trend_ok": true,
      "pole_bars": 10,
      "pole_gain_pct": 12.25516789537209,
      "pole_high": 302.96641208032065,
      "pole_range": 58.55025492874353,
      "flag_bars": 8,
      "flag_range": 21.610015869140625,
      "pullback_from_pole_high_pct": 1.7217790066239116,
      "pullback_ok": true,
      "tight_ok": true,
      "flag_hold_ok": true,
      "near_breakout": true,
      "pattern": "bull_flag",
      "rank_score": 2.423690534069687
    },
    {
      "ticker": "BMRN",
      "tf": "1d",
      "bars_used": 320,
      "close": 60.06999969482422,
      "sma20": 56.66050033569336,
      "sma50": 54.93140007019043,
      "trend_ok": true,
      "pole_bars": 10,
      "pole_gain_pct": 13.854745849172556,
      "pole_high": 63.88999938964844,
      "pole_range": 12.989997863769531,
      "flag_bars": 8,
      "flag_range": 2.8600006103515625,
      "pullback_from_pole_high_pct": 5.979026031174358,
      "pullback_ok": true,
      "tight_ok": true,
      "flag_hold_ok": true,
      "near_breakout": false,
      "pattern": "bull_flag",
      "rank_score": 2.3257882187244427
    },
    {
      "ticker": "GLIBA",
      "tf": "1d",
      "bars_used": 124,
      "close": 36.8849983215332,
      "sma20": 35.1042501449585,
      "sma50": 34.65610015869141,
      "trend_ok": true,
      "pole_bars": 10,
      "pole_gain_pct": 15.823569888505407,
      "pole_high": 37.79999923706055,
      "pole_range": 6.629999160766602,
      "flag_bars": 8,
      "flag_range": 2.6199989318847656,
      "pullback_from_pole_high_pct": 2.4206373915220674,
      "pullback_ok": true,
      "tight_ok": true,
      "flag_hold_ok": true,
      "near_breakout": true,
      "pattern": "bull_flag",
      "rank_score": 2.325677125726001
    },
    {
      "ticker": "LULU",
      "tf": "1d",
      "bars_used": 320,
      "close": 215.8800048828125,
      "sma20": 205.24549713134766,
      "sma50": 185.7837985229492,
      "trend_ok": true,
      "pole_bars": 10,
      "pole_gain_pct": 13.356784037299047,
      "pole_high": 225.97999572753906,
      "pole_range": 44.47999572753906,
      "flag_bars": 8,
      "flag_range": 9.44000244140625,
      "pullback_from_pole_high_pct": 4.469418105885788,
      "pullback_ok": true,
      "tight_ok": true,
      "flag_hold_ok": true,
      "near_breakout": false,
      "pattern": "bull_flag",
      "rank_score": 2.3141220500307242
    }
  ]
}