{
  "updated_utc": "2026-01-05T23:21:42.181151+00:00",
  "tf": "1d",
  "params": {
    "n_down": 40,
    "n_up": 10,
    "n_corr": 8,
    "sma_slow": 50,
    "sma_fast": 20,
    "pivot_strength": 1,
    "min_hh_steps": 1,
    "min_hl_steps": 1,
    "corr_min_pct": 0.5,
    "corr_max_pct": 12.0,
    "near_resistance_pct": 6.0,
    "breakout_wiggle_pct": 0.2
  },
  "count": 2,
  "data": [
    {
      "ticker": "NVDA",
      "tf": "1d",
      "bars_used": 350,
      "close": 188.85000610351562,
      "sma20": 182.9635009765625,
      "sma50": 186.50489166259766,
      "trend_ok": true,
      "prior_downtrend_ok": true,
      "down_slope": -0.5357848262250088,
      "fresh_uptrend_ok": true,
      "up_slope": 1.1464239871863162,
      "up_hh_steps": 1,
      "up_hl_steps": 1,
      "up_pivot_highs": 2,
      "up_pivot_lows": 2,
      "resistance": 192.69000244140625,
      "pullback_from_resistance_pct": 1.9928363118155559,
      "state": "correction",
      "rank_score": 2.760027621400576
    },
    {
      "ticker": "LIN",
      "tf": "1d",
      "bars_used": 350,
      "close": 429.1099853515625,
      "sma20": 415.3609985351562,
      "sma50": 418.2877215576172,
      "trend_ok": true,
      "prior_downtrend_ok": true,
      "down_slope": -0.8901479724647852,
      "fresh_uptrend_ok": true,
      "up_slope": 0.9347878196022728,
      "up_hh_steps": 1,
      "up_hl_steps": 1,
      "up_pivot_highs": 2,
      "up_pivot_lows": 3,
      "resistance": 429.4599914550781,
      "pullback_from_resistance_pct": 0.08149911760808014,
      "state": "uptrend",
      "rank_score": 2.5364168137319867
    }
  ]
}