{
  "updated_utc": "2026-01-05T23:10:19.533165+00:00",
  "tf": "1d",
  "params": {
    "n_down": 40,
    "n_up": 10,
    "n_corr": 8,
    "sma_slow": 50,
    "sma_fast": 20,
    "pivot_strength": 1,
    "min_hh_steps": 1,
    "min_hl_steps": 1,
    "corr_min_pct": 0.5,
    "corr_max_pct": 12.0,
    "near_resistance_pct": 6.0,
    "breakout_wiggle_pct": 0.2
  },
  "count": 1,
  "data": [
    {
      "ticker": "ONGC.NS",
      "tf": "1d",
      "bars_used": 350,
      "close": 241.4600067138672,
      "sma20": 236.02300186157225,
      "sma50": 242.02235046386718,
      "trend_ok": true,
      "prior_downtrend_ok": true,
      "down_slope": -0.37356966458834134,
      "fresh_uptrend_ok": true,
      "up_slope": 0.7196368593158144,
      "up_hh_steps": 1,
      "up_hl_steps": 1,
      "up_pivot_highs": 2,
      "up_pivot_lows": 3,
      "resistance": 239.02000427246094,
      "pullback_from_resistance_pct": -1.0208360797386944,
      "state": "uptrend",
      "rank_score": 2.689325271677388
    }
  ]
}