{
  "updated_utc": "2026-01-05T22:45:03.847056+00:00",
  "tf": "1d",
  "params": {
    "n_down": 40,
    "n_up": 10,
    "n_corr": 8,
    "sma_slow": 50,
    "sma_fast": 20,
    "pivot_strength": 1,
    "min_hh_steps": 1,
    "min_hl_steps": 1,
    "corr_min_pct": 0.5,
    "corr_max_pct": 12.0,
    "near_resistance_pct": 6.0,
    "breakout_wiggle_pct": 0.2
  },
  "count": 14,
  "data": [
    {
      "ticker": "VRT",
      "tf": "1d",
      "bars_used": 350,
      "close": 175.61000061035156,
      "sma20": 168.91400070190429,
      "sma50": 174.76691162109375,
      "trend_ok": true,
      "prior_downtrend_ok": true,
      "down_slope": -0.5217339821649092,
      "fresh_uptrend_ok": true,
      "up_slope": 1.1851509787819603,
      "up_hh_steps": 1,
      "up_hl_steps": 1,
      "up_pivot_highs": 2,
      "up_pivot_lows": 3,
      "resistance": 168.99000549316406,
      "pullback_from_resistance_pct": -3.9173885448836736,
      "state": "uptrend",
      "rank_score": 3.128945232395583
    },
    {
      "ticker": "LINE",
      "tf": "1d",
      "bars_used": 350,
      "close": 35.41999816894531,
      "sma20": 34.753231620788576,
      "sma50": 35.4141812133789,
      "trend_ok": true,
      "prior_downtrend_ok": true,
      "down_slope": -0.106985618920532,
      "fresh_uptrend_ok": true,
      "up_slope": 0.1644694472804214,
      "up_hh_steps": 1,
      "up_hl_steps": 2,
      "up_pivot_highs": 2,
      "up_pivot_lows": 3,
      "resistance": 34.67183000594919,
      "pullback_from_resistance_pct": -2.1578559968358983,
      "state": "uptrend",
      "rank_score": 2.9967338762780997
    },
    {
      "ticker": "PNR",
      "tf": "1d",
      "bars_used": 350,
      "close": 105.47000122070312,
      "sma20": 104.78800048828126,
      "sma50": 105.75426177978515,
      "trend_ok": true,
      "prior_downtrend_ok": true,
      "down_slope": -0.12796336061288,
      "fresh_uptrend_ok": true,
      "up_slope": 0.14763632109670927,
      "up_hh_steps": 1,
      "up_hl_steps": 1,
      "up_pivot_highs": 2,
      "up_pivot_lows": 2,
      "resistance": 106.11000061035156,
      "pullback_from_resistance_pct": 0.6031470982632361,
      "state": "correction",
      "rank_score": 2.926700279227799
    },
    {
      "ticker": "DOX",
      "tf": "1d",
      "bars_used": 350,
      "close": 80.16000366210938,
      "sma20": 79.00130081176758,
      "sma50": 79.31688171386719,
      "trend_ok": true,
      "prior_downtrend_ok": true,
      "down_slope": -0.21539993643984337,
      "fresh_uptrend_ok": true,
      "up_slope": 0.12233613910097065,
      "up_hh_steps": 1,
      "up_hl_steps": 2,
      "up_pivot_highs": 2,
      "up_pivot_lows": 3,
      "resistance": 81.50800740795971,
      "pullback_from_resistance_pct": 1.6538298367464381,
      "state": "correction",
      "rank_score": 2.886531213313082
    },
    {
      "ticker": "LMT",
      "tf": "1d",
      "bars_used": 350,
      "close": 497.07000732421875,
      "sma20": 476.447004699707,
      "sma50": 469.64409240722654,
      "trend_ok": true,
      "prior_downtrend_ok": true,
      "down_slope": -0.4588573148058235,
      "fresh_uptrend_ok": true,
      "up_slope": 2.1063028971354165,
      "up_hh_steps": 2,
      "up_hl_steps": 1,
      "up_pivot_highs": 3,
      "up_pivot_lows": 2,
      "resistance": 491.70001220703125,
      "pullback_from_resistance_pct": -1.0921283270024515,
      "state": "uptrend",
      "rank_score": 2.8782958307277093
    },
    {
      "ticker": "ALAB",
      "tf": "1d",
      "bars_used": 350,
      "close": 179.55999755859375,
      "sma20": 162.40449981689454,
      "sma50": 160.7582000732422,
      "trend_ok": true,
      "prior_downtrend_ok": true,
      "down_slope": -0.5427461835277908,
      "fresh_uptrend_ok": true,
      "up_slope": 1.8730603767163825,
      "up_hh_steps": 1,
      "up_hl_steps": 1,
      "up_pivot_highs": 3,
      "up_pivot_lows": 3,
      "resistance": 175.97999572753906,
      "pullback_from_resistance_pct": -2.03432317193451,
      "state": "uptrend",
      "rank_score": 2.8169017421207507
    },
    {
      "ticker": "CELH",
      "tf": "1d",
      "bars_used": 350,
      "close": 47.75,
      "sma20": 44.09550018310547,
      "sma50": 46.913400115966795,
      "trend_ok": true,
      "prior_downtrend_ok": true,
      "down_slope": -0.5660121889096488,
      "fresh_uptrend_ok": true,
      "up_slope": 0.5488486087683475,
      "up_hh_steps": 1,
      "up_hl_steps": 1,
      "up_pivot_highs": 2,
      "up_pivot_lows": 2,
      "resistance": 47.08000183105469,
      "pullback_from_resistance_pct": -1.423105656090632,
      "state": "uptrend",
      "rank_score": 2.787184276015105
    },
    {
      "ticker": "URI",
      "tf": "1d",
      "bars_used": 350,
      "close": 845.0599975585938,
      "sma20": 812.9189971923828,
      "sma50": 831.2524487304687,
      "trend_ok": true,
      "prior_downtrend_ok": true,
      "down_slope": -2.8257642448954914,
      "fresh_uptrend_ok": true,
      "up_slope": 2.362545868844697,
      "up_hh_steps": 1,
      "up_hl_steps": 1,
      "up_pivot_highs": 2,
      "up_pivot_lows": 2,
      "resistance": 829.9099731445312,
      "pullback_from_resistance_pct": -1.8255021513549252,
      "state": "uptrend",
      "rank_score": 2.7630647974343496
    },
    {
      "ticker": "NVDA",
      "tf": "1d",
      "bars_used": 350,
      "close": 188.85000610351562,
      "sma20": 182.9635009765625,
      "sma50": 186.50489166259766,
      "trend_ok": true,
      "prior_downtrend_ok": true,
      "down_slope": -0.5357848262250088,
      "fresh_uptrend_ok": true,
      "up_slope": 1.1464239871863162,
      "up_hh_steps": 1,
      "up_hl_steps": 1,
      "up_pivot_highs": 2,
      "up_pivot_lows": 2,
      "resistance": 192.69000244140625,
      "pullback_from_resistance_pct": 1.9928363118155559,
      "state": "correction",
      "rank_score": 2.760027621400576
    },
    {
      "ticker": "XRAY",
      "tf": "1d",
      "bars_used": 350,
      "close": 11.270000457763672,
      "sma20": 11.212430667877197,
      "sma50": 11.325020503997802,
      "trend_ok": true,
      "prior_downtrend_ok": true,
      "down_slope": -0.043291170467355235,
      "fresh_uptrend_ok": true,
      "up_slope": 0.04220341191147313,
      "up_hh_steps": 1,
      "up_hl_steps": 1,
      "up_pivot_highs": 2,
      "up_pivot_lows": 3,
      "resistance": 11.529999732971191,
      "pullback_from_resistance_pct": 2.254980756539183,
      "state": "correction",
      "rank_score": 2.7039840681640066
    },
    {
      "ticker": "BBWI",
      "tf": "1d",
      "bars_used": 350,
      "close": 20.739999771118164,
      "sma20": 19.697500133514403,
      "sma50": 20.779139137268068,
      "trend_ok": true,
      "prior_downtrend_ok": true,
      "down_slope": -0.20180900870747234,
      "fresh_uptrend_ok": true,
      "up_slope": 0.12284839514530066,
      "up_hh_steps": 1,
      "up_hl_steps": 1,
      "up_pivot_highs": 2,
      "up_pivot_lows": 2,
      "resistance": 20.540000915527344,
      "pullback_from_resistance_pct": -0.9737042194561438,
      "state": "uptrend",
      "rank_score": 2.684028774211222
    },
    {
      "ticker": "CI",
      "tf": "1d",
      "bars_used": 350,
      "close": 279.1199951171875,
      "sma20": 272.511003112793,
      "sma50": 273.1024038696289,
      "trend_ok": true,
      "prior_downtrend_ok": true,
      "down_slope": -0.3615437362699527,
      "fresh_uptrend_ok": true,
      "up_slope": 0.49872732451467805,
      "up_hh_steps": 1,
      "up_hl_steps": 1,
      "up_pivot_highs": 2,
      "up_pivot_lows": 2,
      "resistance": 277.8900146484375,
      "pullback_from_resistance_pct": -0.44261412930078303,
      "state": "uptrend",
      "rank_score": 2.5944735825551866
    },
    {
      "ticker": "LIN",
      "tf": "1d",
      "bars_used": 350,
      "close": 429.1099853515625,
      "sma20": 415.3609985351562,
      "sma50": 418.2877215576172,
      "trend_ok": true,
      "prior_downtrend_ok": true,