{
  "updated_utc": "2026-01-25T20:45:36.462839+00:00",
  "params": {
    "years": 3,
    "lookbacks": [
      26,
      39,
      52
    ],
    "k": 2.0,
    "min_r2": 0.65,
    "min_inside": 0.92,
    "min_touch": 0.03,
    "only_in_channel": true,
    "pos_min": 0.05,
    "pos_max": 0.95,
    "only_ascending": false,
    "sideways_threshold_pct": 10.0,
    "support_cutoff": 0.2,
    "resistance_cutoff": 0.8,
    "prior_trend_weeks": 20,
    "recent_trend_weeks": 6
  },
  "count": 17,
  "data": [
    {
      "ticker": "SBIN.NS",
      "slope": 0.011096974836963001,
      "r2": 0.9458905340058477,
      "inside": 1.0,
      "near_upper": 0.07692307692307693,
      "near_lower": 0.038461538461538464,
      "pos": 0.33556700890874885,
      "k": 2.0,
      "lookback": 26.0,
      "annual_trend_pct": 78.07643665181212,
      "trend_type": "Ascending",
      "near_support": false,
      "near_resistance": false,
      "action_zone": "Mid Channel",
      "prior_trend_weeks": 20,
      "recent_trend_weeks": 6,
      "prior_trend_pct": 91.02469953453833,
      "prior_trend_type": "Ascending",
      "recent_trend_pct": 102.08812460023351,
      "recent_trend_type": "Ascending",
      "previously_descending": false,
      "rank_score": 0.939388566112049
    },
    {
      "ticker": "EICHERMOT.NS",
      "slope": 0.009053005244575035,
      "r2": 0.8855947274522126,
      "inside": 0.9615384615384616,
      "near_upper": 0.07692307692307693,
      "near_lower": 0.038461538461538464,
      "pos": 0.10918713029243372,
      "k": 2.0,
      "lookback": 52.0,
      "annual_trend_pct": 60.120468284693814,
      "trend_type": "Ascending",
      "near_support": true,
      "near_resistance": false,
      "action_zone": "Near Support",
      "prior_trend_weeks": 20,
      "recent_trend_weeks": 6,
      "prior_trend_pct": 87.71697760564147,
      "prior_trend_type": "Ascending",
      "recent_trend_pct": -20.26323339514684,
      "recent_trend_type": "Descending",
      "previously_descending": false,
      "rank_score": 0.9164940353122475
    },
    {
      "ticker": "AXISBANK.NS",
      "slope": 0.00883222184024765,
      "r2": 0.8321078231758001,
      "inside": 1.0,
      "near_upper": 0.038461538461538464,
      "near_lower": 0.11538461538461539,
      "pos": 0.0721624163738276,
      "k": 2.0,
      "lookback": 26.0,
      "annual_trend_pct": 58.29267955315973,
      "trend_type": "Ascending",
      "near_support": true,
      "near_resistance": false,
      "action_zone": "Near Support",
      "prior_trend_weeks": 20,
      "recent_trend_weeks": 6,
      "prior_trend_pct": 90.0876347048668,
      "prior_trend_type": "Ascending",
      "recent_trend_pct": 49.609188204757636,
      "recent_trend_type": "Ascending",
      "previously_descending": false,
      "rank_score": 0.9088376699505173
    },
    {
      "ticker": "TRENT.NS",
      "slope": -0.01394842056907857,
      "r2": 0.9050949781468358,
      "inside": 0.9230769230769231,
      "near_upper": 0.07692307692307693,
      "near_lower": 0.038461538461538464,
      "pos": 0.2493318628351564,
      "k": 2.0,
      "lookback": 26.0,
      "annual_trend_pct": -51.58293586320626,
      "trend_type": "Descending",
      "near_support": false,
      "near_resistance": false,
      "action_zone": "Mid Channel",
      "prior_trend_weeks": 20,
      "recent_trend_weeks": 6,
      "prior_trend_pct": -53.33260331410972,
      "prior_trend_type": "Descending",
      "recent_trend_pct": -68.57560942106258,
      "recent_trend_type": "Descending",
      "previously_descending": true,
      "rank_score": 0.8968450720206715
    },
    {
      "ticker": "SHRIRAMFIN.NS",
      "slope": 0.024595078657636587,
      "r2": 0.9317457909596026,
      "inside": 0.9230769230769231,
      "near_upper": 0.038461538461538464,
      "near_lower": 0.038461538461538464,
      "pos": 0.44898721532357316,
      "k": 2.0,
      "lookback": 26.0,
      "annual_trend_pct": 259.2844002748699,
      "trend_type": "Ascending",
      "near_support": false,
      "near_resistance": false,
      "action_zone": "Mid Channel",
      "prior_trend_weeks": 20,
      "recent_trend_weeks": 6,
      "prior_trend_pct": 219.34073957826888,
      "prior_trend_type": "Ascending",
      "recent_trend_pct": 146.73461798284194,
      "recent_trend_type": "Ascending",
      "previously_descending": false,
      "rank_score": 0.8902049431782132
    },
    {
      "ticker": "SBILIFE.NS",
      "slope": 0.0067795974761601365,
      "r2": 0.846934482230618,
      "inside": 0.9615384615384616,
      "near_upper": 0.09615384615384616,
      "near_lower": 0.057692307692307696,
      "pos": 0.20346361401211133,
      "k": 2.0,
      "lookback": 52.0,
      "annual_trend_pct": 42.26752368207307,
      "trend_type": "Ascending",
      "near_support": false,
      "near_resistance": false,
      "action_zone": "Mid Channel",
      "prior_trend_weeks": 20,
      "recent_trend_weeks": 6,
      "prior_trend_pct": 40.202652440670896,
      "prior_trend_type": "Ascending",
      "recent_trend_pct": 4.223269849798661,
      "recent_trend_type": "Sideways",
      "previously_descending": false,
      "rank_score": 0.8877362643294826
    },
    {
      "ticker": "MARUTI.NS",
      "slope": 0.008366987689323537,
      "r2": 0.807990839943672,
      "inside": 0.9807692307692307,
      "near_upper": 0.057692307692307696,
      "near_lower": 0.038461538461538464,
      "pos": 0.13352044648743996,
      "k": 2.0,
      "lookback": 52.0,
      "annual_trend_pct": 54.509185220020925,
      "trend_type": "Ascending",
      "near_support": true,
      "near_resistance": false,
      "action_zone": "Near Support",
      "prior_trend_weeks": 20,
      "recent_trend_weeks": 6,
      "prior_trend_pct": 87.06132342658881,
      "prior_trend_type": "Ascending",
      "recent_trend_pct": -49.52619853645991,
      "recent_trend_type": "Descending",
      "previously_descending": false,
      "rank_score": 0.8829510676307843
    },
    {
      "ticker": "M&M.NS",
      "slope": 0.007237027125729423,
      "r2": 0.8239170686350998,
      "inside": 0.9423076923076923,
      "near_upper": 0.038461538461538464,
      "near_lower": 0.07692307692307693,
      "pos": 0.08536766840157392,
      "k": 2.0,
      "lookback": 52.0,
      "annual_trend_pct": 45.69211541377813,
      "trend_type": "Ascending",
      "near_support": true,
      "near_resistance": false,
      "action_zone": "Near Support",
      "prior_trend_weeks": 20,
      "recent_trend_weeks": 6,
      "prior_trend_pct": 54.19706462955289,
      "prior_trend_type": "Ascending",
      "recent_trend_pct": -12.35514120182366,
      "recent_trend_type": "Descending",
      "previously_descending": false,
      "rank_score": 0.8803448444004695
    },
    {
      "ticker": "HINDALCO.NS",
      "slope": 0.010551689239195673,
      "r2": 0.941539922981957,
      "inside": 0.9743589743589743,
      "near_upper": 0.07692307692307693,
      "near_lower": 0.05128205128205128,
      "pos": 0.8684650756613812,
      "k": 2.0,
      "lookback": 39.0,
      "annual_trend_pct": 73.09802048197285,
      "trend_type": "Ascending",
      "near_support": false,
      "near_resistance": true,
      "action_zone": "Near Resistance",
      "prior_trend_weeks": 20,
      "recent_trend_weeks": 6,
      "prior_trend_pct": 80.00185158291447,
      "prior_trend_type": "Ascending",
      "recent_trend_pct": 193.1521932567561,
      "recent_trend_type": "Ascending",
      "previously_descending": false,
      "rank_score": 0.8736670436684302
    },
    {
      "ticker": "POWERGRID.NS",
      "slope": -0.0030179147989595418,
      "r2": 0.7449018793320381,
      "inside": 1.0,
      "near_upper": 0.07692307692307693,
      "near_lower": 0.07692307692307693,
      "pos": 0.05052646338455605,
      "k": 2.0,
      "lookback": 39.0,
      "annual_trend_pct": -14.523745139422706,
      "trend_type": "Descending",
      "near_support": true,
      "near_resistance": false,