{
  "updated_utc": "2026-01-22T20:52:39.737200+00:00",
  "params": {
    "years": 3,
    "lookbacks": [
      26,
      39,
      52
    ],
    "k": 2.0,
    "min_r2": 0.65,
    "min_inside": 0.92,
    "min_touch": 0.03,
    "only_in_channel": true,
    "pos_min": 0.05,
    "pos_max": 0.95,
    "only_ascending": false,
    "sideways_threshold_pct": 10.0,
    "support_cutoff": 0.2,
    "resistance_cutoff": 0.8,
    "prior_trend_weeks": 20,
    "recent_trend_weeks": 6
  },
  "count": 18,
  "data": [
    {
      "ticker": "SBIN.NS",
      "slope": 0.011252053715897416,
      "r2": 0.9482792200279534,
      "inside": 1.0,
      "near_upper": 0.07692307692307693,
      "near_lower": 0.07692307692307693,
      "pos": 0.5268153653548381,
      "k": 2.0,
      "lookback": 26.0,
      "annual_trend_pct": 79.51826887552072,
      "trend_type": "Ascending",
      "near_support": false,
      "near_resistance": false,
      "action_zone": "Mid Channel",
      "prior_trend_weeks": 20,
      "recent_trend_weeks": 6,
      "prior_trend_pct": 91.02469953453833,
      "prior_trend_type": "Ascending",
      "recent_trend_pct": 131.24773056791832,
      "recent_trend_type": "Ascending",
      "previously_descending": false,
      "rank_score": 0.9214580734784928
    },
    {
      "ticker": "EICHERMOT.NS",
      "slope": 0.009076605131119754,
      "r2": 0.8873944985102303,
      "inside": 0.9615384615384616,
      "near_upper": 0.07692307692307693,
      "near_lower": 0.038461538461538464,
      "pos": 0.1578750144748707,
      "k": 2.0,
      "lookback": 52.0,
      "annual_trend_pct": 60.31708779919238,
      "trend_type": "Ascending",
      "near_support": true,
      "near_resistance": false,
      "action_zone": "Near Support",
      "prior_trend_weeks": 20,
      "recent_trend_weeks": 6,
      "prior_trend_pct": 87.71697760564147,
      "prior_trend_type": "Ascending",
      "recent_trend_pct": -13.576632189328297,
      "recent_trend_type": "Descending",
      "previously_descending": false,
      "rank_score": 0.9125251324230127
    },
    {
      "ticker": "AXISBANK.NS",
      "slope": 0.009078658784714906,
      "r2": 0.8532318467607994,
      "inside": 1.0,
      "near_upper": 0.038461538461538464,
      "near_lower": 0.07692307692307693,
      "pos": 0.26314029562128916,
      "k": 2.0,
      "lookback": 26.0,
      "annual_trend_pct": 60.33420897307469,
      "trend_type": "Ascending",
      "near_support": false,
      "near_resistance": false,
      "action_zone": "Mid Channel",
      "prior_trend_weeks": 20,
      "recent_trend_weeks": 6,
      "prior_trend_pct": 90.0876347048668,
      "prior_trend_type": "Ascending",
      "recent_trend_pct": 85.34433997158943,
      "recent_trend_type": "Ascending",
      "previously_descending": false,
      "rank_score": 0.9003018938182709
    },
    {
      "ticker": "TRENT.NS",
      "slope": -0.013840107158998194,
      "r2": 0.9059118488392084,
      "inside": 0.9230769230769231,
      "near_upper": 0.07692307692307693,
      "near_lower": 0.038461538461538464,
      "pos": 0.3255357392332589,
      "k": 2.0,
      "lookback": 26.0,
      "annual_trend_pct": -51.30946715682413,
      "trend_type": "Descending",
      "near_support": false,
      "near_resistance": false,
      "action_zone": "Mid Channel",
      "prior_trend_weeks": 20,
      "recent_trend_weeks": 6,
      "prior_trend_pct": -53.33260331410972,
      "prior_trend_type": "Descending",
      "recent_trend_pct": -65.47360209507762,
      "recent_trend_type": "Descending",
      "previously_descending": true,
      "rank_score": 0.8896331197270475
    },
    {
      "ticker": "SHRIRAMFIN.NS",
      "slope": 0.02461167035653448,
      "r2": 0.9318678942735554,
      "inside": 0.9230769230769231,
      "near_upper": 0.038461538461538464,
      "near_lower": 0.038461538461538464,
      "pos": 0.4571217667387301,
      "k": 2.0,
      "lookback": 26.0,
      "annual_trend_pct": 259.59451324003754,
      "trend_type": "Ascending",
      "near_support": false,
      "near_resistance": false,
      "action_zone": "Mid Channel",
      "prior_trend_weeks": 20,
      "recent_trend_weeks": 6,
      "prior_trend_pct": 219.34073957826888,
      "prior_trend_type": "Ascending",
      "recent_trend_pct": 150.31844680077904,
      "recent_trend_type": "Ascending",
      "previously_descending": false,
      "rank_score": 0.889452539693674
    },
    {
      "ticker": "SBILIFE.NS",
      "slope": 0.006800586147781075,
      "r2": 0.8489471156260977,
      "inside": 0.9615384615384616,
      "near_upper": 0.09615384615384616,
      "near_lower": 0.057692307692307696,
      "pos": 0.2533598069808099,
      "k": 2.0,
      "lookback": 52.0,
      "annual_trend_pct": 42.42288077538412,
      "trend_type": "Ascending",
      "near_support": false,
      "near_resistance": false,
      "action_zone": "Mid Channel",
      "prior_trend_weeks": 20,
      "recent_trend_weeks": 6,
      "prior_trend_pct": 40.202652440670896,
      "prior_trend_type": "Ascending",
      "recent_trend_pct": 11.96124323861396,
      "recent_trend_type": "Ascending",
      "previously_descending": false,
      "rank_score": 0.8837529617303526
    },
    {
      "ticker": "HINDALCO.NS",
      "slope": 0.010527939427776484,
      "r2": 0.9421194812761531,
      "inside": 0.9743589743589743,
      "near_upper": 0.07692307692307693,
      "near_lower": 0.05128205128205128,
      "pos": 0.8244913890760409,
      "k": 2.0,
      "lookback": 39.0,
      "annual_trend_pct": 72.88437807440494,
      "trend_type": "Ascending",
      "near_support": false,
      "near_resistance": true,
      "action_zone": "Near Resistance",
      "prior_trend_weeks": 20,
      "recent_trend_weeks": 6,
      "prior_trend_pct": 80.00185158291447,
      "prior_trend_type": "Ascending",
      "recent_trend_pct": 180.0087466533387,
      "recent_trend_type": "Ascending",
      "previously_descending": false,
      "rank_score": 0.8783541914740621
    },
    {
      "ticker": "MARUTI.NS",
      "slope": 0.008408252431868846,
      "r2": 0.8119753985202883,
      "inside": 0.9807692307692307,
      "near_upper": 0.057692307692307696,
      "near_lower": 0.038461538461538464,
      "pos": 0.2020694705314176,
      "k": 2.0,
      "lookback": 52.0,
      "annual_trend_pct": 54.84108182995422,
      "trend_type": "Ascending",
      "near_support": false,
      "near_resistance": false,
      "action_zone": "Mid Channel",
      "prior_trend_weeks": 20,
      "recent_trend_weeks": 6,
      "prior_trend_pct": 87.06132342658881,
      "prior_trend_type": "Ascending",
      "recent_trend_pct": -41.89465941029318,
      "recent_trend_type": "Descending",
      "previously_descending": false,
      "rank_score": 0.8780884445146947
    },
    {
      "ticker": "M&M.NS",
      "slope": 0.00725556435946656,
      "r2": 0.8261662636425189,
      "inside": 0.9423076923076923,
      "near_upper": 0.038461538461538464,
      "near_lower": 0.057692307692307696,
      "pos": 0.12224223321718632,
      "k": 2.0,
      "lookback": 52.0,
      "annual_trend_pct": 45.832621019563625,
      "trend_type": "Ascending",
      "near_support": true,
      "near_resistance": false,
      "action_zone": "Near Support",
      "prior_trend_weeks": 20,
      "recent_trend_weeks": 6,
      "prior_trend_pct": 54.19706462955289,
      "prior_trend_type": "Ascending",
      "recent_trend_pct": -6.632293930354216,
      "recent_trend_type": "Sideways",
      "previously_descending": false,
      "rank_score": 0.8777819854226178
    },
    {
      "ticker": "POWERGRID.NS",
      "slope": -0.0029414985403744213,
      "r2": 0.7489795080486824,
      "inside": 1.0,
      "near_upper": 0.07692307692307693,
      "near_lower": 0.05128205128205128,
      "pos": 0.2644171269073865,
      "k": 2.0,
      "lookback": 39.0,
      "annual_trend_pct": -14.183417084817018,
      "trend_type": "Descending",
      "near_support": false,
      "near_resistance": false,