{
  "updated_utc": "2026-01-18T20:45:07.981401+00:00",
  "params": {
    "years": 3,
    "lookbacks": [
      26,
      39,
      52
    ],
    "k": 2.0,
    "min_r2": 0.65,
    "min_inside": 0.92,
    "min_touch": 0.03,
    "only_in_channel": true,
    "pos_min": 0.05,
    "pos_max": 0.95,
    "only_ascending": false,
    "sideways_threshold_pct": 10.0,
    "support_cutoff": 0.2,
    "resistance_cutoff": 0.8,
    "prior_trend_weeks": 20,
    "recent_trend_weeks": 6
  },
  "count": 22,
  "data": [
    {
      "ticker": "SBIN.NS",
      "slope": 0.010954355604526811,
      "r2": 0.9410886745505543,
      "inside": 1.0,
      "near_upper": 0.038461538461538464,
      "near_lower": 0.038461538461538464,
      "pos": 0.6213380676492322,
      "k": 2.0,
      "lookback": 26.0,
      "annual_trend_pct": 76.76067118744318,
      "trend_type": "Ascending",
      "near_support": false,
      "near_resistance": false,
      "action_zone": "Mid Channel",
      "prior_trend_weeks": 20,
      "recent_trend_weeks": 6,
      "prior_trend_pct": 89.79484387563457,
      "prior_trend_type": "Ascending",
      "recent_trend_pct": 106.87810239631914,
      "recent_trend_type": "Ascending",
      "previously_descending": false,
      "rank_score": 0.908410530510354
    },
    {
      "ticker": "EICHERMOT.NS",
      "slope": 0.009034496407153524,
      "r2": 0.8840517570360125,
      "inside": 0.9807692307692307,
      "near_upper": 0.07692307692307693,
      "near_lower": 0.038461538461538464,
      "pos": 0.3847114170648865,
      "k": 2.0,
      "lookback": 52.0,
      "annual_trend_pct": 59.96643294977613,
      "trend_type": "Ascending",
      "near_support": false,
      "near_resistance": false,
      "action_zone": "Mid Channel",
      "prior_trend_weeks": 20,
      "recent_trend_weeks": 6,
      "prior_trend_pct": 105.64138719101068,
      "prior_trend_type": "Ascending",
      "recent_trend_pct": 30.418358618277995,
      "recent_trend_type": "Ascending",
      "previously_descending": false,
      "rank_score": 0.8958624291192099
    },
    {
      "ticker": "BHARTIARTL.NS",
      "slope": 0.005100814336745249,
      "r2": 0.8450376555832462,
      "inside": 0.9423076923076923,
      "near_upper": 0.057692307692307696,
      "near_lower": 0.057692307692307696,
      "pos": 0.05064509269568451,
      "k": 2.0,
      "lookback": 52.0,
      "annual_trend_pct": 30.374689470314543,
      "trend_type": "Ascending",
      "near_support": true,
      "near_resistance": false,
      "action_zone": "Near Support",
      "prior_trend_weeks": 20,
      "recent_trend_weeks": 6,
      "prior_trend_pct": 42.55475797807515,
      "prior_trend_type": "Ascending",
      "recent_trend_pct": -32.61697210970139,
      "recent_trend_type": "Descending",
      "previously_descending": false,
      "rank_score": 0.8943773954451315
    },
    {
      "ticker": "AXISBANK.NS",
      "slope": 0.00904850393528406,
      "r2": 0.8511655779502808,
      "inside": 1.0,
      "near_upper": 0.038461538461538464,
      "near_lower": 0.07692307692307693,
      "pos": 0.3219414041981722,
      "k": 2.0,
      "lookback": 26.0,
      "annual_trend_pct": 60.082993579599716,
      "trend_type": "Ascending",
      "near_support": false,
      "near_resistance": false,
      "action_zone": "Mid Channel",
      "prior_trend_weeks": 20,
      "recent_trend_weeks": 6,
      "prior_trend_pct": 84.85563175284867,
      "prior_trend_type": "Ascending",
      "recent_trend_pct": 27.15182874130102,
      "recent_trend_type": "Ascending",
      "previously_descending": false,
      "rank_score": 0.8933886485553232
    },
    {
      "ticker": "SHRIRAMFIN.NS",
      "slope": 0.023539593108378085,
      "r2": 0.9097351226656468,
      "inside": 0.9615384615384616,
      "near_upper": 0.038461538461538464,
      "near_lower": 0.038461538461538464,
      "pos": 0.5604565967841816,
      "k": 2.0,
      "lookback": 26.0,
      "annual_trend_pct": 240.09637306050533,
      "trend_type": "Ascending",
      "near_support": false,
      "near_resistance": false,
      "action_zone": "Mid Channel",
      "prior_trend_weeks": 20,
      "recent_trend_weeks": 6,
      "prior_trend_pct": 193.53812753795805,
      "prior_trend_type": "Ascending",
      "recent_trend_pct": 403.6170596566085,
      "recent_trend_type": "Ascending",
      "previously_descending": false,
      "rank_score": 0.8834372862697899
    },
    {
      "ticker": "MARUTI.NS",
      "slope": 0.008404148466340373,
      "r2": 0.8116042425576369,
      "inside": 0.9807692307692307,
      "near_upper": 0.057692307692307696,
      "near_lower": 0.07692307692307693,
      "pos": 0.24936576639913388,
      "k": 2.0,
      "lookback": 52.0,
      "annual_trend_pct": 54.80804130757038,
      "trend_type": "Ascending",
      "near_support": false,
      "near_resistance": false,
      "action_zone": "Mid Channel",
      "prior_trend_weeks": 20,
      "recent_trend_weeks": 6,
      "prior_trend_pct": 105.81575636275433,
      "prior_trend_type": "Ascending",
      "recent_trend_pct": -21.99880813373335,
      "recent_trend_type": "Descending",
      "previously_descending": false,
      "rank_score": 0.8731732369465974
    },
    {
      "ticker": "HINDALCO.NS",
      "slope": 0.010277747809659303,
      "r2": 0.9414916214888698,
      "inside": 0.9743589743589743,
      "near_upper": 0.05128205128205128,
      "near_lower": 0.05128205128205128,
      "pos": 0.8751265595405192,
      "k": 2.0,
      "lookback": 39.0,
      "annual_trend_pct": 70.64972640350085,
      "trend_type": "Ascending",
      "near_support": false,
      "near_resistance": true,
      "action_zone": "Near Resistance",
      "prior_trend_weeks": 20,
      "recent_trend_weeks": 6,
      "prior_trend_pct": 77.26166997117174,
      "prior_trend_type": "Ascending",
      "recent_trend_pct": 178.19513019568473,
      "recent_trend_type": "Ascending",
      "previously_descending": false,
      "rank_score": 0.8729767445339727
    },
    {
      "ticker": "SBILIFE.NS",
      "slope": 0.006963641340404091,
      "r2": 0.8565151037400408,
      "inside": 0.9615384615384616,
      "near_upper": 0.09615384615384616,
      "near_lower": 0.038461538461538464,
      "pos": 0.4321300440056892,
      "k": 2.0,
      "lookback": 52.0,
      "annual_trend_pct": 43.63559984721348,
      "trend_type": "Ascending",
      "near_support": false,
      "near_resistance": false,
      "action_zone": "Mid Channel",
      "prior_trend_weeks": 20,
      "recent_trend_weeks": 6,
      "prior_trend_pct": 34.65538155635792,
      "prior_trend_type": "Ascending",
      "recent_trend_pct": 38.39611308761022,
      "recent_trend_type": "Ascending",
      "previously_descending": false,
      "rank_score": 0.8696599320848362
    },
    {
      "ticker": "TRENT.NS",
      "slope": -0.012751549875176895,
      "r2": 0.865689654269881,
      "inside": 0.9230769230769231,
      "near_upper": 0.07692307692307693,
      "near_lower": 0.038461538461538464,
      "pos": 0.3479723278912328,
      "k": 2.0,
      "lookback": 26.0,
      "annual_trend_pct": -48.47384244168275,
      "trend_type": "Descending",
      "near_support": false,
      "near_resistance": false,
      "action_zone": "Mid Channel",
      "prior_trend_weeks": 20,
      "recent_trend_weeks": 6,
      "prior_trend_pct": -48.28760596320849,
      "prior_trend_type": "Descending",
      "recent_trend_pct": -31.88447922534168,
      "recent_trend_type": "Descending",
      "previously_descending": true,
      "rank_score": 0.8672783635765865
    },
    {
      "ticker": "POWERGRID.NS",
      "slope": -0.002919014498380695,
      "r2": 0.7485126745524517,
      "inside": 1.0,
      "near_upper": 0.07692307692307693,
      "near_lower": 0.05128205128205128,
      "pos": 0.11086193341192353,
      "k": 2.0,
      "lookback": 39.0,
      "annual_trend_pct": -14.083024218070673,
      "trend_type": "Descending",
      "near_support": true,
      "near_resistance": false,