{
  "updated_utc": "2026-01-19T03:38:55.119258+00:00",
  "params": {
    "years": 3,
    "lookbacks": [
      26,
      39,
      52
    ],
    "k": 2.0,
    "min_r2": 0.65,
    "min_inside": 0.92,
    "min_touch": 0.03,
    "only_in_channel": true,
    "pos_min": 0.05,
    "pos_max": 0.95,
    "only_ascending": false,
    "sideways_threshold_pct": 10.0,
    "support_cutoff": 0.2,
    "resistance_cutoff": 0.8,
    "prior_trend_weeks": 20,
    "recent_trend_weeks": 6
  },
  "count": 21,
  "data": [
    {
      "ticker": "SBIN.NS",
      "slope": 0.011142514830395737,
      "r2": 0.9468906309549114,
      "inside": 1.0,
      "near_upper": 0.07692307692307693,
      "near_lower": 0.07692307692307693,
      "pos": 0.3910244117693396,
      "k": 2.0,
      "lookback": 26.0,
      "annual_trend_pct": 78.49863554210721,
      "trend_type": "Ascending",
      "near_support": false,
      "near_resistance": false,
      "action_zone": "Mid Channel",
      "prior_trend_weeks": 20,
      "recent_trend_weeks": 6,
      "prior_trend_pct": 91.02469953453833,
      "prior_trend_type": "Ascending",
      "recent_trend_pct": 110.24733484958409,
      "recent_trend_type": "Ascending",
      "previously_descending": false,
      "rank_score": 0.9343428743005218
    },
    {
      "ticker": "MARUTI.NS",
      "slope": 0.010125355550172103,
      "r2": 0.8161792008453809,
      "inside": 1.0,
      "near_upper": 0.05128205128205128,
      "near_lower": 0.07692307692307693,
      "pos": 0.06819640393680355,
      "k": 2.0,
      "lookback": 39.0,
      "annual_trend_pct": 69.30277408075835,
      "trend_type": "Ascending",
      "near_support": true,
      "near_resistance": false,
      "action_zone": "Near Support",
      "prior_trend_weeks": 20,
      "recent_trend_weeks": 6,
      "prior_trend_pct": 87.06132342658881,
      "prior_trend_type": "Ascending",
      "recent_trend_pct": -39.271113885377176,
      "recent_trend_type": "Descending",
      "previously_descending": false,
      "rank_score": 0.9012699600290102
    },
    {
      "ticker": "EICHERMOT.NS",
      "slope": 0.009152777668193644,
      "r2": 0.8919306321532985,
      "inside": 0.9615384615384616,
      "near_upper": 0.09615384615384616,
      "near_lower": 0.038461538461538464,
      "pos": 0.3204163337258474,
      "k": 2.0,
      "lookback": 52.0,
      "annual_trend_pct": 60.953358576976434,
      "trend_type": "Ascending",
      "near_support": false,
      "near_resistance": false,
      "action_zone": "Mid Channel",
      "prior_trend_weeks": 20,
      "recent_trend_weeks": 6,
      "prior_trend_pct": 87.71697760564147,
      "prior_trend_type": "Ascending",
      "recent_trend_pct": 12.075562116153282,
      "recent_trend_type": "Ascending",
      "previously_descending": false,
      "rank_score": 0.8985390673194491
    },
    {
      "ticker": "AXISBANK.NS",
      "slope": 0.009158813945921574,
      "r2": 0.8580319029890242,
      "inside": 1.0,
      "near_upper": 0.038461538461538464,
      "near_lower": 0.07692307692307693,
      "pos": 0.3309316450196674,
      "k": 2.0,
      "lookback": 26.0,
      "annual_trend_pct": 61.00388758377457,
      "trend_type": "Ascending",
      "near_support": false,
      "near_resistance": false,
      "action_zone": "Mid Channel",
      "prior_trend_weeks": 20,
      "recent_trend_weeks": 6,
      "prior_trend_pct": 90.0876347048668,
      "prior_trend_type": "Ascending",
      "recent_trend_pct": 98.71699522446585,
      "recent_trend_type": "Ascending",
      "previously_descending": false,
      "rank_score": 0.8959227869925454
    },
    {
      "ticker": "SHRIRAMFIN.NS",
      "slope": 0.024581867556808905,
      "r2": 0.931643870613143,
      "inside": 0.9230769230769231,
      "near_upper": 0.038461538461538464,
      "near_lower": 0.038461538461538464,
      "pos": 0.4425154680135594,
      "k": 2.0,
      "lookback": 26.0,
      "annual_trend_pct": 259.0376648286239,
      "trend_type": "Ascending",
      "near_support": false,
      "near_resistance": false,
      "action_zone": "Mid Channel",
      "prior_trend_weeks": 20,
      "recent_trend_weeks": 6,
      "prior_trend_pct": 219.34073957826888,
      "prior_trend_type": "Ascending",
      "recent_trend_pct": 143.91773187221452,
      "recent_trend_type": "Ascending",
      "previously_descending": false,
      "rank_score": 0.8908011577359849
    },
    {
      "ticker": "HINDALCO.NS",
      "slope": 0.010503632103252319,
      "r2": 0.9426033721279945,
      "inside": 0.9743589743589743,
      "near_upper": 0.07692307692307693,
      "near_lower": 0.05128205128205128,
      "pos": 0.7785082576237635,
      "k": 2.0,
      "lookback": 39.0,
      "annual_trend_pct": 72.66599357288005,
      "trend_type": "Ascending",
      "near_support": false,
      "near_resistance": false,
      "action_zone": "Mid Channel",
      "prior_trend_weeks": 20,
      "recent_trend_weeks": 6,
      "prior_trend_pct": 80.00185158291447,
      "prior_trend_type": "Ascending",
      "recent_trend_pct": 167.16674581922834,
      "recent_trend_type": "Ascending",
      "previously_descending": false,
      "rank_score": 0.8831944500452107
    },
    {
      "ticker": "BHARTIARTL.NS",
      "slope": 0.004941547272804399,
      "r2": 0.8285806876142715,
      "inside": 0.9423076923076923,
      "near_upper": 0.07692307692307693,
      "near_lower": 0.07692307692307693,
      "pos": 0.08670991563804795,
      "k": 2.0,
      "lookback": 52.0,
      "annual_trend_pct": 29.29939984200964,
      "trend_type": "Ascending",
      "near_support": true,
      "near_resistance": false,
      "action_zone": "Near Support",
      "prior_trend_weeks": 20,
      "recent_trend_weeks": 6,
      "prior_trend_pct": 46.49373867926185,
      "prior_trend_type": "Ascending",
      "recent_trend_pct": -40.477357516273194,
      "recent_trend_type": "Descending",
      "previously_descending": false,
      "rank_score": 0.8825424291664078
    },
    {
      "ticker": "SBILIFE.NS",
      "slope": 0.006847663130080939,
      "r2": 0.8525860600210209,
      "inside": 0.9615384615384616,
      "near_upper": 0.09615384615384616,
      "near_lower": 0.057692307692307696,
      "pos": 0.3674364731606908,
      "k": 2.0,
      "lookback": 52.0,
      "annual_trend_pct": 42.7719595247259,
      "trend_type": "Ascending",
      "near_support": false,
      "near_resistance": false,
      "action_zone": "Mid Channel",
      "prior_trend_weeks": 20,
      "recent_trend_weeks": 6,
      "prior_trend_pct": 40.202652440670896,
      "prior_trend_type": "Ascending",
      "recent_trend_pct": 31.471276690217298,
      "recent_trend_type": "Ascending",
      "previously_descending": false,
      "rank_score": 0.8741647673098261
    },
    {
      "ticker": "TRENT.NS",
      "slope": -0.013627513749480699,
      "r2": 0.9052130505736404,
      "inside": 0.9230769230769231,
      "near_upper": 0.07692307692307693,
      "near_lower": 0.038461538461538464,
      "pos": 0.48111477154244775,
      "k": 2.0,
      "lookback": 26.0,
      "annual_trend_pct": -50.76821403883467,
      "trend_type": "Descending",
      "near_support": false,
      "near_resistance": false,
      "action_zone": "Mid Channel",
      "prior_trend_weeks": 20,
      "recent_trend_weeks": 6,
      "prior_trend_pct": -53.33260331410972,
      "prior_trend_type": "Descending",
      "recent_trend_pct": -58.46658718047374,
      "recent_trend_type": "Descending",
      "previously_descending": true,
      "rank_score": 0.8737258173633446
    },
    {
      "ticker": "M&M.NS",
      "slope": 0.007324694893487781,
      "r2": 0.8331669229275525,
      "inside": 0.9423076923076923,
      "near_upper": 0.038461538461538464,
      "near_lower": 0.057692307692307696,
      "pos": 0.26429411359534655,
      "k": 2.0,
      "lookback": 52.0,
      "annual_trend_pct": 46.35780173298982,
      "trend_type": "Ascending",
      "near_support": false,
      "near_resistance": false,