{
  "updated_utc": "2026-01-13T02:40:30.447334+00:00",
  "params": {
    "years": 3,
    "lookbacks": [
      26,
      39,
      52
    ],
    "k": 2.0,
    "min_r2": 0.65,
    "min_inside": 0.92,
    "min_touch": 0.03,
    "only_in_channel": true,
    "pos_min": 0.05,
    "pos_max": 0.95,
    "only_ascending": false,
    "sideways_threshold_pct": 10.0,
    "support_cutoff": 0.2,
    "resistance_cutoff": 0.8,
    "prior_trend_weeks": 20,
    "recent_trend_weeks": 6
  },
  "count": 22,
  "data": [
    {
      "ticker": "SBIN.NS",
      "slope": 0.01072877058116072,
      "r2": 0.9384334151350009,
      "inside": 1.0,
      "near_upper": 0.07692307692307693,
      "near_lower": 0.038461538461538464,
      "pos": 0.35269815357824824,
      "k": 2.0,
      "lookback": 26.0,
      "annual_trend_pct": 74.69930802662654,
      "trend_type": "Ascending",
      "near_support": false,
      "near_resistance": false,
      "action_zone": "Mid Channel",
      "prior_trend_weeks": 20,
      "recent_trend_weeks": 6,
      "prior_trend_pct": 89.79484387563457,
      "prior_trend_type": "Ascending",
      "recent_trend_pct": 70.04517393152658,
      "recent_trend_type": "Ascending",
      "previously_descending": false,
      "rank_score": 0.9339468922096756
    },
    {
      "ticker": "MARUTI.NS",
      "slope": 0.010736965150172976,
      "r2": 0.8537719026430115,
      "inside": 1.0,
      "near_upper": 0.05128205128205128,
      "near_lower": 0.07692307692307693,
      "pos": 0.229911487422317,
      "k": 2.0,
      "lookback": 39.0,
      "annual_trend_pct": 74.77376633737072,
      "trend_type": "Ascending",
      "near_support": false,
      "near_resistance": false,
      "action_zone": "Mid Channel",
      "prior_trend_weeks": 20,
      "recent_trend_weeks": 6,
      "prior_trend_pct": 105.81575636275433,
      "prior_trend_type": "Ascending",
      "recent_trend_pct": 8.62421226213681,
      "recent_trend_type": "Sideways",
      "previously_descending": false,
      "rank_score": 0.9038948025792741
    },
    {
      "ticker": "AXISBANK.NS",
      "slope": 0.00891539099910475,
      "r2": 0.8421573471543375,
      "inside": 1.0,
      "near_upper": 0.038461538461538464,
      "near_lower": 0.07692307692307693,
      "pos": 0.2127199598784122,
      "k": 2.0,
      "lookback": 26.0,
      "annual_trend_pct": 58.97874562040766,
      "trend_type": "Ascending",
      "near_support": false,
      "near_resistance": false,
      "action_zone": "Mid Channel",
      "prior_trend_weeks": 20,
      "recent_trend_weeks": 6,
      "prior_trend_pct": 84.85563175284867,
      "prior_trend_type": "Ascending",
      "recent_trend_pct": 13.260187553746983,
      "recent_trend_type": "Ascending",
      "previously_descending": false,
      "rank_score": 0.8998066775893276
    },
    {
      "ticker": "SHRIRAMFIN.NS",
      "slope": 0.023342871656881856,
      "r2": 0.9085322236022386,
      "inside": 0.9615384615384616,
      "near_upper": 0.038461538461538464,
      "near_lower": 0.038461538461538464,
      "pos": 0.47370865808175466,
      "k": 2.0,
      "lookback": 26.0,
      "annual_trend_pct": 236.6350857774893,
      "trend_type": "Ascending",
      "near_support": false,
      "near_resistance": false,
      "action_zone": "Mid Channel",
      "prior_trend_weeks": 20,
      "recent_trend_weeks": 6,
      "prior_trend_pct": 193.53812753795805,
      "prior_trend_type": "Ascending",
      "recent_trend_pct": 324.46821753360285,
      "recent_trend_type": "Ascending",
      "previously_descending": false,
      "rank_score": 0.8915106306083285
    },
    {
      "ticker": "EICHERMOT.NS",
      "slope": 0.00907021346532571,
      "r2": 0.8852656621772564,
      "inside": 0.9807692307692307,
      "near_upper": 0.07692307692307693,
      "near_lower": 0.038461538461538464,
      "pos": 0.46116843588833334,
      "k": 2.0,
      "lookback": 52.0,
      "annual_trend_pct": 60.263812604324166,
      "trend_type": "Ascending",
      "near_support": false,
      "near_resistance": false,
      "action_zone": "Mid Channel",
      "prior_trend_weeks": 20,
      "recent_trend_weeks": 6,
      "prior_trend_pct": 105.64138719101068,
      "prior_trend_type": "Ascending",
      "recent_trend_pct": 47.32202429219976,
      "recent_trend_type": "Ascending",
      "previously_descending": false,
      "rank_score": 0.8888236798074872
    },
    {
      "ticker": "HINDALCO.NS",
      "slope": 0.01021761155190735,
      "r2": 0.9428203710801961,
      "inside": 0.9743589743589743,
      "near_upper": 0.05128205128205128,
      "near_lower": 0.07692307692307693,
      "pos": 0.7591670183296282,
      "k": 2.0,
      "lookback": 39.0,
      "annual_trend_pct": 70.1169236290853,
      "trend_type": "Ascending",
      "near_support": false,
      "near_resistance": false,
      "action_zone": "Mid Channel",
      "prior_trend_weeks": 20,
      "recent_trend_weeks": 6,
      "prior_trend_pct": 77.26166997117174,
      "prior_trend_type": "Ascending",
      "recent_trend_pct": 147.68899041351827,
      "recent_trend_type": "Ascending",
      "previously_descending": false,
      "rank_score": 0.8852370734507249
    },
    {
      "ticker": "BHARTIARTL.NS",
      "slope": 0.005130411398444811,
      "r2": 0.849923301105517,
      "inside": 0.9230769230769231,
      "near_upper": 0.057692307692307696,
      "near_lower": 0.038461538461538464,
      "pos": 0.14096511477780047,
      "k": 2.0,
      "lookback": 52.0,
      "annual_trend_pct": 30.575496758497913,
      "trend_type": "Ascending",
      "near_support": true,
      "near_resistance": false,
      "action_zone": "Near Support",
      "prior_trend_weeks": 20,
      "recent_trend_weeks": 6,
      "prior_trend_pct": 42.55475797807515,
      "prior_trend_type": "Ascending",
      "recent_trend_pct": -25.45641509919162,
      "recent_trend_type": "Descending",
      "previously_descending": false,
      "rank_score": 0.8800959083057477
    },
    {
      "ticker": "LT.NS",
      "slope": 0.00505759621855748,
      "r2": 0.8100620769020874,
      "inside": 1.0,
      "near_upper": 0.05128205128205128,
      "near_lower": 0.07692307692307693,
      "pos": 0.31237002930813856,
      "k": 2.0,
      "lookback": 39.0,
      "annual_trend_pct": 30.08202192116356,
      "trend_type": "Ascending",
      "near_support": false,
      "near_resistance": false,
      "action_zone": "Mid Channel",
      "prior_trend_weeks": 20,
      "recent_trend_weeks": 6,
      "prior_trend_pct": 53.03266517671299,
      "prior_trend_type": "Ascending",
      "recent_trend_pct": -10.622296217256755,
      "recent_trend_type": "Descending",
      "previously_descending": false,
      "rank_score": 0.8737940355202298
    },
    {
      "ticker": "SBILIFE.NS",
      "slope": 0.0069813538858959885,
      "r2": 0.8573051448666273,
      "inside": 0.9807692307692307,
      "near_upper": 0.09615384615384616,
      "near_lower": 0.038461538461538464,
      "pos": 0.4756836233730587,
      "k": 2.0,
      "lookback": 52.0,
      "annual_trend_pct": 43.767956700673615,
      "trend_type": "Ascending",
      "near_support": false,
      "near_resistance": false,
      "action_zone": "Mid Channel",
      "prior_trend_weeks": 20,
      "recent_trend_weeks": 6,
      "prior_trend_pct": 34.65538155635792,
      "prior_trend_type": "Ascending",
      "recent_trend_pct": 47.01851587773875,
      "recent_trend_type": "Ascending",
      "previously_descending": false,
      "rank_score": 0.8733919024037
    },
    {
      "ticker": "POWERGRID.NS",
      "slope": -0.00290037373127717,
      "r2": 0.749726042609467,
      "inside": 1.0,
      "near_upper": 0.07692307692307693,
      "near_lower": 0.07692307692307693,
      "pos": 0.16424710578266147,
      "k": 2.0,
      "lookback": 39.0,
      "annual_trend_pct": -13.999702808583802,
      "trend_type": "Descending",
      "near_support": true,
      "near_resistance": false,
      "action_zone": "Near Support",