{
  "updated_utc": "2026-01-16T03:48:41.221289+00:00",
  "params": {
    "years": 3,
    "lookbacks": [
      26,
      39,
      52
    ],
    "k": 2.0,
    "min_r2": 0.65,
    "min_inside": 0.92,
    "min_touch": 0.03,
    "only_in_channel": true,
    "pos_min": 0.05,
    "pos_max": 0.95,
    "only_ascending": false,
    "sideways_threshold_pct": 10.0,
    "support_cutoff": 0.2,
    "resistance_cutoff": 0.8,
    "prior_trend_weeks": 20,
    "recent_trend_weeks": 6
  },
  "count": 20,
  "data": [
    {
      "ticker": "SBIN.NS",
      "slope": 0.010866160004092455,
      "r2": 0.9407952960903416,
      "inside": 1.0,
      "near_upper": 0.07692307692307693,
      "near_lower": 0.038461538461538464,
      "pos": 0.5162450866747681,
      "k": 2.0,
      "lookback": 26.0,
      "annual_trend_pct": 75.9518725461042,
      "trend_type": "Ascending",
      "near_support": false,
      "near_resistance": false,
      "action_zone": "Mid Channel",
      "prior_trend_weeks": 20,
      "recent_trend_weeks": 6,
      "prior_trend_pct": 89.79484387563457,
      "prior_trend_type": "Ascending",
      "recent_trend_pct": 91.61251204388672,
      "recent_trend_type": "Ascending",
      "previously_descending": false,
      "rank_score": 0.918773139377694
    },
    {
      "ticker": "MARUTI.NS",
      "slope": 0.010611306583423023,
      "r2": 0.8449423196714764,
      "inside": 1.0,
      "near_upper": 0.05128205128205128,
      "near_lower": 0.07692307692307693,
      "pos": 0.09394997682188592,
      "k": 2.0,
      "lookback": 39.0,
      "annual_trend_pct": 73.63547463500551,
      "trend_type": "Ascending",
      "near_support": true,
      "near_resistance": false,
      "action_zone": "Near Support",
      "prior_trend_weeks": 20,
      "recent_trend_weeks": 6,
      "prior_trend_pct": 105.81575636275433,
      "prior_trend_type": "Ascending",
      "recent_trend_pct": -14.783610054108498,
      "recent_trend_type": "Descending",
      "previously_descending": false,
      "rank_score": 0.9130761621535496
    },
    {
      "ticker": "EICHERMOT.NS",
      "slope": 0.009039401557290454,
      "r2": 0.8842433203781435,
      "inside": 0.9807692307692307,
      "near_upper": 0.07692307692307693,
      "near_lower": 0.038461538461538464,
      "pos": 0.3951810877093297,
      "k": 2.0,
      "lookback": 52.0,
      "annual_trend_pct": 60.007240441158906,
      "trend_type": "Ascending",
      "near_support": false,
      "near_resistance": false,
      "action_zone": "Mid Channel",
      "prior_trend_weeks": 20,
      "recent_trend_weeks": 6,
      "prior_trend_pct": 105.64138719101068,
      "prior_trend_type": "Ascending",
      "recent_trend_pct": 32.619580546671045,
      "recent_trend_type": "Ascending",
      "previously_descending": false,
      "rank_score": 0.8949112437258311
    },
    {
      "ticker": "AXISBANK.NS",
      "slope": 0.009096578632206037,
      "r2": 0.8537350407573667,
      "inside": 1.0,
      "near_upper": 0.038461538461538464,
      "near_lower": 0.11538461538461539,
      "pos": 0.3627981895960118,
      "k": 2.0,
      "lookback": 26.0,
      "annual_trend_pct": 60.4836831624457,
      "trend_type": "Ascending",
      "near_support": false,
      "near_resistance": false,
      "action_zone": "Mid Channel",
      "prior_trend_weeks": 20,
      "recent_trend_weeks": 6,
      "prior_trend_pct": 84.85563175284867,
      "prior_trend_type": "Ascending",
      "recent_trend_pct": 32.577271126135955,
      "recent_trend_type": "Ascending",
      "previously_descending": false,
      "rank_score": 0.8905877014190822
    },
    {
      "ticker": "SHRIRAMFIN.NS",
      "slope": 0.023587540180470837,
      "r2": 0.9098847886854844,
      "inside": 0.9615384615384616,
      "near_upper": 0.038461538461538464,
      "near_lower": 0.038461538461538464,
      "pos": 0.5815010586109759,
      "k": 2.0,
      "lookback": 26.0,
      "annual_trend_pct": 240.94537552395835,
      "trend_type": "Ascending",
      "near_support": false,
      "near_resistance": false,
      "action_zone": "Mid Channel",
      "prior_trend_weeks": 20,
      "recent_trend_weeks": 6,
      "prior_trend_pct": 193.53812753795805,
      "prior_trend_type": "Ascending",
      "recent_trend_pct": 425.0476562266636,
      "recent_trend_type": "Ascending",
      "previously_descending": false,
      "rank_score": 0.8814076730970292
    },
    {
      "ticker": "SBILIFE.NS",
      "slope": 0.006945150439703453,
      "r2": 0.8555156726702461,
      "inside": 0.9615384615384616,
      "near_upper": 0.09615384615384616,
      "near_lower": 0.038461538461538464,
      "pos": 0.38680334801469074,
      "k": 2.0,
      "lookback": 52.0,
      "annual_trend_pct": 43.497556740004754,
      "trend_type": "Ascending",
      "near_support": false,
      "near_resistance": false,
      "action_zone": "Mid Channel",
      "prior_trend_weeks": 20,
      "recent_trend_weeks": 6,
      "prior_trend_pct": 34.65538155635792,
      "prior_trend_type": "Ascending",
      "recent_trend_pct": 29.933851052380646,
      "recent_trend_type": "Ascending",
      "previously_descending": false,
      "rank_score": 0.8736928861490386
    },
    {
      "ticker": "TRENT.NS",
      "slope": -0.012637685214436213,
      "r2": 0.8650958192722362,
      "inside": 0.9230769230769231,
      "near_upper": 0.07692307692307693,
      "near_lower": 0.038461538461538464,
      "pos": 0.4215697228367948,
      "k": 2.0,
      "lookback": 26.0,
      "annual_trend_pct": -48.16785302032037,
      "trend_type": "Descending",
      "near_support": false,
      "near_resistance": false,
      "action_zone": "Mid Channel",
      "prior_trend_weeks": 20,
      "recent_trend_weeks": 6,
      "prior_trend_pct": -48.28760596320849,
      "prior_trend_type": "Descending",
      "recent_trend_pct": -24.798606958400505,
      "recent_trend_type": "Descending",
      "previously_descending": true,
      "rank_score": 0.8596217065832079
    },
    {
      "ticker": "M&M.NS",
      "slope": 0.007343817929450713,
      "r2": 0.8347384975203305,
      "inside": 0.9230769230769231,
      "near_upper": 0.038461538461538464,
      "near_lower": 0.057692307692307696,
      "pos": 0.30039308411473337,
      "k": 2.0,
      "lookback": 52.0,
      "annual_trend_pct": 46.503412004574955,
      "trend_type": "Ascending",
      "near_support": false,
      "near_resistance": false,
      "action_zone": "Mid Channel",
      "prior_trend_weeks": 20,
      "recent_trend_weeks": 6,
      "prior_trend_pct": 57.09149017321673,
      "prior_trend_type": "Ascending",
      "recent_trend_pct": 22.1228980249315,
      "recent_trend_type": "Ascending",
      "previously_descending": false,
      "rank_score": 0.8565607095794612
    },
    {
      "ticker": "POWERGRID.NS",
      "slope": -0.0028855265635352604,
      "r2": 0.7503143721427271,
      "inside": 1.0,
      "near_upper": 0.07692307692307693,
      "near_lower": 0.07692307692307693,
      "pos": 0.2078191870015413,
      "k": 2.0,
      "lookback": 39.0,
      "annual_trend_pct": -13.933280407496085,
      "trend_type": "Descending",
      "near_support": false,
      "near_resistance": false,
      "action_zone": "Mid Channel",
      "prior_trend_weeks": 20,
      "recent_trend_weeks": 6,
      "prior_trend_pct": -9.37728531800971,
      "prior_trend_type": "Sideways",
      "recent_trend_pct": -16.28265507439807,
      "recent_trend_type": "Descending",
      "previously_descending": false,
      "rank_score": 0.8543752673712094
    },
    {
      "ticker": "HINDALCO.NS",
      "slope": 0.01218526049440169,
      "r2": 0.9104970793620275,
      "inside": 0.9230769230769231,
      "near_upper": 0.07692307692307693,
      "near_lower": 0.038461538461538464,
      "pos": 0.9009443492075315,
      "k": 2.0,
      "lookback": 26.0,
      "annual_trend_pct": 88.44453728753065,
      "trend_type": "Ascending",
      "near_support": false,
      "near_resistance": true,