{
  "updated_utc": "2026-01-28T14:13:17.720395+00:00",
  "params": {
    "years": 3,
    "lookbacks": [
      26,
      39,
      52
    ],
    "k": 2.0,
    "min_r2": 0.65,
    "min_inside": 0.92,
    "min_touch": 0.03,
    "only_in_channel": true,
    "pos_min": 0.05,
    "pos_max": 0.95,
    "only_ascending": false,
    "sideways_threshold_pct": 10.0,
    "support_cutoff": 0.2,
    "resistance_cutoff": 0.8,
    "prior_trend_weeks": 20,
    "recent_trend_weeks": 6
  },
  "count": 15,
  "data": [
    {
      "ticker": "SHRIRAMFIN.NS",
      "slope": 0.025416672166737483,
      "r2": 0.9477842872951934,
      "inside": 0.9615384615384616,
      "near_upper": 0.07692307692307693,
      "near_lower": 0.038461538461538464,
      "pos": 0.36152025082834705,
      "k": 2.0,
      "lookback": 26.0,
      "annual_trend_pct": 274.96666873939614,
      "trend_type": "Ascending",
      "near_support": false,
      "near_resistance": false,
      "action_zone": "Mid Channel",
      "prior_trend_weeks": 20,
      "recent_trend_weeks": 6,
      "prior_trend_pct": 253.69375075382692,
      "prior_trend_type": "Ascending",
      "recent_trend_pct": 55.24061398745768,
      "recent_trend_type": "Ascending",
      "previously_descending": false,
      "rank_score": 0.9223555031801466
    },
    {
      "ticker": "SBIN.NS",
      "slope": 0.011205663192587367,
      "r2": 0.9467421601380042,
      "inside": 1.0,
      "near_upper": 0.07692307692307693,
      "near_lower": 0.07692307692307693,
      "pos": 0.5804508552465043,
      "k": 2.0,
      "lookback": 26.0,
      "annual_trend_pct": 79.0857375697485,
      "trend_type": "Ascending",
      "near_support": false,
      "near_resistance": false,
      "action_zone": "Mid Channel",
      "prior_trend_weeks": 20,
      "recent_trend_weeks": 6,
      "prior_trend_pct": 89.65780384562298,
      "prior_trend_type": "Ascending",
      "recent_trend_pct": 147.70724087310833,
      "recent_trend_type": "Ascending",
      "previously_descending": false,
      "rank_score": 0.9153259945443517
    },
    {
      "ticker": "EICHERMOT.NS",
      "slope": 0.00907063267804421,
      "r2": 0.8869589258130012,
      "inside": 0.9615384615384616,
      "near_upper": 0.07692307692307693,
      "near_lower": 0.038461538461538464,
      "pos": 0.14462700379833848,
      "k": 2.0,
      "lookback": 52.0,
      "annual_trend_pct": 60.267306243088115,
      "trend_type": "Ascending",
      "near_support": true,
      "near_resistance": false,
      "action_zone": "Near Support",
      "prior_trend_weeks": 20,
      "recent_trend_weeks": 6,
      "prior_trend_pct": 71.39527897992413,
      "prior_trend_type": "Ascending",
      "recent_trend_pct": -40.83990678538164,
      "recent_trend_type": "Descending",
      "previously_descending": false,
      "rank_score": 0.9136321471420514
    },
    {
      "ticker": "SBILIFE.NS",
      "slope": 0.006688439585341196,
      "r2": 0.8420924810564869,
      "inside": 0.9615384615384616,
      "near_upper": 0.07692307692307693,
      "near_lower": 0.057692307692307696,
      "pos": 0.32448008561755404,
      "k": 2.0,
      "lookback": 52.0,
      "annual_trend_pct": 41.59474152197813,
      "trend_type": "Ascending",
      "near_support": false,
      "near_resistance": false,
      "action_zone": "Mid Channel",
      "prior_trend_weeks": 20,
      "recent_trend_weeks": 6,
      "prior_trend_pct": 42.631478330761816,
      "prior_trend_type": "Ascending",
      "recent_trend_pct": -0.9607603443292589,
      "recent_trend_type": "Sideways",
      "previously_descending": false,
      "rank_score": 0.8732136165818728
    },
    {
      "ticker": "AXISBANK.NS",
      "slope": 0.008721708332697212,
      "r2": 0.8276978470033685,
      "inside": 1.0,
      "near_upper": 0.038461538461538464,
      "near_lower": 0.11538461538461539,
      "pos": 0.41018076640779316,
      "k": 2.0,
      "lookback": 26.0,
      "annual_trend_pct": 57.38562740845261,
      "trend_type": "Ascending",
      "near_support": false,
      "near_resistance": false,
      "action_zone": "Mid Channel",
      "prior_trend_weeks": 20,
      "recent_trend_weeks": 6,
      "prior_trend_pct": 83.33124076015844,
      "prior_trend_type": "Ascending",
      "recent_trend_pct": 69.65990760436824,
      "recent_trend_type": "Ascending",
      "previously_descending": false,
      "rank_score": 0.872830846860905
    },
    {
      "ticker": "TRENT.NS",
      "slope": -0.014453863141336693,
      "r2": 0.9229491418579786,
      "inside": 0.9230769230769231,
      "near_upper": 0.07692307692307693,
      "near_lower": 0.038461538461538464,
      "pos": 0.5886580687114564,
      "k": 2.0,
      "lookback": 26.0,
      "annual_trend_pct": -52.83890460340115,
      "trend_type": "Descending",
      "near_support": false,
      "near_resistance": false,
      "action_zone": "Mid Channel",
      "prior_trend_weeks": 20,
      "recent_trend_weeks": 6,
      "prior_trend_pct": -56.33051009125643,
      "prior_trend_type": "Descending",
      "recent_trend_pct": -77.94365983828115,
      "recent_trend_type": "Descending",
      "previously_descending": true,
      "rank_score": 0.871839533288613
    },
    {
      "ticker": "HINDALCO.NS",
      "slope": 0.012807171373192872,
      "r2": 0.9126938870818314,
      "inside": 0.9615384615384616,
      "near_upper": 0.07692307692307693,
      "near_lower": 0.038461538461538464,
      "pos": 0.9470331089849566,
      "k": 2.0,
      "lookback": 26.0,
      "annual_trend_pct": 94.63832589276522,
      "trend_type": "Ascending",
      "near_support": false,
      "near_resistance": true,
      "action_zone": "Near Resistance",
      "prior_trend_weeks": 20,
      "recent_trend_weeks": 6,
      "prior_trend_pct": 75.26341374193801,
      "prior_trend_type": "Ascending",
      "recent_trend_pct": 221.51452185310364,
      "recent_trend_type": "Ascending",
      "previously_descending": false,
      "rank_score": 0.8462590172578047
    },
    {
      "ticker": "MAXHEALTH.NS",
      "slope": -0.007497122627219549,
      "r2": 0.721696042276931,
      "inside": 0.9615384615384616,
      "near_upper": 0.07692307692307693,
      "near_lower": 0.07692307692307693,
      "pos": 0.054068878715360404,
      "k": 2.0,
      "lookback": 26.0,
      "annual_trend_pct": -32.28418143816501,
      "trend_type": "Descending",
      "near_support": true,
      "near_resistance": false,
      "action_zone": "Near Support",
      "prior_trend_weeks": 20,
      "recent_trend_weeks": 6,
      "prior_trend_pct": -23.180091357974632,
      "prior_trend_type": "Descending",
      "recent_trend_pct": -67.59892263906977,
      "recent_trend_type": "Descending",
      "previously_descending": true,
      "rank_score": 0.8400565178823141
    },
    {
      "ticker": "POWERGRID.NS",
      "slope": -0.0030444160799970223,
      "r2": 0.746999551806063,
      "inside": 1.0,
      "near_upper": 0.07692307692307693,
      "near_lower": 0.07692307692307693,
      "pos": 0.3725040070980724,
      "k": 2.0,
      "lookback": 39.0,
      "annual_trend_pct": -14.64145598720834,
      "trend_type": "Descending",
      "near_support": false,
      "near_resistance": false,
      "action_zone": "Mid Channel",
      "prior_trend_weeks": 20,
      "recent_trend_weeks": 6,
      "prior_trend_pct": -12.97309931996572,
      "prior_trend_type": "Descending",
      "recent_trend_pct": -36.18353545794136,
      "recent_trend_type": "Descending",
      "previously_descending": true,
      "rank_score": 0.8362493751932243
    },
    {
      "ticker": "TITAN.NS",
      "slope": 0.004949294667708606,
      "r2": 0.7747880923802232,
      "inside": 0.9615384615384616,
      "near_upper": 0.038461538461538464,
      "near_lower": 0.038461538461538464,
      "pos": 0.43319662179053836,
      "k": 2.0,
      "lookback": 52.0,
      "annual_trend_pct": 29.351500478649918,
      "trend_type": "Ascending",
      "near_support": false,