{
  "updated_utc": "2026-01-13T14:03:46.366153+00:00",
  "params": {
    "years": 3,
    "lookbacks": [
      26,
      39,
      52
    ],
    "k": 2.0,
    "min_r2": 0.65,
    "min_inside": 0.92,
    "min_touch": 0.03,
    "only_in_channel": true,
    "pos_min": 0.05,
    "pos_max": 0.95,
    "only_ascending": false,
    "sideways_threshold_pct": 10.0,
    "support_cutoff": 0.2,
    "resistance_cutoff": 0.8,
    "prior_trend_weeks": 20,
    "recent_trend_weeks": 6
  },
  "count": 20,
  "data": [
    {
      "ticker": "SBIN.NS",
      "slope": 0.010840021504996857,
      "r2": 0.9405279395399616,
      "inside": 1.0,
      "near_upper": 0.07692307692307693,
      "near_lower": 0.038461538461538464,
      "pos": 0.48490220630597897,
      "k": 2.0,
      "lookback": 26.0,
      "annual_trend_pct": 75.71288087307835,
      "trend_type": "Ascending",
      "near_support": false,
      "near_resistance": false,
      "action_zone": "Mid Channel",
      "prior_trend_weeks": 20,
      "recent_trend_weeks": 6,
      "prior_trend_pct": 89.79484387563457,
      "prior_trend_type": "Ascending",
      "recent_trend_pct": 87.30851618370494,
      "recent_trend_type": "Ascending",
      "previously_descending": false,
      "rank_score": 0.9217737491393829
    },
    {
      "ticker": "MARUTI.NS",
      "slope": 0.01070061005641911,
      "r2": 0.8514910445902095,
      "inside": 1.0,
      "near_upper": 0.05128205128205128,
      "near_lower": 0.07692307692307693,
      "pos": 0.18964280558738333,
      "k": 2.0,
      "lookback": 39.0,
      "annual_trend_pct": 74.44367478255664,
      "trend_type": "Ascending",
      "near_support": true,
      "near_resistance": false,
      "action_zone": "Near Support",
      "prior_trend_weeks": 20,
      "recent_trend_weeks": 6,
      "prior_trend_pct": 105.81575636275433,
      "prior_trend_type": "Ascending",
      "recent_trend_pct": 1.2585416966011564,
      "recent_trend_type": "Sideways",
      "previously_descending": false,
      "rank_score": 0.9067812417363664
    },
    {
      "ticker": "EICHERMOT.NS",
      "slope": 0.009060824477340362,
      "r2": 0.8849870870676544,
      "inside": 0.9807692307692307,
      "near_upper": 0.07692307692307693,
      "near_lower": 0.038461538461538464,
      "pos": 0.441029039013699,
      "k": 2.0,
      "lookback": 52.0,
      "annual_trend_pct": 60.18558652136217,
      "trend_type": "Ascending",
      "near_support": false,
      "near_resistance": false,
      "action_zone": "Mid Channel",
      "prior_trend_weeks": 20,
      "recent_trend_weeks": 6,
      "prior_trend_pct": 105.64138719101068,
      "prior_trend_type": "Ascending",
      "recent_trend_pct": 42.67706886788834,
      "recent_trend_type": "Ascending",
      "previously_descending": false,
      "rank_score": 0.8906983319401497
    },
    {
      "ticker": "SHRIRAMFIN.NS",
      "slope": 0.02339760843139074,
      "r2": 0.9089633206550253,
      "inside": 0.9615384615384616,
      "near_upper": 0.038461538461538464,
      "near_lower": 0.038461538461538464,
      "pos": 0.4978640021549708,
      "k": 2.0,
      "lookback": 26.0,
      "annual_trend_pct": 237.59461927232994,
      "trend_type": "Ascending",
      "near_support": false,
      "near_resistance": false,
      "action_zone": "Mid Channel",
      "prior_trend_weeks": 20,
      "recent_trend_weeks": 6,
      "prior_trend_pct": 193.53812753795805,
      "prior_trend_type": "Ascending",
      "recent_trend_pct": 345.1499577817974,
      "recent_trend_type": "Ascending",
      "previously_descending": false,
      "rank_score": 0.8893106447274002
    },
    {
      "ticker": "BHARTIARTL.NS",
      "slope": 0.005112121569632094,
      "r2": 0.8470044483114044,
      "inside": 0.9230769230769231,
      "near_upper": 0.057692307692307696,
      "near_lower": 0.057692307692307696,
      "pos": 0.08472853322498769,
      "k": 2.0,
      "lookback": 52.0,
      "annual_trend_pct": 30.4513692138064,
      "trend_type": "Ascending",
      "near_support": true,
      "near_resistance": false,
      "action_zone": "Near Support",
      "prior_trend_weeks": 20,
      "recent_trend_weeks": 6,
      "prior_trend_pct": 42.55475797807515,
      "prior_trend_type": "Ascending",
      "recent_trend_pct": -29.96636638566218,
      "recent_trend_type": "Descending",
      "previously_descending": false,
      "rank_score": 0.8842601400639728
    },
    {
      "ticker": "HINDALCO.NS",
      "slope": 0.01028453154476664,
      "r2": 0.9412972386272144,
      "inside": 0.9743589743589743,
      "near_upper": 0.05128205128205128,
      "near_lower": 0.05128205128205128,
      "pos": 0.8877905848889756,
      "k": 2.0,
      "lookback": 39.0,
      "annual_trend_pct": 70.70993443427828,
      "trend_type": "Ascending",
      "near_support": false,
      "near_resistance": true,
      "action_zone": "Near Resistance",
      "prior_trend_weeks": 20,
      "recent_trend_weeks": 6,
      "prior_trend_pct": 77.26166997117174,
      "prior_trend_type": "Ascending",
      "recent_trend_pct": 181.86410974371972,
      "recent_trend_type": "Ascending",
      "previously_descending": false,
      "rank_score": 0.8716131505682994
    },
    {
      "ticker": "SBILIFE.NS",
      "slope": 0.006965105376087889,
      "r2": 0.856586590641454,
      "inside": 0.9615384615384616,
      "near_upper": 0.09615384615384616,
      "near_lower": 0.038461538461538464,
      "pos": 0.4357261612152412,
      "k": 2.0,
      "lookback": 52.0,
      "annual_trend_pct": 43.646535220931696,
      "trend_type": "Ascending",
      "near_support": false,
      "near_resistance": false,
      "action_zone": "Mid Channel",
      "prior_trend_weeks": 20,
      "recent_trend_weeks": 6,
      "prior_trend_pct": 34.65538155635792,
      "prior_trend_type": "Ascending",
      "recent_trend_pct": 39.08921013235369,
      "recent_trend_type": "Ascending",
      "previously_descending": false,
      "rank_score": 0.8693360638145875
    },
    {
      "ticker": "TRENT.NS",
      "slope": -0.01270303200530866,
      "r2": 0.8655545764551912,
      "inside": 0.9230769230769231,
      "near_upper": 0.07692307692307693,
      "near_lower": 0.038461538461538464,
      "pos": 0.3791562786465648,
      "k": 2.0,
      "lookback": 26.0,
      "annual_trend_pct": -48.34368146808582,
      "trend_type": "Descending",
      "near_support": false,
      "near_resistance": false,
      "action_zone": "Mid Channel",
      "prior_trend_weeks": 20,
      "recent_trend_weeks": 6,
      "prior_trend_pct": -48.28760596320849,
      "prior_trend_type": "Descending",
      "recent_trend_pct": -28.950695987721666,
      "recent_trend_type": "Descending",
      "previously_descending": true,
      "rank_score": 0.8640924295937084
    },
    {
      "ticker": "M&M.NS",
      "slope": 0.007321987665804999,
      "r2": 0.8329355053570842,
      "inside": 0.9230769230769231,
      "near_upper": 0.038461538461538464,
      "near_lower": 0.057692307692307696,
      "pos": 0.25442252034558105,
      "k": 2.0,
      "lookback": 52.0,
      "annual_trend_pct": 46.33719954076228,
      "trend_type": "Ascending",
      "near_support": false,
      "near_resistance": false,
      "action_zone": "Mid Channel",
      "prior_trend_weeks": 20,
      "recent_trend_weeks": 6,
      "prior_trend_pct": 57.09149017321673,
      "prior_trend_type": "Ascending",
      "recent_trend_pct": 13.356631609691805,
      "recent_trend_type": "Ascending",
      "previously_descending": false,
      "rank_score": 0.8602562698747532
    },
    {
      "ticker": "POWERGRID.NS",
      "slope": -0.0028966574075575883,
      "r2": 0.7499053627604474,
      "inside": 1.0,
      "near_upper": 0.07692307692307693,
      "near_lower": 0.07692307692307693,
      "pos": 0.17507320550790972,
      "k": 2.0,
      "lookback": 39.0,
      "annual_trend_pct": -13.983081745529146,
      "trend_type": "Descending",
      "near_support": true,
      "near_resistance": false,