{
  "updated_utc": "2026-01-08T16:58:06.602230+00:00",
  "params": {
    "years": 3,
    "lookbacks": [
      26,
      39,
      52
    ],
    "k": 2.0,
    "min_r2": 0.65,
    "min_inside": 0.92,
    "min_touch": 0.03,
    "only_in_channel": true,
    "pos_min": 0.05,
    "pos_max": 0.95,
    "only_ascending": false,
    "sideways_threshold_pct": 10.0,
    "support_cutoff": 0.2,
    "resistance_cutoff": 0.8,
    "prior_trend_weeks": 20,
    "recent_trend_weeks": 6
  },
  "count": 22,
  "data": [
    {
      "ticker": "SBIN.NS",
      "slope": 0.010333210690351256,
      "r2": 0.9185712006827287,
      "inside": 0.9615384615384616,
      "near_upper": 0.038461538461538464,
      "near_lower": 0.07692307692307693,
      "pos": 0.3265329995503233,
      "k": 2.0,
      "lookback": 26.0,
      "annual_trend_pct": 71.14260252804623,
      "trend_type": "Ascending",
      "near_support": false,
      "near_resistance": false,
      "action_zone": "Mid Channel",
      "prior_trend_weeks": 20,
      "recent_trend_weeks": 6,
      "prior_trend_pct": 81.85464049750894,
      "prior_trend_type": "Ascending",
      "recent_trend_pct": 40.665239298677555,
      "recent_trend_type": "Ascending",
      "previously_descending": false,
      "rank_score": 0.9112476850017166
    },
    {
      "ticker": "MARUTI.NS",
      "slope": 0.010980658110118263,
      "r2": 0.8645982143011753,
      "inside": 1.0,
      "near_upper": 0.05128205128205128,
      "near_lower": 0.07692307692307693,
      "pos": 0.2706388036159065,
      "k": 2.0,
      "lookback": 39.0,
      "annual_trend_pct": 77.00259751891234,
      "trend_type": "Ascending",
      "near_support": false,
      "near_resistance": false,
      "action_zone": "Mid Channel",
      "prior_trend_weeks": 20,
      "recent_trend_weeks": 6,
      "prior_trend_pct": 123.71754087571927,
      "prior_trend_type": "Ascending",
      "recent_trend_pct": 35.69989977001187,
      "recent_trend_type": "Ascending",
      "previously_descending": false,
      "rank_score": 0.905235226788997
    },
    {
      "ticker": "BHARTIARTL.NS",
      "slope": 0.005313812362236193,
      "r2": 0.8675132833672438,
      "inside": 0.9230769230769231,
      "near_upper": 0.057692307692307696,
      "near_lower": 0.038461538461538464,
      "pos": 0.20946768785650793,
      "k": 2.0,
      "lookback": 52.0,
      "annual_trend_pct": 31.826732641124877,
      "trend_type": "Ascending",
      "near_support": false,
      "near_resistance": false,
      "action_zone": "Mid Channel",
      "prior_trend_weeks": 20,
      "recent_trend_weeks": 6,
      "prior_trend_pct": 38.53742177124233,
      "prior_trend_type": "Ascending",
      "recent_trend_pct": -9.251118111342793,
      "recent_trend_type": "Sideways",
      "previously_descending": false,
      "rank_score": 0.8820406421287403
    },
    {
      "ticker": "HINDALCO.NS",
      "slope": 0.010075277250972263,
      "r2": 0.9426592652974646,
      "inside": 0.9487179487179487,
      "near_upper": 0.05128205128205128,
      "near_lower": 0.07692307692307693,
      "pos": 0.7236581668315293,
      "k": 2.0,
      "lookback": 39.0,
      "annual_trend_pct": 68.86247108109187,
      "trend_type": "Ascending",
      "near_support": false,
      "near_resistance": false,
      "action_zone": "Mid Channel",
      "prior_trend_weeks": 20,
      "recent_trend_weeks": 6,
      "prior_trend_pct": 79.99480835344998,
      "prior_trend_type": "Ascending",
      "recent_trend_pct": 200.39860303193896,
      "recent_trend_type": "Ascending",
      "previously_descending": false,
      "rank_score": 0.8784509954527588
    },
    {
      "ticker": "LT.NS",
      "slope": 0.005323201308632295,
      "r2": 0.8189918387665831,
      "inside": 1.0,
      "near_upper": 0.05128205128205128,
      "near_lower": 0.05128205128205128,
      "pos": 0.342442715973608,
      "k": 2.0,
      "lookback": 39.0,
      "annual_trend_pct": 31.89110948961611,
      "trend_type": "Ascending",
      "near_support": false,
      "near_resistance": false,
      "action_zone": "Mid Channel",
      "prior_trend_weeks": 20,
      "recent_trend_weeks": 6,
      "prior_trend_pct": 53.57450614733415,
      "prior_trend_type": "Ascending",
      "recent_trend_pct": 7.144034833509472,
      "recent_trend_type": "Sideways",
      "previously_descending": false,
      "rank_score": 0.8752516477859308
    },
    {
      "ticker": "EICHERMOT.NS",
      "slope": 0.008977010005310562,
      "r2": 0.8805847752109556,
      "inside": 0.9807692307692307,
      "near_upper": 0.07692307692307693,
      "near_lower": 0.038461538461538464,
      "pos": 0.5886152352013233,
      "k": 2.0,
      "lookback": 52.0,
      "annual_trend_pct": 59.488960436336356,
      "trend_type": "Ascending",
      "near_support": false,
      "near_resistance": false,
      "action_zone": "Mid Channel",
      "prior_trend_weeks": 20,
      "recent_trend_weeks": 6,
      "prior_trend_pct": 114.91679474407599,
      "prior_trend_type": "Ascending",
      "recent_trend_pct": 54.000572411655256,
      "recent_trend_type": "Ascending",
      "previously_descending": false,
      "rank_score": 0.8737385563930378
    },
    {
      "ticker": "TATACONSUM.NS",
      "slope": 0.005028189419533298,
      "r2": 0.8271115012434316,
      "inside": 1.0,
      "near_upper": 0.07692307692307693,
      "near_lower": 0.038461538461538464,
      "pos": 0.4493434986156269,
      "k": 2.0,
      "lookback": 26.0,
      "annual_trend_pct": 29.88325854424072,
      "trend_type": "Ascending",
      "near_support": false,
      "near_resistance": false,
      "action_zone": "Mid Channel",
      "prior_trend_weeks": 20,
      "recent_trend_weeks": 6,
      "prior_trend_pct": 39.118284286164176,
      "prior_trend_type": "Ascending",
      "recent_trend_pct": 33.50328552775925,
      "recent_trend_type": "Ascending",
      "previously_descending": false,
      "rank_score": 0.8686214007601532
    },
    {
      "ticker": "SBILIFE.NS",
      "slope": 0.0068997627198475004,
      "r2": 0.8517240922767007,
      "inside": 0.9615384615384616,
      "near_upper": 0.09615384615384616,
      "near_lower": 0.057692307692307696,
      "pos": 0.4800348745770024,
      "k": 2.0,
      "lookback": 52.0,
      "annual_trend_pct": 43.15927869335481,
      "trend_type": "Ascending",
      "near_support": false,
      "near_resistance": false,
      "action_zone": "Mid Channel",
      "prior_trend_weeks": 20,
      "recent_trend_weeks": 6,
      "prior_trend_pct": 30.75322989595879,
      "prior_trend_type": "Ascending",
      "recent_trend_pct": 34.681896335737015,
      "recent_trend_type": "Ascending",
      "previously_descending": false,
      "rank_score": 0.8624739432960348
    },
    {
      "ticker": "TRENT.NS",
      "slope": -0.012207378688127222,
      "r2": 0.8550733864500768,
      "inside": 0.9230769230769231,
      "near_upper": 0.07692307692307693,
      "near_lower": 0.038461538461538464,
      "pos": 0.37199617747562747,
      "k": 2.0,
      "lookback": 26.0,
      "annual_trend_pct": -46.994986988309016,
      "trend_type": "Descending",
      "near_support": false,
      "near_resistance": false,
      "action_zone": "Mid Channel",
      "prior_trend_weeks": 20,
      "recent_trend_weeks": 6,
      "prior_trend_pct": -45.60737577841447,
      "prior_trend_type": "Descending",
      "recent_trend_pct": 8.370433095512686,
      "recent_trend_type": "Sideways",
      "previously_descending": true,
      "rank_score": 0.8595678447082449
    },
    {
      "ticker": "SHRIRAMFIN.NS",
      "slope": 0.02197097332360768,
      "r2": 0.8642150610192831,
      "inside": 0.9615384615384616,
      "near_upper": 0.038461538461538464,
      "near_lower": 0.038461538461538464,
      "pos": 0.6762768620427921,
      "k": 2.0,
      "lookback": 26.0,
      "annual_trend_pct": 213.4565640551803,
      "trend_type": "Ascending",
      "near_support": false,
      "near_resistance": false,