{
  "updated_utc": "2026-01-20T20:57:06.809704+00:00",
  "params": {
    "years": 3,
    "lookbacks": [
      26,
      39,
      52
    ],
    "k": 2.0,
    "min_r2": 0.65,
    "min_inside": 0.92,
    "min_touch": 0.03,
    "only_in_channel": true,
    "pos_min": 0.05,
    "pos_max": 0.95,
    "only_ascending": false,
    "sideways_threshold_pct": 10.0,
    "support_cutoff": 0.2,
    "resistance_cutoff": 0.8,
    "prior_trend_weeks": 20,
    "recent_trend_weeks": 6
  },
  "count": 16,
  "data": [
    {
      "ticker": "SBIN.NS",
      "slope": 0.01115406839061011,
      "r2": 0.9471043165448161,
      "inside": 1.0,
      "near_upper": 0.07692307692307693,
      "near_lower": 0.07692307692307693,
      "pos": 0.40523159376855783,
      "k": 2.0,
      "lookback": 26.0,
      "annual_trend_pct": 78.6059070886195,
      "trend_type": "Ascending",
      "near_support": false,
      "near_resistance": false,
      "action_zone": "Mid Channel",
      "prior_trend_weeks": 20,
      "recent_trend_weeks": 6,
      "prior_trend_pct": 91.02469953453833,
      "prior_trend_type": "Ascending",
      "recent_trend_pct": 112.3692101022109,
      "recent_trend_type": "Ascending",
      "previously_descending": false,
      "rank_score": 0.9330289988955522
    },
    {
      "ticker": "EICHERMOT.NS",
      "slope": 0.010737294748428031,
      "r2": 0.8827814908963492,
      "inside": 0.9487179487179487,
      "near_upper": 0.07692307692307693,
      "near_lower": 0.05128205128205128,
      "pos": 0.08649088345822199,
      "k": 2.0,
      "lookback": 39.0,
      "annual_trend_pct": 74.7767618297182,
      "trend_type": "Ascending",
      "near_support": true,
      "near_resistance": false,
      "action_zone": "Near Support",
      "prior_trend_weeks": 20,
      "recent_trend_weeks": 6,
      "prior_trend_pct": 87.71697760564147,
      "prior_trend_type": "Ascending",
      "recent_trend_pct": -1.5728266670044455,
      "recent_trend_type": "Sideways",
      "previously_descending": false,
      "rank_score": 0.9122288365895319
    },
    {
      "ticker": "MARUTI.NS",
      "slope": 0.01013020293104707,
      "r2": 0.8166345585292575,
      "inside": 1.0,
      "near_upper": 0.05128205128205128,
      "near_lower": 0.07692307692307693,
      "pos": 0.07293548459641815,
      "k": 2.0,
      "lookback": 39.0,
      "annual_trend_pct": 69.34545456115076,
      "trend_type": "Ascending",
      "near_support": true,
      "near_resistance": false,
      "action_zone": "Near Support",
      "prior_trend_weeks": 20,
      "recent_trend_weeks": 6,
      "prior_trend_pct": 87.06132342658881,
      "prior_trend_type": "Ascending",
      "recent_trend_pct": -38.699877699175275,
      "recent_trend_type": "Descending",
      "previously_descending": false,
      "rank_score": 0.9010237308049869
    },
    {
      "ticker": "AXISBANK.NS",
      "slope": 0.009070072817732432,
      "r2": 0.8526581076683163,
      "inside": 1.0,
      "near_upper": 0.038461538461538464,
      "near_lower": 0.07692307692307693,
      "pos": 0.25601440312789125,
      "k": 2.0,
      "lookback": 26.0,
      "annual_trend_pct": 60.262640491194716,
      "trend_type": "Ascending",
      "near_support": false,
      "near_resistance": false,
      "action_zone": "Mid Channel",
      "prior_trend_weeks": 20,
      "recent_trend_weeks": 6,
      "prior_trend_pct": 90.0876347048668,
      "prior_trend_type": "Ascending",
      "recent_trend_pct": 83.96636836554256,
      "recent_trend_type": "Ascending",
      "previously_descending": false,
      "rank_score": 0.900727613521369
    },
    {
      "ticker": "SHRIRAMFIN.NS",
      "slope": 0.02445727965194099,
      "r2": 0.9304759500826625,
      "inside": 0.9230769230769231,
      "near_upper": 0.038461538461538464,
      "near_lower": 0.038461538461538464,
      "pos": 0.38183222517051346,
      "k": 2.0,
      "lookback": 26.0,
      "annual_trend_pct": 256.719132304555,
      "trend_type": "Ascending",
      "near_support": false,
      "near_resistance": false,
      "action_zone": "Mid Channel",
      "prior_trend_weeks": 20,
      "recent_trend_weeks": 6,
      "prior_trend_pct": 219.34073957826888,
      "prior_trend_type": "Ascending",
      "recent_trend_pct": 118.88496468062648,
      "recent_trend_type": "Ascending",
      "previously_descending": false,
      "rank_score": 0.8962855217550492
    },
    {
      "ticker": "HINDALCO.NS",
      "slope": 0.010460772885057493,
      "r2": 0.9431815167708736,
      "inside": 0.9743589743589743,
      "near_upper": 0.07692307692307693,
      "near_lower": 0.05128205128205128,
      "pos": 0.6953846265844527,
      "k": 2.0,
      "lookback": 39.0,
      "annual_trend_pct": 72.28160493783614,
      "trend_type": "Ascending",
      "near_support": false,
      "near_resistance": false,
      "action_zone": "Mid Channel",
      "prior_trend_weeks": 20,
      "recent_trend_weeks": 6,
      "prior_trend_pct": 80.00185158291447,
      "prior_trend_type": "Ascending",
      "recent_trend_pct": 145.9414405567708,
      "recent_trend_type": "Ascending",
      "previously_descending": false,
      "rank_score": 0.8917958854705813
    },
    {
      "ticker": "TRENT.NS",
      "slope": -0.013767836466193287,
      "r2": 0.9060256394596616,
      "inside": 0.9230769230769231,
      "near_upper": 0.07692307692307693,
      "near_lower": 0.038461538461538464,
      "pos": 0.3777778490314287,
      "k": 2.0,
      "lookback": 26.0,
      "annual_trend_pct": -51.12614017004573,
      "trend_type": "Descending",
      "near_support": false,
      "near_resistance": false,
      "action_zone": "Mid Channel",
      "prior_trend_weeks": 20,
      "recent_trend_weeks": 6,
      "prior_trend_pct": -53.33260331410972,
      "prior_trend_type": "Descending",
      "recent_trend_pct": -63.23531474740015,
      "recent_trend_type": "Descending",
      "previously_descending": true,
      "rank_score": 0.8844658040574572
    },
    {
      "ticker": "M&M.NS",
      "slope": 0.007245673048133666,
      "r2": 0.8249856923515767,
      "inside": 0.9423076923076923,
      "near_upper": 0.038461538461538464,
      "near_lower": 0.057692307692307696,
      "pos": 0.10249418452553843,
      "k": 2.0,
      "lookback": 52.0,
      "annual_trend_pct": 45.75763156199888,
      "trend_type": "Ascending",
      "near_support": true,
      "near_resistance": false,
      "action_zone": "Near Support",
      "prior_trend_weeks": 20,
      "recent_trend_weeks": 6,
      "prior_trend_pct": 54.19706462955289,
      "prior_trend_type": "Ascending",
      "recent_trend_pct": -9.730965127048762,
      "recent_trend_type": "Sideways",
      "previously_descending": false,
      "rank_score": 0.8791665046463115
    },
    {
      "ticker": "SBILIFE.NS",
      "slope": 0.006829570761904056,
      "r2": 0.851330109722311,
      "inside": 0.9615384615384616,
      "near_upper": 0.09615384615384616,
      "near_lower": 0.057692307692307696,
      "pos": 0.3233007873618932,
      "k": 2.0,
      "lookback": 52.0,
      "annual_trend_pct": 42.63770238083329,
      "trend_type": "Ascending",
      "near_support": false,
      "near_resistance": false,
      "action_zone": "Mid Channel",
      "prior_trend_weeks": 20,
      "recent_trend_weeks": 6,
      "prior_trend_pct": 40.202652440670896,
      "prior_trend_type": "Ascending",
      "recent_trend_pct": 23.600401470637134,
      "recent_trend_type": "Ascending",
      "previously_descending": false,
      "rank_score": 0.8779503607403508
    },
    {
      "ticker": "JSWSTEEL.NS",
      "slope": 0.005225055583925134,
      "r2": 0.7841320424618989,
      "inside": 0.9230769230769231,
      "near_upper": 0.07692307692307693,
      "near_lower": 0.05128205128205128,
      "pos": 0.2522850701157226,
      "k": 2.0,
      "lookback": 39.0,
      "annual_trend_pct": 31.21970769930753,
      "trend_type": "Ascending",
      "near_support": false,
      "near_resistance": false,