{
  "updated_utc": "2026-01-20T00:01:41.875341+00:00",
  "params": {
    "years": 3,
    "lookbacks": [
      26,
      39,
      52
    ],
    "k": 2.0,
    "min_r2": 0.65,
    "min_inside": 0.92,
    "min_touch": 0.03,
    "only_in_channel": true,
    "pos_min": 0.05,
    "pos_max": 0.95,
    "only_ascending": false,
    "sideways_threshold_pct": 10.0,
    "support_cutoff": 0.2,
    "resistance_cutoff": 0.8,
    "prior_trend_weeks": 20,
    "recent_trend_weeks": 6
  },
  "count": 19,
  "data": [
    {
      "ticker": "SBIN.NS",
      "slope": 0.011170546144597374,
      "r2": 0.9473813203517094,
      "inside": 1.0,
      "near_upper": 0.07692307692307693,
      "near_lower": 0.07692307692307693,
      "pos": 0.4255674650319001,
      "k": 2.0,
      "lookback": 26.0,
      "annual_trend_pct": 78.75900993009654,
      "trend_type": "Ascending",
      "near_support": false,
      "near_resistance": false,
      "action_zone": "Mid Channel",
      "prior_trend_weeks": 20,
      "recent_trend_weeks": 6,
      "prior_trend_pct": 91.02469953453833,
      "prior_trend_type": "Ascending",
      "recent_trend_pct": 115.43254389758997,
      "recent_trend_type": "Ascending",
      "previously_descending": false,
      "rank_score": 0.9311339136726647
    },
    {
      "ticker": "EICHERMOT.NS",
      "slope": 0.009159774782029385,
      "r2": 0.8922506925017308,
      "inside": 0.9615384615384616,
      "near_upper": 0.09615384615384616,
      "near_lower": 0.038461538461538464,
      "pos": 0.33566664929521034,
      "k": 2.0,
      "lookback": 52.0,
      "annual_trend_pct": 61.01193209887066,
      "trend_type": "Ascending",
      "near_support": false,
      "near_resistance": false,
      "action_zone": "Mid Channel",
      "prior_trend_weeks": 20,
      "recent_trend_weeks": 6,
      "prior_trend_pct": 87.71697760564147,
      "prior_trend_type": "Ascending",
      "recent_trend_pct": 14.783619997380226,
      "recent_trend_type": "Ascending",
      "previously_descending": false,
      "rank_score": 0.897174065936729
    },
    {
      "ticker": "MARUTI.NS",
      "slope": 0.01020147670310151,
      "r2": 0.8228601912072961,
      "inside": 1.0,
      "near_upper": 0.05128205128205128,
      "near_lower": 0.07692307692307693,
      "pos": 0.14426007153286044,
      "k": 2.0,
      "lookback": 39.0,
      "annual_trend_pct": 69.97425332472551,
      "trend_type": "Ascending",
      "near_support": true,
      "near_resistance": false,
      "action_zone": "Near Support",
      "prior_trend_weeks": 20,
      "recent_trend_weeks": 6,
      "prior_trend_pct": 87.06132342658881,
      "prior_trend_type": "Ascending",
      "recent_trend_pct": -29.652866405909016,
      "recent_trend_type": "Descending",
      "previously_descending": false,
      "rank_score": 0.8970040884503621
    },
    {
      "ticker": "AXISBANK.NS",
      "slope": 0.009162083025535714,
      "r2": 0.8582064992723161,
      "inside": 1.0,
      "near_upper": 0.038461538461538464,
      "near_lower": 0.07692307692307693,
      "pos": 0.3337399449521805,
      "k": 2.0,
      "lookback": 26.0,
      "annual_trend_pct": 61.031259305585706,
      "trend_type": "Ascending",
      "near_support": false,
      "near_resistance": false,
      "action_zone": "Mid Channel",
      "prior_trend_weeks": 20,
      "recent_trend_weeks": 6,
      "prior_trend_pct": 90.0876347048668,
      "prior_trend_type": "Ascending",
      "recent_trend_pct": 99.28241214418092,
      "recent_trend_type": "Ascending",
      "previously_descending": false,
      "rank_score": 0.89572925514094
    },
    {
      "ticker": "SHRIRAMFIN.NS",
      "slope": 0.024652797288866365,
      "r2": 0.932142378797512,
      "inside": 0.9230769230769231,
      "near_upper": 0.038461538461538464,
      "near_lower": 0.038461538461538464,
      "pos": 0.47731038444094087,
      "k": 2.0,
      "lookback": 26.0,
      "annual_trend_pct": 260.3643651485244,
      "trend_type": "Ascending",
      "near_support": false,
      "near_resistance": false,
      "action_zone": "Mid Channel",
      "prior_trend_weeks": 20,
      "recent_trend_weeks": 6,
      "prior_trend_pct": 219.34073957826888,
      "prior_trend_type": "Ascending",
      "recent_trend_pct": 159.42796536607403,
      "recent_trend_type": "Ascending",
      "previously_descending": false,
      "rank_score": 0.8875709201854312
    },
    {
      "ticker": "HINDALCO.NS",
      "slope": 0.010509569946791968,
      "r2": 0.9424954723553864,
      "inside": 0.9743589743589743,
      "near_upper": 0.07692307692307693,
      "near_lower": 0.05128205128205128,
      "pos": 0.7898263414735511,
      "k": 2.0,
      "lookback": 39.0,
      "annual_trend_pct": 72.71931551453905,
      "trend_type": "Ascending",
      "near_support": false,
      "near_resistance": false,
      "action_zone": "Mid Channel",
      "prior_trend_weeks": 20,
      "recent_trend_weeks": 6,
      "prior_trend_pct": 80.00185158291447,
      "prior_trend_type": "Ascending",
      "recent_trend_pct": 170.24839034008025,
      "recent_trend_type": "Ascending",
      "previously_descending": false,
      "rank_score": 0.8820086917739278
    },
    {
      "ticker": "SBILIFE.NS",
      "slope": 0.006855551257745514,
      "r2": 0.8530783078943479,
      "inside": 0.9615384615384616,
      "near_upper": 0.09615384615384616,
      "near_lower": 0.057692307692307696,
      "pos": 0.3867676013336386,
      "k": 2.0,
      "lookback": 52.0,
      "annual_trend_pct": 42.83053411611479,
      "trend_type": "Ascending",
      "near_support": false,
      "near_resistance": false,
      "action_zone": "Mid Channel",
      "prior_trend_weeks": 20,
      "recent_trend_weeks": 6,
      "prior_trend_pct": 40.202652440670896,
      "prior_trend_type": "Ascending",
      "recent_trend_pct": 35.05798350076341,
      "recent_trend_type": "Ascending",
      "previously_descending": false,
      "rank_score": 0.8724777784291947
    },
    {
      "ticker": "M&M.NS",
      "slope": 0.007305965721810546,
      "r2": 0.8314860447259078,
      "inside": 0.9423076923076923,
      "near_upper": 0.038461538461538464,
      "near_lower": 0.057692307692307696,
      "pos": 0.2251850194969795,
      "k": 2.0,
      "lookback": 52.0,
      "annual_trend_pct": 46.215330781149056,
      "trend_type": "Ascending",
      "near_support": false,
      "near_resistance": false,
      "action_zone": "Mid Channel",
      "prior_trend_weeks": 20,
      "recent_trend_weeks": 6,
      "prior_trend_pct": 54.19706462955289,
      "prior_trend_type": "Ascending",
      "recent_trend_pct": 10.888431542174049,
      "recent_trend_type": "Ascending",
      "previously_descending": false,
      "rank_score": 0.8701475973363328
    },
    {
      "ticker": "TRENT.NS",
      "slope": -0.013527282553558213,
      "r2": 0.9037622275400574,
      "inside": 0.9230769230769231,
      "near_upper": 0.07692307692307693,
      "near_lower": 0.038461538461538464,
      "pos": 0.5553518408791542,
      "k": 2.0,
      "lookback": 26.0,
      "annual_trend_pct": -50.51094701973755,
      "trend_type": "Descending",
      "near_support": false,
      "near_resistance": false,
      "action_zone": "Mid Channel",
      "prior_trend_weeks": 20,
      "recent_trend_weeks": 6,
      "prior_trend_pct": -53.33260331410972,
      "prior_trend_type": "Descending",
      "recent_trend_pct": -54.68611673052672,
      "recent_trend_type": "Descending",
      "previously_descending": true,
      "rank_score": 0.8655766989128826
    },
    {
      "ticker": "POWERGRID.NS",
      "slope": -0.0029653101796670066,
      "r2": 0.7486152039552597,
      "inside": 1.0,
      "near_upper": 0.07692307692307693,
      "near_lower": 0.05128205128205128,
      "pos": 0.19533763338950758,
      "k": 2.0,
      "lookback": 39.0,
      "annual_trend_pct": -14.289609869938214,
      "trend_type": "Descending",
      "near_support": true,
      "near_resistance": false,