{
  "updated_utc": "2026-01-15T04:15:38.393577+00:00",
  "params": {
    "years": 3,
    "lookbacks": [
      26,
      39,
      52
    ],
    "k": 2.0,
    "min_r2": 0.65,
    "min_inside": 0.92,
    "min_touch": 0.03,
    "only_in_channel": true,
    "pos_min": 0.05,
    "pos_max": 0.95,
    "only_ascending": false,
    "sideways_threshold_pct": 10.0,
    "support_cutoff": 0.2,
    "resistance_cutoff": 0.8,
    "prior_trend_weeks": 20,
    "recent_trend_weeks": 6
  },
  "count": 21,
  "data": [
    {
      "ticker": "SBIN.NS",
      "slope": 0.01085289360138052,
      "r2": 0.940670086137126,
      "inside": 1.0,
      "near_upper": 0.07692307692307693,
      "near_lower": 0.038461538461538464,
      "pos": 0.5003373750823991,
      "k": 2.0,
      "lookback": 26.0,
      "annual_trend_pct": 75.83053348721558,
      "trend_type": "Ascending",
      "near_support": false,
      "near_resistance": false,
      "action_zone": "Mid Channel",
      "prior_trend_weeks": 20,
      "recent_trend_weeks": 6,
      "prior_trend_pct": 89.79484387563457,
      "prior_trend_type": "Ascending",
      "recent_trend_pct": 89.41583193313556,
      "recent_trend_type": "Ascending",
      "previously_descending": false,
      "rank_score": 0.9203013055603231
    },
    {
      "ticker": "MARUTI.NS",
      "slope": 0.010634959124390986,
      "r2": 0.8468079618955459,
      "inside": 1.0,
      "near_upper": 0.05128205128205128,
      "near_lower": 0.07692307692307693,
      "pos": 0.11881070292620016,
      "k": 2.0,
      "lookback": 39.0,
      "annual_trend_pct": 73.84916587014479,
      "trend_type": "Ascending",
      "near_support": true,
      "near_resistance": false,
      "action_zone": "Near Support",
      "prior_trend_weeks": 20,
      "recent_trend_weeks": 6,
      "prior_trend_pct": 105.81575636275433,
      "prior_trend_type": "Ascending",
      "recent_trend_pct": -10.800362203189062,
      "recent_trend_type": "Descending",
      "previously_descending": false,
      "rank_score": 0.9115229106551529
    },
    {
      "ticker": "BHARTIARTL.NS",
      "slope": 0.005105775185266395,
      "r2": 0.8459158158005028,
      "inside": 0.9423076923076923,
      "near_upper": 0.057692307692307696,
      "near_lower": 0.057692307692307696,
      "pos": 0.06553135848696202,
      "k": 2.0,
      "lookback": 52.0,
      "annual_trend_pct": 30.40832580105488,
      "trend_type": "Ascending",
      "near_support": true,
      "near_resistance": false,
      "action_zone": "Near Support",
      "prior_trend_weeks": 20,
      "recent_trend_weeks": 6,
      "prior_trend_pct": 42.55475797807515,
      "prior_trend_type": "Ascending",
      "recent_trend_pct": -31.466646815526456,
      "recent_trend_type": "Descending",
      "previously_descending": false,
      "rank_score": 0.8933278489746321
    },
    {
      "ticker": "EICHERMOT.NS",
      "slope": 0.009050804110482584,
      "r2": 0.8846579687025593,
      "inside": 0.9807692307692307,
      "near_upper": 0.07692307692307693,
      "near_lower": 0.038461538461538464,
      "pos": 0.4195623747259789,
      "k": 2.0,
      "lookback": 52.0,
      "annual_trend_pct": 60.10214210918612,
      "trend_type": "Ascending",
      "near_support": false,
      "near_resistance": false,
      "action_zone": "Mid Channel",
      "prior_trend_weeks": 20,
      "recent_trend_weeks": 6,
      "prior_trend_pct": 105.64138719101068,
      "prior_trend_type": "Ascending",
      "recent_trend_pct": 37.88119609659317,
      "recent_trend_type": "Ascending",
      "previously_descending": false,
      "rank_score": 0.892680439186374
    },
    {
      "ticker": "AXISBANK.NS",
      "slope": 0.009080145232513565,
      "r2": 0.8528970067403675,
      "inside": 1.0,
      "near_upper": 0.038461538461538464,
      "near_lower": 0.11538461538461539,
      "pos": 0.34876517047715305,
      "k": 2.0,
      "lookback": 26.0,
      "annual_trend_pct": 60.34660253051314,
      "trend_type": "Ascending",
      "near_support": false,
      "near_resistance": false,
      "action_zone": "Mid Channel",
      "prior_trend_weeks": 20,
      "recent_trend_weeks": 6,
      "prior_trend_pct": 84.85563175284867,
      "prior_trend_type": "Ascending",
      "recent_trend_pct": 30.69713262544649,
      "recent_trend_type": "Ascending",
      "previously_descending": false,
      "rank_score": 0.8915719863224685
    },
    {
      "ticker": "SHRIRAMFIN.NS",
      "slope": 0.02340415334989235,
      "r2": 0.9090098451307079,
      "inside": 0.9615384615384616,
      "near_upper": 0.038461538461538464,
      "near_lower": 0.038461538461538464,
      "pos": 0.5007530849942154,
      "k": 2.0,
      "lookback": 26.0,
      "annual_trend_pct": 237.7095343481011,
      "trend_type": "Ascending",
      "near_support": false,
      "near_resistance": false,
      "action_zone": "Mid Channel",
      "prior_trend_weeks": 20,
      "recent_trend_weeks": 6,
      "prior_trend_pct": 193.53812753795805,
      "prior_trend_type": "Ascending",
      "recent_trend_pct": 347.6893954998111,
      "recent_trend_type": "Ascending",
      "previously_descending": false,
      "rank_score": 0.889044998681317
    },
    {
      "ticker": "SBILIFE.NS",
      "slope": 0.00694936670579848,
      "r2": 0.8557593491019986,
      "inside": 0.9615384615384616,
      "near_upper": 0.09615384615384616,
      "near_lower": 0.038461538461538464,
      "pos": 0.3971212191124306,
      "k": 2.0,
      "lookback": 52.0,
      "annual_trend_pct": 43.52902143105648,
      "trend_type": "Ascending",
      "near_support": false,
      "near_resistance": false,
      "action_zone": "Mid Channel",
      "prior_trend_weeks": 20,
      "recent_trend_weeks": 6,
      "prior_trend_pct": 34.65538155635792,
      "prior_trend_type": "Ascending",
      "recent_trend_pct": 31.816682169941135,
      "recent_trend_type": "Ascending",
      "previously_descending": false,
      "rank_score": 0.8727829372551409
    },
    {
      "ticker": "TRENT.NS",
      "slope": -0.012685397641824657,
      "r2": 0.8654623801626234,
      "inside": 0.9230769230769231,
      "near_upper": 0.07692307692307693,
      "near_lower": 0.038461538461538464,
      "pos": 0.39056064827350834,
      "k": 2.0,
      "lookback": 26.0,
      "annual_trend_pct": -48.296291575995056,
      "trend_type": "Descending",
      "near_support": false,
      "near_resistance": false,
      "action_zone": "Mid Channel",
      "prior_trend_weeks": 20,
      "recent_trend_weeks": 6,
      "prior_trend_pct": -48.28760596320849,
      "prior_trend_type": "Descending",
      "recent_trend_pct": -27.85335095836753,
      "recent_trend_type": "Descending",
      "previously_descending": true,
      "rank_score": 0.8629058944847302
    },
    {
      "ticker": "M&M.NS",
      "slope": 0.007313050591617401,
      "r2": 0.8321347985298535,
      "inside": 0.9230769230769231,
      "near_upper": 0.038461538461538464,
      "near_lower": 0.057692307692307696,
      "pos": 0.2357511861467953,
      "k": 2.0,
      "lookback": 52.0,
      "annual_trend_pct": 46.26920836742967,
      "trend_type": "Ascending",
      "near_support": false,
      "near_resistance": false,
      "action_zone": "Mid Channel",
      "prior_trend_weeks": 20,
      "recent_trend_weeks": 6,
      "prior_trend_pct": 57.09149017321673,
      "prior_trend_type": "Ascending",
      "recent_trend_pct": 9.951997195332552,
      "recent_trend_type": "Sideways",
      "previously_descending": false,
      "rank_score": 0.8617230498810164
    },
    {
      "ticker": "POWERGRID.NS",
      "slope": -0.002905583446426558,
      "r2": 0.7494392341287804,
      "inside": 1.0,
      "near_upper": 0.07692307692307693,
      "near_lower": 0.05128205128205128,
      "pos": 0.14917216420053778,
      "k": 2.0,
      "lookback": 39.0,
      "annual_trend_pct": -14.022997579762919,
      "trend_type": "Descending",
      "near_support": true,
      "near_resistance": false,