{
  "updated_utc": "2026-01-06T19:50:14.140485+00:00",
  "params": {
    "years": 3,
    "lookbacks": [
      26,
      39,
      52
    ],
    "k": 2.0,
    "min_r2": 0.65,
    "min_inside": 0.92,
    "min_touch": 0.03,
    "only_in_channel": true,
    "pos_min": 0.05,
    "pos_max": 0.95,
    "only_ascending": false,
    "sideways_threshold_pct": 10.0,
    "support_cutoff": 0.2,
    "resistance_cutoff": 0.8,
    "prior_trend_weeks": 20,
    "recent_trend_weeks": 6
  },
  "count": 20,
  "data": [
    {
      "ticker": "LT.NS",
      "slope": 0.00753544699267276,
      "r2": 0.928597395669759,
      "inside": 0.9615384615384616,
      "near_upper": 0.07692307692307693,
      "near_lower": 0.07692307692307693,
      "pos": 0.313189019476685,
      "k": 2.0,
      "lookback": 26.0,
      "annual_trend_pct": 47.970573990450035,
      "trend_type": "Ascending",
      "near_support": false,
      "near_resistance": false,
      "action_zone": "Mid Channel",
      "prior_trend_weeks": 20,
      "recent_trend_weeks": 6,
      "prior_trend_pct": 53.57450614733415,
      "prior_trend_type": "Ascending",
      "recent_trend_pct": 31.400233764580587,
      "recent_trend_type": "Ascending",
      "previously_descending": false,
      "rank_score": 0.9175951805025956
    },
    {
      "ticker": "M&M.NS",
      "slope": 0.007847704320387916,
      "r2": 0.8946736624503377,
      "inside": 0.9743589743589743,
      "near_upper": 0.07692307692307693,
      "near_lower": 0.05128205128205128,
      "pos": 0.3210999850071923,
      "k": 2.0,
      "lookback": 39.0,
      "annual_trend_pct": 50.39284099992021,
      "trend_type": "Ascending",
      "near_support": false,
      "near_resistance": false,
      "action_zone": "Mid Channel",
      "prior_trend_weeks": 20,
      "recent_trend_weeks": 6,
      "prior_trend_pct": 59.13707938856545,
      "prior_trend_type": "Ascending",
      "recent_trend_pct": 33.64123771648791,
      "recent_trend_type": "Ascending",
      "previously_descending": false,
      "rank_score": 0.9049704224680394
    },
    {
      "ticker": "SBIN.NS",
      "slope": 0.010510352917957919,
      "r2": 0.9227070696367149,
      "inside": 0.9615384615384616,
      "near_upper": 0.038461538461538464,
      "near_lower": 0.07692307692307693,
      "pos": 0.5148991424204761,
      "k": 2.0,
      "lookback": 26.0,
      "annual_trend_pct": 72.72634783837711,
      "trend_type": "Ascending",
      "near_support": false,
      "near_resistance": false,
      "action_zone": "Mid Channel",
      "prior_trend_weeks": 20,
      "recent_trend_weeks": 6,
      "prior_trend_pct": 81.85464049750894,
      "prior_trend_type": "Ascending",
      "recent_trend_pct": 64.07846851873742,
      "recent_trend_type": "Ascending",
      "previously_descending": false,
      "rank_score": 0.8944790051916944
    },
    {
      "ticker": "MARUTI.NS",
      "slope": 0.011122939890298044,
      "r2": 0.870215136932373,
      "inside": 1.0,
      "near_upper": 0.05128205128205128,
      "near_lower": 0.07692307692307693,
      "pos": 0.4381646062355893,
      "k": 2.0,
      "lookback": 39.0,
      "annual_trend_pct": 78.31703477810376,
      "trend_type": "Ascending",
      "near_support": false,
      "near_resistance": false,
      "action_zone": "Mid Channel",
      "prior_trend_weeks": 20,
      "recent_trend_weeks": 6,
      "prior_trend_pct": 123.71754087571927,
      "prior_trend_type": "Ascending",
      "recent_trend_pct": 78.61862095229209,
      "recent_trend_type": "Ascending",
      "previously_descending": false,
      "rank_score": 0.8912911078426276
    },
    {
      "ticker": "EICHERMOT.NS",
      "slope": 0.008968777475631583,
      "r2": 0.8804912944933051,
      "inside": 0.9807692307692307,
      "near_upper": 0.07692307692307693,
      "near_lower": 0.038461538461538464,
      "pos": 0.5711891899080412,
      "k": 2.0,
      "lookback": 52.0,
      "annual_trend_pct": 59.420699173199964,
      "trend_type": "Ascending",
      "near_support": false,
      "near_resistance": false,
      "action_zone": "Mid Channel",
      "prior_trend_weeks": 20,
      "recent_trend_weeks": 6,
      "prior_trend_pct": 114.91679474407599,
      "prior_trend_type": "Ascending",
      "recent_trend_pct": 49.734744696980336,
      "recent_trend_type": "Ascending",
      "previously_descending": false,
      "rank_score": 0.8754344205635407
    },
    {
      "ticker": "BHARTIARTL.NS",
      "slope": 0.005354520067756961,
      "r2": 0.8716135748289253,
      "inside": 0.9230769230769231,
      "near_upper": 0.057692307692307696,
      "near_lower": 0.038461538461538464,
      "pos": 0.3452967779852961,
      "k": 2.0,
      "lookback": 52.0,
      "annual_trend_pct": 32.10607911545049,
      "trend_type": "Ascending",
      "near_support": false,
      "near_resistance": false,
      "action_zone": "Mid Channel",
      "prior_trend_weeks": 20,
      "recent_trend_weeks": 6,
      "prior_trend_pct": 38.53742177124233,
      "prior_trend_type": "Ascending",
      "recent_trend_pct": 4.271554527859167,
      "recent_trend_type": "Sideways",
      "previously_descending": false,
      "rank_score": 0.8705078788467023
    },
    {
      "ticker": "SBILIFE.NS",
      "slope": 0.006913204502422977,
      "r2": 0.8522250636842915,
      "inside": 0.9615384615384616,
      "near_upper": 0.09615384615384616,
      "near_lower": 0.057692307692307696,
      "pos": 0.5127707230150125,
      "k": 2.0,
      "lookback": 52.0,
      "annual_trend_pct": 43.25937809934377,
      "trend_type": "Ascending",
      "near_support": false,
      "near_resistance": false,
      "action_zone": "Mid Channel",
      "prior_trend_weeks": 20,
      "recent_trend_weeks": 6,
      "prior_trend_pct": 30.75322989595879,
      "prior_trend_type": "Ascending",
      "recent_trend_pct": 41.00306066517203,
      "recent_trend_type": "Ascending",
      "previously_descending": false,
      "rank_score": 0.8594508441560291
    },
    {
      "ticker": "TRENT.NS",
      "slope": -0.012085731808044953,
      "r2": 0.8538927359719564,
      "inside": 0.9230769230769231,
      "near_upper": 0.07692307692307693,
      "near_lower": 0.038461538461538464,
      "pos": 0.45085470747795076,
      "k": 2.0,
      "lookback": 26.0,
      "annual_trend_pct": -46.65863377356801,
      "trend_type": "Descending",
      "near_support": false,
      "near_resistance": false,
      "action_zone": "Mid Channel",
      "prior_trend_weeks": 20,
      "recent_trend_weeks": 6,
      "prior_trend_pct": -45.60737577841447,
      "prior_trend_type": "Descending",
      "recent_trend_pct": 20.45591210034545,
      "recent_trend_type": "Ascending",
      "previously_descending": true,
      "rank_score": 0.8510916664689524
    },
    {
      "ticker": "SHRIRAMFIN.NS",
      "slope": 0.022054493149627943,
      "r2": 0.8640527718100475,
      "inside": 0.9615384615384616,
      "near_upper": 0.038461538461538464,
      "near_lower": 0.038461538461538464,
      "pos": 0.7066940792470094,
      "k": 2.0,
      "lookback": 26.0,
      "annual_trend_pct": 214.82087609555919,
      "trend_type": "Ascending",
      "near_support": false,
      "near_resistance": false,
      "action_zone": "Mid Channel",
      "prior_trend_weeks": 20,
      "recent_trend_weeks": 6,
      "prior_trend_pct": 152.31649060224822,
      "prior_trend_type": "Ascending",
      "recent_trend_pct": 683.4018141773557,
      "recent_trend_type": "Ascending",
      "previously_descending": false,
      "rank_score": 0.8459723625957074
    },
    {
      "ticker": "ADANIPORTS.NS",
      "slope": 0.0064503653793803305,
      "r2": 0.7624111886134697,
      "inside": 0.9615384615384616,
      "near_upper": 0.09615384615384616,
      "near_lower": 0.038461538461538464,
      "pos": 0.22327372927604017,
      "k": 2.0,
      "lookback": 52.0,
      "annual_trend_pct": 39.85262445922111,
      "trend_type": "Ascending",
      "near_support": false,