{
  "updated_utc": "2026-01-21T21:00:01.324737+00:00",
  "params": {
    "years": 3,
    "lookbacks": [
      26,
      39,
      52
    ],
    "k": 2.0,
    "min_r2": 0.65,
    "min_inside": 0.92,
    "min_touch": 0.03,
    "only_in_channel": true,
    "pos_min": 0.05,
    "pos_max": 0.95,
    "only_ascending": false,
    "sideways_threshold_pct": 10.0,
    "support_cutoff": 0.2,
    "resistance_cutoff": 0.8,
    "prior_trend_weeks": 20,
    "recent_trend_weeks": 6
  },
  "count": 17,
  "data": [
    {
      "ticker": "SBIN.NS",
      "slope": 0.01108991534283039,
      "r2": 0.9457127698582192,
      "inside": 1.0,
      "near_upper": 0.07692307692307693,
      "near_lower": 0.038461538461538464,
      "pos": 0.3270630156783119,
      "k": 2.0,
      "lookback": 26.0,
      "annual_trend_pct": 78.01107791183234,
      "trend_type": "Ascending",
      "near_support": false,
      "near_resistance": false,
      "action_zone": "Mid Channel",
      "prior_trend_weeks": 20,
      "recent_trend_weeks": 6,
      "prior_trend_pct": 91.02469953453833,
      "prior_trend_type": "Ascending",
      "recent_trend_pct": 100.85196692539493,
      "recent_trend_type": "Ascending",
      "previously_descending": false,
      "rank_score": 0.9401500833612784
    },
    {
      "ticker": "EICHERMOT.NS",
      "slope": 0.01071929127071713,
      "r2": 0.8814600785119437,
      "inside": 0.9487179487179487,
      "near_upper": 0.07692307692307693,
      "near_lower": 0.05128205128205128,
      "pos": 0.06488772658457358,
      "k": 2.0,
      "lookback": 39.0,
      "annual_trend_pct": 74.61321574014963,
      "trend_type": "Ascending",
      "near_support": true,
      "near_resistance": false,
      "action_zone": "Near Support",
      "prior_trend_weeks": 20,
      "recent_trend_weeks": 6,
      "prior_trend_pct": 87.71697760564147,
      "prior_trend_type": "Ascending",
      "recent_trend_pct": -4.93655731392415,
      "recent_trend_type": "Sideways",
      "previously_descending": false,
      "rank_score": 0.913728446084694
    },
    {
      "ticker": "AXISBANK.NS",
      "slope": 0.009013057353323008,
      "r2": 0.8485529561599255,
      "inside": 1.0,
      "near_upper": 0.038461538461538464,
      "near_lower": 0.07692307692307693,
      "pos": 0.20946208766790103,
      "k": 2.0,
      "lookback": 26.0,
      "annual_trend_pct": 59.788196813514794,
      "trend_type": "Ascending",
      "near_support": false,
      "near_resistance": false,
      "action_zone": "Mid Channel",
      "prior_trend_weeks": 20,
      "recent_trend_weeks": 6,
      "prior_trend_pct": 90.0876347048668,
      "prior_trend_type": "Ascending",
      "recent_trend_pct": 75.07218535949815,
      "recent_trend_type": "Ascending",
      "previously_descending": false,
      "rank_score": 0.9033302693131726
    },
    {
      "ticker": "SHRIRAMFIN.NS",
      "slope": 0.024444286983798833,
      "r2": 0.9303324279736971,
      "inside": 0.9230769230769231,
      "near_upper": 0.038461538461538464,
      "near_lower": 0.038461538461538464,
      "pos": 0.3755516428307363,
      "k": 2.0,
      "lookback": 26.0,
      "annual_trend_pct": 256.47820756844146,
      "trend_type": "Ascending",
      "near_support": false,
      "near_resistance": false,
      "action_zone": "Mid Channel",
      "prior_trend_weeks": 20,
      "recent_trend_weeks": 6,
      "prior_trend_pct": 219.34073957826888,
      "prior_trend_type": "Ascending",
      "recent_trend_pct": 116.42711330677554,
      "recent_trend_type": "Ascending",
      "previously_descending": false,
      "rank_score": 0.8968418189345442
    },
    {
      "ticker": "TRENT.NS",
      "slope": -0.013929099636277031,
      "r2": 0.9052960674495469,
      "inside": 0.9230769230769231,
      "near_upper": 0.07692307692307693,
      "near_lower": 0.038461538461538464,
      "pos": 0.262707648869796,
      "k": 2.0,
      "lookback": 26.0,
      "annual_trend_pct": -51.53426735113575,
      "trend_type": "Descending",
      "near_support": false,
      "near_resistance": false,
      "action_zone": "Mid Channel",
      "prior_trend_weeks": 20,
      "recent_trend_weeks": 6,
      "prior_trend_pct": -53.33260331410972,
      "prior_trend_type": "Descending",
      "recent_trend_pct": -68.04345496876168,
      "recent_trend_type": "Descending",
      "previously_descending": true,
      "rank_score": 0.8956080380685632
    },
    {
      "ticker": "HINDALCO.NS",
      "slope": 0.010506499818808268,
      "r2": 0.9425520973672488,
      "inside": 0.9743589743589743,
      "near_upper": 0.07692307692307693,
      "near_lower": 0.05128205128205128,
      "pos": 0.7839810093882061,
      "k": 2.0,
      "lookback": 39.0,
      "annual_trend_pct": 72.69174365447313,
      "trend_type": "Ascending",
      "near_support": false,
      "near_resistance": false,
      "action_zone": "Mid Channel",
      "prior_trend_weeks": 20,
      "recent_trend_weeks": 6,
      "prior_trend_pct": 80.00185158291447,
      "prior_trend_type": "Ascending",
      "recent_trend_pct": 168.65063139073243,
      "recent_trend_type": "Ascending",
      "previously_descending": false,
      "rank_score": 0.8826215374883936
    },
    {
      "ticker": "M&M.NS",
      "slope": 0.007243101303407198,
      "r2": 0.8246714040706111,
      "inside": 0.9423076923076923,
      "near_upper": 0.038461538461538464,
      "near_lower": 0.07692307692307693,
      "pos": 0.09738649210013617,
      "k": 2.0,
      "lookback": 52.0,
      "annual_trend_pct": 45.73814059144252,
      "trend_type": "Ascending",
      "near_support": true,
      "near_resistance": false,
      "action_zone": "Near Support",
      "prior_trend_weeks": 20,
      "recent_trend_weeks": 6,
      "prior_trend_pct": 54.19706462955289,
      "prior_trend_type": "Ascending",
      "recent_trend_pct": -10.519635975926956,
      "recent_trend_type": "Descending",
      "previously_descending": false,
      "rank_score": 0.8795201297483689
    },
    {
      "ticker": "MARUTI.NS",
      "slope": 0.008408942797568318,
      "r2": 0.8120372889290126,
      "inside": 0.9807692307692307,
      "near_upper": 0.057692307692307696,
      "near_lower": 0.038461538461538464,
      "pos": 0.20322991557858458,
      "k": 2.0,
      "lookback": 52.0,
      "annual_trend_pct": 54.846640572262054,
      "trend_type": "Ascending",
      "near_support": false,
      "near_resistance": false,
      "action_zone": "Mid Channel",
      "prior_trend_weeks": 20,
      "recent_trend_weeks": 6,
      "prior_trend_pct": 87.06132342658881,
      "prior_trend_type": "Ascending",
      "recent_trend_pct": -41.75762168268405,
      "recent_trend_type": "Descending",
      "previously_descending": false,
      "rank_score": 0.8780033452143402
    },
    {
      "ticker": "SBILIFE.NS",
      "slope": 0.006836253727095769,
      "r2": 0.8518146742706958,
      "inside": 0.9615384615384616,
      "near_upper": 0.09615384615384616,
      "near_lower": 0.057692307692307696,
      "pos": 0.3395672248800903,
      "k": 2.0,
      "lookback": 52.0,
      "annual_trend_pct": 42.687279620333385,
      "trend_type": "Ascending",
      "near_support": false,
      "near_resistance": false,
      "action_zone": "Mid Channel",
      "prior_trend_weeks": 20,
      "recent_trend_weeks": 6,
      "prior_trend_pct": 40.202652440670896,
      "prior_trend_type": "Ascending",
      "recent_trend_pct": 26.451311321913252,
      "recent_trend_type": "Ascending",
      "previously_descending": false,
      "rank_score": 0.8765659992627235
    },
    {
      "ticker": "POWERGRID.NS",
      "slope": -0.0029930261412442344,
      "r2": 0.7471368837934861,
      "inside": 1.0,
      "near_upper": 0.07692307692307693,
      "near_lower": 0.05128205128205128,
      "pos": 0.11755374768104572,
      "k": 2.0,
      "lookback": 39.0,
      "annual_trend_pct": -14.413049282019298,
      "trend_type": "Descending",
      "near_support": true,
      "near_resistance": false,