{
  "updated_utc": "2026-01-10T20:48:42.822163+00:00",
  "params": {
    "years": 3,
    "lookbacks": [
      26,
      39,
      52
    ],
    "k": 2.0,
    "min_r2": 0.65,
    "min_inside": 0.92,
    "min_touch": 0.03,
    "only_in_channel": true,
    "pos_min": 0.05,
    "pos_max": 0.95,
    "only_ascending": false,
    "sideways_threshold_pct": 10.0,
    "support_cutoff": 0.2,
    "resistance_cutoff": 0.8,
    "prior_trend_weeks": 20,
    "recent_trend_weeks": 6
  },
  "count": 20,
  "data": [
    {
      "ticker": "SBIN.NS",
      "slope": 0.010354594260542185,
      "r2": 0.9192912183279192,
      "inside": 0.9615384615384616,
      "near_upper": 0.038461538461538464,
      "near_lower": 0.07692307692307693,
      "pos": 0.34883378003213983,
      "k": 2.0,
      "lookback": 26.0,
      "annual_trend_pct": 71.33300964200711,
      "trend_type": "Ascending",
      "near_support": false,
      "near_resistance": false,
      "action_zone": "Mid Channel",
      "prior_trend_weeks": 20,
      "recent_trend_weeks": 6,
      "prior_trend_pct": 81.85464049750894,
      "prior_trend_type": "Ascending",
      "recent_trend_pct": 43.30400107898487,
      "recent_trend_type": "Ascending",
      "previously_descending": false,
      "rank_score": 0.9093776157761302
    },
    {
      "ticker": "MARUTI.NS",
      "slope": 0.010942851499241433,
      "r2": 0.8625534277876548,
      "inside": 1.0,
      "near_upper": 0.05128205128205128,
      "near_lower": 0.07692307692307693,
      "pos": 0.22736522151173136,
      "k": 2.0,
      "lookback": 39.0,
      "annual_trend_pct": 76.65496219354185,
      "trend_type": "Ascending",
      "near_support": false,
      "near_resistance": false,
      "action_zone": "Mid Channel",
      "prior_trend_weeks": 20,
      "recent_trend_weeks": 6,
      "prior_trend_pct": 123.71754087571927,
      "prior_trend_type": "Ascending",
      "recent_trend_pct": 26.14411961726495,
      "recent_trend_type": "Ascending",
      "previously_descending": false,
      "rank_score": 0.9085401917426543
    },
    {
      "ticker": "BHARTIARTL.NS",
      "slope": 0.005272114095796695,
      "r2": 0.8617040162347465,
      "inside": 0.9230769230769231,
      "near_upper": 0.057692307692307696,
      "near_lower": 0.057692307692307696,
      "pos": 0.07593100556103087,
      "k": 2.0,
      "lookback": 52.0,
      "annual_trend_pct": 31.541201109892935,
      "trend_type": "Ascending",
      "near_support": true,
      "near_resistance": false,
      "action_zone": "Near Support",
      "prior_trend_weeks": 20,
      "recent_trend_weeks": 6,
      "prior_trend_pct": 38.53742177124233,
      "prior_trend_type": "Ascending",
      "recent_trend_pct": -21.28657505581334,
      "recent_trend_type": "Descending",
      "previously_descending": false,
      "rank_score": 0.8924896767920394
    },
    {
      "ticker": "HINDALCO.NS",
      "slope": 0.010062491532086762,
      "r2": 0.9428035270177502,
      "inside": 0.9487179487179487,
      "near_upper": 0.05128205128205128,
      "near_lower": 0.07692307692307693,
      "pos": 0.6977355155941078,
      "k": 2.0,
      "lookback": 39.0,
      "annual_trend_pct": 68.75023893396303,
      "trend_type": "Ascending",
      "near_support": false,
      "near_resistance": false,
      "action_zone": "Mid Channel",
      "prior_trend_weeks": 20,
      "recent_trend_weeks": 6,
      "prior_trend_pct": 79.99480835344998,
      "prior_trend_type": "Ascending",
      "recent_trend_pct": 193.0711952663931,
      "recent_trend_type": "Ascending",
      "previously_descending": false,
      "rank_score": 0.8811153914366437
    },
    {
      "ticker": "EICHERMOT.NS",
      "slope": 0.008964287030933712,
      "r2": 0.8804310584272064,
      "inside": 0.9807692307692307,
      "near_upper": 0.07692307692307693,
      "near_lower": 0.038461538461538464,
      "pos": 0.5616744906342996,
      "k": 2.0,
      "lookback": 52.0,
      "annual_trend_pct": 59.383478287632286,
      "trend_type": "Ascending",
      "near_support": false,
      "near_resistance": false,
      "action_zone": "Mid Channel",
      "prior_trend_weeks": 20,
      "recent_trend_weeks": 6,
      "prior_trend_pct": 114.91679474407599,
      "prior_trend_type": "Ascending",
      "recent_trend_pct": 47.45795840190823,
      "recent_trend_type": "Ascending",
      "previously_descending": false,
      "rank_score": 0.8763557724578654
    },
    {
      "ticker": "LT.NS",
      "slope": 0.005320144910157404,
      "r2": 0.818681741516182,
      "inside": 1.0,
      "near_upper": 0.05128205128205128,
      "near_lower": 0.05128205128205128,
      "pos": 0.33624460415607205,
      "k": 2.0,
      "lookback": 39.0,
      "annual_trend_pct": 31.870149342420273,
      "trend_type": "Ascending",
      "near_support": false,
      "near_resistance": false,
      "action_zone": "Mid Channel",
      "prior_trend_weeks": 20,
      "recent_trend_weeks": 6,
      "prior_trend_pct": 53.57450614733415,
      "prior_trend_type": "Ascending",
      "recent_trend_pct": 6.51340373043614,
      "recent_trend_type": "Sideways",
      "previously_descending": false,
      "rank_score": 0.8757164103424838
    },
    {
      "ticker": "SBILIFE.NS",
      "slope": 0.006886237685123612,
      "r2": 0.8511247613228042,
      "inside": 0.9615384615384616,
      "near_upper": 0.09615384615384616,
      "near_lower": 0.057692307692307696,
      "pos": 0.44711830222898785,
      "k": 2.0,
      "lookback": 52.0,
      "annual_trend_pct": 43.058629911539015,
      "trend_type": "Ascending",
      "near_support": false,
      "near_resistance": false,
      "action_zone": "Mid Channel",
      "prior_trend_weeks": 20,
      "recent_trend_weeks": 6,
      "prior_trend_pct": 30.75322989595879,
      "prior_trend_type": "Ascending",
      "recent_trend_pct": 28.607570650485535,
      "recent_trend_type": "Ascending",
      "previously_descending": false,
      "rank_score": 0.865465935053888
    },
    {
      "ticker": "TRENT.NS",
      "slope": -0.012244944243618654,
      "r2": 0.8552006958047238,
      "inside": 0.9230769230769231,
      "near_upper": 0.07692307692307693,
      "near_lower": 0.038461538461538464,
      "pos": 0.3479538253585722,
      "k": 2.0,
      "lookback": 26.0,
      "annual_trend_pct": -47.09842638909062,
      "trend_type": "Descending",
      "near_support": false,
      "near_resistance": false,
      "action_zone": "Mid Channel",
      "prior_trend_weeks": 20,
      "recent_trend_weeks": 6,
      "prior_trend_pct": -45.60737577841447,
      "prior_trend_type": "Descending",
      "recent_trend_pct": 4.8892949502086,
      "recent_trend_type": "Sideways",
      "previously_descending": true,
      "rank_score": 0.8620357345972739
    },
    {
      "ticker": "M&M.NS",
      "slope": 0.007221847637090267,
      "r2": 0.8218750543658541,
      "inside": 0.9423076923076923,
      "near_upper": 0.057692307692307696,
      "near_lower": 0.057692307692307696,
      "pos": 0.31632747096327213,
      "k": 2.0,
      "lookback": 52.0,
      "annual_trend_pct": 45.57716113421495,
      "trend_type": "Ascending",
      "near_support": false,
      "near_resistance": false,
      "action_zone": "Mid Channel",
      "prior_trend_weeks": 20,
      "recent_trend_weeks": 6,
      "prior_trend_pct": 59.13707938856545,
      "prior_trend_type": "Ascending",
      "recent_trend_pct": 7.720508338899279,
      "recent_trend_type": "Sideways",
      "previously_descending": false,
      "rank_score": 0.8562278570096766
    },
    {
      "ticker": "SHRIRAMFIN.NS",
      "slope": 0.02181898776529606,
      "r2": 0.8640764700710791,
      "inside": 0.9615384615384616,
      "near_upper": 0.038461538461538464,
      "near_lower": 0.038461538461538464,
      "pos": 0.6199938495078491,
      "k": 2.0,
      "lookback": 26.0,
      "annual_trend_pct": 210.9890024893728,
      "trend_type": "Ascending",
      "near_support": false,
      "near_resistance": false,