{
  "updated_utc": "2026-01-15T23:13:00.988136+00:00",
  "params": {
    "years": 3,
    "lookbacks": [
      26,
      39,
      52
    ],
    "k": 2.0,
    "min_r2": 0.65,
    "min_inside": 0.92,
    "min_touch": 0.03,
    "only_in_channel": true,
    "pos_min": 0.05,
    "pos_max": 0.95,
    "only_ascending": false,
    "sideways_threshold_pct": 10.0,
    "support_cutoff": 0.2,
    "resistance_cutoff": 0.8,
    "prior_trend_weeks": 20,
    "recent_trend_weeks": 6
  },
  "count": 21,
  "data": [
    {
      "ticker": "SBIN.NS",
      "slope": 0.010839190610190681,
      "r2": 0.940518061860637,
      "inside": 1.0,
      "near_upper": 0.07692307692307693,
      "near_lower": 0.038461538461538464,
      "pos": 0.48390605409877646,
      "k": 2.0,
      "lookback": 26.0,
      "annual_trend_pct": 75.70528909324177,
      "trend_type": "Ascending",
      "near_support": false,
      "near_resistance": false,
      "action_zone": "Mid Channel",
      "prior_trend_weeks": 20,
      "recent_trend_weeks": 6,
      "prior_trend_pct": 89.79484387563457,
      "prior_trend_type": "Ascending",
      "recent_trend_pct": 87.17329711948125,
      "recent_trend_type": "Ascending",
      "previously_descending": false,
      "rank_score": 0.9218684255204409
    },
    {
      "ticker": "MARUTI.NS",
      "slope": 0.010635911732159614,
      "r2": 0.8468811193698217,
      "inside": 1.0,
      "near_upper": 0.05128205128205128,
      "near_lower": 0.07692307692307693,
      "pos": 0.11981961011564742,
      "k": 2.0,
      "lookback": 39.0,
      "annual_trend_pct": 73.85777780687258,
      "trend_type": "Ascending",
      "near_support": true,
      "near_resistance": false,
      "action_zone": "Near Support",
      "prior_trend_weeks": 20,
      "recent_trend_weeks": 6,
      "prior_trend_pct": 105.81575636275433,
      "prior_trend_type": "Ascending",
      "recent_trend_pct": -10.636093264772573,
      "recent_trend_type": "Descending",
      "previously_descending": false,
      "rank_score": 0.9114585986733461
    },
    {
      "ticker": "EICHERMOT.NS",
      "slope": 0.00904725647002111,
      "r2": 0.8845335474141899,
      "inside": 0.9807692307692307,
      "near_upper": 0.07692307692307693,
      "near_lower": 0.038461538461538464,
      "pos": 0.4119707801986839,
      "k": 2.0,
      "lookback": 52.0,
      "annual_trend_pct": 60.072609621766325,
      "trend_type": "Ascending",
      "near_support": false,
      "near_resistance": false,
      "action_zone": "Mid Channel",
      "prior_trend_weeks": 20,
      "recent_trend_weeks": 6,
      "prior_trend_pct": 105.64138719101068,
      "prior_trend_type": "Ascending",
      "recent_trend_pct": 36.222174866659216,
      "recent_trend_type": "Ascending",
      "previously_descending": false,
      "rank_score": 0.8933773879949188
    },
    {
      "ticker": "BHARTIARTL.NS",
      "slope": 0.005107390420815839,
      "r2": 0.8461965922633597,
      "inside": 0.9423076923076923,
      "near_upper": 0.057692307692307696,
      "near_lower": 0.057692307692307696,
      "pos": 0.07040114412709285,
      "k": 2.0,
      "lookback": 52.0,
      "annual_trend_pct": 30.41927954957986,
      "trend_type": "Ascending",
      "near_support": true,
      "near_resistance": false,
      "action_zone": "Near Support",
      "prior_trend_weeks": 20,
      "recent_trend_weeks": 6,
      "prior_trend_pct": 42.55475797807515,
      "prior_trend_type": "Ascending",
      "recent_trend_pct": -31.08788301376689,
      "recent_trend_type": "Descending",
      "previously_descending": false,
      "rank_score": 0.8929812586420475
    },
    {
      "ticker": "AXISBANK.NS",
      "slope": 0.009078829515871604,
      "r2": 0.8528281065969959,
      "inside": 1.0,
      "near_upper": 0.038461538461538464,
      "near_lower": 0.11538461538461539,
      "pos": 0.3476444882976054,
      "k": 2.0,
      "lookback": 26.0,
      "annual_trend_pct": 60.33563242973115,
      "trend_type": "Ascending",
      "near_support": false,
      "near_resistance": false,
      "action_zone": "Mid Channel",
      "prior_trend_weeks": 20,
      "recent_trend_weeks": 6,
      "prior_trend_pct": 84.85563175284867,
      "prior_trend_type": "Ascending",
      "recent_trend_pct": 30.54775990217817,
      "recent_trend_type": "Ascending",
      "previously_descending": false,
      "rank_score": 0.8916496044687375
    },
    {
      "ticker": "SHRIRAMFIN.NS",
      "slope": 0.023415485910056266,
      "r2": 0.9090878783002032,
      "inside": 0.9615384615384616,
      "near_upper": 0.038461538461538464,
      "near_lower": 0.038461538461538464,
      "pos": 0.5057554822135254,
      "k": 2.0,
      "lookback": 26.0,
      "annual_trend_pct": 237.90860290523494,
      "trend_type": "Ascending",
      "near_support": false,
      "near_resistance": false,
      "action_zone": "Mid Channel",
      "prior_trend_weeks": 20,
      "recent_trend_weeks": 6,
      "prior_trend_pct": 193.53812753795805,
      "prior_trend_type": "Ascending",
      "recent_trend_pct": 352.1207508555987,
      "recent_trend_type": "Ascending",
      "previously_descending": false,
      "rank_score": 0.8885837755441337
    },
    {
      "ticker": "SBILIFE.NS",
      "slope": 0.0069508406260923375,
      "r2": 0.8558423289356614,
      "inside": 0.9615384615384616,
      "near_upper": 0.09615384615384616,
      "near_lower": 0.038461538461538464,
      "pos": 0.40073083255527936,
      "k": 2.0,
      "lookback": 52.0,
      "annual_trend_pct": 43.54002247017925,
      "trend_type": "Ascending",
      "near_support": false,
      "near_resistance": false,
      "action_zone": "Mid Channel",
      "prior_trend_weeks": 20,
      "recent_trend_weeks": 6,
      "prior_trend_pct": 34.65538155635792,
      "prior_trend_type": "Ascending",
      "recent_trend_pct": 32.48129725871556,
      "recent_trend_type": "Ascending",
      "previously_descending": false,
      "rank_score": 0.8724634658276873
    },
    {
      "ticker": "TRENT.NS",
      "slope": -0.01268061450171712,
      "r2": 0.8654333698360606,
      "inside": 0.9230769230769231,
      "near_upper": 0.07692307692307693,
      "near_lower": 0.038461538461538464,
      "pos": 0.39365968101787224,
      "k": 2.0,
      "lookback": 26.0,
      "annual_trend_pct": -48.28343006034564,
      "trend_type": "Descending",
      "near_support": false,
      "near_resistance": false,
      "action_zone": "Mid Channel",
      "prior_trend_weeks": 20,
      "recent_trend_weeks": 6,
      "prior_trend_pct": -48.28760596320849,
      "prior_trend_type": "Descending",
      "recent_trend_pct": -27.552796291122462,
      "recent_trend_type": "Descending",
      "previously_descending": true,
      "rank_score": 0.8625814860470123
    },
    {
      "ticker": "M&M.NS",
      "slope": 0.00731484094386869,
      "r2": 0.8322981205668653,
      "inside": 0.9230769230769231,
      "near_upper": 0.038461538461538464,
      "near_lower": 0.057692307692307696,
      "pos": 0.23948413657683792,
      "k": 2.0,
      "lookback": 52.0,
      "annual_trend_pct": 46.28282641846639,
      "trend_type": "Ascending",
      "near_support": false,
      "near_resistance": false,
      "action_zone": "Mid Channel",
      "prior_trend_weeks": 20,
      "recent_trend_weeks": 6,
      "prior_trend_pct": 57.09149017321673,
      "prior_trend_type": "Ascending",
      "recent_trend_pct": 10.625752361657948,
      "recent_trend_type": "Ascending",
      "previously_descending": false,
      "rank_score": 0.8614314158565181
    },
    {
      "ticker": "POWERGRID.NS",
      "slope": -0.0029033497823180254,
      "r2": 0.749567240827494,
      "inside": 1.0,
      "near_upper": 0.07692307692307693,
      "near_lower": 0.07692307692307693,
      "pos": 0.15562136011591451,
      "k": 2.0,
      "lookback": 39.0,
      "annual_trend_pct": -14.013010725072705,
      "trend_type": "Descending",
      "near_support": true,
      "near_resistance": false,