{
  "updated_utc": "2026-01-08T04:13:22.008147+00:00",
  "params": {
    "years": 3,
    "lookbacks": [
      26,
      39,
      52
    ],
    "k": 2.0,
    "min_r2": 0.65,
    "min_inside": 0.92,
    "min_touch": 0.03,
    "only_in_channel": true,
    "pos_min": 0.05,
    "pos_max": 0.95,
    "only_ascending": false,
    "sideways_threshold_pct": 10.0,
    "support_cutoff": 0.2,
    "resistance_cutoff": 0.8,
    "prior_trend_weeks": 20,
    "recent_trend_weeks": 6
  },
  "count": 20,
  "data": [
    {
      "ticker": "LT.NS",
      "slope": 0.007571288539495923,
      "r2": 0.9301016899581714,
      "inside": 0.9615384615384616,
      "near_upper": 0.07692307692307693,
      "near_lower": 0.07692307692307693,
      "pos": 0.36837428710525666,
      "k": 2.0,
      "lookback": 26.0,
      "annual_trend_pct": 48.246612847014305,
      "trend_type": "Ascending",
      "near_support": false,
      "near_resistance": false,
      "action_zone": "Mid Channel",
      "prior_trend_weeks": 20,
      "recent_trend_weeks": 6,
      "prior_trend_pct": 53.57450614733415,
      "prior_trend_type": "Ascending",
      "recent_trend_pct": 35.55796156580029,
      "recent_trend_type": "Ascending",
      "previously_descending": false,
      "rank_score": 0.9128288008839447
    },
    {
      "ticker": "MARUTI.NS",
      "slope": 0.010982273413992305,
      "r2": 0.8646803602301163,
      "inside": 1.0,
      "near_upper": 0.05128205128205128,
      "near_lower": 0.07692307692307693,
      "pos": 0.2725023900515113,
      "k": 2.0,
      "lookback": 39.0,
      "annual_trend_pct": 77.01746561836991,
      "trend_type": "Ascending",
      "near_support": false,
      "near_resistance": false,
      "action_zone": "Mid Channel",
      "prior_trend_weeks": 20,
      "recent_trend_weeks": 6,
      "prior_trend_pct": 123.71754087571927,
      "prior_trend_type": "Ascending",
      "recent_trend_pct": 36.12392339524888,
      "recent_trend_type": "Ascending",
      "previously_descending": false,
      "rank_score": 0.905089941109907
    },
    {
      "ticker": "SBIN.NS",
      "slope": 0.010424359304463084,
      "r2": 0.9212139515355047,
      "inside": 0.9615384615384616,
      "near_upper": 0.038461538461538464,
      "near_lower": 0.07692307692307693,
      "pos": 0.4226662209610999,
      "k": 2.0,
      "lookback": 26.0,
      "annual_trend_pct": 71.95569730374281,
      "trend_type": "Ascending",
      "near_support": false,
      "near_resistance": false,
      "action_zone": "Mid Channel",
      "prior_trend_weeks": 20,
      "recent_trend_weeks": 6,
      "prior_trend_pct": 81.85464049750894,
      "prior_trend_type": "Ascending",
      "recent_trend_pct": 52.26220156856367,
      "recent_trend_type": "Ascending",
      "previously_descending": false,
      "rank_score": 0.902955738287027
    },
    {
      "ticker": "BHARTIARTL.NS",
      "slope": 0.005327570892744065,
      "r2": 0.8690717326724395,
      "inside": 0.9230769230769231,
      "near_upper": 0.057692307692307696,
      "near_lower": 0.038461538461538464,
      "pos": 0.2548848179628367,
      "k": 2.0,
      "lookback": 52.0,
      "annual_trend_pct": 31.921080977942083,
      "trend_type": "Ascending",
      "near_support": false,
      "near_resistance": false,
      "action_zone": "Mid Channel",
      "prior_trend_weeks": 20,
      "recent_trend_weeks": 6,
      "prior_trend_pct": 38.53742177124233,
      "prior_trend_type": "Ascending",
      "recent_trend_pct": -4.889166589850191,
      "recent_trend_type": "Sideways",
      "previously_descending": false,
      "rank_score": 0.8782781537707054
    },
    {
      "ticker": "HINDALCO.NS",
      "slope": 0.010146728853304173,
      "r2": 0.9412311532985151,
      "inside": 0.9743589743589743,
      "near_upper": 0.05128205128205128,
      "near_lower": 0.07692307692307693,
      "pos": 0.8640001158073769,
      "k": 2.0,
      "lookback": 39.0,
      "annual_trend_pct": 69.49104377855639,
      "trend_type": "Ascending",
      "near_support": false,
      "near_resistance": true,
      "action_zone": "Near Resistance",
      "prior_trend_weeks": 20,
      "recent_trend_weeks": 6,
      "prior_trend_pct": 79.99480835344998,
      "prior_trend_type": "Ascending",
      "recent_trend_pct": 244.85151591575618,
      "recent_trend_type": "Ascending",
      "previously_descending": false,
      "rank_score": 0.8739591548121097
    },
    {
      "ticker": "EICHERMOT.NS",
      "slope": 0.008983631176555061,
      "r2": 0.8806441014306394,
      "inside": 0.9807692307692307,
      "near_upper": 0.07692307692307693,
      "near_lower": 0.038461538461538464,
      "pos": 0.6026108393458126,
      "k": 2.0,
      "lookback": 52.0,
      "annual_trend_pct": 59.54388208395041,
      "trend_type": "Ascending",
      "near_support": false,
      "near_resistance": false,
      "action_zone": "Mid Channel",
      "prior_trend_weeks": 20,
      "recent_trend_weeks": 6,
      "prior_trend_pct": 114.91679474407599,
      "prior_trend_type": "Ascending",
      "recent_trend_pct": 57.51946167575343,
      "recent_trend_type": "Ascending",
      "previously_descending": false,
      "rank_score": 0.8723686590884308
    },
    {
      "ticker": "SBILIFE.NS",
      "slope": 0.006907691962055065,
      "r2": 0.8520309811053033,
      "inside": 0.9615384615384616,
      "near_upper": 0.09615384615384616,
      "near_lower": 0.057692307692307696,
      "pos": 0.49934524744229786,
      "k": 2.0,
      "lookback": 52.0,
      "annual_trend_pct": 43.218318383099394,
      "trend_type": "Ascending",
      "near_support": false,
      "near_resistance": false,
      "action_zone": "Mid Channel",
      "prior_trend_weeks": 20,
      "recent_trend_weeks": 6,
      "prior_trend_pct": 30.75322989595879,
      "prior_trend_type": "Ascending",
      "recent_trend_pct": 38.37560445322674,
      "recent_trend_type": "Ascending",
      "previously_descending": false,
      "rank_score": 0.8606963504238064
    },
    {
      "ticker": "TRENT.NS",
      "slope": -0.012093337242593585,
      "r2": 0.8540017130493335,
      "inside": 0.9230769230769231,
      "near_upper": 0.07692307692307693,
      "near_lower": 0.038461538461538464,
      "pos": 0.4458925613129939,
      "k": 2.0,
      "lookback": 26.0,
      "annual_trend_pct": -46.67972518466772,
      "trend_type": "Descending",
      "near_support": false,
      "near_resistance": false,
      "action_zone": "Mid Channel",
      "prior_trend_weeks": 20,
      "recent_trend_weeks": 6,
      "prior_trend_pct": -45.60737577841447,
      "prior_trend_type": "Descending",
      "recent_trend_pct": 19.662299195771315,
      "recent_trend_type": "Ascending",
      "previously_descending": true,
      "rank_score": 0.8516423696241366
    },
    {
      "ticker": "SHRIRAMFIN.NS",
      "slope": 0.022011764428239454,
      "r2": 0.8641565513958042,
      "inside": 0.9615384615384616,
      "near_upper": 0.038461538461538464,
      "near_lower": 0.038461538461538464,
      "pos": 0.6911837469559136,
      "k": 2.0,
      "lookback": 26.0,
      "annual_trend_pct": 214.12215416377524,
      "trend_type": "Ascending",
      "near_support": false,
      "near_resistance": false,
      "action_zone": "Mid Channel",
      "prior_trend_weeks": 20,
      "recent_trend_weeks": 6,
      "prior_trend_pct": 152.31649060224822,
      "prior_trend_type": "Ascending",
      "recent_trend_pct": 654.841938244699,
      "recent_trend_type": "Ascending",
      "previously_descending": false,
      "rank_score": 0.8475752856176954
    },
    {
      "ticker": "BAJFINANCE.NS",
      "slope": 0.005178637524573685,
      "r2": 0.7385462596861798,
      "inside": 0.9615384615384616,
      "near_upper": 0.038461538461538464,
      "near_lower": 0.09615384615384616,
      "pos": 0.06420317560397149,
      "k": 2.0,
      "lookback": 52.0,
      "annual_trend_pct": 30.90335950653358,
      "trend_type": "Ascending",
      "near_support": true,