{
  "updated_utc": "2026-01-07T15:45:19.501155+00:00",
  "params": {
    "years": 3,
    "lookbacks": [
      26,
      39,
      52
    ],
    "k": 2.0,
    "min_r2": 0.65,
    "min_inside": 0.92,
    "min_touch": 0.03,
    "only_in_channel": true,
    "pos_min": 0.05,
    "pos_max": 0.95,
    "only_ascending": false,
    "sideways_threshold_pct": 10.0,
    "support_cutoff": 0.2,
    "resistance_cutoff": 0.8,
    "prior_trend_weeks": 20,
    "recent_trend_weeks": 6
  },
  "count": 20,
  "data": [
    {
      "ticker": "LT.NS",
      "slope": 0.007569232734663937,
      "r2": 0.93002435405972,
      "inside": 0.9615384615384616,
      "near_upper": 0.07692307692307693,
      "near_lower": 0.07692307692307693,
      "pos": 0.365180356533227,
      "k": 2.0,
      "lookback": 26.0,
      "annual_trend_pct": 48.23076585670884,
      "trend_type": "Ascending",
      "near_support": false,
      "near_resistance": false,
      "action_zone": "Mid Channel",
      "prior_trend_weeks": 20,
      "recent_trend_weeks": 6,
      "prior_trend_pct": 53.57450614733415,
      "prior_trend_type": "Ascending",
      "recent_trend_pct": 35.31596447835701,
      "recent_trend_type": "Ascending",
      "previously_descending": false,
      "rank_score": 0.913109525991922
    },
    {
      "ticker": "SBIN.NS",
      "slope": 0.010411215706195024,
      "r2": 0.9209011128563351,
      "inside": 0.9615384615384616,
      "near_upper": 0.038461538461538464,
      "near_lower": 0.07692307692307693,
      "pos": 0.40865519614332624,
      "k": 2.0,
      "lookback": 26.0,
      "annual_trend_pct": 71.83821139372016,
      "trend_type": "Ascending",
      "near_support": false,
      "near_resistance": false,
      "action_zone": "Mid Channel",
      "prior_trend_weeks": 20,
      "recent_trend_weeks": 6,
      "prior_trend_pct": 81.85464049750894,
      "prior_trend_type": "Ascending",
      "recent_trend_pct": 50.5327066470671,
      "recent_trend_type": "Ascending",
      "previously_descending": false,
      "rank_score": 0.9042004214292195
    },
    {
      "ticker": "MARUTI.NS",
      "slope": 0.011013980238166809,
      "r2": 0.8662066090744625,
      "inside": 1.0,
      "near_upper": 0.05128205128205128,
      "near_lower": 0.07692307692307693,
      "pos": 0.3093019400799837,
      "k": 2.0,
      "lookback": 39.0,
      "annual_trend_pct": 77.30956475836308,
      "trend_type": "Ascending",
      "near_support": false,
      "near_resistance": false,
      "action_zone": "Mid Channel",
      "prior_trend_weeks": 20,
      "recent_trend_weeks": 6,
      "prior_trend_pct": 123.71754087571927,
      "prior_trend_type": "Ascending",
      "recent_trend_pct": 44.72062190840052,
      "recent_trend_type": "Ascending",
      "previously_descending": false,
      "rank_score": 0.9021731105292329
    },
    {
      "ticker": "BHARTIARTL.NS",
      "slope": 0.0053325906058435315,
      "r2": 0.8695963065109051,
      "inside": 0.9230769230769231,
      "near_upper": 0.057692307692307696,
      "near_lower": 0.038461538461538464,
      "pos": 0.2715920020342929,
      "k": 2.0,
      "lookback": 52.0,
      "annual_trend_pct": 31.955520183365337,
      "trend_type": "Ascending",
      "near_support": false,
      "near_resistance": false,
      "action_zone": "Mid Channel",
      "prior_trend_weeks": 20,
      "recent_trend_weeks": 6,
      "prior_trend_pct": 38.53742177124233,
      "prior_trend_type": "Ascending",
      "recent_trend_pct": -3.2460559668535893,
      "recent_trend_type": "Sideways",
      "previously_descending": false,
      "rank_score": 0.8768697222827926
    },
    {
      "ticker": "EICHERMOT.NS",
      "slope": 0.008986073043973803,
      "r2": 0.8806624248391871,
      "inside": 0.9807692307692307,
      "near_upper": 0.07692307692307693,
      "near_lower": 0.038461538461538464,
      "pos": 0.6077673496063573,
      "k": 2.0,
      "lookback": 52.0,
      "annual_trend_pct": 59.5641417905737,
      "trend_type": "Ascending",
      "near_support": false,
      "near_resistance": false,
      "action_zone": "Mid Channel",
      "prior_trend_weeks": 20,
      "recent_trend_weeks": 6,
      "prior_trend_pct": 114.91679474407599,
      "prior_trend_type": "Ascending",
      "recent_trend_pct": 58.837415267659935,
      "recent_trend_type": "Ascending",
      "previously_descending": false,
      "rank_score": 0.8718621697666501
    },
    {
      "ticker": "SBILIFE.NS",
      "slope": 0.006887078952934261,
      "r2": 0.8511648407823715,
      "inside": 0.9615384615384616,
      "near_upper": 0.09615384615384616,
      "near_lower": 0.057692307692307696,
      "pos": 0.44916441335042795,
      "k": 2.0,
      "lookback": 52.0,
      "annual_trend_pct": 43.064888280686866,
      "trend_type": "Ascending",
      "near_support": false,
      "near_resistance": false,
      "action_zone": "Mid Channel",
      "prior_trend_weeks": 20,
      "recent_trend_weeks": 6,
      "prior_trend_pct": 30.75322989595879,
      "prior_trend_type": "Ascending",
      "recent_trend_pct": 28.977277551762292,
      "recent_trend_type": "Ascending",
      "previously_descending": false,
      "rank_score": 0.8652813636715275
    },
    {
      "ticker": "TRENT.NS",
      "slope": -0.012058535382917544,
      "r2": 0.8534638992709349,
      "inside": 0.9230769230769231,
      "near_upper": 0.07692307692307693,
      "near_lower": 0.038461538461538464,
      "pos": 0.4686193142013695,
      "k": 2.0,
      "lookback": 26.0,
      "annual_trend_pct": -46.58314429442236,
      "trend_type": "Descending",
      "near_support": false,
      "near_resistance": false,
      "action_zone": "Mid Channel",
      "prior_trend_weeks": 20,
      "recent_trend_weeks": 6,
      "prior_trend_pct": -45.60737577841447,
      "prior_trend_type": "Descending",
      "recent_trend_pct": 23.33711639042877,
      "recent_trend_type": "Ascending",
      "previously_descending": true,
      "rank_score": 0.8491007874460997
    },
    {
      "ticker": "BAJFINANCE.NS",
      "slope": 0.005172242380600494,
      "r2": 0.7372244919151604,
      "inside": 0.9615384615384616,
      "near_upper": 0.038461538461538464,
      "near_lower": 0.09615384615384616,
      "pos": 0.050633017739843425,
      "k": 2.0,
      "lookback": 52.0,
      "annual_trend_pct": 30.859835160698434,
      "trend_type": "Ascending",
      "near_support": true,
      "near_resistance": false,
      "action_zone": "Near Support",
      "prior_trend_weeks": 20,
      "recent_trend_weeks": 6,
      "prior_trend_pct": 72.22293435667551,
      "prior_trend_type": "Ascending",
      "recent_trend_pct": -51.09263008112143,
      "recent_trend_type": "Descending",
      "previously_descending": false,
      "rank_score": 0.8481643287989805
    },
    {
      "ticker": "SHRIRAMFIN.NS",
      "slope": 0.021996329226934896,
      "r2": 0.8641833770189955,
      "inside": 0.9615384615384616,
      "near_upper": 0.038461538461538464,
      "near_lower": 0.038461538461538464,
      "pos": 0.6855541366954353,
      "k": 2.0,
      "lookback": 26.0,
      "annual_trend_pct": 213.87013130636254,
      "trend_type": "Ascending",
      "near_support": false,
      "near_resistance": false,
      "action_zone": "Mid Channel",
      "prior_trend_weeks": 20,
      "recent_trend_weeks": 6,
      "prior_trend_pct": 152.31649060224822,
      "prior_trend_type": "Ascending",
      "recent_trend_pct": 644.7830582926196,
      "recent_trend_type": "Ascending",
      "previously_descending": false,
      "rank_score": 0.8481516594553389
    },
    {
      "ticker": "ADANIPORTS.NS",
      "slope": 0.006438659633096561,
      "r2": 0.7609451837736614,
      "inside": 0.9615384615384616,
      "near_upper": 0.09615384615384616,
      "near_lower": 0.038461538461538464,
      "pos": 0.2011467337980146,
      "k": 2.0,
      "lookback": 52.0,
      "annual_trend_pct": 39.76752223702926,
      "trend_type": "Ascending",
      "near_support": false,