{
  "updated_utc": "2026-01-27T20:21:55.154752+00:00",
  "params": {
    "years": 3,
    "lookbacks": [
      26,
      39,
      52
    ],
    "k": 2.0,
    "min_r2": 0.65,
    "min_inside": 0.92,
    "min_touch": 0.03,
    "only_in_channel": true,
    "pos_min": 0.05,
    "pos_max": 0.95,
    "only_ascending": false,
    "sideways_threshold_pct": 10.0,
    "support_cutoff": 0.2,
    "resistance_cutoff": 0.8,
    "prior_trend_weeks": 20,
    "recent_trend_weeks": 6
  },
  "count": 19,
  "data": [
    {
      "ticker": "SHRIRAMFIN.NS",
      "slope": 0.02526644981460032,
      "r2": 0.9460882481789736,
      "inside": 0.9615384615384616,
      "near_upper": 0.07692307692307693,
      "near_lower": 0.038461538461538464,
      "pos": 0.2816185832400255,
      "k": 2.0,
      "lookback": 26.0,
      "annual_trend_pct": 272.0490038389609,
      "trend_type": "Ascending",
      "near_support": false,
      "near_resistance": false,
      "action_zone": "Mid Channel",
      "prior_trend_weeks": 20,
      "recent_trend_weeks": 6,
      "prior_trend_pct": 253.69375075382692,
      "prior_trend_type": "Ascending",
      "recent_trend_pct": 36.23912001242111,
      "recent_trend_type": "Ascending",
      "previously_descending": false,
      "rank_score": 0.929497650380869
    },
    {
      "ticker": "SBIN.NS",
      "slope": 0.01112207636073279,
      "r2": 0.9462106500313963,
      "inside": 1.0,
      "near_upper": 0.07692307692307693,
      "near_lower": 0.038461538461538464,
      "pos": 0.4776022869783063,
      "k": 2.0,
      "lookback": 26.0,
      "annual_trend_pct": 78.30902789223487,
      "trend_type": "Ascending",
      "near_support": false,
      "near_resistance": false,
      "action_zone": "Mid Channel",
      "prior_trend_weeks": 20,
      "recent_trend_weeks": 6,
      "prior_trend_pct": 89.65780384562298,
      "prior_trend_type": "Ascending",
      "recent_trend_pct": 130.3497188025588,
      "recent_trend_type": "Ascending",
      "previously_descending": false,
      "rank_score": 0.9253450963178675
    },
    {
      "ticker": "EICHERMOT.NS",
      "slope": 0.009099231435415266,
      "r2": 0.8889498517080333,
      "inside": 0.9615384615384616,
      "near_upper": 0.07692307692307693,
      "near_lower": 0.038461538461538464,
      "pos": 0.2045265218128596,
      "k": 2.0,
      "lookback": 52.0,
      "annual_trend_pct": 60.50582273418625,
      "trend_type": "Ascending",
      "near_support": false,
      "near_resistance": false,
      "action_zone": "Mid Channel",
      "prior_trend_weeks": 20,
      "recent_trend_weeks": 6,
      "prior_trend_pct": 71.39527897992413,
      "prior_trend_type": "Ascending",
      "recent_trend_pct": -34.775731169020375,
      "recent_trend_type": "Descending",
      "previously_descending": false,
      "rank_score": 0.9086376582881154
    },
    {
      "ticker": "MARUTI.NS",
      "slope": 0.008339127914593505,
      "r2": 0.804854172259006,
      "inside": 0.9807692307692307,
      "near_upper": 0.057692307692307696,
      "near_lower": 0.057692307692307696,
      "pos": 0.06287725119795934,
      "k": 2.0,
      "lookback": 52.0,
      "annual_trend_pct": 54.285508543383145,
      "trend_type": "Ascending",
      "near_support": true,
      "near_resistance": false,
      "action_zone": "Near Support",
      "prior_trend_weeks": 20,
      "recent_trend_weeks": 6,
      "prior_trend_pct": 65.64064636439282,
      "prior_trend_type": "Ascending",
      "recent_trend_pct": -66.70837333556996,
      "recent_trend_type": "Descending",
      "previously_descending": false,
      "rank_score": 0.8884470533173994
    },
    {
      "ticker": "TRENT.NS",
      "slope": -0.014607642027289706,
      "r2": 0.9247996434746826,
      "inside": 0.9230769230769231,
      "near_upper": 0.07692307692307693,
      "near_lower": 0.038461538461538464,
      "pos": 0.4682183830291039,
      "k": 2.0,
      "lookback": 26.0,
      "annual_trend_pct": -53.21452457584619,
      "trend_type": "Descending",
      "near_support": false,
      "near_resistance": false,
      "action_zone": "Mid Channel",
      "prior_trend_weeks": 20,
      "recent_trend_weeks": 6,
      "prior_trend_pct": -56.33051009125643,
      "prior_trend_type": "Descending",
      "recent_trend_pct": -80.70310357595487,
      "recent_trend_type": "Descending",
      "previously_descending": true,
      "rank_score": 0.8848087526652002
    },
    {
      "ticker": "SBILIFE.NS",
      "slope": 0.006672476262119314,
      "r2": 0.8407753598592539,
      "inside": 0.9615384615384616,
      "near_upper": 0.07692307692307693,
      "near_lower": 0.057692307692307696,
      "pos": 0.2863829600644408,
      "k": 2.0,
      "lookback": 52.0,
      "annual_trend_pct": 41.47725351517657,
      "trend_type": "Ascending",
      "near_support": false,
      "near_resistance": false,
      "action_zone": "Mid Channel",
      "prior_trend_weeks": 20,
      "recent_trend_weeks": 6,
      "prior_trend_pct": 42.631478330761816,
      "prior_trend_type": "Ascending",
      "recent_trend_pct": -6.211126244553256,
      "recent_trend_type": "Sideways",
      "previously_descending": false,
      "rank_score": 0.8763647685385675
    },
    {
      "ticker": "AXISBANK.NS",
      "slope": 0.008695765049065118,
      "r2": 0.8263876746985471,
      "inside": 1.0,
      "near_upper": 0.038461538461538464,
      "near_lower": 0.11538461538461539,
      "pos": 0.3890488687163557,
      "k": 2.0,
      "lookback": 26.0,
      "annual_trend_pct": 57.173449361591786,
      "trend_type": "Ascending",
      "near_support": false,
      "near_resistance": false,
      "action_zone": "Mid Channel",
      "prior_trend_weeks": 20,
      "recent_trend_weeks": 6,
      "prior_trend_pct": 83.33124076015844,
      "prior_trend_type": "Ascending",
      "recent_trend_pct": 65.87715265255585,
      "recent_trend_type": "Ascending",
      "previously_descending": false,
      "rank_score": 0.874288950477638
    },
    {
      "ticker": "POWERGRID.NS",
      "slope": -0.003125957472246705,
      "r2": 0.7469982057481278,
      "inside": 1.0,
      "near_upper": 0.07692307692307693,
      "near_lower": 0.07692307692307693,
      "pos": 0.145529418730273,
      "k": 2.0,
      "lookback": 39.0,
      "annual_trend_pct": -15.002622979548018,
      "trend_type": "Descending",
      "near_support": true,
      "near_resistance": false,
      "action_zone": "Near Support",
      "prior_trend_weeks": 20,
      "recent_trend_weeks": 6,
      "prior_trend_pct": -12.97309931996572,
      "prior_trend_type": "Descending",
      "recent_trend_pct": -45.48260379084902,
      "recent_trend_type": "Descending",
      "previously_descending": true,
      "rank_score": 0.8589461610010366
    },
    {
      "ticker": "HINDALCO.NS",
      "slope": 0.012490118541613766,
      "r2": 0.919020953372378,
      "inside": 0.9230769230769231,
      "near_upper": 0.038461538461538464,
      "near_lower": 0.038461538461538464,
      "pos": 0.6980840054278793,
      "k": 2.0,
      "lookback": 26.0,
      "annual_trend_pct": 91.45568083246638,
      "trend_type": "Ascending",
      "near_support": false,
      "near_resistance": false,
      "action_zone": "Mid Channel",
      "prior_trend_weeks": 20,
      "recent_trend_weeks": 6,
      "prior_trend_pct": 75.26341374193801,
      "prior_trend_type": "Ascending",
      "recent_trend_pct": 144.0757206820184,
      "recent_trend_type": "Ascending",
      "previously_descending": false,
      "rank_score": 0.8589328453741704
    },
    {
      "ticker": "TATACONSUM.NS",
      "slope": 0.004422630870696657,
      "r2": 0.754849809762943,
      "inside": 0.9615384615384616,
      "near_upper": 0.038461538461538464,
      "near_lower": 0.038461538461538464,
      "pos": 0.31497769023727423,
      "k": 2.0,
      "lookback": 26.0,
      "annual_trend_pct": 25.857081738846354,
      "trend_type": "Ascending",
      "near_support": false,
      "near_resistance": false,