{
  "updated_utc": "2026-01-15T22:17:59.161916+00:00",
  "params": {
    "years": 3,
    "lookbacks": [
      26,
      39,
      52
    ],
    "k": 2.0,
    "min_r2": 0.65,
    "min_inside": 0.92,
    "min_touch": 0.03,
    "only_in_channel": true,
    "pos_min": 0.05,
    "pos_max": 0.95,
    "only_ascending": false,
    "sideways_threshold_pct": 10.0,
    "support_cutoff": 0.2,
    "resistance_cutoff": 0.8,
    "prior_trend_weeks": 20,
    "recent_trend_weeks": 6
  },
  "count": 4,
  "data": [
    {
      "ticker": "DCI",
      "slope": 0.01184570943066849,
      "r2": 0.9327493323544359,
      "inside": 0.9615384615384616,
      "near_upper": 0.11538461538461539,
      "near_lower": 0.038461538461538464,
      "pos": 0.9122207706436328,
      "k": 2.0,
      "lookback": 26.0,
      "annual_trend_pct": 85.1464394188881,
      "trend_type": "Ascending",
      "near_support": false,
      "near_resistance": true,
      "action_zone": "Near Resistance",
      "prior_trend_weeks": 20,
      "recent_trend_weeks": 6,
      "prior_trend_pct": 89.18009434959264,
      "prior_trend_type": "Ascending",
      "recent_trend_pct": 109.61871787617237,
      "recent_trend_type": "Ascending",
      "previously_descending": false,
      "rank_score": 0.8597679737282393
    },
    {
      "ticker": "FACT",
      "slope": 0.0007160380602542854,
      "r2": 0.8247895090907966,
      "inside": 0.9487179487179487,
      "near_upper": 0.10256410256410256,
      "near_lower": 0.07692307692307693,
      "pos": 0.6536269789902173,
      "k": 2.0,
      "lookback": 39.0,
      "annual_trend_pct": 3.793584775883252,
      "trend_type": "Sideways",
      "near_support": false,
      "near_resistance": false,
      "action_zone": "Mid Channel",
      "prior_trend_weeks": 20,
      "recent_trend_weeks": 6,
      "prior_trend_pct": 2.4090482758551524,
      "prior_trend_type": "Sideways",
      "recent_trend_pct": 11.269613965077841,
      "recent_trend_type": "Ascending",
      "previously_descending": false,
      "rank_score": 0.826519236133556
    },
    {
      "ticker": "AGI",
      "slope": 0.0109792580583247,
      "r2": 0.8263388596779266,
      "inside": 0.9423076923076923,
      "near_upper": 0.038461538461538464,
      "near_lower": 0.07692307692307693,
      "pos": 0.6828760982690982,
      "k": 2.0,
      "lookback": 52.0,
      "annual_trend_pct": 76.98971172216406,
      "trend_type": "Ascending",
      "near_support": false,
      "near_resistance": false,
      "action_zone": "Mid Channel",
      "prior_trend_weeks": 20,
      "recent_trend_weeks": 6,
      "prior_trend_pct": 127.80327082971664,
      "prior_trend_type": "Ascending",
      "recent_trend_pct": 86.39591879624153,
      "recent_trend_type": "Ascending",
      "previously_descending": false,
      "rank_score": 0.8218048969351304
    },
    {
      "ticker": "DBL",
      "slope": 0.0012052255062425174,
      "r2": 0.8101245977576818,
      "inside": 0.9230769230769231,
      "near_upper": 0.038461538461538464,
      "near_lower": 0.07692307692307693,
      "pos": 0.5522314654183693,
      "k": 2.0,
      "lookback": 52.0,
      "annual_trend_pct": 6.467727633569043,
      "trend_type": "Sideways",
      "near_support": false,
      "near_resistance": false,
      "action_zone": "Mid Channel",
      "prior_trend_weeks": 20,
      "recent_trend_weeks": 6,
      "prior_trend_pct": 8.816155777752787,
      "prior_trend_type": "Sideways",
      "recent_trend_pct": 10.000104795638842,
      "recent_trend_type": "Ascending",
      "previously_descending": false,
      "rank_score": 0.8190699215677731
    }
  ]
}