{
  "updated_utc": "2026-01-28T20:21:45.718722+00:00",
  "params": {
    "years": 3,
    "lookbacks": [
      26,
      39,
      52
    ],
    "k": 2.0,
    "min_r2": 0.65,
    "min_inside": 0.92,
    "min_touch": 0.03,
    "only_in_channel": true,
    "pos_min": 0.05,
    "pos_max": 0.95,
    "only_ascending": false,
    "sideways_threshold_pct": 10.0,
    "support_cutoff": 0.2,
    "resistance_cutoff": 0.8,
    "prior_trend_weeks": 20,
    "recent_trend_weeks": 6
  },
  "count": 21,
  "data": [
    {
      "ticker": "WCC",
      "slope": 0.014225936483256782,
      "r2": 0.9216726810468554,
      "inside": 1.0,
      "near_upper": 0.05128205128205128,
      "near_lower": 0.05128205128205128,
      "pos": 0.5734918402834102,
      "k": 2.0,
      "lookback": 39.0,
      "annual_trend_pct": 109.54088660597839,
      "trend_type": "Ascending",
      "near_support": false,
      "near_resistance": false,
      "action_zone": "Mid Channel",
      "prior_trend_weeks": 20,
      "recent_trend_weeks": 6,
      "prior_trend_pct": 113.88953424873608,
      "prior_trend_type": "Ascending",
      "recent_trend_pct": 417.54350363162035,
      "recent_trend_type": "Ascending",
      "previously_descending": false,
      "rank_score": 0.9034871564950867
    },
    {
      "ticker": "XXI",
      "slope": -0.049542842477818,
      "r2": 0.9376087690976468,
      "inside": 0.9615384615384616,
      "near_upper": 0.038461538461538464,
      "near_lower": 0.038461538461538464,
      "pos": 0.5043539165556643,
      "k": 2.0,
      "lookback": 26.0,
      "annual_trend_pct": -92.39396221607063,
      "trend_type": "Descending",
      "near_support": false,
      "near_resistance": false,
      "action_zone": "Mid Channel",
      "prior_trend_weeks": 20,
      "recent_trend_weeks": 6,
      "prior_trend_pct": -89.21880487209458,
      "prior_trend_type": "Descending",
      "recent_trend_pct": -69.01389362870182,
      "recent_trend_type": "Descending",
      "previously_descending": true,
      "rank_score": 0.9029843775086416
    },
    {
      "ticker": "ZTR",
      "slope": 0.004068211725777394,
      "r2": 0.8874140907834361,
      "inside": 0.9615384615384616,
      "near_upper": 0.038461538461538464,
      "near_lower": 0.057692307692307696,
      "pos": 0.31461073230112935,
      "k": 2.0,
      "lookback": 52.0,
      "annual_trend_pct": 23.558804893690088,
      "trend_type": "Ascending",
      "near_support": false,
      "near_resistance": false,
      "action_zone": "Mid Channel",
      "prior_trend_weeks": 20,
      "recent_trend_weeks": 6,
      "prior_trend_pct": 16.050072522130932,
      "prior_trend_type": "Ascending",
      "recent_trend_pct": 34.10907092915891,
      "recent_trend_type": "Ascending",
      "previously_descending": false,
      "rank_score": 0.8968613567769897
    },
    {
      "ticker": "XPRO",
      "slope": 0.0178475746206903,
      "r2": 0.8916918492810856,
      "inside": 0.9487179487179487,
      "near_upper": 0.05128205128205128,
      "near_lower": 0.07692307692307693,
      "pos": 0.3430464879623237,
      "k": 2.0,
      "lookback": 39.0,
      "annual_trend_pct": 152.96321079177955,
      "trend_type": "Ascending",
      "near_support": false,
      "near_resistance": false,
      "action_zone": "Mid Channel",
      "prior_trend_weeks": 20,
      "recent_trend_weeks": 6,
      "prior_trend_pct": 87.64928556747434,
      "prior_trend_type": "Ascending",
      "recent_trend_pct": 598.3802728047064,
      "recent_trend_type": "Ascending",
      "previously_descending": false,
      "rank_score": 0.89102845533149
    },
    {
      "ticker": "WTM",
      "slope": 0.007351452163370713,
      "r2": 0.8407911807569058,
      "inside": 0.9615384615384616,
      "near_upper": 0.038461538461538464,
      "near_lower": 0.038461538461538464,
      "pos": 0.20089475876847823,
      "k": 2.0,
      "lookback": 26.0,
      "annual_trend_pct": 46.56158249857783,
      "trend_type": "Ascending",
      "near_support": false,
      "near_resistance": false,
      "action_zone": "Mid Channel",
      "prior_trend_weeks": 20,
      "recent_trend_weeks": 6,
      "prior_trend_pct": 55.15257557226494,
      "prior_trend_type": "Ascending",
      "recent_trend_pct": -2.4700492504167837,
      "recent_trend_type": "Sideways",
      "previously_descending": false,
      "rank_score": 0.8849214991169898
    },
    {
      "ticker": "XYF",
      "slope": -0.047168506036683974,
      "r2": 0.8515965942172389,
      "inside": 1.0,
      "near_upper": 0.038461538461538464,
      "near_lower": 0.038461538461538464,
      "pos": 0.5879115458243288,
      "k": 2.0,
      "lookback": 26.0,
      "annual_trend_pct": -91.3944454551336,
      "trend_type": "Descending",
      "near_support": false,
      "near_resistance": false,
      "action_zone": "Mid Channel",
      "prior_trend_weeks": 20,
      "recent_trend_weeks": 6,
      "prior_trend_pct": -89.79290678174587,
      "prior_trend_type": "Descending",
      "recent_trend_pct": 22.278638213858848,
      "recent_trend_type": "Ascending",
      "previously_descending": true,
      "rank_score": 0.8670071425261866
    },
    {
      "ticker": "WMS",
      "slope": 0.00954102792988316,
      "r2": 0.8105049943637519,
      "inside": 0.9487179487179487,
      "near_upper": 0.07692307692307693,
      "near_lower": 0.05128205128205128,
      "pos": 0.2182191069398034,
      "k": 2.0,
      "lookback": 39.0,
      "annual_trend_pct": 64.23587198316865,
      "trend_type": "Ascending",
      "near_support": false,
      "near_resistance": false,
      "action_zone": "Mid Channel",
      "prior_trend_weeks": 20,
      "recent_trend_weeks": 6,
      "prior_trend_pct": 22.002549389028616,
      "prior_trend_type": "Ascending",
      "recent_trend_pct": 25.06207026740079,
      "recent_trend_type": "Ascending",
      "previously_descending": false,
      "rank_score": 0.8629177659750751
    },
    {
      "ticker": "WPC",
      "slope": 0.0036908956514011427,
      "r2": 0.7817089530119365,
      "inside": 0.9807692307692307,
      "near_upper": 0.057692307692307696,
      "near_lower": 0.07692307692307693,
      "pos": 0.4134272970167323,
      "k": 2.0,
      "lookback": 52.0,
      "annual_trend_pct": 21.158155195768735,
      "trend_type": "Ascending",
      "near_support": false,
      "near_resistance": false,
      "action_zone": "Mid Channel",
      "prior_trend_weeks": 20,
      "recent_trend_weeks": 6,
      "prior_trend_pct": 1.7561165223526354,
      "prior_trend_type": "Sideways",
      "recent_trend_pct": 132.73747849197858,
      "recent_trend_type": "Ascending",
      "previously_descending": false,
      "rank_score": 0.8418194391119873
    },
    {
      "ticker": "YELP",
      "slope": -0.005339868451926593,
      "r2": 0.7396134841906689,
      "inside": 0.9615384615384616,
      "near_upper": 0.057692307692307696,
      "near_lower": 0.038461538461538464,
      "pos": 0.26565661147793695,
      "k": 2.0,
      "lookback": 52.0,
      "annual_trend_pct": -24.24556227605961,
      "trend_type": "Descending",
      "near_support": false,
      "near_resistance": false,
      "action_zone": "Mid Channel",
      "prior_trend_weeks": 20,
      "recent_trend_weeks": 6,
      "prior_trend_pct": -17.21327399015594,
      "prior_trend_type": "Descending",
      "recent_trend_pct": -68.49236607419498,
      "recent_trend_type": "Descending",
      "previously_descending": true,
      "rank_score": 0.8278564655629254
    },
    {
      "ticker": "YRD",
      "slope": -0.020518166368361408,
      "r2": 0.8161258305598599,
      "inside": 1.0,
      "near_upper": 0.038461538461538464,
      "near_lower": 0.038461538461538464,
      "pos": 0.8064360056144954,
      "k": 2.0,
      "lookback": 26.0,
      "annual_trend_pct": -65.59418692527917,
      "trend_type": "Descending",
      "near_support": false,
      "near_resistance": true,
      "action_zone": "Near Resistance",
      "prior_trend_weeks": 20,