{
  "updated_utc": "2026-01-16T16:55:41.379393+00:00",
  "params": {
    "years": 3,
    "lookbacks": [
      26,
      39,
      52
    ],
    "k": 2.0,
    "min_r2": 0.65,
    "min_inside": 0.92,
    "min_touch": 0.03,
    "only_in_channel": true,
    "pos_min": 0.05,
    "pos_max": 0.95,
    "only_ascending": false,
    "sideways_threshold_pct": 10.0,
    "support_cutoff": 0.2,
    "resistance_cutoff": 0.8,
    "prior_trend_weeks": 20,
    "recent_trend_weeks": 6
  },
  "count": 18,
  "data": [
    {
      "ticker": "WCC",
      "slope": 0.014229963200676002,
      "r2": 0.9216774719274039,
      "inside": 1.0,
      "near_upper": 0.05128205128205128,
      "near_lower": 0.05128205128205128,
      "pos": 0.5722449721642034,
      "k": 2.0,
      "lookback": 39.0,
      "annual_trend_pct": 109.5847668206249,
      "trend_type": "Ascending",
      "near_support": false,
      "near_resistance": false,
      "action_zone": "Mid Channel",
      "prior_trend_weeks": 20,
      "recent_trend_weeks": 6,
      "prior_trend_pct": 107.1600013016082,
      "prior_trend_type": "Ascending",
      "recent_trend_pct": 145.15752891467994,
      "recent_trend_type": "Ascending",
      "previously_descending": false,
      "rank_score": 0.9036142387472816
    },
    {
      "ticker": "XXI",
      "slope": -0.0465309194578241,
      "r2": 0.9236375957010012,
      "inside": 0.9615384615384616,
      "near_upper": 0.038461538461538464,
      "near_lower": 0.038461538461538464,
      "pos": 0.46045453731840186,
      "k": 2.0,
      "lookback": 26.0,
      "annual_trend_pct": -91.10435016926493,
      "trend_type": "Descending",
      "near_support": false,
      "near_resistance": false,
      "action_zone": "Mid Channel",
      "prior_trend_weeks": 20,
      "recent_trend_weeks": 6,
      "prior_trend_pct": -85.55717617132454,
      "prior_trend_type": "Descending",
      "recent_trend_pct": -91.05654720663998,
      "recent_trend_type": "Descending",
      "previously_descending": true,
      "rank_score": 0.900388728734045
    },
    {
      "ticker": "WIW",
      "slope": 0.0020173791487200945,
      "r2": 0.8066547374934445,
      "inside": 0.9807692307692307,
      "near_upper": 0.038461538461538464,
      "near_lower": 0.038461538461538464,
      "pos": 0.07121568524360702,
      "k": 2.0,
      "lookback": 52.0,
      "annual_trend_pct": 11.06036715475771,
      "trend_type": "Ascending",
      "near_support": true,
      "near_resistance": false,
      "action_zone": "Near Support",
      "prior_trend_weeks": 20,
      "recent_trend_weeks": 6,
      "prior_trend_pct": 8.971624176480697,
      "prior_trend_type": "Sideways",
      "recent_trend_pct": 1.737792421112494,
      "recent_trend_type": "Sideways",
      "previously_descending": false,
      "rank_score": 0.8885134925300538
    },
    {
      "ticker": "WK",
      "slope": 0.009299198308552473,
      "r2": 0.7594456193891526,
      "inside": 1.0,
      "near_upper": 0.05128205128205128,
      "near_lower": 0.05128205128205128,
      "pos": 0.10982966574950784,
      "k": 2.0,
      "lookback": 39.0,
      "annual_trend_pct": 62.183514238065186,
      "trend_type": "Ascending",
      "near_support": true,
      "near_resistance": false,
      "action_zone": "Near Support",
      "prior_trend_weeks": 20,
      "recent_trend_weeks": 6,
      "prior_trend_pct": 88.65641577081476,
      "prior_trend_type": "Ascending",
      "recent_trend_pct": -15.925675664833506,
      "recent_trend_type": "Descending",
      "previously_descending": false,
      "rank_score": 0.8687398431196255
    },
    {
      "ticker": "WTM",
      "slope": 0.007303581576363349,
      "r2": 0.836812702974953,
      "inside": 0.9615384615384616,
      "near_upper": 0.038461538461538464,
      "near_lower": 0.038461538461538464,
      "pos": 0.34878089411936514,
      "k": 2.0,
      "lookback": 26.0,
      "annual_trend_pct": 46.19720477677307,
      "trend_type": "Ascending",
      "near_support": false,
      "near_resistance": false,
      "action_zone": "Mid Channel",
      "prior_trend_weeks": 20,
      "recent_trend_weeks": 6,
      "prior_trend_pct": 45.09992889129926,
      "prior_trend_type": "Ascending",
      "recent_trend_pct": -1.4040242838341155,
      "recent_trend_type": "Sideways",
      "previously_descending": false,
      "rank_score": 0.8681436466909246
    },
    {
      "ticker": "XPRO",
      "slope": 0.017769020788651956,
      "r2": 0.8902427641004602,
      "inside": 0.9487179487179487,
      "near_upper": 0.05128205128205128,
      "near_lower": 0.07692307692307693,
      "pos": 0.6474283213043072,
      "k": 2.0,
      "lookback": 39.0,
      "annual_trend_pct": 151.93201440298242,
      "trend_type": "Ascending",
      "near_support": false,
      "near_resistance": false,
      "action_zone": "Mid Channel",
      "prior_trend_weeks": 20,
      "recent_trend_weeks": 6,
      "prior_trend_pct": 158.28763362454882,
      "prior_trend_type": "Ascending",
      "recent_trend_pct": 429.7354979552899,
      "recent_trend_type": "Ascending",
      "previously_descending": false,
      "rank_score": 0.8598657294069789
    },
    {
      "ticker": "ZGN",
      "slope": 0.011659410091244144,
      "r2": 0.7116625180535181,
      "inside": 1.0,
      "near_upper": 0.11538461538461539,
      "near_lower": 0.038461538461538464,
      "pos": 0.06608431402018783,
      "k": 2.0,
      "lookback": 26.0,
      "annual_trend_pct": 83.36148104254907,
      "trend_type": "Ascending",
      "near_support": true,
      "near_resistance": false,
      "action_zone": "Near Support",
      "prior_trend_weeks": 20,
      "recent_trend_weeks": 6,
      "prior_trend_pct": 120.48019376961476,
      "prior_trend_type": "Ascending",
      "recent_trend_pct": -19.9429803495203,
      "recent_trend_type": "Descending",
      "previously_descending": false,
      "rank_score": 0.8492228276247403
    },
    {
      "ticker": "WPP",
      "slope": -0.016560669117046015,
      "r2": 0.8714341231692043,
      "inside": 0.9615384615384616,
      "near_upper": 0.038461538461538464,
      "near_lower": 0.057692307692307696,
      "pos": 0.7680835111411337,
      "k": 2.0,
      "lookback": 52.0,
      "annual_trend_pct": -57.73263007073093,
      "trend_type": "Descending",
      "near_support": false,
      "near_resistance": false,
      "action_zone": "Mid Channel",
      "prior_trend_weeks": 20,
      "recent_trend_weeks": 6,
      "prior_trend_pct": -64.52994357237078,
      "prior_trend_type": "Descending",
      "recent_trend_pct": 1.078945401044562,
      "recent_trend_type": "Sideways",
      "previously_descending": true,
      "rank_score": 0.8435240950858734
    },
    {
      "ticker": "ZEPP",
      "slope": 0.06967784714134095,
      "r2": 0.7113099449445359,
      "inside": 1.0,
      "near_upper": 0.07692307692307693,
      "near_lower": 0.038461538461538464,
      "pos": 0.146133910606977,
      "k": 2.0,
      "lookback": 52.0,
      "annual_trend_pct": 3645.903932566229,
      "trend_type": "Ascending",
      "near_support": true,
      "near_resistance": false,
      "action_zone": "Near Support",
      "prior_trend_weeks": 20,
      "recent_trend_weeks": 6,
      "prior_trend_pct": 123.67641203659767,
      "prior_trend_type": "Ascending",
      "recent_trend_pct": -86.31081146647381,
      "recent_trend_type": "Descending",
      "previously_descending": false,
      "rank_score": 0.8410415814115703
    },
    {
      "ticker": "YRD",
      "slope": -0.019278702344256746,
      "r2": 0.7715161340553629,
      "inside": 0.9615384615384616,
      "near_upper": 0.07692307692307693,
      "near_lower": 0.038461538461538464,
      "pos": 0.3071870693475325,
      "k": 2.0,
      "lookback": 26.0,
      "annual_trend_pct": -63.30363645856478,
      "trend_type": "Descending",
      "near_support": false,
      "near_resistance": false,
      "action_zone": "Mid Channel",
      "prior_trend_weeks": 20,