{
  "updated_utc": "2026-01-27T18:22:41.030935+00:00",
  "params": {
    "years": 3,
    "lookbacks": [
      26,
      39,
      52
    ],
    "k": 2.0,
    "min_r2": 0.65,
    "min_inside": 0.92,
    "min_touch": 0.03,
    "only_in_channel": true,
    "pos_min": 0.05,
    "pos_max": 0.95,
    "only_ascending": false,
    "sideways_threshold_pct": 10.0,
    "support_cutoff": 0.2,
    "resistance_cutoff": 0.8,
    "prior_trend_weeks": 20,
    "recent_trend_weeks": 6
  },
  "count": 24,
  "data": [
    {
      "ticker": "WCC",
      "slope": 0.014168932045116505,
      "r2": 0.9212741357441514,
      "inside": 1.0,
      "near_upper": 0.05128205128205128,
      "near_lower": 0.05128205128205128,
      "pos": 0.5028694751587219,
      "k": 2.0,
      "lookback": 39.0,
      "annual_trend_pct": 108.92067873330605,
      "trend_type": "Ascending",
      "near_support": false,
      "near_resistance": false,
      "action_zone": "Mid Channel",
      "prior_trend_weeks": 20,
      "recent_trend_weeks": 6,
      "prior_trend_pct": 113.88953424873608,
      "prior_trend_type": "Ascending",
      "recent_trend_pct": 363.5864885173976,
      "recent_trend_type": "Ascending",
      "previously_descending": false,
      "rank_score": 0.9103501203562036
    },
    {
      "ticker": "XXI",
      "slope": -0.0495177257862195,
      "r2": 0.937545152180646,
      "inside": 0.9615384615384616,
      "near_upper": 0.038461538461538464,
      "near_lower": 0.038461538461538464,
      "pos": 0.5107773336751685,
      "k": 2.0,
      "lookback": 26.0,
      "annual_trend_pct": -92.38402172372851,
      "trend_type": "Descending",
      "near_support": false,
      "near_resistance": false,
      "action_zone": "Mid Channel",
      "prior_trend_weeks": 20,
      "recent_trend_weeks": 6,
      "prior_trend_pct": -89.21880487209458,
      "prior_trend_type": "Descending",
      "recent_trend_pct": -68.33002992819735,
      "recent_trend_type": "Descending",
      "previously_descending": true,
      "rank_score": 0.9023102273381908
    },
    {
      "ticker": "ZTR",
      "slope": 0.00406314740838222,
      "r2": 0.8868361365737368,
      "inside": 0.9615384615384616,
      "near_upper": 0.038461538461538464,
      "near_lower": 0.057692307692307696,
      "pos": 0.2904490282185562,
      "k": 2.0,
      "lookback": 52.0,
      "annual_trend_pct": 23.526270645478455,
      "trend_type": "Ascending",
      "near_support": false,
      "near_resistance": false,
      "action_zone": "Mid Channel",
      "prior_trend_weeks": 20,
      "recent_trend_weeks": 6,
      "prior_trend_pct": 16.05006448652988,
      "prior_trend_type": "Ascending",
      "recent_trend_pct": 31.811270545900783,
      "recent_trend_type": "Ascending",
      "previously_descending": false,
      "rank_score": 0.8989885500803975
    },
    {
      "ticker": "WTM",
      "slope": 0.007394081545696003,
      "r2": 0.8447424774844458,
      "inside": 0.9615384615384616,
      "near_upper": 0.038461538461538464,
      "near_lower": 0.038461538461538464,
      "pos": 0.24210849731936196,
      "k": 2.0,
      "lookback": 26.0,
      "annual_trend_pct": 46.886830004194756,
      "trend_type": "Ascending",
      "near_support": false,
      "near_resistance": false,
      "action_zone": "Mid Channel",
      "prior_trend_weeks": 20,
      "recent_trend_weeks": 6,
      "prior_trend_pct": 55.15257557226494,
      "prior_trend_type": "Ascending",
      "recent_trend_pct": 1.211313204046971,
      "recent_trend_type": "Sideways",
      "previously_descending": false,
      "rank_score": 0.8827757736256714
    },
    {
      "ticker": "XPRO",
      "slope": 0.017980571482138427,
      "r2": 0.8941183515634399,
      "inside": 0.9487179487179487,
      "near_upper": 0.05128205128205128,
      "near_lower": 0.07692307692307693,
      "pos": 0.4526584063403334,
      "k": 2.0,
      "lookback": 39.0,
      "annual_trend_pct": 154.71872650590478,
      "trend_type": "Ascending",
      "near_support": false,
      "near_resistance": false,
      "action_zone": "Mid Channel",
      "prior_trend_weeks": 20,
      "recent_trend_weeks": 6,
      "prior_trend_pct": 87.64928556747434,
      "prior_trend_type": "Ascending",
      "recent_trend_pct": 802.9233769739658,
      "recent_trend_type": "Ascending",
      "previously_descending": false,
      "rank_score": 0.8812805146348661
    },
    {
      "ticker": "XYF",
      "slope": -0.04719069626792144,
      "r2": 0.8517754067341494,
      "inside": 1.0,
      "near_upper": 0.038461538461538464,
      "near_lower": 0.038461538461538464,
      "pos": 0.5842479967802557,
      "k": 2.0,
      "lookback": 26.0,
      "annual_trend_pct": -91.40436960908583,
      "trend_type": "Descending",
      "near_support": false,
      "near_resistance": false,
      "action_zone": "Mid Channel",
      "prior_trend_weeks": 20,
      "recent_trend_weeks": 6,
      "prior_trend_pct": -89.79290678174587,
      "prior_trend_type": "Descending",
      "recent_trend_pct": 19.942909973979496,
      "recent_trend_type": "Ascending",
      "previously_descending": true,
      "rank_score": 0.8674629036890491
    },
    {
      "ticker": "WMS",
      "slope": 0.009556054228755979,
      "r2": 0.8116437803441117,
      "inside": 0.9487179487179487,
      "near_upper": 0.07692307692307693,
      "near_lower": 0.05128205128205128,
      "pos": 0.2343856296267875,
      "k": 2.0,
      "lookback": 39.0,
      "annual_trend_pct": 64.36425071162168,
      "trend_type": "Ascending",
      "near_support": false,
      "near_resistance": false,
      "action_zone": "Mid Channel",
      "prior_trend_weeks": 20,
      "recent_trend_weeks": 6,
      "prior_trend_pct": 22.002549389028616,
      "prior_trend_type": "Ascending",
      "recent_trend_pct": 28.744711500852826,
      "recent_trend_type": "Ascending",
      "previously_descending": false,
      "rank_score": 0.8618705066965566
    },
    {
      "ticker": "WLY",
      "slope": -0.012838530880228531,
      "r2": 0.8559347758832101,
      "inside": 0.9615384615384616,
      "near_upper": 0.038461538461538464,
      "near_lower": 0.11538461538461539,
      "pos": 0.6335032404038999,
      "k": 2.0,
      "lookback": 26.0,
      "annual_trend_pct": -48.70636962610181,
      "trend_type": "Descending",
      "near_support": false,
      "near_resistance": false,
      "action_zone": "Mid Channel",
      "prior_trend_weeks": 20,
      "recent_trend_weeks": 6,
      "prior_trend_pct": -47.55182074102932,
      "prior_trend_type": "Descending",
      "recent_trend_pct": 18.874458047949027,
      "recent_trend_type": "Ascending",
      "previously_descending": true,
      "rank_score": 0.8492324485165996
    },
    {
      "ticker": "YELP",
      "slope": -0.005373708631911968,
      "r2": 0.7394069160155716,
      "inside": 0.9615384615384616,
      "near_upper": 0.057692307692307696,
      "near_lower": 0.038461538461538464,
      "pos": 0.19288700114523827,
      "k": 2.0,
      "lookback": 52.0,
      "annual_trend_pct": -24.378749335743855,
      "trend_type": "Descending",
      "near_support": true,
      "near_resistance": false,
      "action_zone": "Near Support",
      "prior_trend_weeks": 20,
      "recent_trend_weeks": 6,
      "prior_trend_pct": -17.21327399015594,
      "prior_trend_type": "Descending",
      "recent_trend_pct": -71.92833447078742,
      "recent_trend_type": "Descending",
      "previously_descending": true,
      "rank_score": 0.8350301425086466
    },
    {
      "ticker": "WPC",
      "slope": 0.003714452449416286,
      "r2": 0.7843030198811207,
      "inside": 0.9807692307692307,
      "near_upper": 0.057692307692307696,
      "near_lower": 0.07692307692307693,
      "pos": 0.4981030676592082,
      "k": 2.0,
      "lookback": 52.0,
      "annual_trend_pct": 21.306659238343894,
      "trend_type": "Ascending",
      "near_support": false,
      "near_resistance": false,
      "action_zone": "Mid Channel",