{
  "updated_utc": "2026-01-19T03:36:11.975555+00:00",
  "params": {
    "years": 3,
    "lookbacks": [
      26,
      39,
      52
    ],
    "k": 2.0,
    "min_r2": 0.65,
    "min_inside": 0.92,
    "min_touch": 0.03,
    "only_in_channel": true,
    "pos_min": 0.05,
    "pos_max": 0.95,
    "only_ascending": false,
    "sideways_threshold_pct": 10.0,
    "support_cutoff": 0.2,
    "resistance_cutoff": 0.8,
    "prior_trend_weeks": 20,
    "recent_trend_weeks": 6
  },
  "count": 16,
  "data": [
    {
      "ticker": "WCC",
      "slope": 0.014220279194882612,
      "r2": 0.9216327967276156,
      "inside": 1.0,
      "near_upper": 0.05128205128205128,
      "near_lower": 0.05128205128205128,
      "pos": 0.560272416408169,
      "k": 2.0,
      "lookback": 39.0,
      "annual_trend_pct": 109.47925314452887,
      "trend_type": "Ascending",
      "near_support": false,
      "near_resistance": false,
      "action_zone": "Mid Channel",
      "prior_trend_weeks": 20,
      "recent_trend_weeks": 6,
      "prior_trend_pct": 107.16001308312548,
      "prior_trend_type": "Ascending",
      "recent_trend_pct": 140.61473842365154,
      "recent_trend_type": "Ascending",
      "previously_descending": false,
      "rank_score": 0.9047891567229909
    },
    {
      "ticker": "WK",
      "slope": 0.009318089441520131,
      "r2": 0.7613915194858067,
      "inside": 1.0,
      "near_upper": 0.05128205128205128,
      "near_lower": 0.05128205128205128,
      "pos": 0.12714339893469573,
      "k": 2.0,
      "lookback": 39.0,
      "annual_trend_pct": 62.3429116937058,
      "trend_type": "Ascending",
      "near_support": true,
      "near_resistance": false,
      "action_zone": "Near Support",
      "prior_trend_weeks": 20,
      "recent_trend_weeks": 6,
      "prior_trend_pct": 88.65641577081476,
      "prior_trend_type": "Ascending",
      "recent_trend_pct": -12.801415751507372,
      "recent_trend_type": "Descending",
      "previously_descending": false,
      "rank_score": 0.8679814198494338
    },
    {
      "ticker": "WTM",
      "slope": 0.007326639142824324,
      "r2": 0.8383362586833231,
      "inside": 0.9615384615384616,
      "near_upper": 0.038461538461538464,
      "near_lower": 0.038461538461538464,
      "pos": 0.3718350054926216,
      "k": 2.0,
      "lookback": 26.0,
      "annual_trend_pct": 46.37259939606992,
      "trend_type": "Ascending",
      "near_support": false,
      "near_resistance": false,
      "action_zone": "Mid Channel",
      "prior_trend_weeks": 20,
      "recent_trend_weeks": 6,
      "prior_trend_pct": 45.09992889129926,
      "prior_trend_type": "Ascending",
      "recent_trend_pct": 0.5918022453792915,
      "recent_trend_type": "Sideways",
      "previously_descending": false,
      "rank_score": 0.866600013407784
    },
    {
      "ticker": "XPRO",
      "slope": 0.01774183062469617,
      "r2": 0.8902223917053779,
      "inside": 0.9487179487179487,
      "near_upper": 0.05128205128205128,
      "near_lower": 0.07692307692307693,
      "pos": 0.6252151247287036,
      "k": 2.0,
      "lookback": 39.0,
      "annual_trend_pct": 151.57606231614503,
      "trend_type": "Ascending",
      "near_support": false,
      "near_resistance": false,
      "action_zone": "Mid Channel",
      "prior_trend_weeks": 20,
      "recent_trend_weeks": 6,
      "prior_trend_pct": 158.28763362454882,
      "prior_trend_type": "Ascending",
      "recent_trend_pct": 402.633844653768,
      "recent_trend_type": "Ascending",
      "previously_descending": false,
      "rank_score": 0.8620768628669981
    },
    {
      "ticker": "WPP",
      "slope": -0.016553476095903658,
      "r2": 0.8711727817425344,
      "inside": 0.9615384615384616,
      "near_upper": 0.038461538461538464,
      "near_lower": 0.057692307692307696,
      "pos": 0.7758104690922506,
      "k": 2.0,
      "lookback": 52.0,
      "annual_trend_pct": -57.716817549232715,
      "trend_type": "Descending",
      "near_support": false,
      "near_resistance": false,
      "action_zone": "Mid Channel",
      "prior_trend_weeks": 20,
      "recent_trend_weeks": 6,
      "prior_trend_pct": -64.52994357237078,
      "prior_trend_type": "Descending",
      "recent_trend_pct": 3.5906872319514616,
      "recent_trend_type": "Sideways",
      "previously_descending": true,
      "rank_score": 0.8426207285774268
    },
    {
      "ticker": "ZEPP",
      "slope": 0.06973243228286564,
      "r2": 0.7120510796719383,
      "inside": 1.0,
      "near_upper": 0.07692307692307693,
      "near_lower": 0.038461538461538464,
      "pos": 0.154401896729345,
      "k": 2.0,
      "lookback": 52.0,
      "annual_trend_pct": 3656.5515128165516,
      "trend_type": "Ascending",
      "near_support": true,
      "near_resistance": false,
      "action_zone": "Near Support",
      "prior_trend_weeks": 20,
      "recent_trend_weeks": 6,
      "prior_trend_pct": 123.67641203659767,
      "prior_trend_type": "Ascending",
      "recent_trend_pct": -83.50823338726934,
      "recent_trend_type": "Descending",
      "previously_descending": false,
      "rank_score": 0.8405853501630347
    },
    {
      "ticker": "YRD",
      "slope": -0.01895202509988958,
      "r2": 0.7693387602256645,
      "inside": 0.9615384615384616,
      "near_upper": 0.07692307692307693,
      "near_lower": 0.038461538461538464,
      "pos": 0.40796273100595776,
      "k": 2.0,
      "lookback": 26.0,
      "annual_trend_pct": -62.67494261767368,
      "trend_type": "Descending",
      "near_support": false,
      "near_resistance": false,
      "action_zone": "Mid Channel",
      "prior_trend_weeks": 20,
      "recent_trend_weeks": 6,
      "prior_trend_pct": -48.323574918791245,
      "prior_trend_type": "Descending",
      "recent_trend_pct": -62.44421545498228,
      "recent_trend_type": "Descending",
      "previously_descending": true,
      "rank_score": 0.8284884916276211
    },
    {
      "ticker": "WFC",
      "slope": 0.007780680939891757,
      "r2": 0.7347427111042875,
      "inside": 0.9230769230769231,
      "near_upper": 0.038461538461538464,
      "near_lower": 0.038461538461538464,
      "pos": 0.1201943176602552,
      "k": 2.0,
      "lookback": 26.0,
      "annual_trend_pct": 49.869601826745914,
      "trend_type": "Ascending",
      "near_support": true,
      "near_resistance": false,
      "action_zone": "Near Support",
      "prior_trend_weeks": 20,
      "recent_trend_weeks": 6,
      "prior_trend_pct": 34.632133711072456,
      "prior_trend_type": "Ascending",
      "recent_trend_pct": -19.872270149970205,
      "recent_trend_type": "Descending",
      "previously_descending": false,
      "rank_score": 0.8245826930168875
    },
    {
      "ticker": "YELP",
      "slope": -0.005311459547160672,
      "r2": 0.7382287252495809,
      "inside": 0.9615384615384616,
      "near_upper": 0.057692307692307696,
      "near_lower": 0.057692307692307696,
      "pos": 0.3002328803069701,
      "k": 2.0,
      "lookback": 52.0,
      "annual_trend_pct": -24.1335703440964,
      "trend_type": "Descending",
      "near_support": false,
      "near_resistance": false,
      "action_zone": "Mid Channel",
      "prior_trend_weeks": 20,
      "recent_trend_weeks": 6,
      "prior_trend_pct": -27.178275872188497,
      "prior_trend_type": "Descending",
      "recent_trend_pct": -49.29479834961698,
      "recent_trend_type": "Descending",
      "previously_descending": true,
      "rank_score": 0.8237064592094782
    },
    {
      "ticker": "WPC",
      "slope": 0.0040046354634027895,
      "r2": 0.7770860747145383,
      "inside": 0.9615384615384616,
      "near_upper": 0.057692307692307696,
      "near_lower": 0.09615384615384616,
      "pos": 0.688252185536745,
      "k": 2.0,
      "lookback": 52.0,
      "annual_trend_pct": 23.150998198647432,
      "trend_type": "Ascending",
      "near_support": false,
      "near_resistance": false,
      "action_zone": "Mid Channel",
      "prior_trend_weeks": 20,