{
  "updated_utc": "2026-01-27T20:12:09.790084+00:00",
  "params": {
    "years": 3,
    "lookbacks": [
      26,
      39,
      52
    ],
    "k": 2.0,
    "min_r2": 0.65,
    "min_inside": 0.92,
    "min_touch": 0.03,
    "only_in_channel": true,
    "pos_min": 0.05,
    "pos_max": 0.95,
    "only_ascending": false,
    "sideways_threshold_pct": 10.0,
    "support_cutoff": 0.2,
    "resistance_cutoff": 0.8,
    "prior_trend_weeks": 20,
    "recent_trend_weeks": 6
  },
  "count": 23,
  "data": [
    {
      "ticker": "WCC",
      "slope": 0.014196207301667528,
      "r2": 0.9215074297505096,
      "inside": 1.0,
      "near_upper": 0.05128205128205128,
      "near_lower": 0.05128205128205128,
      "pos": 0.5366937293823199,
      "k": 2.0,
      "lookback": 39.0,
      "annual_trend_pct": 109.21720395222087,
      "trend_type": "Ascending",
      "near_support": false,
      "near_resistance": false,
      "action_zone": "Mid Channel",
      "prior_trend_weeks": 20,
      "recent_trend_weeks": 6,
      "prior_trend_pct": 113.88951726287661,
      "prior_trend_type": "Ascending",
      "recent_trend_pct": 388.6633759968346,
      "recent_trend_type": "Ascending",
      "previously_descending": false,
      "rank_score": 0.9070843419370229
    },
    {
      "ticker": "XXI",
      "slope": -0.049467714654334305,
      "r2": 0.9374074181136796,
      "inside": 0.9615384615384616,
      "near_upper": 0.038461538461538464,
      "near_lower": 0.038461538461538464,
      "pos": 0.5235637690314734,
      "k": 2.0,
      "lookback": 26.0,
      "annual_trend_pct": -92.36418999583073,
      "trend_type": "Descending",
      "near_support": false,
      "near_resistance": false,
      "action_zone": "Mid Channel",
      "prior_trend_weeks": 20,
      "recent_trend_weeks": 6,
      "prior_trend_pct": -89.21880487209458,
      "prior_trend_type": "Descending",
      "recent_trend_pct": -66.9230808136472,
      "recent_trend_type": "Descending",
      "previously_descending": true,
      "rank_score": 0.900962716769077
    },
    {
      "ticker": "ZTR",
      "slope": 0.004064838040115307,
      "r2": 0.8870335696015469,
      "inside": 0.9615384615384616,
      "near_upper": 0.038461538461538464,
      "near_lower": 0.057692307692307696,
      "pos": 0.2984959965833889,
      "k": 2.0,
      "lookback": 52.0,
      "annual_trend_pct": 23.537130669356475,
      "trend_type": "Ascending",
      "near_support": false,
      "near_resistance": false,
      "action_zone": "Mid Channel",
      "prior_trend_weeks": 20,
      "recent_trend_weeks": 6,
      "prior_trend_pct": 16.050067595943496,
      "prior_trend_type": "Ascending",
      "recent_trend_pct": 32.573412602204655,
      "recent_trend_type": "Ascending",
      "previously_descending": false,
      "rank_score": 0.8982825697578192
    },
    {
      "ticker": "XPRO",
      "slope": 0.017952888257443712,
      "r2": 0.8937063472643949,
      "inside": 0.9487179487179487,
      "near_upper": 0.05128205128205128,
      "near_lower": 0.07692307692307693,
      "pos": 0.4297147200750834,
      "k": 2.0,
      "lookback": 39.0,
      "annual_trend_pct": 154.35231564000128,
      "trend_type": "Ascending",
      "near_support": false,
      "near_resistance": false,
      "action_zone": "Mid Channel",
      "prior_trend_weeks": 20,
      "recent_trend_weeks": 6,
      "prior_trend_pct": 87.64928556747434,
      "prior_trend_type": "Ascending",
      "recent_trend_pct": 755.9136756410065,
      "recent_trend_type": "Ascending",
      "previously_descending": false,
      "rank_score": 0.8833688811118686
    },
    {
      "ticker": "WTM",
      "slope": 0.0074139990253919595,
      "r2": 0.8464431387603502,
      "inside": 0.9615384615384616,
      "near_upper": 0.038461538461538464,
      "near_lower": 0.038461538461538464,
      "pos": 0.26173696489463466,
      "k": 2.0,
      "lookback": 26.0,
      "annual_trend_pct": 47.039040817257714,
      "trend_type": "Ascending",
      "near_support": false,
      "near_resistance": false,
      "action_zone": "Mid Channel",
      "prior_trend_weeks": 20,
      "recent_trend_weeks": 6,
      "prior_trend_pct": 55.15257557226494,
      "prior_trend_type": "Ascending",
      "recent_trend_pct": 2.9786490915890695,
      "recent_trend_type": "Sideways",
      "previously_descending": false,
      "rank_score": 0.8816632575060962
    },
    {
      "ticker": "XYF",
      "slope": -0.04713164939782893,
      "r2": 0.8512934631342984,
      "inside": 1.0,
      "near_upper": 0.038461538461538464,
      "near_lower": 0.038461538461538464,
      "pos": 0.5939905405777711,
      "k": 2.0,
      "lookback": 26.0,
      "annual_trend_pct": -91.37793670587223,
      "trend_type": "Descending",
      "near_support": false,
      "near_resistance": false,
      "action_zone": "Mid Channel",
      "prior_trend_weeks": 20,
      "recent_trend_weeks": 6,
      "prior_trend_pct": -89.79290678174587,
      "prior_trend_type": "Descending",
      "recent_trend_pct": 26.25908737054572,
      "recent_trend_type": "Ascending",
      "previously_descending": true,
      "rank_score": 0.866247677509372
    },
    {
      "ticker": "WMS",
      "slope": 0.009580925504667298,
      "r2": 0.8134334085892357,
      "inside": 0.9487179487179487,
      "near_upper": 0.07692307692307693,
      "near_lower": 0.05128205128205128,
      "pos": 0.261364990445551,
      "k": 2.0,
      "lookback": 39.0,
      "annual_trend_pct": 64.57696156084745,
      "trend_type": "Ascending",
      "near_support": false,
      "near_resistance": false,
      "action_zone": "Mid Channel",
      "prior_trend_weeks": 20,
      "recent_trend_weeks": 6,
      "prior_trend_pct": 22.002549389028616,
      "prior_trend_type": "Ascending",
      "recent_trend_pct": 35.08018375813411,
      "recent_trend_type": "Ascending",
      "previously_descending": false,
      "rank_score": 0.8600673847372422
    },
    {
      "ticker": "WLY",
      "slope": -0.01273583816812859,
      "r2": 0.8519789115117055,
      "inside": 0.9615384615384616,
      "near_upper": 0.038461538461538464,
      "near_lower": 0.11538461538461539,
      "pos": 0.6956925766136366,
      "k": 2.0,
      "lookback": 26.0,
      "annual_trend_pct": -48.43172791762789,
      "trend_type": "Descending",
      "near_support": false,
      "near_resistance": false,
      "action_zone": "Mid Channel",
      "prior_trend_weeks": 20,
      "recent_trend_weeks": 6,
      "prior_trend_pct": -47.55182074102932,
      "prior_trend_type": "Descending",
      "recent_trend_pct": 29.972462234284492,
      "recent_trend_type": "Ascending",
      "previously_descending": true,
      "rank_score": 0.8410355827098737
    },
    {
      "ticker": "WPC",
      "slope": 0.003728024892157453,
      "r2": 0.7854087760156352,
      "inside": 0.9807692307692307,
      "near_upper": 0.057692307692307696,
      "near_lower": 0.07692307692307693,
      "pos": 0.5469345017119002,
      "k": 2.0,
      "lookback": 52.0,
      "annual_trend_pct": 21.392303697011194,
      "trend_type": "Ascending",
      "near_support": false,
      "near_resistance": false,
      "action_zone": "Mid Channel",
      "prior_trend_weeks": 20,
      "recent_trend_weeks": 6,
      "prior_trend_pct": 1.7561165223526354,
      "prior_trend_type": "Sideways",
      "recent_trend_pct": 164.17263019407588,
      "recent_trend_type": "Ascending",
      "previously_descending": false,
      "rank_score": 0.8303186301443198
    },
    {
      "ticker": "YELP",
      "slope": -0.005348973378102029,
      "r2": 0.7396276237240733,
      "inside": 0.9615384615384616,
      "near_upper": 0.057692307692307696,
      "near_lower": 0.038461538461538464,
      "pos": 0.2459330752274837,
      "k": 2.0,
      "lookback": 52.0,
      "annual_trend_pct": -24.281420192086923,
      "trend_type": "Descending",
      "near_support": false,
      "near_resistance": false,
      "action_zone": "Mid Channel",