{
  "updated_utc": "2026-01-25T20:45:53.125586+00:00",
  "params": {
    "years": 3,
    "lookbacks": [
      26,
      39,
      52
    ],
    "k": 2.0,
    "min_r2": 0.65,
    "min_inside": 0.92,
    "min_touch": 0.03,
    "only_in_channel": true,
    "pos_min": 0.05,
    "pos_max": 0.95,
    "only_ascending": false,
    "sideways_threshold_pct": 10.0,
    "support_cutoff": 0.2,
    "resistance_cutoff": 0.8,
    "prior_trend_weeks": 20,
    "recent_trend_weeks": 6
  },
  "count": 18,
  "data": [
    {
      "ticker": "ZTR",
      "slope": 0.004051881874928463,
      "r2": 0.8853976872639934,
      "inside": 0.9615384615384616,
      "near_upper": 0.038461538461538464,
      "near_lower": 0.057692307692307696,
      "pos": 0.2076038738061165,
      "k": 2.0,
      "lookback": 52.0,
      "annual_trend_pct": 23.453929191251643,
      "trend_type": "Ascending",
      "near_support": false,
      "near_resistance": false,
      "action_zone": "Mid Channel",
      "prior_trend_weeks": 20,
      "recent_trend_weeks": 6,
      "prior_trend_pct": 21.132755233441426,
      "prior_trend_type": "Ascending",
      "recent_trend_pct": 19.28437177302611,
      "recent_trend_type": "Ascending",
      "previously_descending": false,
      "rank_score": 0.9065538408667697
    },
    {
      "ticker": "WCC",
      "slope": 0.014233787416360385,
      "r2": 0.9217009395573371,
      "inside": 1.0,
      "near_upper": 0.05128205128205128,
      "near_lower": 0.05128205128205128,
      "pos": 0.5694314315186167,
      "k": 2.0,
      "lookback": 39.0,
      "annual_trend_pct": 109.62644882724226,
      "trend_type": "Ascending",
      "near_support": false,
      "near_resistance": false,
      "action_zone": "Mid Channel",
      "prior_trend_weeks": 20,
      "recent_trend_weeks": 6,
      "prior_trend_pct": 119.58646034637694,
      "prior_trend_type": "Ascending",
      "recent_trend_pct": 360.4088415986832,
      "recent_trend_type": "Ascending",
      "previously_descending": false,
      "rank_score": 0.9039073266268068
    },
    {
      "ticker": "WTM",
      "slope": 0.007448990063750767,
      "r2": 0.8492079391917633,
      "inside": 0.9615384615384616,
      "near_upper": 0.038461538461538464,
      "near_lower": 0.038461538461538464,
      "pos": 0.29841485579433047,
      "k": 2.0,
      "lookback": 26.0,
      "annual_trend_pct": 47.306826899626685,
      "trend_type": "Ascending",
      "near_support": false,
      "near_resistance": false,
      "action_zone": "Mid Channel",
      "prior_trend_weeks": 20,
      "recent_trend_weeks": 6,
      "prior_trend_pct": 51.70939680014099,
      "prior_trend_type": "Ascending",
      "recent_trend_pct": 4.58301015199829,
      "recent_trend_type": "Sideways",
      "previously_descending": false,
      "rank_score": 0.8793778686318332
    },
    {
      "ticker": "WEA",
      "slope": 0.0027437133585257395,
      "r2": 0.881636820411649,
      "inside": 0.9230769230769231,
      "near_upper": 0.10256410256410256,
      "near_lower": 0.05128205128205128,
      "pos": 0.30705097440508894,
      "k": 2.0,
      "lookback": 39.0,
      "annual_trend_pct": 15.335270285487468,
      "trend_type": "Ascending",
      "near_support": false,
      "near_resistance": false,
      "action_zone": "Mid Channel",
      "prior_trend_weeks": 20,
      "recent_trend_weeks": 6,
      "prior_trend_pct": 11.093448123106441,
      "prior_trend_type": "Ascending",
      "recent_trend_pct": 34.726888211917895,
      "recent_trend_type": "Ascending",
      "previously_descending": false,
      "rank_score": 0.8793440819960849
    },
    {
      "ticker": "WFC",
      "slope": 0.006394991154487449,
      "r2": 0.7915201988362397,
      "inside": 0.9743589743589743,
      "near_upper": 0.05128205128205128,
      "near_lower": 0.05128205128205128,
      "pos": 0.09158322303047642,
      "k": 2.0,
      "lookback": 39.0,
      "annual_trend_pct": 39.45050368704999,
      "trend_type": "Ascending",
      "near_support": true,
      "near_resistance": false,
      "action_zone": "Near Support",
      "prior_trend_weeks": 20,
      "recent_trend_weeks": 6,
      "prior_trend_pct": 48.99598738467501,
      "prior_trend_type": "Ascending",
      "recent_trend_pct": -56.04944055366789,
      "recent_trend_type": "Descending",
      "previously_descending": false,
      "rank_score": 0.8763453668586619
    },
    {
      "ticker": "XPRO",
      "slope": 0.01785283029340519,
      "r2": 0.891809319647389,
      "inside": 0.9487179487179487,
      "near_upper": 0.05128205128205128,
      "near_lower": 0.07692307692307693,
      "pos": 0.5006290198173166,
      "k": 2.0,
      "lookback": 39.0,
      "annual_trend_pct": 153.032353815501,
      "trend_type": "Ascending",
      "near_support": false,
      "near_resistance": false,
      "action_zone": "Mid Channel",
      "prior_trend_weeks": 20,
      "recent_trend_weeks": 6,
      "prior_trend_pct": 113.14382047002924,
      "prior_trend_type": "Ascending",
      "recent_trend_pct": 1105.584811317909,
      "recent_trend_type": "Ascending",
      "previously_descending": false,
      "rank_score": 0.8753289373291422
    },
    {
      "ticker": "YRD",
      "slope": -0.01996430695111306,
      "r2": 0.7908681575365969,
      "inside": 1.0,
      "near_upper": 0.07692307692307693,
      "near_lower": 0.07692307692307693,
      "pos": 0.38391094356955086,
      "k": 2.0,
      "lookback": 26.0,
      "annual_trend_pct": -64.58886833474638,
      "trend_type": "Descending",
      "near_support": false,
      "near_resistance": false,
      "action_zone": "Mid Channel",
      "prior_trend_weeks": 20,
      "recent_trend_weeks": 6,
      "prior_trend_pct": -53.29745245862219,
      "prior_trend_type": "Descending",
      "recent_trend_pct": -50.8320156197279,
      "recent_trend_type": "Descending",
      "previously_descending": true,
      "rank_score": 0.8570429844113434
    },
    {
      "ticker": "WMS",
      "slope": 0.009632489040494272,
      "r2": 0.8167665278860246,
      "inside": 0.9230769230769231,
      "near_upper": 0.07692307692307693,
      "near_lower": 0.05128205128205128,
      "pos": 0.2746897134361684,
      "k": 2.0,
      "lookback": 39.0,
      "annual_trend_pct": 65.01883453676736,
      "trend_type": "Ascending",
      "near_support": false,
      "near_resistance": false,
      "action_zone": "Mid Channel",
      "prior_trend_weeks": 20,
      "recent_trend_weeks": 6,
      "prior_trend_pct": 40.85413490343637,
      "prior_trend_type": "Ascending",
      "recent_trend_pct": 80.94667828269225,
      "recent_trend_type": "Ascending",
      "previously_descending": false,
      "rank_score": 0.8501450618301647
    },
    {
      "ticker": "YELP",
      "slope": -0.0053436524538959685,
      "r2": 0.7396256652328836,
      "inside": 0.9615384615384616,
      "near_upper": 0.057692307692307696,
      "near_lower": 0.057692307692307696,
      "pos": 0.3643040097711263,
      "k": 2.0,
      "lookback": 52.0,
      "annual_trend_pct": -24.260466866597408,
      "trend_type": "Descending",
      "near_support": false,
      "near_resistance": false,
      "action_zone": "Mid Channel",
      "prior_trend_weeks": 20,
      "recent_trend_weeks": 6,
      "prior_trend_pct": -21.909100764277266,
      "prior_trend_type": "Descending",
      "recent_trend_pct": -65.52915731237012,
      "recent_trend_type": "Descending",
      "previously_descending": true,
      "rank_score": 0.8179978162547138
    },
    {
      "ticker": "WPC",
      "slope": 0.0038680431273694946,
      "r2": 0.7814280551371046,
      "inside": 0.9423076923076923,
      "near_upper": 0.057692307692307696,
      "near_lower": 0.09615384615384616,
      "pos": 0.5786568647553358,
      "k": 2.0,
      "lookback": 52.0,
      "annual_trend_pct": 22.279380236233347,
      "trend_type": "Ascending",
      "near_support": false,
      "near_resistance": false,
      "action_zone": "Mid Channel",