{
  "updated_utc": "2026-01-23T23:01:27.005815+00:00",
  "params": {
    "years": 3,
    "lookbacks": [
      26,
      39,
      52
    ],
    "k": 2.0,
    "min_r2": 0.65,
    "min_inside": 0.92,
    "min_touch": 0.03,
    "only_in_channel": true,
    "pos_min": 0.05,
    "pos_max": 0.95,
    "only_ascending": false,
    "sideways_threshold_pct": 10.0,
    "support_cutoff": 0.2,
    "resistance_cutoff": 0.8,
    "prior_trend_weeks": 20,
    "recent_trend_weeks": 6
  },
  "count": 17,
  "data": [
    {
      "ticker": "ZTR",
      "slope": 0.0040518798379134075,
      "r2": 0.8853977029961354,
      "inside": 0.9615384615384616,
      "near_upper": 0.038461538461538464,
      "near_lower": 0.057692307692307696,
      "pos": 0.20760412773314513,
      "k": 2.0,
      "lookback": 52.0,
      "annual_trend_pct": 23.45391611442169,
      "trend_type": "Ascending",
      "near_support": false,
      "near_resistance": false,
      "action_zone": "Mid Channel",
      "prior_trend_weeks": 20,
      "recent_trend_weeks": 6,
      "prior_trend_pct": 21.132736188722223,
      "prior_trend_type": "Ascending",
      "recent_trend_pct": 19.28437177302611,
      "recent_trend_type": "Ascending",
      "previously_descending": false,
      "rank_score": 0.9065538233401378
    },
    {
      "ticker": "WCC",
      "slope": 0.014233787416360385,
      "r2": 0.9217009395573371,
      "inside": 1.0,
      "near_upper": 0.05128205128205128,
      "near_lower": 0.05128205128205128,
      "pos": 0.5694314315186167,
      "k": 2.0,
      "lookback": 39.0,
      "annual_trend_pct": 109.62644882724226,
      "trend_type": "Ascending",
      "near_support": false,
      "near_resistance": false,
      "action_zone": "Mid Channel",
      "prior_trend_weeks": 20,
      "recent_trend_weeks": 6,
      "prior_trend_pct": 119.58646034637694,
      "prior_trend_type": "Ascending",
      "recent_trend_pct": 360.4088415986832,
      "recent_trend_type": "Ascending",
      "previously_descending": false,
      "rank_score": 0.9039073266268068
    },
    {
      "ticker": "WTM",
      "slope": 0.007448990063750767,
      "r2": 0.8492079391917633,
      "inside": 0.9615384615384616,
      "near_upper": 0.038461538461538464,
      "near_lower": 0.038461538461538464,
      "pos": 0.29841485579433047,
      "k": 2.0,
      "lookback": 26.0,
      "annual_trend_pct": 47.306826899626685,
      "trend_type": "Ascending",
      "near_support": false,
      "near_resistance": false,
      "action_zone": "Mid Channel",
      "prior_trend_weeks": 20,
      "recent_trend_weeks": 6,
      "prior_trend_pct": 51.70939680014099,
      "prior_trend_type": "Ascending",
      "recent_trend_pct": 4.58301015199829,
      "recent_trend_type": "Sideways",
      "previously_descending": false,
      "rank_score": 0.8793778686318332
    },
    {
      "ticker": "WFC",
      "slope": 0.006394991653252021,
      "r2": 0.79152016473568,
      "inside": 0.9743589743589743,
      "near_upper": 0.05128205128205128,
      "near_lower": 0.05128205128205128,
      "pos": 0.09158326978700805,
      "k": 2.0,
      "lookback": 39.0,
      "annual_trend_pct": 39.45050730380451,
      "trend_type": "Ascending",
      "near_support": true,
      "near_resistance": false,
      "action_zone": "Near Support",
      "prior_trend_weeks": 20,
      "recent_trend_weeks": 6,
      "prior_trend_pct": 48.99598738467501,
      "prior_trend_type": "Ascending",
      "recent_trend_pct": -56.04944055366789,
      "recent_trend_type": "Descending",
      "previously_descending": false,
      "rank_score": 0.8763453451327289
    },
    {
      "ticker": "XPRO",
      "slope": 0.01785283029340519,
      "r2": 0.891809319647389,
      "inside": 0.9487179487179487,
      "near_upper": 0.05128205128205128,
      "near_lower": 0.07692307692307693,
      "pos": 0.5006290198173166,
      "k": 2.0,
      "lookback": 39.0,
      "annual_trend_pct": 153.032353815501,
      "trend_type": "Ascending",
      "near_support": false,
      "near_resistance": false,
      "action_zone": "Mid Channel",
      "prior_trend_weeks": 20,
      "recent_trend_weeks": 6,
      "prior_trend_pct": 113.14382047002924,
      "prior_trend_type": "Ascending",
      "recent_trend_pct": 1105.584811317909,
      "recent_trend_type": "Ascending",
      "previously_descending": false,
      "rank_score": 0.8753289373291422
    },
    {
      "ticker": "YRD",
      "slope": -0.01996430695111306,
      "r2": 0.7908681575365969,
      "inside": 1.0,
      "near_upper": 0.07692307692307693,
      "near_lower": 0.07692307692307693,
      "pos": 0.38391094356955086,
      "k": 2.0,
      "lookback": 26.0,
      "annual_trend_pct": -64.58886833474638,
      "trend_type": "Descending",
      "near_support": false,
      "near_resistance": false,
      "action_zone": "Mid Channel",
      "prior_trend_weeks": 20,
      "recent_trend_weeks": 6,
      "prior_trend_pct": -53.29745245862219,
      "prior_trend_type": "Descending",
      "recent_trend_pct": -50.8320156197279,
      "recent_trend_type": "Descending",
      "previously_descending": true,
      "rank_score": 0.8570429844113434
    },
    {
      "ticker": "WMS",
      "slope": 0.009632488581965136,
      "r2": 0.8167664970945668,
      "inside": 0.9230769230769231,
      "near_upper": 0.07692307692307693,
      "near_lower": 0.05128205128205128,
      "pos": 0.27468975182088123,
      "k": 2.0,
      "lookback": 39.0,
      "annual_trend_pct": 65.01883060213831,
      "trend_type": "Ascending",
      "near_support": false,
      "near_resistance": false,
      "action_zone": "Mid Channel",
      "prior_trend_weeks": 20,
      "recent_trend_weeks": 6,
      "prior_trend_pct": 40.85413490343637,
      "prior_trend_type": "Ascending",
      "recent_trend_pct": 80.94667828269225,
      "recent_trend_type": "Ascending",
      "previously_descending": false,
      "rank_score": 0.8501450425959645
    },
    {
      "ticker": "YELP",
      "slope": -0.0053436524538959685,
      "r2": 0.7396256652328836,
      "inside": 0.9615384615384616,
      "near_upper": 0.057692307692307696,
      "near_lower": 0.057692307692307696,
      "pos": 0.3643040097711263,
      "k": 2.0,
      "lookback": 52.0,
      "annual_trend_pct": -24.260466866597408,
      "trend_type": "Descending",
      "near_support": false,
      "near_resistance": false,
      "action_zone": "Mid Channel",
      "prior_trend_weeks": 20,
      "recent_trend_weeks": 6,
      "prior_trend_pct": -21.909100764277266,
      "prior_trend_type": "Descending",
      "recent_trend_pct": -65.52915731237012,
      "recent_trend_type": "Descending",
      "previously_descending": true,
      "rank_score": 0.8179978162547138
    },
    {
      "ticker": "WPC",
      "slope": 0.0038680432329859615,
      "r2": 0.7814280820513584,
      "inside": 0.9423076923076923,
      "near_upper": 0.057692307692307696,
      "near_lower": 0.09615384615384616,
      "pos": 0.5786568664595111,
      "k": 2.0,
      "lookback": 52.0,
      "annual_trend_pct": 22.279380907798576,
      "trend_type": "Ascending",
      "near_support": false,
      "near_resistance": false,
      "action_zone": "Mid Channel",
      "prior_trend_weeks": 20,
      "recent_trend_weeks": 6,
      "prior_trend_pct": 7.303547609990835,
      "prior_trend_type": "Sideways",
      "recent_trend_pct": 197.9946588209,
      "recent_trend_type": "Ascending",
      "previously_descending": false,
      "rank_score": 0.809771431302805
    },
    {
      "ticker": "YETI",
      "slope": 0.012150160528839049,
      "r2": 0.7916180070946165,
      "inside": 0.9487179487179487,
      "near_upper": 0.05128205128205128,
      "near_lower": 0.07692307692307693,
      "pos": 0.6659280939860739,
      "k": 2.0,
      "lookback": 39.0,
      "annual_trend_pct": 88.10090235186104,
      "trend_type": "Ascending",
      "near_support": false,
      "near_resistance": false,
      "action_zone": "Mid Channel",
      "prior_trend_weeks": 20,