{
  "updated_utc": "2026-01-20T20:57:17.135708+00:00",
  "params": {
    "years": 3,
    "lookbacks": [
      26,
      39,
      52
    ],
    "k": 2.0,
    "min_r2": 0.65,
    "min_inside": 0.92,
    "min_touch": 0.03,
    "only_in_channel": true,
    "pos_min": 0.05,
    "pos_max": 0.95,
    "only_ascending": false,
    "sideways_threshold_pct": 10.0,
    "support_cutoff": 0.2,
    "resistance_cutoff": 0.8,
    "prior_trend_weeks": 20,
    "recent_trend_weeks": 6
  },
  "count": 20,
  "data": [
    {
      "ticker": "WCC",
      "slope": 0.01411126468597738,
      "r2": 0.9203771342847721,
      "inside": 1.0,
      "near_upper": 0.05128205128205128,
      "near_lower": 0.05128205128205128,
      "pos": 0.41772450375735637,
      "k": 2.0,
      "lookback": 39.0,
      "annual_trend_pct": 108.2951261269724,
      "trend_type": "Ascending",
      "near_support": false,
      "near_resistance": false,
      "action_zone": "Mid Channel",
      "prior_trend_weeks": 20,
      "recent_trend_weeks": 6,
      "prior_trend_pct": 119.58646034637694,
      "prior_trend_type": "Ascending",
      "recent_trend_pct": 263.3884001983697,
      "recent_trend_type": "Ascending",
      "previously_descending": false,
      "rank_score": 0.9184161167666505
    },
    {
      "ticker": "XPRO",
      "slope": 0.01767138020150195,
      "r2": 0.8888023838687812,
      "inside": 0.9487179487179487,
      "near_upper": 0.05128205128205128,
      "near_lower": 0.05128205128205128,
      "pos": 0.3514686492241071,
      "k": 2.0,
      "lookback": 39.0,
      "annual_trend_pct": 150.6561191321541,
      "trend_type": "Ascending",
      "near_support": false,
      "near_resistance": false,
      "action_zone": "Mid Channel",
      "prior_trend_weeks": 20,
      "recent_trend_weeks": 6,
      "prior_trend_pct": 113.14382047002924,
      "prior_trend_type": "Ascending",
      "recent_trend_pct": 749.1723396043087,
      "recent_trend_type": "Ascending",
      "previously_descending": false,
      "rank_score": 0.8887415064991594
    },
    {
      "ticker": "WTM",
      "slope": 0.007372473234023014,
      "r2": 0.842818542708718,
      "inside": 0.9615384615384616,
      "near_upper": 0.038461538461538464,
      "near_lower": 0.038461538461538464,
      "pos": 0.2227025317172028,
      "k": 2.0,
      "lookback": 26.0,
      "annual_trend_pct": 46.72187592243326,
      "trend_type": "Ascending",
      "near_support": false,
      "near_resistance": false,
      "action_zone": "Mid Channel",
      "prior_trend_weeks": 20,
      "recent_trend_weeks": 6,
      "prior_trend_pct": 51.70939680014099,
      "prior_trend_type": "Ascending",
      "recent_trend_pct": -2.1459526698501596,
      "recent_trend_type": "Sideways",
      "previously_descending": false,
      "rank_score": 0.8837544027980234
    },
    {
      "ticker": "WFC",
      "slope": 0.006380589936548293,
      "r2": 0.7893151484669694,
      "inside": 0.9743589743589743,
      "near_upper": 0.05128205128205128,
      "near_lower": 0.05128205128205128,
      "pos": 0.0709301801280001,
      "k": 2.0,
      "lookback": 39.0,
      "annual_trend_pct": 39.346113409997095,
      "trend_type": "Ascending",
      "near_support": true,
      "near_resistance": false,
      "action_zone": "Near Support",
      "prior_trend_weeks": 20,
      "recent_trend_weeks": 6,
      "prior_trend_pct": 48.99598738467501,
      "prior_trend_type": "Ascending",
      "recent_trend_pct": -57.255076943698846,
      "recent_trend_type": "Descending",
      "previously_descending": false,
      "rank_score": 0.8773081459642744
    },
    {
      "ticker": "WEA",
      "slope": 0.002767742768929983,
      "r2": 0.885001542294397,
      "inside": 0.9230769230769231,
      "near_upper": 0.10256410256410256,
      "near_lower": 0.05128205128205128,
      "pos": 0.4293222205395688,
      "k": 2.0,
      "lookback": 39.0,
      "annual_trend_pct": 15.479475165115296,
      "trend_type": "Ascending",
      "near_support": false,
      "near_resistance": false,
      "action_zone": "Mid Channel",
      "prior_trend_weeks": 20,
      "recent_trend_weeks": 6,
      "prior_trend_pct": 11.093452280376725,
      "prior_trend_type": "Ascending",
      "recent_trend_pct": 41.12679770945527,
      "recent_trend_type": "Ascending",
      "previously_descending": false,
      "rank_score": 0.8687993183240108
    },
    {
      "ticker": "WPP",
      "slope": -0.01640832006140296,
      "r2": 0.8673372834097217,
      "inside": 0.9615384615384616,
      "near_upper": 0.038461538461538464,
      "near_lower": 0.057692307692307696,
      "pos": 0.7281222987467179,
      "k": 2.0,
      "lookback": 52.0,
      "annual_trend_pct": -57.3964517186907,
      "trend_type": "Descending",
      "near_support": false,
      "near_resistance": false,
      "action_zone": "Mid Channel",
      "prior_trend_weeks": 20,
      "recent_trend_weeks": 6,
      "prior_trend_pct": -59.27814175504567,
      "prior_trend_type": "Descending",
      "recent_trend_pct": -53.405930361014384,
      "recent_trend_type": "Descending",
      "previously_descending": true,
      "rank_score": 0.8454717964455738
    },
    {
      "ticker": "YRD",
      "slope": -0.019788526443943792,
      "r2": 0.7891635506536002,
      "inside": 0.9615384615384616,
      "near_upper": 0.07692307692307693,
      "near_lower": 0.07692307692307693,
      "pos": 0.4396532303575986,
      "k": 2.0,
      "lookback": 26.0,
      "annual_trend_pct": -64.26370600396483,
      "trend_type": "Descending",
      "near_support": false,
      "near_resistance": false,
      "action_zone": "Mid Channel",
      "prior_trend_weeks": 20,
      "recent_trend_weeks": 6,
      "prior_trend_pct": -53.29745245862219,
      "prior_trend_type": "Descending",
      "recent_trend_pct": -42.716016765765616,
      "recent_trend_type": "Descending",
      "previously_descending": true,
      "rank_score": 0.8352318369064249
    },
    {
      "ticker": "YELP",
      "slope": -0.005358328546988226,
      "r2": 0.740039009516287,
      "inside": 0.9615384615384616,
      "near_upper": 0.057692307692307696,
      "near_lower": 0.057692307692307696,
      "pos": 0.33213109164339566,
      "k": 2.0,
      "lookback": 52.0,
      "annual_trend_pct": -24.318245959367758,
      "trend_type": "Descending",
      "near_support": false,
      "near_resistance": false,
      "action_zone": "Mid Channel",
      "prior_trend_weeks": 20,
      "recent_trend_weeks": 6,
      "prior_trend_pct": -21.909100764277266,
      "prior_trend_type": "Descending",
      "recent_trend_pct": -67.212865350827,
      "recent_trend_type": "Descending",
      "previously_descending": true,
      "rank_score": 0.8214217802091887
    },
    {
      "ticker": "ZWS",
      "slope": 0.008765116141093448,
      "r2": 0.748460700580498,
      "inside": 0.9230769230769231,
      "near_upper": 0.038461538461538464,
      "near_lower": 0.057692307692307696,
      "pos": 0.2343565316697242,
      "k": 2.0,
      "lookback": 52.0,
      "annual_trend_pct": 57.74128043679128,
      "trend_type": "Ascending",
      "near_support": false,
      "near_resistance": false,
      "action_zone": "Mid Channel",
      "prior_trend_weeks": 20,
      "recent_trend_weeks": 6,
      "prior_trend_pct": 15.206663185914081,
      "prior_trend_type": "Ascending",
      "recent_trend_pct": -23.225119170508567,
      "recent_trend_type": "Descending",
      "previously_descending": false,
      "rank_score": 0.8200254663540458
    },
    {
      "ticker": "WMS",
      "slope": 0.007835411579184517,
      "r2": 0.765065900401585,
      "inside": 0.9615384615384616,
      "near_upper": 0.09615384615384616,
      "near_lower": 0.057692307692307696,
      "pos": 0.48846195587398966,
      "k": 2.0,
      "lookback": 52.0,
      "annual_trend_pct": 50.29673722483301,
      "trend_type": "Ascending",
      "near_support": false,
      "near_resistance": false,
      "action_zone": "Mid Channel",