{
  "updated_utc": "2026-01-16T20:51:27.517598+00:00",
  "params": {
    "years": 3,
    "lookbacks": [
      26,
      39,
      52
    ],
    "k": 2.0,
    "min_r2": 0.65,
    "min_inside": 0.92,
    "min_touch": 0.03,
    "only_in_channel": true,
    "pos_min": 0.05,
    "pos_max": 0.95,
    "only_ascending": false,
    "sideways_threshold_pct": 10.0,
    "support_cutoff": 0.2,
    "resistance_cutoff": 0.8,
    "prior_trend_weeks": 20,
    "recent_trend_weeks": 6
  },
  "count": 17,
  "data": [
    {
      "ticker": "WCC",
      "slope": 0.01420611813506121,
      "r2": 0.9215498366847474,
      "inside": 1.0,
      "near_upper": 0.05128205128205128,
      "near_lower": 0.05128205128205128,
      "pos": 0.5427437758869653,
      "k": 2.0,
      "lookback": 39.0,
      "annual_trend_pct": 109.32505461724915,
      "trend_type": "Ascending",
      "near_support": false,
      "near_resistance": false,
      "action_zone": "Mid Channel",
      "prior_trend_weeks": 20,
      "recent_trend_weeks": 6,
      "prior_trend_pct": 107.1600013016082,
      "prior_trend_type": "Ascending",
      "recent_trend_pct": 134.1229528816566,
      "recent_trend_type": "Ascending",
      "previously_descending": false,
      "rank_score": 0.9065005407536773
    },
    {
      "ticker": "WIW",
      "slope": 0.002015555018357964,
      "r2": 0.805776400622799,
      "inside": 0.9807692307692307,
      "near_upper": 0.038461538461538464,
      "near_lower": 0.038461538461538464,
      "pos": 0.05910511415244914,
      "k": 2.0,
      "lookback": 52.0,
      "annual_trend_pct": 11.049833047807468,
      "trend_type": "Ascending",
      "near_support": true,
      "near_resistance": false,
      "action_zone": "Near Support",
      "prior_trend_weeks": 20,
      "recent_trend_weeks": 6,
      "prior_trend_pct": 8.97161518015459,
      "prior_trend_type": "Sideways",
      "recent_trend_pct": 1.10637067139574,
      "recent_trend_type": "Sideways",
      "previously_descending": false,
      "rank_score": 0.8892853812038469
    },
    {
      "ticker": "WTM",
      "slope": 0.007273396122580066,
      "r2": 0.8346321898240837,
      "inside": 0.9615384615384616,
      "near_upper": 0.038461538461538464,
      "near_lower": 0.038461538461538464,
      "pos": 0.31887934398424955,
      "k": 2.0,
      "lookback": 26.0,
      "annual_trend_pct": 45.96790727519107,
      "trend_type": "Ascending",
      "near_support": false,
      "near_resistance": false,
      "action_zone": "Mid Channel",
      "prior_trend_weeks": 20,
      "recent_trend_weeks": 6,
      "prior_trend_pct": 45.09992889129926,
      "prior_trend_type": "Ascending",
      "recent_trend_pct": -3.9570991986370263,
      "recent_trend_type": "Sideways",
      "previously_descending": false,
      "rank_score": 0.8700435451290015
    },
    {
      "ticker": "WK",
      "slope": 0.00931943521536657,
      "r2": 0.7615277338831846,
      "inside": 1.0,
      "near_upper": 0.05128205128205128,
      "near_lower": 0.05128205128205128,
      "pos": 0.12838332324653023,
      "k": 2.0,
      "lookback": 39.0,
      "annual_trend_pct": 62.354272887155716,
      "trend_type": "Ascending",
      "near_support": true,
      "near_resistance": false,
      "action_zone": "Near Support",
      "prior_trend_weeks": 20,
      "recent_trend_weeks": 6,
      "prior_trend_pct": 88.65641577081476,
      "prior_trend_type": "Ascending",
      "recent_trend_pct": -12.574468610958755,
      "recent_trend_type": "Descending",
      "previously_descending": false,
      "rank_score": 0.8679255346169393
    },
    {
      "ticker": "XPRO",
      "slope": 0.01776784236149636,
      "r2": 0.8902428233066363,
      "inside": 0.9487179487179487,
      "near_upper": 0.05128205128205128,
      "near_lower": 0.07692307692307693,
      "pos": 0.646467615592005,
      "k": 2.0,
      "lookback": 39.0,
      "annual_trend_pct": 151.91657693256641,
      "trend_type": "Ascending",
      "near_support": false,
      "near_resistance": false,
      "action_zone": "Mid Channel",
      "prior_trend_weeks": 20,
      "recent_trend_weeks": 6,
      "prior_trend_pct": 158.28763362454882,
      "prior_trend_type": "Ascending",
      "recent_trend_pct": 428.5311656783227,
      "recent_trend_type": "Ascending",
      "previously_descending": false,
      "rank_score": 0.8599618295812972
    },
    {
      "ticker": "WPP",
      "slope": -0.01655347561913994,
      "r2": 0.8711727862341131,
      "inside": 0.9615384615384616,
      "near_upper": 0.038461538461538464,
      "near_lower": 0.057692307692307696,
      "pos": 0.775810470373776,
      "k": 2.0,
      "lookback": 52.0,
      "annual_trend_pct": -57.716816500960164,
      "trend_type": "Descending",
      "near_support": false,
      "near_resistance": false,
      "action_zone": "Mid Channel",
      "prior_trend_weeks": 20,
      "recent_trend_weeks": 6,
      "prior_trend_pct": -64.52994357237078,
      "prior_trend_type": "Descending",
      "recent_trend_pct": 3.5906872319514616,
      "recent_trend_type": "Sideways",
      "previously_descending": true,
      "rank_score": 0.8426207306950636
    },
    {
      "ticker": "ZEPP",
      "slope": 0.06972390402524506,
      "r2": 0.7119360037011592,
      "inside": 1.0,
      "near_upper": 0.07692307692307693,
      "near_lower": 0.038461538461538464,
      "pos": 0.15310845692496028,
      "k": 2.0,
      "lookback": 52.0,
      "annual_trend_pct": 3654.885966521805,
      "trend_type": "Ascending",
      "near_support": true,
      "near_resistance": false,
      "action_zone": "Near Support",
      "prior_trend_weeks": 20,
      "recent_trend_weeks": 6,
      "prior_trend_pct": 123.67641203659767,
      "prior_trend_type": "Ascending",
      "recent_trend_pct": -83.98122897315778,
      "recent_trend_type": "Descending",
      "previously_descending": false,
      "rank_score": 0.8406571561580837
    },
    {
      "ticker": "YRD",
      "slope": -0.01895202509988958,
      "r2": 0.7693387602256645,
      "inside": 0.9615384615384616,
      "near_upper": 0.07692307692307693,
      "near_lower": 0.038461538461538464,
      "pos": 0.40796273100595776,
      "k": 2.0,
      "lookback": 26.0,
      "annual_trend_pct": -62.67494261767368,
      "trend_type": "Descending",
      "near_support": false,
      "near_resistance": false,
      "action_zone": "Mid Channel",
      "prior_trend_weeks": 20,
      "recent_trend_weeks": 6,
      "prior_trend_pct": -48.323574918791245,
      "prior_trend_type": "Descending",
      "recent_trend_pct": -62.44421545498228,
      "recent_trend_type": "Descending",
      "previously_descending": true,
      "rank_score": 0.8284884916276211
    },
    {
      "ticker": "WFC",
      "slope": 0.007774393923802749,
      "r2": 0.7339373821881912,
      "inside": 0.9230769230769231,
      "near_upper": 0.038461538461538464,
      "near_lower": 0.038461538461538464,
      "pos": 0.11628021551222945,
      "k": 2.0,
      "lookback": 26.0,
      "annual_trend_pct": 49.82061373980062,
      "trend_type": "Ascending",
      "near_support": true,
      "near_resistance": false,
      "action_zone": "Near Support",
      "prior_trend_weeks": 20,
      "recent_trend_weeks": 6,
      "prior_trend_pct": 34.632142861361245,
      "prior_trend_type": "Ascending",
      "recent_trend_pct": -20.308973397779262,
      "recent_trend_type": "Descending",
      "previously_descending": false,
      "rank_score": 0.8245714387736419
    },
    {
      "ticker": "YELP",
      "slope": -0.005305276891372029,
      "r2": 0.7381253489081967,
      "inside": 0.9615384615384616,
      "near_upper": 0.057692307692307696,
      "near_lower": 0.057692307692307696,
      "pos": 0.3137707509196855,
      "k": 2.0,
      "lookback": 52.0,
      "annual_trend_pct": -24.10917550979533,
      "trend_type": "Descending",
      "near_support": false,
      "near_resistance": false,
      "action_zone": "Mid Channel",
      "prior_trend_weeks": 20,