{
  "updated_utc": "2026-01-22T20:54:37.255946+00:00",
  "params": {
    "years": 3,
    "lookbacks": [
      26,
      39,
      52
    ],
    "k": 2.0,
    "min_r2": 0.65,
    "min_inside": 0.92,
    "min_touch": 0.03,
    "only_in_channel": true,
    "pos_min": 0.05,
    "pos_max": 0.95,
    "only_ascending": false,
    "sideways_threshold_pct": 10.0,
    "support_cutoff": 0.2,
    "resistance_cutoff": 0.8,
    "prior_trend_weeks": 20,
    "recent_trend_weeks": 6
  },
  "count": 19,
  "data": [
    {
      "ticker": "ZTR",
      "slope": 0.004038200223733839,
      "r2": 0.8832316264637027,
      "inside": 0.9615384615384616,
      "near_upper": 0.038461538461538464,
      "near_lower": 0.057692307692307696,
      "pos": 0.14438513639365408,
      "k": 2.0,
      "lookback": 52.0,
      "annual_trend_pct": 23.366129640183033,
      "trend_type": "Ascending",
      "near_support": true,
      "near_resistance": false,
      "action_zone": "Near Support",
      "prior_trend_weeks": 20,
      "recent_trend_weeks": 6,
      "prior_trend_pct": 21.132757179217478,
      "prior_trend_type": "Ascending",
      "recent_trend_pct": 13.844510345324256,
      "recent_trend_type": "Ascending",
      "previously_descending": false,
      "rank_score": 0.9117926842078705
    },
    {
      "ticker": "WCC",
      "slope": 0.014273864404975724,
      "r2": 0.9217919598868048,
      "inside": 1.0,
      "near_upper": 0.05128205128205128,
      "near_lower": 0.05128205128205128,
      "pos": 0.6188077164284576,
      "k": 2.0,
      "lookback": 39.0,
      "annual_trend_pct": 110.06376658858201,
      "trend_type": "Ascending",
      "near_support": false,
      "near_resistance": false,
      "action_zone": "Mid Channel",
      "prior_trend_weeks": 20,
      "recent_trend_weeks": 6,
      "prior_trend_pct": 119.58646034637694,
      "prior_trend_type": "Ascending",
      "recent_trend_pct": 397.4627710305359,
      "recent_trend_type": "Ascending",
      "previously_descending": false,
      "rank_score": 0.8990152083005566
    },
    {
      "ticker": "WIW",
      "slope": 0.0019502381143876458,
      "r2": 0.7897830807002552,
      "inside": 0.9807692307692307,
      "near_upper": 0.038461538461538464,
      "near_lower": 0.038461538461538464,
      "pos": 0.0883921116616278,
      "k": 2.0,
      "lookback": 52.0,
      "annual_trend_pct": 10.673294435916535,
      "trend_type": "Ascending",
      "near_support": true,
      "near_resistance": false,
      "action_zone": "Near Support",
      "prior_trend_weeks": 20,
      "recent_trend_weeks": 6,
      "prior_trend_pct": 5.921202226819089,
      "prior_trend_type": "Sideways",
      "recent_trend_pct": 6.499105861100318,
      "recent_trend_type": "Sideways",
      "previously_descending": false,
      "rank_score": 0.8783600214916572
    },
    {
      "ticker": "WEA",
      "slope": 0.0027506588977773104,
      "r2": 0.8827679490634116,
      "inside": 0.9230769230769231,
      "near_upper": 0.10256410256410256,
      "near_lower": 0.05128205128205128,
      "pos": 0.34209066605941674,
      "k": 2.0,
      "lookback": 39.0,
      "annual_trend_pct": 15.376933222331868,
      "trend_type": "Ascending",
      "near_support": false,
      "near_resistance": false,
      "action_zone": "Mid Channel",
      "prior_trend_weeks": 20,
      "recent_trend_weeks": 6,
      "prior_trend_pct": 11.093452397296733,
      "prior_trend_type": "Ascending",
      "recent_trend_pct": 36.546468413228105,
      "recent_trend_type": "Ascending",
      "previously_descending": false,
      "rank_score": 0.8764056771565334
    },
    {
      "ticker": "WTM",
      "slope": 0.007507883233317514,
      "r2": 0.8532065141277747,
      "inside": 0.9615384615384616,
      "near_upper": 0.038461538461538464,
      "near_lower": 0.038461538461538464,
      "pos": 0.35862722903171224,
      "k": 2.0,
      "lookback": 26.0,
      "annual_trend_pct": 47.758637397491114,
      "trend_type": "Ascending",
      "near_support": false,
      "near_resistance": false,
      "action_zone": "Mid Channel",
      "prior_trend_weeks": 20,
      "recent_trend_weeks": 6,
      "prior_trend_pct": 51.70939680014099,
      "prior_trend_type": "Ascending",
      "recent_trend_pct": 10.07563156976401,
      "recent_trend_type": "Ascending",
      "previously_descending": false,
      "rank_score": 0.8753559187761007
    },
    {
      "ticker": "XPRO",
      "slope": 0.01788165853758389,
      "r2": 0.8920934200903325,
      "inside": 0.9487179487179487,
      "near_upper": 0.05128205128205128,
      "near_lower": 0.07692307692307693,
      "pos": 0.5244463129185264,
      "k": 2.0,
      "lookback": 39.0,
      "annual_trend_pct": 153.41195114666024,
      "trend_type": "Ascending",
      "near_support": false,
      "near_resistance": false,
      "action_zone": "Mid Channel",
      "prior_trend_weeks": 20,
      "recent_trend_weeks": 6,
      "prior_trend_pct": 113.14382047002924,
      "prior_trend_type": "Ascending",
      "recent_trend_pct": 1174.615372254646,
      "recent_trend_type": "Ascending",
      "previously_descending": false,
      "rank_score": 0.8730892582404931
    },
    {
      "ticker": "YRD",
      "slope": -0.01979396532678054,
      "r2": 0.7892284825875943,
      "inside": 0.9615384615384616,
      "near_upper": 0.07692307692307693,
      "near_lower": 0.07692307692307693,
      "pos": 0.437920099214865,
      "k": 2.0,
      "lookback": 26.0,
      "annual_trend_pct": -64.27381158169342,
      "trend_type": "Descending",
      "near_support": false,
      "near_resistance": false,
      "action_zone": "Mid Channel",
      "prior_trend_weeks": 20,
      "recent_trend_weeks": 6,
      "prior_trend_pct": -53.29745245862219,
      "prior_trend_type": "Descending",
      "recent_trend_pct": -42.98616864382219,
      "recent_trend_type": "Descending",
      "previously_descending": true,
      "rank_score": 0.8354376159876953
    },
    {
      "ticker": "WPC",
      "slope": 0.0038342013125920735,
      "r2": 0.7786918730575901,
      "inside": 0.9423076923076923,
      "near_upper": 0.057692307692307696,
      "near_lower": 0.09615384615384616,
      "pos": 0.46264436055466246,
      "k": 2.0,
      "lookback": 52.0,
      "annual_trend_pct": 22.064385343840208,
      "trend_type": "Ascending",
      "near_support": false,
      "near_resistance": false,
      "action_zone": "Mid Channel",
      "prior_trend_weeks": 20,
      "recent_trend_weeks": 6,
      "prior_trend_pct": 7.303547609990835,
      "prior_trend_type": "Sideways",
      "recent_trend_pct": 165.49618128921765,
      "recent_trend_type": "Ascending",
      "previously_descending": false,
      "rank_score": 0.8200045773964056
    },
    {
      "ticker": "WMS",
      "slope": 0.007828117211924028,
      "r2": 0.7647058785444208,
      "inside": 0.9615384615384616,
      "near_upper": 0.09615384615384616,
      "near_lower": 0.057692307692307696,
      "pos": 0.47668529071192345,
      "k": 2.0,
      "lookback": 52.0,
      "annual_trend_pct": 50.239739416185756,
      "trend_type": "Ascending",
      "near_support": false,
      "near_resistance": false,
      "action_zone": "Mid Channel",
      "prior_trend_weeks": 20,
      "recent_trend_weeks": 6,
      "prior_trend_pct": 40.85413490343637,
      "prior_trend_type": "Ascending",
      "recent_trend_pct": 97.83520797411727,
      "recent_trend_type": "Ascending",
      "previously_descending": false,
      "rank_score": 0.8192997948164027
    },
    {
      "ticker": "YETI",
      "slope": 0.01575538820931901,
      "r2": 0.7443042285446456,
      "inside": 1.0,
      "near_upper": 0.038461538461538464,
      "near_lower": 0.07692307692307693,
      "pos": 0.6423096248656127,
      "k": 2.0,
      "lookback": 26.0,
      "annual_trend_pct": 126.88660900377884,
      "trend_type": "Ascending",
      "near_support": false,
      "near_resistance": false,
      "action_zone": "Mid Channel",