{
  "updated_utc": "2026-01-21T21:00:52.713024+00:00",
  "params": {
    "years": 3,
    "lookbacks": [
      26,
      39,
      52
    ],
    "k": 2.0,
    "min_r2": 0.65,
    "min_inside": 0.92,
    "min_touch": 0.03,
    "only_in_channel": true,
    "pos_min": 0.05,
    "pos_max": 0.95,
    "only_ascending": false,
    "sideways_threshold_pct": 10.0,
    "support_cutoff": 0.2,
    "resistance_cutoff": 0.8,
    "prior_trend_weeks": 20,
    "recent_trend_weeks": 6
  },
  "count": 20,
  "data": [
    {
      "ticker": "ZTR",
      "slope": 0.004026094203661918,
      "r2": 0.8810522526211336,
      "inside": 0.9615384615384616,
      "near_upper": 0.038461538461538464,
      "near_lower": 0.07692307692307693,
      "pos": 0.08966376786220039,
      "k": 2.0,
      "lookback": 52.0,
      "annual_trend_pct": 23.2884934914668,
      "trend_type": "Ascending",
      "near_support": true,
      "near_resistance": false,
      "action_zone": "Near Support",
      "prior_trend_weeks": 20,
      "recent_trend_weeks": 6,
      "prior_trend_pct": 21.132749877803313,
      "prior_trend_type": "Ascending",
      "recent_trend_pct": 9.23789367930372,
      "recent_trend_type": "Sideways",
      "previously_descending": false,
      "rank_score": 0.9161751341397314
    },
    {
      "ticker": "WCC",
      "slope": 0.014223500417996393,
      "r2": 0.9216507745558874,
      "inside": 1.0,
      "near_upper": 0.05128205128205128,
      "near_lower": 0.05128205128205128,
      "pos": 0.5567122112656383,
      "k": 2.0,
      "lookback": 39.0,
      "annual_trend_pct": 109.51434461284899,
      "trend_type": "Ascending",
      "near_support": false,
      "near_resistance": false,
      "action_zone": "Mid Channel",
      "prior_trend_weeks": 20,
      "recent_trend_weeks": 6,
      "prior_trend_pct": 119.58647530962966,
      "prior_trend_type": "Ascending",
      "recent_trend_pct": 351.3514339778486,
      "recent_trend_type": "Ascending",
      "previously_descending": false,
      "rank_score": 0.9051541661513798
    },
    {
      "ticker": "WIW",
      "slope": 0.0019484917560897812,
      "r2": 0.7889123314133394,
      "inside": 0.9807692307692307,
      "near_upper": 0.038461538461538464,
      "near_lower": 0.038461538461538464,
      "pos": 0.07694526262305047,
      "k": 2.0,
      "lookback": 52.0,
      "annual_trend_pct": 10.6632445804836,
      "trend_type": "Ascending",
      "near_support": true,
      "near_resistance": false,
      "action_zone": "Near Support",
      "prior_trend_weeks": 20,
      "recent_trend_weeks": 6,
      "prior_trend_pct": 5.921195818100244,
      "prior_trend_type": "Sideways",
      "recent_trend_pct": 5.865999515908182,
      "recent_trend_type": "Sideways",
      "previously_descending": false,
      "rank_score": 0.8790693317520569
    },
    {
      "ticker": "WEA",
      "slope": 0.0027506251683707588,
      "r2": 0.8827627757387281,
      "inside": 0.9230769230769231,
      "near_upper": 0.10256410256410256,
      "near_lower": 0.05128205128205128,
      "pos": 0.34191641588186356,
      "k": 2.0,
      "lookback": 39.0,
      "annual_trend_pct": 15.376730859543986,
      "trend_type": "Ascending",
      "near_support": false,
      "near_resistance": false,
      "action_zone": "Mid Channel",
      "prior_trend_weeks": 20,
      "recent_trend_weeks": 6,
      "prior_trend_pct": 11.093461638410362,
      "prior_trend_type": "Ascending",
      "recent_trend_pct": 36.53740789165811,
      "recent_trend_type": "Ascending",
      "previously_descending": false,
      "rank_score": 0.8764205155119469
    },
    {
      "ticker": "WTM",
      "slope": 0.007521080117385002,
      "r2": 0.8539944538396141,
      "inside": 0.9615384615384616,
      "near_upper": 0.038461538461538464,
      "near_lower": 0.038461538461538464,
      "pos": 0.3723003041562863,
      "k": 2.0,
      "lookback": 26.0,
      "annual_trend_pct": 47.860069784488935,
      "trend_type": "Ascending",
      "near_support": false,
      "near_resistance": false,
      "action_zone": "Mid Channel",
      "prior_trend_weeks": 20,
      "recent_trend_weeks": 6,
      "prior_trend_pct": 51.70939680014099,
      "prior_trend_type": "Ascending",
      "recent_trend_pct": 11.34546514946293,
      "recent_trend_type": "Ascending",
      "previously_descending": false,
      "rank_score": 0.8743825811195631
    },
    {
      "ticker": "XPRO",
      "slope": 0.017888832133449925,
      "r2": 0.892156014305679,
      "inside": 0.9487179487179487,
      "near_upper": 0.05128205128205128,
      "near_lower": 0.07692307692307693,
      "pos": 0.530370705014479,
      "k": 2.0,
      "lookback": 39.0,
      "annual_trend_pct": 153.506498275987,
      "trend_type": "Ascending",
      "near_support": false,
      "near_resistance": false,
      "action_zone": "Mid Channel",
      "prior_trend_weeks": 20,
      "recent_trend_weeks": 6,
      "prior_trend_pct": 113.14382047002924,
      "prior_trend_type": "Ascending",
      "recent_trend_pct": 1192.3984456659173,
      "recent_trend_type": "Ascending",
      "previously_descending": false,
      "rank_score": 0.8725281161385711
    },
    {
      "ticker": "YRD",
      "slope": -0.019986535833856997,
      "r2": 0.7910266447153776,
      "inside": 1.0,
      "near_upper": 0.07692307692307693,
      "near_lower": 0.07692307692307693,
      "pos": 0.3769116552802776,
      "k": 2.0,
      "lookback": 26.0,
      "annual_trend_pct": -64.62977648175716,
      "trend_type": "Descending",
      "near_support": false,
      "near_resistance": false,
      "action_zone": "Mid Channel",
      "prior_trend_weeks": 20,
      "recent_trend_weeks": 6,
      "prior_trend_pct": -53.29745245862219,
      "prior_trend_type": "Descending",
      "recent_trend_pct": -51.772827209539244,
      "recent_trend_type": "Descending",
      "previously_descending": true,
      "rank_score": 0.8578221568296611
    },
    {
      "ticker": "WPP",
      "slope": -0.016371176218294262,
      "r2": 0.866026358682433,
      "inside": 0.9807692307692307,
      "near_upper": 0.038461538461538464,
      "near_lower": 0.057692307692307696,
      "pos": 0.767790021676666,
      "k": 2.0,
      "lookback": 52.0,
      "annual_trend_pct": -57.31408430410882,
      "trend_type": "Descending",
      "near_support": false,
      "near_resistance": false,
      "action_zone": "Mid Channel",
      "prior_trend_weeks": 20,
      "recent_trend_weeks": 6,
      "prior_trend_pct": -59.27814175504567,
      "prior_trend_type": "Descending",
      "recent_trend_pct": -47.10986277860781,
      "recent_trend_type": "Descending",
      "previously_descending": true,
      "rank_score": 0.8485418694812423
    },
    {
      "ticker": "WMS",
      "slope": 0.007859227690411754,
      "r2": 0.7661192410731867,
      "inside": 0.9615384615384616,
      "near_upper": 0.09615384615384616,
      "near_lower": 0.057692307692307696,
      "pos": 0.5269152540640193,
      "k": 2.0,
      "lookback": 52.0,
      "annual_trend_pct": 50.48298568775884,
      "trend_type": "Ascending",
      "near_support": false,
      "near_resistance": false,
      "action_zone": "Mid Channel",
      "prior_trend_weeks": 20,
      "recent_trend_weeks": 6,
      "prior_trend_pct": 40.85413490343637,
      "prior_trend_type": "Ascending",
      "recent_trend_pct": 119.9915319455834,
      "recent_trend_type": "Ascending",
      "previously_descending": false,
      "rank_score": 0.8149834797455762
    },
    {
      "ticker": "YELP",
      "slope": -0.005327545904184554,
      "r2": 0.7390116387898935,
      "inside": 0.9615384615384616,
      "near_upper": 0.057692307692307696,
      "near_lower": 0.057692307692307696,
      "pos": 0.3997777189565457,
      "k": 2.0,
      "lookback": 52.0,
      "annual_trend_pct": -24.197005361626434,
      "trend_type": "Descending",
      "near_support": false,
      "near_resistance": false,
      "action_zone": "Mid Channel",
      "prior_trend_weeks": 20,