{
  "updated_utc": "2026-01-15T22:13:49.652841+00:00",
  "params": {
    "years": 3,
    "lookbacks": [
      26,
      39,
      52
    ],
    "k": 2.0,
    "min_r2": 0.65,
    "min_inside": 0.92,
    "min_touch": 0.03,
    "only_in_channel": true,
    "pos_min": 0.05,
    "pos_max": 0.95,
    "only_ascending": false,
    "sideways_threshold_pct": 10.0,
    "support_cutoff": 0.2,
    "resistance_cutoff": 0.8,
    "prior_trend_weeks": 20,
    "recent_trend_weeks": 6
  },
  "count": 19,
  "data": [
    {
      "ticker": "XXI",
      "slope": -0.04657607033643211,
      "r2": 0.9237218831676342,
      "inside": 0.9615384615384616,
      "near_upper": 0.038461538461538464,
      "near_lower": 0.038461538461538464,
      "pos": 0.44944278829794326,
      "k": 2.0,
      "lookback": 26.0,
      "annual_trend_pct": -91.12521128343722,
      "trend_type": "Descending",
      "near_support": false,
      "near_resistance": false,
      "action_zone": "Mid Channel",
      "prior_trend_weeks": 20,
      "recent_trend_weeks": 6,
      "prior_trend_pct": -85.55717617132454,
      "prior_trend_type": "Descending",
      "recent_trend_pct": -91.40071406083132,
      "recent_trend_type": "Descending",
      "previously_descending": true,
      "rank_score": 0.9015320473694073
    },
    {
      "ticker": "WCC",
      "slope": 0.014251291875727849,
      "r2": 0.9217415679330723,
      "inside": 1.0,
      "near_upper": 0.05128205128205128,
      "near_lower": 0.05128205128205128,
      "pos": 0.5985588166410444,
      "k": 2.0,
      "lookback": 39.0,
      "annual_trend_pct": 109.81734437177182,
      "trend_type": "Ascending",
      "near_support": false,
      "near_resistance": false,
      "action_zone": "Mid Channel",
      "prior_trend_weeks": 20,
      "recent_trend_weeks": 6,
      "prior_trend_pct": 107.16001308312548,
      "prior_trend_type": "Ascending",
      "recent_trend_pct": 155.46734448208474,
      "recent_trend_type": "Ascending",
      "previously_descending": false,
      "rank_score": 0.9010149023024318
    },
    {
      "ticker": "WIW",
      "slope": 0.002018645695431932,
      "r2": 0.8072536268476262,
      "inside": 0.9807692307692307,
      "near_upper": 0.038461538461538464,
      "near_lower": 0.038461538461538464,
      "pos": 0.07965930777252554,
      "k": 2.0,
      "lookback": 52.0,
      "annual_trend_pct": 11.067681879057956,
      "trend_type": "Ascending",
      "near_support": true,
      "near_resistance": false,
      "action_zone": "Near Support",
      "prior_trend_weeks": 20,
      "recent_trend_weeks": 6,
      "prior_trend_pct": 8.971620136619386,
      "prior_trend_type": "Sideways",
      "recent_trend_pct": 2.178280182462622,
      "recent_trend_type": "Sideways",
      "previously_descending": false,
      "rank_score": 0.887968574954253
    },
    {
      "ticker": "WK",
      "slope": 0.009274318523883886,
      "r2": 0.7567868085034166,
      "inside": 1.0,
      "near_upper": 0.05128205128205128,
      "near_lower": 0.07692307692307693,
      "pos": 0.08729469938074796,
      "k": 2.0,
      "lookback": 39.0,
      "annual_trend_pct": 61.97382518242147,
      "trend_type": "Ascending",
      "near_support": true,
      "near_resistance": false,
      "action_zone": "Near Support",
      "prior_trend_weeks": 20,
      "recent_trend_weeks": 6,
      "prior_trend_pct": 88.65641577081476,
      "prior_trend_type": "Ascending",
      "recent_trend_pct": -19.870210069287666,
      "recent_trend_type": "Descending",
      "previously_descending": false,
      "rank_score": 0.8696639343136335
    },
    {
      "ticker": "WTM",
      "slope": 0.007349716646142369,
      "r2": 0.8397389873998822,
      "inside": 0.9615384615384616,
      "near_upper": 0.038461538461538464,
      "near_lower": 0.038461538461538464,
      "pos": 0.39506520487077873,
      "k": 2.0,
      "lookback": 26.0,
      "annual_trend_pct": 46.54835636752057,
      "trend_type": "Ascending",
      "near_support": false,
      "near_resistance": false,
      "action_zone": "Mid Channel",
      "prior_trend_weeks": 20,
      "recent_trend_weeks": 6,
      "prior_trend_pct": 45.09992889129926,
      "prior_trend_type": "Ascending",
      "recent_trend_pct": 2.6298075938362198,
      "recent_trend_type": "Sideways",
      "previously_descending": false,
      "rank_score": 0.864978357828248
    },
    {
      "ticker": "XPRO",
      "slope": 0.017748942322278524,
      "r2": 0.8902321182706374,
      "inside": 0.9487179487179487,
      "near_upper": 0.05128205128205128,
      "near_lower": 0.07692307692307693,
      "pos": 0.6310341458364914,
      "k": 2.0,
      "lookback": 39.0,
      "annual_trend_pct": 151.66911443026132,
      "trend_type": "Ascending",
      "near_support": false,
      "near_resistance": false,
      "action_zone": "Mid Channel",
      "prior_trend_weeks": 20,
      "recent_trend_weeks": 6,
      "prior_trend_pct": 158.28763362454882,
      "prior_trend_type": "Ascending",
      "recent_trend_pct": 409.5855243195711,
      "recent_trend_type": "Ascending",
      "previously_descending": false,
      "rank_score": 0.8614998240388491
    },
    {
      "ticker": "ZEPP",
      "slope": 0.06968269038017588,
      "r2": 0.7113761441897972,
      "inside": 1.0,
      "near_upper": 0.07692307692307693,
      "near_lower": 0.038461538461538464,
      "pos": 0.1468664853008763,
      "k": 2.0,
      "lookback": 52.0,
      "annual_trend_pct": 3646.847451357802,
      "trend_type": "Ascending",
      "near_support": true,
      "near_resistance": false,
      "action_zone": "Near Support",
      "prior_trend_weeks": 20,
      "recent_trend_weeks": 6,
      "prior_trend_pct": 123.67641203659767,
      "prior_trend_type": "Ascending",
      "recent_trend_pct": -86.08270353500447,
      "recent_trend_type": "Descending",
      "previously_descending": false,
      "rank_score": 0.841001423564811
    },
    {
      "ticker": "WPP",
      "slope": -0.01652493679263879,
      "r2": 0.870086345046106,
      "inside": 0.9615384615384616,
      "near_upper": 0.038461538461538464,
      "near_lower": 0.057692307692307696,
      "pos": 0.8062925228178424,
      "k": 2.0,
      "lookback": 52.0,
      "annual_trend_pct": -57.65402087076596,
      "trend_type": "Descending",
      "near_support": false,
      "near_resistance": true,
      "action_zone": "Near Resistance",
      "prior_trend_weeks": 20,
      "recent_trend_weeks": 6,
      "prior_trend_pct": -64.52994357237078,
      "prior_trend_type": "Descending",
      "recent_trend_pct": 14.1858456694264,
      "recent_trend_type": "Ascending",
      "previously_descending": true,
      "rank_score": 0.8390293048566534
    },
    {
      "ticker": "YRD",
      "slope": -0.01899486729673756,
      "r2": 0.7697859435215981,
      "inside": 0.9615384615384616,
      "near_upper": 0.07692307692307693,
      "near_lower": 0.038461538461538464,
      "pos": 0.39457363296802833,
      "k": 2.0,
      "lookback": 26.0,
      "annual_trend_pct": -62.758002610732355,
      "trend_type": "Descending",
      "near_support": false,
      "near_resistance": false,
      "action_zone": "Mid Channel",
      "prior_trend_weeks": 20,
      "recent_trend_weeks": 6,
      "prior_trend_pct": -48.323574918791245,
      "prior_trend_type": "Descending",
      "recent_trend_pct": -63.8169265181561,
      "recent_trend_type": "Descending",
      "previously_descending": true,
      "rank_score": 0.8300509930793809
    },
    {
      "ticker": "WFC",
      "slope": 0.007836589000376258,
      "r2": 0.7416294623766164,
      "inside": 0.9230769230769231,
      "near_upper": 0.038461538461538464,
      "near_lower": 0.038461538461538464,
      "pos": 0.15563191663406722,
      "k": 2.0,
      "lookback": 26.0,
      "annual_trend_pct": 50.305939559840574,
      "trend_type": "Ascending",
      "near_support": true,
      "near_resistance": false,
      "action_zone": "Near Support",
      "prior_trend_weeks": 20,