{
  "updated_utc": "2026-01-24T20:12:48.621887+00:00",
  "params": {
    "years": 3,
    "lookbacks": [
      26,
      39,
      52
    ],
    "k": 2.0,
    "min_r2": 0.65,
    "min_inside": 0.92,
    "min_touch": 0.03,
    "only_in_channel": true,
    "pos_min": 0.05,
    "pos_max": 0.95,
    "only_ascending": false,
    "sideways_threshold_pct": 10.0,
    "support_cutoff": 0.2,
    "resistance_cutoff": 0.8,
    "prior_trend_weeks": 20,
    "recent_trend_weeks": 6
  },
  "count": 18,
  "data": [
    {
      "ticker": "ZTR",
      "slope": 0.004051880206122958,
      "r2": 0.8853975668047085,
      "inside": 0.9615384615384616,
      "near_upper": 0.038461538461538464,
      "near_lower": 0.057692307692307696,
      "pos": 0.20760419919705672,
      "k": 2.0,
      "lookback": 52.0,
      "annual_trend_pct": 23.45391847818108,
      "trend_type": "Ascending",
      "near_support": false,
      "near_resistance": false,
      "action_zone": "Mid Channel",
      "prior_trend_weeks": 20,
      "recent_trend_weeks": 6,
      "prior_trend_pct": 21.1327520343507,
      "prior_trend_type": "Ascending",
      "recent_trend_pct": 19.284371773026486,
      "recent_trend_type": "Ascending",
      "previously_descending": false,
      "rank_score": 0.9065537480980332
    },
    {
      "ticker": "WCC",
      "slope": 0.014233787421253644,
      "r2": 0.921700945817418,
      "inside": 1.0,
      "near_upper": 0.05128205128205128,
      "near_lower": 0.05128205128205128,
      "pos": 0.5694314528914842,
      "k": 2.0,
      "lookback": 39.0,
      "annual_trend_pct": 109.62644888058159,
      "trend_type": "Ascending",
      "near_support": false,
      "near_resistance": false,
      "action_zone": "Mid Channel",
      "prior_trend_weeks": 20,
      "recent_trend_weeks": 6,
      "prior_trend_pct": 119.58647530962966,
      "prior_trend_type": "Ascending",
      "recent_trend_pct": 360.4088415986832,
      "recent_trend_type": "Ascending",
      "previously_descending": false,
      "rank_score": 0.9039073276195606
    },
    {
      "ticker": "WTM",
      "slope": 0.007448990063750671,
      "r2": 0.8492079391917637,
      "inside": 0.9615384615384616,
      "near_upper": 0.038461538461538464,
      "near_lower": 0.038461538461538464,
      "pos": 0.29841485579434895,
      "k": 2.0,
      "lookback": 26.0,
      "annual_trend_pct": 47.30682689962595,
      "trend_type": "Ascending",
      "near_support": false,
      "near_resistance": false,
      "action_zone": "Mid Channel",
      "prior_trend_weeks": 20,
      "recent_trend_weeks": 6,
      "prior_trend_pct": 51.70939680014099,
      "prior_trend_type": "Ascending",
      "recent_trend_pct": 4.583010152000888,
      "recent_trend_type": "Sideways",
      "previously_descending": false,
      "rank_score": 0.8793778686318315
    },
    {
      "ticker": "WEA",
      "slope": 0.0027437137515268044,
      "r2": 0.8816366060035032,
      "inside": 0.9230769230769231,
      "near_upper": 0.10256410256410256,
      "near_lower": 0.05128205128205128,
      "pos": 0.3070510936915343,
      "k": 2.0,
      "lookback": 39.0,
      "annual_trend_pct": 15.335272642485464,
      "trend_type": "Ascending",
      "near_support": false,
      "near_resistance": false,
      "action_zone": "Mid Channel",
      "prior_trend_weeks": 20,
      "recent_trend_weeks": 6,
      "prior_trend_pct": 11.093447880973217,
      "prior_trend_type": "Ascending",
      "recent_trend_pct": 34.726888211918315,
      "recent_trend_type": "Ascending",
      "previously_descending": false,
      "rank_score": 0.8793439628633675
    },
    {
      "ticker": "WFC",
      "slope": 0.006394991248994826,
      "r2": 0.7915201430809911,
      "inside": 0.9743589743589743,
      "near_upper": 0.05128205128205128,
      "near_lower": 0.05128205128205128,
      "pos": 0.09158330407620438,
      "k": 2.0,
      "lookback": 39.0,
      "annual_trend_pct": 39.45050437236326,
      "trend_type": "Ascending",
      "near_support": true,
      "near_resistance": false,
      "action_zone": "Near Support",
      "prior_trend_weeks": 20,
      "recent_trend_weeks": 6,
      "prior_trend_pct": 48.99598738467501,
      "prior_trend_type": "Ascending",
      "recent_trend_pct": -56.04944055366763,
      "recent_trend_type": "Descending",
      "previously_descending": false,
      "rank_score": 0.8763453308764649
    },
    {
      "ticker": "XPRO",
      "slope": 0.01785283029340519,
      "r2": 0.891809319647389,
      "inside": 0.9487179487179487,
      "near_upper": 0.05128205128205128,
      "near_lower": 0.07692307692307693,
      "pos": 0.5006290198173166,
      "k": 2.0,
      "lookback": 39.0,
      "annual_trend_pct": 153.032353815501,
      "trend_type": "Ascending",
      "near_support": false,
      "near_resistance": false,
      "action_zone": "Mid Channel",
      "prior_trend_weeks": 20,
      "recent_trend_weeks": 6,
      "prior_trend_pct": 113.14382047002924,
      "prior_trend_type": "Ascending",
      "recent_trend_pct": 1105.5848113179088,
      "recent_trend_type": "Ascending",
      "previously_descending": false,
      "rank_score": 0.8753289373291422
    },
    {
      "ticker": "YRD",
      "slope": -0.01996430695111306,
      "r2": 0.7908681575365969,
      "inside": 1.0,
      "near_upper": 0.07692307692307693,
      "near_lower": 0.07692307692307693,
      "pos": 0.38391094356955086,
      "k": 2.0,
      "lookback": 26.0,
      "annual_trend_pct": -64.58886833474638,
      "trend_type": "Descending",
      "near_support": false,
      "near_resistance": false,
      "action_zone": "Mid Channel",
      "prior_trend_weeks": 20,
      "recent_trend_weeks": 6,
      "prior_trend_pct": -53.29745245862219,
      "prior_trend_type": "Descending",
      "recent_trend_pct": -50.8320156197279,
      "recent_trend_type": "Descending",
      "previously_descending": true,
      "rank_score": 0.8570429844113434
    },
    {
      "ticker": "WMS",
      "slope": 0.009632489349833219,
      "r2": 0.8167665218984601,
      "inside": 0.9230769230769231,
      "near_upper": 0.07692307692307693,
      "near_lower": 0.05128205128205128,
      "pos": 0.2746897133021384,
      "k": 2.0,
      "lookback": 39.0,
      "annual_trend_pct": 65.0188371911985,
      "trend_type": "Ascending",
      "near_support": false,
      "near_resistance": false,
      "action_zone": "Mid Channel",
      "prior_trend_weeks": 20,
      "recent_trend_weeks": 6,
      "prior_trend_pct": 40.85413490343637,
      "prior_trend_type": "Ascending",
      "recent_trend_pct": 80.94667828269225,
      "recent_trend_type": "Ascending",
      "previously_descending": false,
      "rank_score": 0.8501450588497854
    },
    {
      "ticker": "YELP",
      "slope": -0.0053436524538959685,
      "r2": 0.7396256652328836,
      "inside": 0.9615384615384616,
      "near_upper": 0.057692307692307696,
      "near_lower": 0.057692307692307696,
      "pos": 0.3643040097711263,
      "k": 2.0,
      "lookback": 52.0,
      "annual_trend_pct": -24.260466866597408,
      "trend_type": "Descending",
      "near_support": false,
      "near_resistance": false,
      "action_zone": "Mid Channel",
      "prior_trend_weeks": 20,
      "recent_trend_weeks": 6,
      "prior_trend_pct": -21.909100764277266,
      "prior_trend_type": "Descending",
      "recent_trend_pct": -65.52915731237012,
      "recent_trend_type": "Descending",
      "previously_descending": true,
      "rank_score": 0.8179978162547138
    },
    {
      "ticker": "WPC",
      "slope": 0.0038680431905443575,
      "r2": 0.7814280351278373,
      "inside": 0.9423076923076923,
      "near_upper": 0.057692307692307696,
      "near_lower": 0.09615384615384616,
      "pos": 0.578656818390551,
      "k": 2.0,
      "lookback": 52.0,
      "annual_trend_pct": 22.279380637932466,
      "trend_type": "Ascending",
      "near_support": false,
      "near_resistance": false,
      "action_zone": "Mid Channel",
      "prior_trend_weeks": 20,