{
  "updated_utc": "2026-01-28T14:13:09.026126+00:00",
  "params": {
    "years": 3,
    "lookbacks": [
      26,
      39,
      52
    ],
    "k": 2.0,
    "min_r2": 0.65,
    "min_inside": 0.92,
    "min_touch": 0.03,
    "only_in_channel": true,
    "pos_min": 0.05,
    "pos_max": 0.95,
    "only_ascending": false,
    "sideways_threshold_pct": 10.0,
    "support_cutoff": 0.2,
    "resistance_cutoff": 0.8,
    "prior_trend_weeks": 20,
    "recent_trend_weeks": 6
  },
  "count": 23,
  "data": [
    {
      "ticker": "WCC",
      "slope": 0.014184598676626522,
      "r2": 0.9214177485864294,
      "inside": 1.0,
      "near_upper": 0.05128205128205128,
      "near_lower": 0.05128205128205128,
      "pos": 0.5223019914539853,
      "k": 2.0,
      "lookback": 39.0,
      "annual_trend_pct": 109.09094841125278,
      "trend_type": "Ascending",
      "near_support": false,
      "near_resistance": false,
      "action_zone": "Mid Channel",
      "prior_trend_weeks": 20,
      "recent_trend_weeks": 6,
      "prior_trend_pct": 113.88953424873608,
      "prior_trend_type": "Ascending",
      "recent_trend_pct": 377.8288269722378,
      "recent_trend_type": "Ascending",
      "previously_descending": false,
      "rank_score": 0.9084786751478162
    },
    {
      "ticker": "XXI",
      "slope": -0.049537813231288544,
      "r2": 0.9375963274972513,
      "inside": 0.9615384615384616,
      "near_upper": 0.038461538461538464,
      "near_lower": 0.038461538461538464,
      "pos": 0.5056401623508964,
      "k": 2.0,
      "lookback": 26.0,
      "annual_trend_pct": -92.39197281871292,
      "trend_type": "Descending",
      "near_support": false,
      "near_resistance": false,
      "action_zone": "Mid Channel",
      "prior_trend_weeks": 20,
      "recent_trend_weeks": 6,
      "prior_trend_pct": -89.21880487209458,
      "prior_trend_type": "Descending",
      "recent_trend_pct": -68.87815276036746,
      "recent_trend_type": "Descending",
      "previously_descending": true,
      "rank_score": 0.9028495321289206
    },
    {
      "ticker": "ZTR",
      "slope": 0.004063146629329237,
      "r2": 0.8868360364483195,
      "inside": 0.9615384615384616,
      "near_upper": 0.038461538461538464,
      "near_lower": 0.057692307692307696,
      "pos": 0.29044917157016087,
      "k": 2.0,
      "lookback": 52.0,
      "annual_trend_pct": 23.526265641336042,
      "trend_type": "Ascending",
      "near_support": false,
      "near_resistance": false,
      "action_zone": "Mid Channel",
      "prior_trend_weeks": 20,
      "recent_trend_weeks": 6,
      "prior_trend_pct": 16.0500594138415,
      "prior_trend_type": "Ascending",
      "recent_trend_pct": 31.811270545900783,
      "recent_trend_type": "Ascending",
      "previously_descending": false,
      "rank_score": 0.8989884856825283
    },
    {
      "ticker": "WTM",
      "slope": 0.0073825743922655875,
      "r2": 0.8437177824789714,
      "inside": 0.9615384615384616,
      "near_upper": 0.038461538461538464,
      "near_lower": 0.038461538461538464,
      "pos": 0.23087322113692013,
      "k": 2.0,
      "lookback": 26.0,
      "annual_trend_pct": 46.79896333222582,
      "trend_type": "Ascending",
      "near_support": false,
      "near_resistance": false,
      "action_zone": "Mid Channel",
      "prior_trend_weeks": 20,
      "recent_trend_weeks": 6,
      "prior_trend_pct": 55.15257557226494,
      "prior_trend_type": "Ascending",
      "recent_trend_pct": 0.20410751247033065,
      "recent_trend_type": "Sideways",
      "previously_descending": false,
      "rank_score": 0.8833869537411784
    },
    {
      "ticker": "XPRO",
      "slope": 0.01799135007974223,
      "r2": 0.8942656734343911,
      "inside": 0.9487179487179487,
      "near_upper": 0.05128205128205128,
      "near_lower": 0.07692307692307693,
      "pos": 0.4616020444384418,
      "k": 2.0,
      "lookback": 39.0,
      "annual_trend_pct": 154.86153307685325,
      "trend_type": "Ascending",
      "near_support": false,
      "near_resistance": false,
      "action_zone": "Mid Channel",
      "prior_trend_weeks": 20,
      "recent_trend_weeks": 6,
      "prior_trend_pct": 87.64928556747434,
      "prior_trend_type": "Ascending",
      "recent_trend_pct": 821.9175434948372,
      "recent_trend_type": "Ascending",
      "previously_descending": false,
      "rank_score": 0.8804598117605309
    },
    {
      "ticker": "XYF",
      "slope": -0.047073007654867965,
      "r2": 0.8507953309927161,
      "inside": 1.0,
      "near_upper": 0.038461538461538464,
      "near_lower": 0.038461538461538464,
      "pos": 0.6036463187544556,
      "k": 2.0,
      "lookback": 26.0,
      "annual_trend_pct": -91.3516047116583,
      "trend_type": "Descending",
      "near_support": false,
      "near_resistance": false,
      "action_zone": "Mid Channel",
      "prior_trend_weeks": 20,
      "recent_trend_weeks": 6,
      "prior_trend_pct": -89.79290678174587,
      "prior_trend_type": "Descending",
      "recent_trend_pct": 32.861083414686476,
      "recent_trend_type": "Ascending",
      "previously_descending": true,
      "rank_score": 0.8650330336209126
    },
    {
      "ticker": "WMS",
      "slope": 0.009566876589443966,
      "r2": 0.8124370982213621,
      "inside": 0.9487179487179487,
      "near_upper": 0.07692307692307693,
      "near_lower": 0.05128205128205128,
      "pos": 0.24609264528684588,
      "k": 2.0,
      "lookback": 39.0,
      "annual_trend_pct": 64.456774822423,
      "trend_type": "Ascending",
      "near_support": false,
      "near_resistance": false,
      "action_zone": "Mid Channel",
      "prior_trend_weeks": 20,
      "recent_trend_weeks": 6,
      "prior_trend_pct": 22.002549389028616,
      "prior_trend_type": "Ascending",
      "recent_trend_pct": 31.464135374170255,
      "recent_trend_type": "Ascending",
      "previously_descending": false,
      "rank_score": 0.8610964640691761
    },
    {
      "ticker": "WLY",
      "slope": -0.012749643498461862,
      "r2": 0.8525589399776736,
      "inside": 0.9615384615384616,
      "near_upper": 0.038461538461538464,
      "near_lower": 0.11538461538461539,
      "pos": 0.6874208002327712,
      "k": 2.0,
      "lookback": 26.0,
      "annual_trend_pct": -48.46873431861557,
      "trend_type": "Descending",
      "near_support": false,
      "near_resistance": false,
      "action_zone": "Mid Channel",
      "prior_trend_weeks": 20,
      "recent_trend_weeks": 6,
      "prior_trend_pct": -47.55182074102932,
      "prior_trend_type": "Descending",
      "recent_trend_pct": 28.422266945598686,
      "recent_trend_type": "Ascending",
      "previously_descending": true,
      "rank_score": 0.8421527745809443
    },
    {
      "ticker": "YELP",
      "slope": -0.0053593120712592075,
      "r2": 0.739581102403363,
      "inside": 0.9615384615384616,
      "near_upper": 0.057692307692307696,
      "near_lower": 0.038461538461538464,
      "pos": 0.22366125716777155,
      "k": 2.0,
      "lookback": 52.0,
      "annual_trend_pct": -24.322116472174006,
      "trend_type": "Descending",
      "near_support": false,
      "near_resistance": false,
      "action_zone": "Mid Channel",
      "prior_trend_weeks": 20,
      "recent_trend_weeks": 6,
      "prior_trend_pct": -17.21327399015594,
      "prior_trend_type": "Descending",
      "recent_trend_pct": -70.51491534374547,
      "recent_trend_type": "Descending",
      "previously_descending": true,
      "rank_score": 0.832039810100289
    },
    {
      "ticker": "WPC",
      "slope": 0.003727710028772929,
      "r2": 0.7853863379840681,
      "inside": 0.9807692307692307,
      "near_upper": 0.057692307692307696,
      "near_lower": 0.07692307692307693,
      "pos": 0.5458029569403428,
      "k": 2.0,
      "lookback": 52.0,
      "annual_trend_pct": 21.390316169718957,
      "trend_type": "Ascending",
      "near_support": false,
      "near_resistance": false,
      "action_zone": "Mid Channel",