{
  "updated_utc": "2026-01-23T20:50:47.246372+00:00",
  "params": {
    "years": 3,
    "lookbacks": [
      26,
      39,
      52
    ],
    "k": 2.0,
    "min_r2": 0.65,
    "min_inside": 0.92,
    "min_touch": 0.03,
    "only_in_channel": true,
    "pos_min": 0.05,
    "pos_max": 0.95,
    "only_ascending": false,
    "sideways_threshold_pct": 10.0,
    "support_cutoff": 0.2,
    "resistance_cutoff": 0.8,
    "prior_trend_weeks": 20,
    "recent_trend_weeks": 6
  },
  "count": 16,
  "data": [
    {
      "ticker": "ZTR",
      "slope": 0.004051880758098107,
      "r2": 0.88539771704535,
      "inside": 0.9615384615384616,
      "near_upper": 0.038461538461538464,
      "near_lower": 0.057692307692307696,
      "pos": 0.20760398868539776,
      "k": 2.0,
      "lookback": 52.0,
      "annual_trend_pct": 23.45392202164287,
      "trend_type": "Ascending",
      "near_support": false,
      "near_resistance": false,
      "action_zone": "Mid Channel",
      "prior_trend_weeks": 20,
      "recent_trend_weeks": 6,
      "prior_trend_pct": 21.132724959504223,
      "prior_trend_type": "Ascending",
      "recent_trend_pct": 19.28437177302611,
      "recent_trend_type": "Ascending",
      "previously_descending": false,
      "rank_score": 0.9065538442695198
    },
    {
      "ticker": "WCC",
      "slope": 0.014218784242915797,
      "r2": 0.9216240852578654,
      "inside": 1.0,
      "near_upper": 0.05128205128205128,
      "near_lower": 0.05128205128205128,
      "pos": 0.5508776638615734,
      "k": 2.0,
      "lookback": 39.0,
      "annual_trend_pct": 109.46296938354875,
      "trend_type": "Ascending",
      "near_support": false,
      "near_resistance": false,
      "action_zone": "Mid Channel",
      "prior_trend_weeks": 20,
      "recent_trend_weeks": 6,
      "prior_trend_pct": 119.58646034637694,
      "prior_trend_type": "Ascending",
      "recent_trend_pct": 347.2595683387743,
      "recent_trend_type": "Ascending",
      "previously_descending": false,
      "rank_score": 0.9057242762427754
    },
    {
      "ticker": "WTM",
      "slope": 0.007438865438510208,
      "r2": 0.8484404493231488,
      "inside": 0.9615384615384616,
      "near_upper": 0.038461538461538464,
      "near_lower": 0.038461538461538464,
      "pos": 0.2882174906364927,
      "k": 2.0,
      "lookback": 26.0,
      "annual_trend_pct": 47.22929313770277,
      "trend_type": "Ascending",
      "near_support": false,
      "near_resistance": false,
      "action_zone": "Mid Channel",
      "prior_trend_weeks": 20,
      "recent_trend_weeks": 6,
      "prior_trend_pct": 51.70939680014099,
      "prior_trend_type": "Ascending",
      "recent_trend_pct": 3.6667436260299002,
      "recent_trend_type": "Sideways",
      "previously_descending": false,
      "rank_score": 0.8800138602133099
    },
    {
      "ticker": "XPRO",
      "slope": 0.01786126084633382,
      "r2": 0.8918978096527578,
      "inside": 0.9487179487179487,
      "near_upper": 0.05128205128205128,
      "near_lower": 0.07692307692307693,
      "pos": 0.5075950624212199,
      "k": 2.0,
      "lookback": 39.0,
      "annual_trend_pct": 153.1433046714056,
      "trend_type": "Ascending",
      "near_support": false,
      "near_resistance": false,
      "action_zone": "Mid Channel",
      "prior_trend_weeks": 20,
      "recent_trend_weeks": 6,
      "prior_trend_pct": 113.14382047002924,
      "prior_trend_type": "Ascending",
      "recent_trend_pct": 1125.3760550581153,
      "recent_trend_type": "Ascending",
      "previously_descending": false,
      "rank_score": 0.8746765780714364
    },
    {
      "ticker": "WMS",
      "slope": 0.009628466630598674,
      "r2": 0.8164972712460044,
      "inside": 0.9230769230769231,
      "near_upper": 0.07692307692307693,
      "near_lower": 0.05128205128205128,
      "pos": 0.27027088442796887,
      "k": 2.0,
      "lookback": 39.0,
      "annual_trend_pct": 64.98432192987727,
      "trend_type": "Ascending",
      "near_support": false,
      "near_resistance": false,
      "action_zone": "Mid Channel",
      "prior_trend_weeks": 20,
      "recent_trend_weeks": 6,
      "prior_trend_pct": 40.85413490343637,
      "prior_trend_type": "Ascending",
      "recent_trend_pct": 79.54650963338356,
      "recent_trend_type": "Ascending",
      "previously_descending": false,
      "rank_score": 0.8504523164109745
    },
    {
      "ticker": "YRD",
      "slope": -0.019920021874690268,
      "r2": 0.7905146078937797,
      "inside": 0.9615384615384616,
      "near_upper": 0.07692307692307693,
      "near_lower": 0.07692307692307693,
      "pos": 0.39789294200720976,
      "k": 2.0,
      "lookback": 26.0,
      "annual_trend_pct": -64.50722876710275,
      "trend_type": "Descending",
      "near_support": false,
      "near_resistance": false,
      "action_zone": "Mid Channel",
      "prior_trend_weeks": 20,
      "recent_trend_weeks": 6,
      "prior_trend_pct": -53.29745245862219,
      "prior_trend_type": "Descending",
      "recent_trend_pct": -48.90264444096313,
      "recent_trend_type": "Descending",
      "previously_descending": true,
      "rank_score": 0.8400833943615534
    },
    {
      "ticker": "YELP",
      "slope": -0.005342882746275344,
      "r2": 0.7396001574222464,
      "inside": 0.9615384615384616,
      "near_upper": 0.057692307692307696,
      "near_lower": 0.057692307692307696,
      "pos": 0.3659956393039746,
      "k": 2.0,
      "lookback": 52.0,
      "annual_trend_pct": -24.257435346546387,
      "trend_type": "Descending",
      "near_support": false,
      "near_resistance": false,
      "action_zone": "Mid Channel",
      "prior_trend_weeks": 20,
      "recent_trend_weeks": 6,
      "prior_trend_pct": -21.909100764277266,
      "prior_trend_type": "Descending",
      "recent_trend_pct": -65.43850447718589,
      "recent_trend_type": "Descending",
      "previously_descending": true,
      "rank_score": 0.8178158993961104
    },
    {
      "ticker": "WPC",
      "slope": 0.0038633308596812905,
      "r2": 0.7811436042306683,
      "inside": 0.9423076923076923,
      "near_upper": 0.057692307692307696,
      "near_lower": 0.09615384615384616,
      "pos": 0.5625298591038163,
      "k": 2.0,
      "lookback": 52.0,
      "annual_trend_pct": 22.249420822013644,
      "trend_type": "Ascending",
      "near_support": false,
      "near_resistance": false,
      "action_zone": "Mid Channel",
      "prior_trend_weeks": 20,
      "recent_trend_weeks": 6,
      "prior_trend_pct": 7.303535593335919,
      "prior_trend_type": "Sideways",
      "recent_trend_pct": 193.24108148306732,
      "recent_trend_type": "Ascending",
      "previously_descending": false,
      "rank_score": 0.8112418931280294
    },
    {
      "ticker": "YETI",
      "slope": 0.01215421288951807,
      "r2": 0.791641766222053,
      "inside": 0.9487179487179487,
      "near_upper": 0.05128205128205128,
      "near_lower": 0.07692307692307693,
      "pos": 0.6692239197203328,
      "k": 2.0,
      "lookback": 39.0,
      "annual_trend_pct": 88.14054366879782,
      "trend_type": "Ascending",
      "near_support": false,
      "near_resistance": false,
      "action_zone": "Mid Channel",
      "prior_trend_weeks": 20,
      "recent_trend_weeks": 6,
      "prior_trend_pct": 66.31362845949651,
      "prior_trend_type": "Ascending",
      "recent_trend_pct": 191.29333071875308,
      "recent_trend_type": "Ascending",
      "previously_descending": false,
      "rank_score": 0.8083856706261727
    },
    {
      "ticker": "XHR",
      "slope": 0.0065205206410510865,
      "r2": 0.7024876560293407,
      "inside": 0.9743589743589743,
      "near_upper": 0.07692307692307693,
      "near_lower": 0.05128205128205128,
      "pos": 0.6204801692450747,
      "k": 2.0,
      "lookback": 39.0,
      "annual_trend_pct": 40.363748870244805,
      "trend_type": "Ascending",
      "near_support": false,
      "near_resistance": false,
      "action_zone": "Mid Channel",