{
  "updated_utc": "2026-01-26T20:50:46.325344+00:00",
  "params": {
    "years": 3,
    "lookbacks": [
      26,
      39,
      52
    ],
    "k": 2.0,
    "min_r2": 0.65,
    "min_inside": 0.92,
    "min_touch": 0.03,
    "only_in_channel": true,
    "pos_min": 0.05,
    "pos_max": 0.95,
    "only_ascending": false,
    "sideways_threshold_pct": 10.0,
    "support_cutoff": 0.2,
    "resistance_cutoff": 0.8,
    "prior_trend_weeks": 20,
    "recent_trend_weeks": 6
  },
  "count": 22,
  "data": [
    {
      "ticker": "WCC",
      "slope": 0.01415589411416044,
      "r2": 0.921134774348138,
      "inside": 1.0,
      "near_upper": 0.05128205128205128,
      "near_lower": 0.05128205128205128,
      "pos": 0.4866967053145072,
      "k": 2.0,
      "lookback": 39.0,
      "annual_trend_pct": 108.77908428129537,
      "trend_type": "Ascending",
      "near_support": false,
      "near_resistance": false,
      "action_zone": "Mid Channel",
      "prior_trend_weeks": 20,
      "recent_trend_weeks": 6,
      "prior_trend_pct": 113.88953424873608,
      "prior_trend_type": "Ascending",
      "recent_trend_pct": 352.0585711880276,
      "recent_trend_type": "Ascending",
      "previously_descending": false,
      "rank_score": 0.9118977166426183
    },
    {
      "ticker": "XXI",
      "slope": -0.04980333329412462,
      "r2": 0.9380520675832965,
      "inside": 0.9615384615384616,
      "near_upper": 0.038461538461538464,
      "near_lower": 0.038461538461538464,
      "pos": 0.43782091518168553,
      "k": 2.0,
      "lookback": 26.0,
      "annual_trend_pct": -92.49629532919371,
      "trend_type": "Descending",
      "near_support": false,
      "near_resistance": false,
      "action_zone": "Mid Channel",
      "prior_trend_weeks": 20,
      "recent_trend_weeks": 6,
      "prior_trend_pct": -89.21880487209458,
      "prior_trend_type": "Descending",
      "recent_trend_pct": -75.29179956114878,
      "recent_trend_type": "Descending",
      "previously_descending": true,
      "rank_score": 0.9098593268888644
    },
    {
      "ticker": "ZTR",
      "slope": 0.0040495824245251845,
      "r2": 0.8850783367789027,
      "inside": 0.9615384615384616,
      "near_upper": 0.038461538461538464,
      "near_lower": 0.057692307692307696,
      "pos": 0.22639673524546255,
      "k": 2.0,
      "lookback": 52.0,
      "annual_trend_pct": 23.439168512009132,
      "trend_type": "Ascending",
      "near_support": false,
      "near_resistance": false,
      "action_zone": "Mid Channel",
      "prior_trend_weeks": 20,
      "recent_trend_weeks": 6,
      "prior_trend_pct": 16.05004345520591,
      "prior_trend_type": "Ascending",
      "recent_trend_pct": 25.84954318387456,
      "recent_trend_type": "Ascending",
      "previously_descending": false,
      "rank_score": 0.9045148794802897
    },
    {
      "ticker": "XPRO",
      "slope": 0.01797336877966511,
      "r2": 0.8940158209015178,
      "inside": 0.9487179487179487,
      "near_upper": 0.05128205128205128,
      "near_lower": 0.07692307692307693,
      "pos": 0.44668479733048416,
      "k": 2.0,
      "lookback": 39.0,
      "annual_trend_pct": 154.62334188325028,
      "trend_type": "Ascending",
      "near_support": false,
      "near_resistance": false,
      "action_zone": "Mid Channel",
      "prior_trend_weeks": 20,
      "recent_trend_weeks": 6,
      "prior_trend_pct": 87.64928556747434,
      "prior_trend_type": "Ascending",
      "recent_trend_pct": 790.4493212073268,
      "recent_trend_type": "Ascending",
      "previously_descending": false,
      "rank_score": 0.88182661020489
    },
    {
      "ticker": "WTM",
      "slope": 0.007499886396481805,
      "r2": 0.8527268605656558,
      "inside": 0.9615384615384616,
      "near_upper": 0.038461538461538464,
      "near_lower": 0.038461538461538464,
      "pos": 0.3486720790114311,
      "k": 2.0,
      "lookback": 26.0,
      "annual_trend_pct": 47.69720688172603,
      "trend_type": "Ascending",
      "near_support": false,
      "near_resistance": false,
      "action_zone": "Mid Channel",
      "prior_trend_weeks": 20,
      "recent_trend_weeks": 6,
      "prior_trend_pct": 55.15257557226494,
      "prior_trend_type": "Ascending",
      "recent_trend_pct": 10.960032784692153,
      "recent_trend_type": "Ascending",
      "previously_descending": false,
      "rank_score": 0.8761116069970695
    },
    {
      "ticker": "XYF",
      "slope": -0.04748454066177386,
      "r2": 0.8538836857753147,
      "inside": 1.0,
      "near_upper": 0.038461538461538464,
      "near_lower": 0.038461538461538464,
      "pos": 0.5355363833992637,
      "k": 2.0,
      "lookback": 26.0,
      "annual_trend_pct": -91.53471171112933,
      "trend_type": "Descending",
      "near_support": false,
      "near_resistance": false,
      "action_zone": "Mid Channel",
      "prior_trend_weeks": 20,
      "recent_trend_weeks": 6,
      "prior_trend_pct": -89.79290678174587,
      "prior_trend_type": "Descending",
      "recent_trend_pct": -7.090758079451254,
      "recent_trend_type": "Sideways",
      "previously_descending": true,
      "rank_score": 0.873388204547731
    },
    {
      "ticker": "WMS",
      "slope": 0.009593675856011287,
      "r2": 0.8143048854613881,
      "inside": 0.9487179487179487,
      "near_upper": 0.07692307692307693,
      "near_lower": 0.05128205128205128,
      "pos": 0.275295547383441,
      "k": 2.0,
      "lookback": 39.0,
      "annual_trend_pct": 64.68611527461947,
      "trend_type": "Ascending",
      "near_support": false,
      "near_resistance": false,
      "action_zone": "Mid Channel",
      "prior_trend_weeks": 20,
      "recent_trend_weeks": 6,
      "prior_trend_pct": 22.002549389028616,
      "prior_trend_type": "Ascending",
      "recent_trend_pct": 38.44802006096026,
      "recent_trend_type": "Ascending",
      "previously_descending": false,
      "rank_score": 0.8591100674795294
    },
    {
      "ticker": "YRD",
      "slope": -0.021371048215915355,
      "r2": 0.8381260229871582,
      "inside": 0.9230769230769231,
      "near_upper": 0.07692307692307693,
      "near_lower": 0.038461538461538464,
      "pos": 0.5209421965978746,
      "k": 2.0,
      "lookback": 26.0,
      "annual_trend_pct": -67.08673793719109,
      "trend_type": "Descending",
      "near_support": false,
      "near_resistance": false,
      "action_zone": "Mid Channel",
      "prior_trend_weeks": 20,
      "recent_trend_weeks": 6,
      "prior_trend_pct": -60.331773966398885,
      "prior_trend_type": "Descending",
      "recent_trend_pct": -19.212967928478154,
      "recent_trend_type": "Descending",
      "previously_descending": true,
      "rank_score": 0.836199561064561
    },
    {
      "ticker": "YETI",
      "slope": 0.012352406790593812,
      "r2": 0.7959226971751239,
      "inside": 0.9487179487179487,
      "near_upper": 0.05128205128205128,
      "near_lower": 0.07692307692307693,
      "pos": 0.6262142261767171,
      "k": 2.0,
      "lookback": 39.0,
      "annual_trend_pct": 90.08956182041672,
      "trend_type": "Ascending",
      "near_support": false,
      "near_resistance": false,
      "action_zone": "Mid Channel",
      "prior_trend_weeks": 20,
      "recent_trend_weeks": 6,
      "prior_trend_pct": 93.29443434207663,
      "prior_trend_type": "Ascending",
      "recent_trend_pct": 80.5188590927604,
      "recent_trend_type": "Ascending",
      "previously_descending": false,
      "rank_score": 0.8148271054570697
    },
    {
      "ticker": "YELP",
      "slope": -0.005278714124126053,
      "r2": 0.7381427675085115,
      "inside": 0.9615384615384616,
      "near_upper": 0.057692307692307696,
      "near_lower": 0.057692307692307696,
      "pos": 0.40021292008810355,
      "k": 2.0,
      "lookback": 52.0,
      "annual_trend_pct": -24.004277824814537,
      "trend_type": "Descending",
      "near_support": false,
      "near_resistance": false,
      "action_zone": "Mid Channel",