{
  "updated_utc": "2026-01-15T04:15:50.836085+00:00",
  "params": {
    "years": 3,
    "lookbacks": [
      26,
      39,
      52
    ],
    "k": 2.0,
    "min_r2": 0.65,
    "min_inside": 0.92,
    "min_touch": 0.03,
    "only_in_channel": true,
    "pos_min": 0.05,
    "pos_max": 0.95,
    "only_ascending": false,
    "sideways_threshold_pct": 10.0,
    "support_cutoff": 0.2,
    "resistance_cutoff": 0.8,
    "prior_trend_weeks": 20,
    "recent_trend_weeks": 6
  },
  "count": 19,
  "data": [
    {
      "ticker": "WCC",
      "slope": 0.014151660521320757,
      "r2": 0.9210339416847997,
      "inside": 1.0,
      "near_upper": 0.05128205128205128,
      "near_lower": 0.05128205128205128,
      "pos": 0.47522876024730276,
      "k": 2.0,
      "lookback": 39.0,
      "annual_trend_pct": 108.73312728703723,
      "trend_type": "Ascending",
      "near_support": false,
      "near_resistance": false,
      "action_zone": "Mid Channel",
      "prior_trend_weeks": 20,
      "recent_trend_weeks": 6,
      "prior_trend_pct": 107.16001308312548,
      "prior_trend_type": "Ascending",
      "recent_trend_pct": 110.74813483600816,
      "recent_trend_type": "Ascending",
      "previously_descending": false,
      "rank_score": 0.9129940948176696
    },
    {
      "ticker": "XXI",
      "slope": -0.04631745569160474,
      "r2": 0.9230612287903233,
      "inside": 0.9615384615384616,
      "near_upper": 0.038461538461538464,
      "near_lower": 0.038461538461538464,
      "pos": 0.5126113289938655,
      "k": 2.0,
      "lookback": 26.0,
      "annual_trend_pct": -91.00505736433085,
      "trend_type": "Descending",
      "near_support": false,
      "near_resistance": false,
      "action_zone": "Mid Channel",
      "prior_trend_weeks": 20,
      "recent_trend_weeks": 6,
      "prior_trend_pct": -85.55717617132454,
      "prior_trend_type": "Descending",
      "recent_trend_pct": -89.23336241161945,
      "recent_trend_type": "Descending",
      "previously_descending": true,
      "rank_score": 0.8948848661111597
    },
    {
      "ticker": "WK",
      "slope": 0.009342688246637657,
      "r2": 0.763830626026872,
      "inside": 1.0,
      "near_upper": 0.05128205128205128,
      "near_lower": 0.05128205128205128,
      "pos": 0.14994087892659508,
      "k": 2.0,
      "lookback": 39.0,
      "annual_trend_pct": 62.55070352821759,
      "trend_type": "Ascending",
      "near_support": true,
      "near_resistance": false,
      "action_zone": "Near Support",
      "prior_trend_weeks": 20,
      "recent_trend_weeks": 6,
      "prior_trend_pct": 88.65641577081476,
      "prior_trend_type": "Ascending",
      "recent_trend_pct": -8.55854511938593,
      "recent_trend_type": "Sideways",
      "previously_descending": false,
      "rank_score": 0.8669212251207765
    },
    {
      "ticker": "XPRO",
      "slope": 0.01775367615903319,
      "r2": 0.8902368625993143,
      "inside": 0.9487179487179487,
      "near_upper": 0.05128205128205128,
      "near_lower": 0.07692307692307693,
      "pos": 0.6349040694949839,
      "k": 2.0,
      "lookback": 39.0,
      "annual_trend_pct": 151.73107280197274,
      "trend_type": "Ascending",
      "near_support": false,
      "near_resistance": false,
      "action_zone": "Mid Channel",
      "prior_trend_weeks": 20,
      "recent_trend_weeks": 6,
      "prior_trend_pct": 158.28763362454882,
      "prior_trend_type": "Ascending",
      "recent_trend_pct": 414.2660638347299,
      "recent_trend_type": "Ascending",
      "previously_descending": false,
      "rank_score": 0.8611152038373383
    },
    {
      "ticker": "WTM",
      "slope": 0.007411833891326239,
      "r2": 0.8429160550162943,
      "inside": 0.9615384615384616,
      "near_upper": 0.038461538461538464,
      "near_lower": 0.038461538461538464,
      "pos": 0.4581553179641854,
      "k": 2.0,
      "lookback": 26.0,
      "annual_trend_pct": 47.02248706885768,
      "trend_type": "Ascending",
      "near_support": false,
      "near_resistance": false,
      "action_zone": "Mid Channel",
      "prior_trend_weeks": 20,
      "recent_trend_weeks": 6,
      "prior_trend_pct": 45.09992889129926,
      "prior_trend_type": "Ascending",
      "recent_trend_pct": 8.322964075805972,
      "recent_trend_type": "Sideways",
      "previously_descending": false,
      "rank_score": 0.8602578803271133
    },
    {
      "ticker": "ZEPP",
      "slope": 0.0694958979093273,
      "r2": 0.7087611085732413,
      "inside": 1.0,
      "near_upper": 0.07692307692307693,
      "near_lower": 0.038461538461538464,
      "pos": 0.1187618798143226,
      "k": 2.0,
      "lookback": 52.0,
      "annual_trend_pct": 3610.629720838871,
      "trend_type": "Ascending",
      "near_support": true,
      "near_resistance": false,
      "action_zone": "Near Support",
      "prior_trend_weeks": 20,
      "recent_trend_weeks": 6,
      "prior_trend_pct": 123.67641203659767,
      "prior_trend_type": "Ascending",
      "recent_trend_pct": -92.64220035680161,
      "recent_trend_type": "Descending",
      "previously_descending": false,
      "rank_score": 0.8425043663051884
    },
    {
      "ticker": "WPP",
      "slope": -0.016483811513590643,
      "r2": 0.8683809625260102,
      "inside": 0.9615384615384616,
      "near_upper": 0.038461538461538464,
      "near_lower": 0.057692307692307696,
      "pos": 0.8496908556200339,
      "k": 2.0,
      "lookback": 52.0,
      "annual_trend_pct": -57.56336648162201,
      "trend_type": "Descending",
      "near_support": false,
      "near_resistance": true,
      "action_zone": "Near Resistance",
      "prior_trend_weeks": 20,
      "recent_trend_weeks": 6,
      "prior_trend_pct": -64.52994357237078,
      "prior_trend_type": "Descending",
      "recent_trend_pct": 31.387980818639427,
      "recent_trend_type": "Ascending",
      "previously_descending": true,
      "rank_score": 0.8338367803163863
    },
    {
      "ticker": "YRD",
      "slope": -0.018973419354829428,
      "r2": 0.7695683246547802,
      "inside": 0.9615384615384616,
      "near_upper": 0.07692307692307693,
      "near_lower": 0.038461538461538464,
      "pos": 0.4012715645301777,
      "k": 2.0,
      "lookback": 26.0,
      "annual_trend_pct": -62.71644370163996,
      "trend_type": "Descending",
      "near_support": false,
      "near_resistance": false,
      "action_zone": "Mid Channel",
      "prior_trend_weeks": 20,
      "recent_trend_weeks": 6,
      "prior_trend_pct": -48.323574918791245,
      "prior_trend_type": "Descending",
      "recent_trend_pct": -63.13610002876119,
      "recent_trend_type": "Descending",
      "previously_descending": true,
      "rank_score": 0.829272390489757
    },
    {
      "ticker": "WPC",
      "slope": 0.003927043625231775,
      "r2": 0.7721088516025663,
      "inside": 0.9615384615384616,
      "near_upper": 0.057692307692307696,
      "near_lower": 0.11538461538461539,
      "pos": 0.4342755635835573,
      "k": 2.0,
      "lookback": 52.0,
      "annual_trend_pct": 22.655112624091945,
      "trend_type": "Ascending",
      "near_support": false,
      "near_resistance": false,
      "action_zone": "Mid Channel",
      "prior_trend_weeks": 20,
      "recent_trend_weeks": 6,
      "prior_trend_pct": 13.017571958083952,
      "prior_trend_type": "Ascending",
      "recent_trend_pct": 87.88907380165278,
      "recent_trend_type": "Ascending",
      "previously_descending": false,
      "rank_score": 0.8272422540583121
    },
    {
      "ticker": "WSO",
      "slope": -0.007799902076498899,
      "r2": 0.8422267754623991,
      "inside": 0.9807692307692307,
      "near_upper": 0.057692307692307696,
      "near_lower": 0.038461538461538464,
      "pos": 0.8852850279134798,
      "k": 2.0,
      "lookback": 52.0,
      "annual_trend_pct": -33.341986096409315,
      "trend_type": "Descending",
      "near_support": false,
      "near_resistance": true,
      "action_zone": "Near Resistance",
      "prior_trend_weeks": 20,