{
  "updated_utc": "2026-01-03T20:42:12.314772+00:00",
  "params": {
    "years": 3,
    "lookbacks": [
      26,
      39,
      52
    ],
    "k": 2.0,
    "min_r2": 0.65,
    "min_inside": 0.92,
    "min_touch": 0.03,
    "only_in_channel": true,
    "pos_min": 0.05,
    "pos_max": 0.95,
    "only_ascending": false,
    "sideways_threshold_pct": 10.0,
    "support_cutoff": 0.2,
    "resistance_cutoff": 0.8,
    "prior_trend_weeks": 20,
    "recent_trend_weeks": 6
  },
  "count": 20,
  "data": [
    {
      "ticker": "SBIN.NS",
      "slope": 0.01012539027401078,
      "r2": 0.9082742063613911,
      "inside": 1.0,
      "near_upper": 0.038461538461538464,
      "near_lower": 0.07692307692307693,
      "pos": 0.45239314780945217,
      "k": 2.0,
      "lookback": 26.0,
      "annual_trend_pct": 69.30307978082952,
      "trend_type": "Ascending",
      "near_support": false,
      "near_resistance": false,
      "action_zone": "Mid Channel",
      "prior_trend_weeks": 20,
      "recent_trend_weeks": 6,
      "prior_trend_pct": 73.22683298471642,
      "prior_trend_type": "Ascending",
      "recent_trend_pct": 16.434433348606568,
      "recent_trend_type": "Ascending",
      "previously_descending": false,
      "rank_score": 0.9088977883997503
    },
    {
      "ticker": "MARUTI.NS",
      "slope": 0.011127389727000577,
      "r2": 0.8703386762622123,
      "inside": 1.0,
      "near_upper": 0.05128205128205128,
      "near_lower": 0.07692307692307693,
      "pos": 0.39243394384590513,
      "k": 2.0,
      "lookback": 39.0,
      "annual_trend_pct": 78.35830059987425,
      "trend_type": "Ascending",
      "near_support": false,
      "near_resistance": false,
      "action_zone": "Mid Channel",
      "prior_trend_weeks": 20,
      "recent_trend_weeks": 6,
      "prior_trend_pct": 140.33794116210015,
      "prior_trend_type": "Ascending",
      "recent_trend_pct": 74.16335916162704,
      "recent_trend_type": "Ascending",
      "previously_descending": false,
      "rank_score": 0.8959259437465157
    },
    {
      "ticker": "M&M.NS",
      "slope": 0.008348920359186888,
      "r2": 0.8835200675215061,
      "inside": 0.9743589743589743,
      "near_upper": 0.07692307692307693,
      "near_lower": 0.07692307692307693,
      "pos": 0.3768084728731521,
      "k": 2.0,
      "lookback": 39.0,
      "annual_trend_pct": 54.364091828555836,
      "trend_type": "Ascending",
      "near_support": false,
      "near_resistance": false,
      "action_zone": "Mid Channel",
      "prior_trend_weeks": 20,
      "recent_trend_weeks": 6,
      "prior_trend_pct": 62.428997627077784,
      "prior_trend_type": "Ascending",
      "recent_trend_pct": -5.496754157308303,
      "recent_trend_type": "Sideways",
      "previously_descending": false,
      "rank_score": 0.8938227762170277
    },
    {
      "ticker": "LT.NS",
      "slope": 0.007411200201416056,
      "r2": 0.9207564232417244,
      "inside": 0.9615384615384616,
      "near_upper": 0.038461538461538464,
      "near_lower": 0.07692307692307693,
      "pos": 0.5168811901087447,
      "k": 2.0,
      "lookback": 26.0,
      "annual_trend_pct": 47.017642482012704,
      "trend_type": "Ascending",
      "near_support": false,
      "near_resistance": false,
      "action_zone": "Mid Channel",
      "prior_trend_weeks": 20,
      "recent_trend_weeks": 6,
      "prior_trend_pct": 48.90508041755606,
      "prior_trend_type": "Ascending",
      "recent_trend_pct": 19.61296038621738,
      "recent_trend_type": "Ascending",
      "previously_descending": false,
      "rank_score": 0.8933054772253723
    },
    {
      "ticker": "TATACONSUM.NS",
      "slope": 0.004881492298883301,
      "r2": 0.8113504833845099,
      "inside": 1.0,
      "near_upper": 0.07692307692307693,
      "near_lower": 0.038461538461538464,
      "pos": 0.21954232827192674,
      "k": 2.0,
      "lookback": 26.0,
      "annual_trend_pct": 28.89624591755919,
      "trend_type": "Ascending",
      "near_support": false,
      "near_resistance": false,
      "action_zone": "Mid Channel",
      "prior_trend_weeks": 20,
      "recent_trend_weeks": 6,
      "prior_trend_pct": 37.075811762765355,
      "prior_trend_type": "Ascending",
      "recent_trend_pct": 8.567800565955075,
      "recent_trend_type": "Sideways",
      "previously_descending": false,
      "rank_score": 0.8837210088650623
    },
    {
      "ticker": "EICHERMOT.NS",
      "slope": 0.010373155496773692,
      "r2": 0.8607829733556784,
      "inside": 0.9743589743589743,
      "near_upper": 0.10256410256410256,
      "near_lower": 0.05128205128205128,
      "pos": 0.3841262831091931,
      "k": 2.0,
      "lookback": 39.0,
      "annual_trend_pct": 71.49845740119507,
      "trend_type": "Ascending",
      "near_support": false,
      "near_resistance": false,
      "action_zone": "Mid Channel",
      "prior_trend_weeks": 20,
      "recent_trend_weeks": 6,
      "prior_trend_pct": 124.4781102916645,
      "prior_trend_type": "Ascending",
      "recent_trend_pct": 43.17390032182728,
      "recent_trend_type": "Ascending",
      "previously_descending": false,
      "rank_score": 0.8817224481105097
    },
    {
      "ticker": "BHARTIARTL.NS",
      "slope": 0.005428008576478459,
      "r2": 0.8751809752271275,
      "inside": 0.9230769230769231,
      "near_upper": 0.057692307692307696,
      "near_lower": 0.038461538461538464,
      "pos": 0.37588268803448743,
      "k": 2.0,
      "lookback": 52.0,
      "annual_trend_pct": 32.611875420410556,
      "trend_type": "Ascending",
      "near_support": false,
      "near_resistance": false,
      "action_zone": "Mid Channel",
      "prior_trend_weeks": 20,
      "recent_trend_weeks": 6,
      "prior_trend_pct": 33.661803328270466,
      "prior_trend_type": "Ascending",
      "recent_trend_pct": 1.9757610372881151,
      "recent_trend_type": "Sideways",
      "previously_descending": false,
      "rank_score": 0.8692329880408842
    },
    {
      "ticker": "SBILIFE.NS",
      "slope": 0.006884712808662031,
      "r2": 0.8510511639984958,
      "inside": 0.9615384615384616,
      "near_upper": 0.09615384615384616,
      "near_lower": 0.057692307692307696,
      "pos": 0.4774359843751249,
      "k": 2.0,
      "lookback": 52.0,
      "annual_trend_pct": 43.047286730921975,
      "trend_type": "Ascending",
      "near_support": false,
      "near_resistance": false,
      "action_zone": "Mid Channel",
      "prior_trend_weeks": 20,
      "recent_trend_weeks": 6,
      "prior_trend_pct": 26.317680822861632,
      "prior_trend_type": "Ascending",
      "recent_trend_pct": 44.09138820157643,
      "recent_trend_type": "Ascending",
      "previously_descending": false,
      "rank_score": 0.86239736817712
    },
    {
      "ticker": "ADANIPORTS.NS",
      "slope": 0.006610830636355175,
      "r2": 0.7757300217084968,
      "inside": 0.9423076923076923,
      "near_upper": 0.09615384615384616,
      "near_lower": 0.038461538461538464,
      "pos": 0.2772694328673106,
      "k": 2.0,
      "lookback": 52.0,
      "annual_trend_pct": 41.024464028810215,
      "trend_type": "Ascending",
      "near_support": false,
      "near_resistance": false,
      "action_zone": "Mid Channel",
      "prior_trend_weeks": 20,
      "recent_trend_weeks": 6,
      "prior_trend_pct": 25.73031731196025,
      "prior_trend_type": "Ascending",
      "recent_trend_pct": -20.36646075334736,
      "recent_trend_type": "Descending",
      "previously_descending": false,
      "rank_score": 0.8370611444905942
    },
    {
      "ticker": "ETERNAL.NS",
      "slope": 0.008796047642938374,
      "r2": 0.6845903970368931,
      "inside": 1.0,
      "near_upper": 0.038461538461538464,
      "near_lower": 0.057692307692307696,
      "pos": 0.05430119557111463,
      "k": 2.0,
      "lookback": 52.0,
      "annual_trend_pct": 57.99520167510135,
      "trend_type": "Ascending",
      "near_support": true,
      "near_resistance": false,
      "action_zone": "Near Support",