{
  "updated_utc": "2026-01-01T23:27:06.976162+00:00",
  "params": {
    "years": 3,
    "lookbacks": [
      26,
      39,
      52
    ],
    "k": 2.0,
    "min_r2": 0.65,
    "min_inside": 0.92,
    "min_touch": 0.03,
    "only_in_channel": true,
    "pos_min": 0.05,
    "pos_max": 0.95,
    "only_ascending": false,
    "sideways_threshold_pct": 10.0,
    "support_cutoff": 0.2,
    "resistance_cutoff": 0.8,
    "prior_trend_weeks": 20,
    "recent_trend_weeks": 6
  },
  "count": 21,
  "data": [
    {
      "ticker": "SBIN.NS",
      "slope": 0.010003023284995334,
      "r2": 0.9044950874389339,
      "inside": 1.0,
      "near_upper": 0.038461538461538464,
      "near_lower": 0.07692307692307693,
      "pos": 0.32982111947114684,
      "k": 2.0,
      "lookback": 26.0,
      "annual_trend_pct": 68.22921034314994,
      "trend_type": "Ascending",
      "near_support": false,
      "near_resistance": false,
      "action_zone": "Mid Channel",
      "prior_trend_weeks": 20,
      "recent_trend_weeks": 6,
      "prior_trend_pct": 73.22683298471642,
      "prior_trend_type": "Ascending",
      "recent_trend_pct": 4.686892209733329,
      "recent_trend_type": "Sideways",
      "previously_descending": false,
      "rank_score": 0.9192654317723523
    },
    {
      "ticker": "MARUTI.NS",
      "slope": 0.011069812866505177,
      "r2": 0.8681252414491798,
      "inside": 1.0,
      "near_upper": 0.05128205128205128,
      "near_lower": 0.07692307692307693,
      "pos": 0.32435429697495777,
      "k": 2.0,
      "lookback": 39.0,
      "annual_trend_pct": 77.82509503446784,
      "trend_type": "Ascending",
      "near_support": false,
      "near_resistance": false,
      "action_zone": "Mid Channel",
      "prior_trend_weeks": 20,
      "recent_trend_weeks": 6,
      "prior_trend_pct": 140.33794116210015,
      "prior_trend_type": "Ascending",
      "recent_trend_pct": 55.833497123010154,
      "recent_trend_type": "Ascending",
      "previously_descending": false,
      "rank_score": 0.9016271910270941
    },
    {
      "ticker": "LT.NS",
      "slope": 0.007363852793260176,
      "r2": 0.9196690233274789,
      "inside": 0.9615384615384616,
      "near_upper": 0.038461538461538464,
      "near_lower": 0.07692307692307693,
      "pos": 0.44575491127959604,
      "k": 2.0,
      "lookback": 26.0,
      "annual_trend_pct": 46.65612068487164,
      "trend_type": "Ascending",
      "near_support": false,
      "near_resistance": false,
      "action_zone": "Mid Channel",
      "prior_trend_weeks": 20,
      "recent_trend_weeks": 6,
      "prior_trend_pct": 48.90508041755606,
      "prior_trend_type": "Ascending",
      "recent_trend_pct": 14.790593052393298,
      "recent_trend_type": "Ascending",
      "previously_descending": false,
      "rank_score": 0.8998744051511645
    },
    {
      "ticker": "M&M.NS",
      "slope": 0.00830681443169963,
      "r2": 0.8813780037366726,
      "inside": 0.9743589743589743,
      "near_upper": 0.07692307692307693,
      "near_lower": 0.07692307692307693,
      "pos": 0.3064638436715419,
      "k": 2.0,
      "lookback": 39.0,
      "annual_trend_pct": 54.02648011586901,
      "trend_type": "Ascending",
      "near_support": false,
      "near_resistance": false,
      "action_zone": "Mid Channel",
      "prior_trend_weeks": 20,
      "recent_trend_weeks": 6,
      "prior_trend_pct": 62.428997627077784,
      "prior_trend_type": "Ascending",
      "recent_trend_pct": -12.877986507069728,
      "recent_trend_type": "Descending",
      "previously_descending": false,
      "rank_score": 0.8997862072447719
    },
    {
      "ticker": "HINDALCO.NS",
      "slope": 0.009836450008575488,
      "r2": 0.9472096377876169,
      "inside": 0.9743589743589743,
      "near_upper": 0.05128205128205128,
      "near_lower": 0.07692307692307693,
      "pos": 0.7967527188563474,
      "k": 2.0,
      "lookback": 39.0,
      "annual_trend_pct": 66.7783335050701,
      "trend_type": "Ascending",
      "near_support": false,
      "near_resistance": false,
      "action_zone": "Mid Channel",
      "prior_trend_weeks": 20,
      "recent_trend_weeks": 6,
      "prior_trend_pct": 83.57847908956815,
      "prior_trend_type": "Ascending",
      "recent_trend_pct": 176.32491181886735,
      "recent_trend_type": "Ascending",
      "previously_descending": false,
      "rank_score": 0.8836731367517634
    },
    {
      "ticker": "EICHERMOT.NS",
      "slope": 0.010380228282955317,
      "r2": 0.8610549331276276,
      "inside": 0.9743589743589743,
      "near_upper": 0.10256410256410256,
      "near_lower": 0.05128205128205128,
      "pos": 0.3927889098808504,
      "k": 2.0,
      "lookback": 39.0,
      "annual_trend_pct": 71.56154354137145,
      "trend_type": "Ascending",
      "near_support": false,
      "near_resistance": false,
      "action_zone": "Mid Channel",
      "prior_trend_weeks": 20,
      "recent_trend_weeks": 6,
      "prior_trend_pct": 124.4781102916645,
      "prior_trend_type": "Ascending",
      "recent_trend_pct": 45.14315901422172,
      "recent_trend_type": "Ascending",
      "previously_descending": false,
      "rank_score": 0.8809921653193186
    },
    {
      "ticker": "TATACONSUM.NS",
      "slope": 0.004926638152309407,
      "r2": 0.8177067171636585,
      "inside": 1.0,
      "near_upper": 0.07692307692307693,
      "near_lower": 0.038461538461538464,
      "pos": 0.2796409834093871,
      "k": 2.0,
      "lookback": 26.0,
      "annual_trend_pct": 29.19919619241096,
      "trend_type": "Ascending",
      "near_support": false,
      "near_resistance": false,
      "action_zone": "Mid Channel",
      "prior_trend_weeks": 20,
      "recent_trend_weeks": 6,
      "prior_trend_pct": 37.075811762765355,
      "prior_trend_type": "Ascending",
      "recent_trend_pct": 12.912486606974948,
      "recent_trend_type": "Ascending",
      "previously_descending": false,
      "rank_score": 0.8808892602408905
    },
    {
      "ticker": "SBILIFE.NS",
      "slope": 0.0068560933901917085,
      "r2": 0.8496463819286637,
      "inside": 0.9615384615384616,
      "near_upper": 0.07692307692307693,
      "near_lower": 0.057692307692307696,
      "pos": 0.40789584183201577,
      "k": 2.0,
      "lookback": 52.0,
      "annual_trend_pct": 42.83456069234719,
      "trend_type": "Ascending",
      "near_support": false,
      "near_resistance": false,
      "action_zone": "Mid Channel",
      "prior_trend_weeks": 20,
      "recent_trend_weeks": 6,
      "prior_trend_pct": 26.317680822861632,
      "prior_trend_type": "Ascending",
      "recent_trend_pct": 30.68538996782515,
      "recent_trend_type": "Ascending",
      "previously_descending": false,
      "rank_score": 0.8686489913965149
    },
    {
      "ticker": "BHARTIARTL.NS",
      "slope": 0.005432242059386962,
      "r2": 0.875476443639636,
      "inside": 0.9230769230769231,
      "near_upper": 0.057692307692307696,
      "near_lower": 0.057692307692307696,
      "pos": 0.3902989632012906,
      "k": 2.0,
      "lookback": 52.0,
      "annual_trend_pct": 32.641071959590896,
      "trend_type": "Ascending",
      "near_support": false,
      "near_resistance": false,
      "action_zone": "Mid Channel",
      "prior_trend_weeks": 20,
      "recent_trend_weeks": 6,
      "prior_trend_pct": 33.661803328270466,
      "prior_trend_type": "Ascending",
      "recent_trend_pct": 3.4595379115364366,
      "recent_trend_type": "Sideways",
      "previously_descending": false,
      "rank_score": 0.8679390947304583
    },
    {
      "ticker": "ADANIPORTS.NS",
      "slope": 0.0065985183256784385,
      "r2": 0.7744069981390027,
      "inside": 0.9423076923076923,
      "near_upper": 0.09615384615384616,
      "near_lower": 0.038461538461538464,
      "pos": 0.2534610508111752,
      "k": 2.0,
      "lookback": 52.0,
      "annual_trend_pct": 40.93420340139704,
      "trend_type": "Ascending",
      "near_support": false,
      "near_resistance": false,