{
  "updated_utc": "2026-01-05T19:02:51.202078+00:00",
  "params": {
    "years": 3,
    "lookbacks": [
      26,
      39,
      52
    ],
    "k": 2.0,
    "min_r2": 0.65,
    "min_inside": 0.92,
    "min_touch": 0.03,
    "only_in_channel": true,
    "pos_min": 0.05,
    "pos_max": 0.95,
    "only_ascending": false,
    "sideways_threshold_pct": 10.0,
    "support_cutoff": 0.2,
    "resistance_cutoff": 0.8,
    "prior_trend_weeks": 20,
    "recent_trend_weeks": 6
  },
  "count": 21,
  "data": [
    {
      "ticker": "LT.NS",
      "slope": 0.007555651805947317,
      "r2": 0.9294862019153362,
      "inside": 0.9615384615384616,
      "near_upper": 0.07692307692307693,
      "near_lower": 0.07692307692307693,
      "pos": 0.3441626849412354,
      "k": 2.0,
      "lookback": 26.0,
      "annual_trend_pct": 48.126121015420445,
      "trend_type": "Ascending",
      "near_support": false,
      "near_resistance": false,
      "action_zone": "Mid Channel",
      "prior_trend_weeks": 20,
      "recent_trend_weeks": 6,
      "prior_trend_pct": 53.57450614733415,
      "prior_trend_type": "Ascending",
      "recent_trend_pct": 33.72811606941575,
      "recent_trend_type": "Ascending",
      "previously_descending": false,
      "rank_score": 0.9149422170789292
    },
    {
      "ticker": "SBIN.NS",
      "slope": 0.010397626468381143,
      "r2": 0.9205536906820748,
      "inside": 0.9615384615384616,
      "near_upper": 0.038461538461538464,
      "near_lower": 0.07692307692307693,
      "pos": 0.39421168830514686,
      "k": 2.0,
      "lookback": 26.0,
      "annual_trend_pct": 71.71682646986737,
      "trend_type": "Ascending",
      "near_support": false,
      "near_resistance": false,
      "action_zone": "Mid Channel",
      "prior_trend_weeks": 20,
      "recent_trend_weeks": 6,
      "prior_trend_pct": 81.85464049750894,
      "prior_trend_type": "Ascending",
      "recent_trend_pct": 48.765224908262226,
      "recent_trend_type": "Ascending",
      "previously_descending": false,
      "rank_score": 0.9054710611259074
    },
    {
      "ticker": "M&M.NS",
      "slope": 0.007852476489304195,
      "r2": 0.8949278507842005,
      "inside": 0.9743589743589743,
      "near_upper": 0.07692307692307693,
      "near_lower": 0.05128205128205128,
      "pos": 0.33008015513225314,
      "k": 2.0,
      "lookback": 39.0,
      "annual_trend_pct": 50.43016603301873,
      "trend_type": "Ascending",
      "near_support": false,
      "near_resistance": false,
      "action_zone": "Mid Channel",
      "prior_trend_weeks": 20,
      "recent_trend_weeks": 6,
      "prior_trend_pct": 59.13707938856545,
      "prior_trend_type": "Ascending",
      "recent_trend_pct": 34.8787170486583,
      "recent_trend_type": "Ascending",
      "previously_descending": false,
      "rank_score": 0.9041994996224646
    },
    {
      "ticker": "MARUTI.NS",
      "slope": 0.011092346465317303,
      "r2": 0.8692811354206555,
      "inside": 1.0,
      "near_upper": 0.05128205128205128,
      "near_lower": 0.07692307692307693,
      "pos": 0.4017049750721303,
      "k": 2.0,
      "lookback": 39.0,
      "annual_trend_pct": 78.033583204534,
      "trend_type": "Ascending",
      "near_support": false,
      "near_resistance": false,
      "action_zone": "Mid Channel",
      "prior_trend_weeks": 20,
      "recent_trend_weeks": 6,
      "prior_trend_pct": 123.71754087571927,
      "prior_trend_type": "Ascending",
      "recent_trend_pct": 68.36999492929203,
      "recent_trend_type": "Ascending",
      "previously_descending": false,
      "rank_score": 0.8944700702031148
    },
    {
      "ticker": "TATACONSUM.NS",
      "slope": 0.004918274353060782,
      "r2": 0.8162866710308209,
      "inside": 1.0,
      "near_upper": 0.07692307692307693,
      "near_lower": 0.038461538461538464,
      "pos": 0.29611255896221433,
      "k": 2.0,
      "lookback": 26.0,
      "annual_trend_pct": 29.143017410583937,
      "trend_type": "Ascending",
      "near_support": false,
      "near_resistance": false,
      "action_zone": "Mid Channel",
      "prior_trend_weeks": 20,
      "recent_trend_weeks": 6,
      "prior_trend_pct": 39.118284286164176,
      "prior_trend_type": "Ascending",
      "recent_trend_pct": 21.33971737534466,
      "recent_trend_type": "Ascending",
      "previously_descending": false,
      "rank_score": 0.878532079619189
    },
    {
      "ticker": "EICHERMOT.NS",
      "slope": 0.008957170286711402,
      "r2": 0.8803221716059644,
      "inside": 0.9807692307692307,
      "near_upper": 0.07692307692307693,
      "near_lower": 0.038461538461538464,
      "pos": 0.5465836800979956,
      "k": 2.0,
      "lookback": 52.0,
      "annual_trend_pct": 59.32450604494666,
      "trend_type": "Ascending",
      "near_support": false,
      "near_resistance": false,
      "action_zone": "Mid Channel",
      "prior_trend_weeks": 20,
      "recent_trend_weeks": 6,
      "prior_trend_pct": 114.91679474407599,
      "prior_trend_type": "Ascending",
      "recent_trend_pct": 43.92026349885953,
      "recent_trend_type": "Ascending",
      "previously_descending": false,
      "rank_score": 0.877810410100875
    },
    {
      "ticker": "BHARTIARTL.NS",
      "slope": 0.005354209768367248,
      "r2": 0.8715881325905648,
      "inside": 0.9230769230769231,
      "near_upper": 0.057692307692307696,
      "near_lower": 0.038461538461538464,
      "pos": 0.34424682986480293,
      "k": 2.0,
      "lookback": 52.0,
      "annual_trend_pct": 32.10394752598993,
      "trend_type": "Ascending",
      "near_support": false,
      "near_resistance": false,
      "action_zone": "Mid Channel",
      "prior_trend_weeks": 20,
      "recent_trend_weeks": 6,
      "prior_trend_pct": 38.53742177124233,
      "prior_trend_type": "Ascending",
      "recent_trend_pct": 4.161210167697504,
      "recent_trend_type": "Sideways",
      "previously_descending": false,
      "rank_score": 0.8706001525395713
    },
    {
      "ticker": "HINDALCO.NS",
      "slope": 0.010191572731457502,
      "r2": 0.9398128355138274,
      "inside": 0.9743589743589743,
      "near_upper": 0.07692307692307693,
      "near_lower": 0.05128205128205128,
      "pos": 0.9471704902411129,
      "k": 2.0,
      "lookback": 39.0,
      "annual_trend_pct": 69.88673801251099,
      "trend_type": "Ascending",
      "near_support": false,
      "near_resistance": true,
      "action_zone": "Near Resistance",
      "prior_trend_weeks": 20,
      "recent_trend_weeks": 6,
      "prior_trend_pct": 79.99480835344998,
      "prior_trend_type": "Ascending",
      "recent_trend_pct": 276.051718546461,
      "recent_trend_type": "Ascending",
      "previously_descending": false,
      "rank_score": 0.8649329584763922
    },
    {
      "ticker": "SBILIFE.NS",
      "slope": 0.0068921194883539314,
      "r2": 0.8513971884171038,
      "inside": 0.9615384615384616,
      "near_upper": 0.09615384615384616,
      "near_lower": 0.057692307692307696,
      "pos": 0.4614281168447451,
      "k": 2.0,
      "lookback": 52.0,
      "annual_trend_pct": 43.1023916245403,
      "trend_type": "Ascending",
      "near_support": false,
      "near_resistance": false,
      "action_zone": "Mid Channel",
      "prior_trend_weeks": 20,
      "recent_trend_weeks": 6,
      "prior_trend_pct": 30.75322989595879,
      "prior_trend_type": "Ascending",
      "recent_trend_pct": 31.214778712390668,
      "recent_trend_type": "Ascending",
      "previously_descending": false,
      "rank_score": 0.864171167139462
    },
    {
      "ticker": "SHRIRAMFIN.NS",
      "slope": 0.022060457744733905,
      "r2": 0.8640348566357499,
      "inside": 0.9615384615384616,
      "near_upper": 0.038461538461538464,
      "near_lower": 0.038461538461538464,
      "pos": 0.7088502595439388,
      "k": 2.0,
      "lookback": 26.0,
      "annual_trend_pct": 214.91853575073847,
      "trend_type": "Ascending",
      "near_support": false,
      "near_resistance": false,