{
  "updated_utc": "2026-01-21T21:01:56.868248+00:00",
  "tf": "1d",
  "params": {
    "pole_bars": 10,
    "flag_bars": 8,
    "min_pole_gain_pct": 10.0,
    "near_breakout_pct": 3.0,
    "flag_pullback_min_pct": 1.0,
    "flag_pullback_max_pct": 8.0,
    "tight_ratio": 0.6,
    "sma_fast": 20,
    "sma_slow": 50
  },
  "count": 3,
  "data": [
    {
      "ticker": "MCHP",
      "tf": "1d",
      "bars_used": 320,
      "close": 73.16999816894531,
      "sma20": 69.69799995422363,
      "sma50": 62.88365043640137,
      "trend_ok": true,
      "pole_bars": 10,
      "pole_gain_pct": 13.14461234560983,
      "pole_high": 75.29000091552734,
      "pole_range": 11.650001525878906,
      "flag_bars": 8,
      "flag_range": 4.3600006103515625,
      "pullback_from_pole_high_pct": 2.8157826016772103,
      "pullback_ok": true,
      "tight_ok": true,
      "flag_hold_ok": true,
      "near_breakout": true,
      "pattern": "bull_flag",
      "rank_score": 2.0948881993690587
    },
    {
      "ticker": "MRVI",
      "tf": "1d",
      "bars_used": 320,
      "close": 3.75,
      "sma20": 3.63050000667572,
      "sma50": 3.5500000047683717,
      "trend_ok": true,
      "pole_bars": 10,
      "pole_gain_pct": 17.3252261353145,
      "pole_high": 4.014999866485596,
      "pole_range": 0.8249998092651367,
      "flag_bars": 8,
      "flag_range": 0.46000003814697266,
      "pullback_from_pole_high_pct": 6.600245960096506,
      "pullback_ok": true,
      "tight_ok": true,
      "flag_hold_ok": true,
      "near_breakout": false,
      "pattern": "bull_flag",
      "rank_score": 1.9369680855613978
    },
    {
      "ticker": "ON",
      "tf": "1d",
      "bars_used": 320,
      "close": 60.060001373291016,
      "sma20": 58.05950012207031,
      "sma50": 53.75080032348633,
      "trend_ok": true,
      "pole_bars": 10,
      "pole_gain_pct": 11.133059644152919,
      "pole_high": 62.77000045776367,
      "pole_range": 9.270000457763672,
      "flag_bars": 8,
      "flag_range": 4.5800018310546875,
      "pullback_from_pole_high_pct": 4.317347562066923,
      "pullback_ok": true,
      "tight_ok": true,
      "flag_hold_ok": true,
      "near_breakout": false,
      "pattern": "bull_flag",
      "rank_score": 1.7332078896350573
    }
  ]
}