{
  "updated_utc": "2026-01-28T14:15:57.975851+00:00",
  "tf": "1d",
  "params": {
    "pole_bars": 10,
    "flag_bars": 8,
    "min_pole_gain_pct": 10.0,
    "near_breakout_pct": 3.0,
    "flag_pullback_min_pct": 1.0,
    "flag_pullback_max_pct": 8.0,
    "tight_ratio": 0.6,
    "sma_fast": 20,
    "sma_slow": 50
  },
  "count": 10,
  "data": [
    {
      "ticker": "POOL",
      "tf": "1d",
      "bars_used": 320,
      "close": 264.4599914550781,
      "sma20": 251.88949890136718,
      "sma50": 243.79579986572264,
      "trend_ok": true,
      "pole_bars": 10,
      "pole_gain_pct": 15.995626814378417,
      "pole_high": 268.1499938964844,
      "pole_range": 42.04998779296875,
      "flag_bars": 8,
      "flag_range": 11.459991455078125,
      "pullback_from_pole_high_pct": 1.3760964107389557,
      "pullback_ok": true,
      "tight_ok": true,
      "flag_hold_ok": true,
      "near_breakout": true,
      "pattern": "bull_flag",
      "rank_score": 2.88686157868141
    },
    {
      "ticker": "SCOR",
      "tf": "1d",
      "bars_used": 320,
      "close": 8.670000076293945,
      "sma20": 7.882500028610229,
      "sma50": 7.205199995040894,
      "trend_ok": true,
      "pole_bars": 10,
      "pole_gain_pct": 32.15384850135216,
      "pole_high": 8.770000457763672,
      "pole_range": 2.270000457763672,
      "flag_bars": 8,
      "flag_range": 1.3100004196166992,
      "pullback_from_pole_high_pct": 1.1402551453825853,
      "pullback_ok": true,
      "tight_ok": true,
      "flag_hold_ok": true,
      "near_breakout": true,
      "pattern": "bull_flag",
      "rank_score": 2.6580939857207233
    },
    {
      "ticker": "PLXS",
      "tf": "1d",
      "bars_used": 320,
      "close": 173.50999450683594,
      "sma20": 165.4805000305176,
      "sma50": 155.1829998779297,
      "trend_ok": true,
      "pole_bars": 10,
      "pole_gain_pct": 19.1768724091199,
      "pole_high": 176.9199981689453,
      "pole_range": 30.110000610351562,
      "flag_bars": 8,
      "flag_range": 14.740005493164062,
      "pullback_from_pole_high_pct": 1.9274269146516028,
      "pullback_ok": true,
      "tight_ok": true,
      "flag_hold_ok": true,
      "near_breakout": true,
      "pattern": "bull_flag",
      "rank_score": 2.5004704291349826
    },
    {
      "ticker": "PCT",
      "tf": "1d",
      "bars_used": 320,
      "close": 11.34000015258789,
      "sma20": 10.35774998664856,
      "sma50": 9.392299995422363,
      "trend_ok": true,
      "pole_bars": 10,
      "pole_gain_pct": 33.41094103117616,
      "pole_high": 11.595000267028809,
      "pole_range": 3.255000114440918,
      "flag_bars": 8,
      "flag_range": 1.5200004577636719,
      "pullback_from_pole_high_pct": 2.1992247397012017,
      "pullback_ok": true,
      "tight_ok": true,
      "flag_hold_ok": true,
      "near_breakout": true,
      "pattern": "bull_flag",
      "rank_score": 2.4886350691918997
    },
    {
      "ticker": "SNCY",
      "tf": "1d",
      "bars_used": 320,
      "close": 16.989999771118164,
      "sma20": 16.307250022888184,
      "sma50": 14.756000003814698,
      "trend_ok": true,
      "pole_bars": 10,
      "pole_gain_pct": 19.388463483585966,
      "pole_high": 17.917999267578125,
      "pole_range": 3.732998847961426,
      "flag_bars": 8,
      "flag_range": 1.3500003814697266,
      "pullback_from_pole_high_pct": 5.179146860102497,
      "pullback_ok": true,
      "tight_ok": true,
      "flag_hold_ok": true,
      "near_breakout": false,
      "pattern": "bull_flag",
      "rank_score": 2.3666904310359156
    },
    {
      "ticker": "PLRZ",
      "tf": "1d",
      "bars_used": 311,
      "close": 14.6899995803833,
      "sma20": 13.399999904632569,
      "sma50": 9.9604199552536,
      "trend_ok": true,
      "pole_bars": 10,
      "pole_gain_pct": 77.85631081920513,
      "pole_high": 15.25,
      "pole_range": 7.689000129699707,
      "flag_bars": 8,
      "flag_range": 3.0199995040893555,
      "pullback_from_pole_high_pct": 3.6721338991258965,
      "pullback_ok": true,
      "tight_ok": true,
      "flag_hold_ok": true,
      "near_breakout": false,
      "pattern": "bull_flag",
      "rank_score": 2.3453853008307637
    },
    {
      "ticker": "SCHL",
      "tf": "1d",
      "bars_used": 320,
      "close": 34.04999923706055,
      "sma20": 32.884499835968015,
      "sma50": 30.370199851989746,
      "trend_ok": true,
      "pole_bars": 10,
      "pole_gain_pct": 14.411078251957093,
      "pole_high": 34.79999923706055,
      "pole_range": 5.819999694824219,
      "flag_bars": 8,
      "flag_range": 2.3499984741210938,
      "pullback_from_pole_high_pct": 2.1551724610421292,
      "pullback_ok": true,
      "tight_ok": true,
      "flag_hold_ok": true,
      "near_breakout": true,
      "pattern": "bull_flag",
      "rank_score": 2.3291967127129873
    },
    {
      "ticker": "SNBR",
      "tf": "1d",
      "bars_used": 320,
      "close": 10.3100004196167,
      "sma20": 9.298000049591064,
      "sma50": 7.614200029373169,
      "trend_ok": true,
      "pole_bars": 10,
      "pole_gain_pct": 23.99526860304637,
      "pole_high": 10.84000015258789,
      "pole_range": 3.8600001335144043,
      "flag_bars": 8,
      "flag_range": 1.880000114440918,
      "pullback_from_pole_high_pct": 4.889296360799975,
      "pullback_ok": true,
      "tight_ok": true,
      "flag_hold_ok": true,
      "near_breakout": false,
      "pattern": "bull_flag",
      "rank_score": 2.1882555917905115
    },
    {
      "ticker": "PLPC",
      "tf": "1d",
      "bars_used": 320,
      "close": 241.00999450683594,
      "sma20": 233.4859817504883,
      "sma50": 219.7416748046875,
      "trend_ok": true,
      "pole_bars": 10,
      "pole_gain_pct": 17.46436478776703,
      "pole_high": 248.89999389648438,
      "pole_range": 42.764449659192024,
      "flag_bars": 8,
      "flag_range": 18.569992065429688,
      "pullback_from_pole_high_pct": 3.169947602702565,
      "pullback_ok": true,
      "tight_ok": true,
      "flag_hold_ok": true,
      "near_breakout": false,
      "pattern": "bull_flag",
      "rank_score": 2.149486564542313
    },
    {
      "ticker": "SATS",
      "tf": "1d",
      "bars_used": 320,
      "close": 125.80999755859375,
      "sma20": 119.33449935913086,
      "sma50": 99.4013996887207,
      "trend_ok": true,
      "pole_bars": 10,
      "pole_gain_pct": 20.59797609774497,
      "pole_high": 132.1699981689453,
      "pole_range": 24.580001831054688,
      "flag_bars": 8,
      "flag_range": 13.75,
      "pullback_from_pole_high_pct": 4.811985093789545,
      "pullback_ok": true,
      "tight_ok": true,
      "flag_hold_ok": true,
      "near_breakout": false,
      "pattern": "bull_flag",
      "rank_score": 2.0676702620211582
    }
  ]
}