{
  "updated_utc": "2026-01-28T14:11:36.841579+00:00",
  "tf": "1d",
  "params": {
    "pole_bars": 10,
    "flag_bars": 8,
    "min_pole_gain_pct": 10.0,
    "near_breakout_pct": 3.0,
    "flag_pullback_min_pct": 1.0,
    "flag_pullback_max_pct": 8.0,
    "tight_ratio": 0.6,
    "sma_fast": 20,
    "sma_slow": 50
  },
  "count": 16,
  "data": [
    {
      "ticker": "NHTC",
      "tf": "1d",
      "bars_used": 320,
      "close": 3.799999952316284,
      "sma20": 3.483499991893768,
      "sma50": 3.2325818061828615,
      "trend_ok": true,
      "pole_bars": 10,
      "pole_gain_pct": 18.446608009521928,
      "pole_high": 3.8499999046325684,
      "pole_range": 0.8999998569488525,
      "flag_bars": 8,
      "flag_range": 0.3300001621246338,
      "pullback_from_pole_high_pct": 1.2987000923330156,
      "pullback_ok": true,
      "tight_ok": true,
      "flag_hold_ok": true,
      "near_breakout": true,
      "pattern": "bull_flag",
      "rank_score": 2.8783188612229518
    },
    {
      "ticker": "LIVE",
      "tf": "1d",
      "bars_used": 320,
      "close": 21.09000015258789,
      "sma20": 18.863499927520753,
      "sma50": 14.867399978637696,
      "trend_ok": true,
      "pole_bars": 10,
      "pole_gain_pct": 32.70269686850088,
      "pole_high": 21.34000015258789,
      "pole_range": 7.390000343322754,
      "flag_bars": 8,
      "flag_range": 3.700000762939453,
      "pullback_from_pole_high_pct": 1.1715088950909995,
      "pullback_ok": true,
      "tight_ok": true,
      "flag_hold_ok": true,
      "near_breakout": true,
      "pattern": "bull_flag",
      "rank_score": 2.775035918360339
    },
    {
      "ticker": "MCHP",
      "tf": "1d",
      "bars_used": 320,
      "close": 75.16000366210938,
      "sma20": 72.17449989318848,
      "sma50": 64.83295616149903,
      "trend_ok": true,
      "pole_bars": 10,
      "pole_gain_pct": 17.20024933224839,
      "pole_high": 76.05999755859375,
      "pole_range": 12.419998168945312,
      "flag_bars": 8,
      "flag_range": 7.220001220703125,
      "pullback_from_pole_high_pct": 1.1832683741424705,
      "pullback_ok": true,
      "tight_ok": true,
      "flag_hold_ok": true,
      "near_breakout": true,
      "pattern": "bull_flag",
      "rank_score": 2.4967219504418754
    },
    {
      "ticker": "NXPL",
      "tf": "1d",
      "bars_used": 320,
      "close": 0.6899999976158142,
      "sma20": 0.6490000009536743,
      "sma50": 0.6334000027179718,
      "trend_ok": true,
      "pole_bars": 10,
      "pole_gain_pct": 30.188685823225658,
      "pole_high": 0.7099999785423279,
      "pole_range": 0.18000000715255737,
      "flag_bars": 8,
      "flag_range": 0.06999999284744263,
      "pullback_from_pole_high_pct": 2.816898807176702,
      "pullback_ok": true,
      "tight_ok": true,
      "flag_hold_ok": true,
      "near_breakout": true,
      "pattern": "bull_flag",
      "rank_score": 2.412885674775424
    },
    {
      "ticker": "KRYS",
      "tf": "1d",
      "bars_used": 320,
      "close": 277.3599853515625,
      "sma20": 267.81375045776366,
      "sma50": 243.34050079345704,
      "trend_ok": true,
      "pole_bars": 10,
      "pole_gain_pct": 18.354026320700097,
      "pole_high": 295.9800109863281,
      "pole_range": 60.37501525878906,
      "flag_bars": 8,
      "flag_range": 23.480010986328125,
      "pullback_from_pole_high_pct": 6.290974033251766,
      "pullback_ok": true,
      "tight_ok": true,
      "flag_hold_ok": true,
      "near_breakout": false,
      "pattern": "bull_flag",
      "rank_score": 2.269530024050389
    },
    {
      "ticker": "KRUS",
      "tf": "1d",
      "bars_used": 320,
      "close": 68.69999694824219,
      "sma20": 65.52049980163574,
      "sma50": 56.62029998779297,
      "trend_ok": true,
      "pole_bars": 10,
      "pole_gain_pct": 40.85609880626879,
      "pole_high": 73.98999786376953,
      "pole_range": 23.259998321533203,
      "flag_bars": 8,
      "flag_range": 10.730003356933594,
      "pullback_from_pole_high_pct": 7.149616256601736,
      "pullback_ok": true,
      "tight_ok": true,
      "flag_hold_ok": true,
      "near_breakout": false,
      "pattern": "bull_flag",
      "rank_score": 2.231154762738441
    },
    {
      "ticker": "MEOH",
      "tf": "1d",
      "bars_used": 320,
      "close": 46.869998931884766,
      "sma20": 45.18099994659424,
      "sma50": 40.51626922607422,
      "trend_ok": true,
      "pole_bars": 10,
      "pole_gain_pct": 17.925475108428827,
      "pole_high": 48.02000045776367,
      "pole_range": 8.400001525878906,
      "flag_bars": 8,
      "flag_range": 4.6100006103515625,
      "pullback_from_pole_high_pct": 2.394838639975437,
      "pullback_ok": true,
      "tight_ok": true,
      "flag_hold_ok": true,
      "near_breakout": true,
      "pattern": "bull_flag",
      "rank_score": 2.183311714133056
    },
    {
      "ticker": "LGO",
      "tf": "1d",
      "bars_used": 320,
      "close": 1.3300000429153442,
      "sma20": 1.217500016093254,
      "sma50": 1.0730000030994415,
      "trend_ok": true,
      "pole_bars": 10,
      "pole_gain_pct": 43.61702417722921,
      "pole_high": 1.3700000047683716,
      "pole_range": 0.4700000286102295,
      "flag_bars": 8,
      "flag_range": 0.24000000953674316,
      "pullback_from_pole_high_pct": 2.919705234584303,
      "pullback_ok": true,
      "tight_ok": true,
      "flag_hold_ok": true,
      "near_breakout": true,
      "pattern": "bull_flag",
      "rank_score": 2.1757011100064214
    },
    {
      "ticker": "NEWT",
      "tf": "1d",
      "bars_used": 320,
      "close": 13.670000076293945,
      "sma20": 13.053500080108643,
      "sma50": 11.754031600952148,
      "trend_ok": true,
      "pole_bars": 10,
      "pole_gain_pct": 24.93391919463173,
      "pole_high": 14.300000190734863,
      "pole_range": 2.9800004959106445,
      "flag_bars": 8,
      "flag_range": 1.4799995422363281,
      "pullback_from_pole_high_pct": 4.405595147118267,
      "pullback_ok": true,
      "tight_ok": true,
      "flag_hold_ok": true,
      "near_breakout": false,
      "pattern": "bull_flag",
      "rank_score": 2.1722599015966146
    },
    {
      "ticker": "NTIC",
      "tf": "1d",
      "bars_used": 320,
      "close": 9.109999656677246,
      "sma20": 8.864999961853027,
      "sma50": 8.091600017547607,
      "trend_ok": true,
      "pole_bars": 10,
      "pole_gain_pct": 22.094514850158642,
      "pole_high": 9.65999984741211,
      "pole_range": 2.1499996185302734,
      "flag_bars": 8,
      "flag_range": 1.0699996948242188,
      "pullback_from_pole_high_pct": 5.693583844954273,
      "pullback_ok": true,
      "tight_ok": true,
      "flag_hold_ok": true,
      "near_breakout": false,
      "pattern": "bull_flag",
      "rank_score": 2.170542725060525
    },
    {
      "ticker": "KTOS",
      "tf": "1d",
      "bars_used": 320,
      "close": 118.05999755859375,
      "sma20": 105.84699974060058,
      "sma50": 87.04239959716797,
      "trend_ok": true,
      "pole_bars": 10,
      "pole_gain_pct": 60.05795565604347,
      "pole_high": 123.95999908447266,
      "pole_range": 49.62999725341797,
      "flag_bars": 8,
      "flag_range": 27.230003356933594,
      "pullback_from_pole_high_pct": 4.7596011370235205,
      "pullback_ok": true,
      "tight_ok": true,
      "flag_hold_ok": true,
      "near_breakout": false,
      "pattern": "bull_flag",
      "rank_score": 2.0855663622851166
    },
    {
      "ticker": "MBUU",
      "tf": "1d",
      "bars_used": 320,
      "close": 32.40999984741211,
      "sma20": 31.763999938964844,
      "sma50": 29.48389991760254,
      "trend_ok": true,
      "pole_bars": 10,
      "pole_gain_pct": 17.86600878800262,
      "pole_high": 33.529998779296875,
      "pole_range": 5.724998474121094,
      "flag_bars": 8,
      "flag_range": 2.9199981689453125,
      "pullback_from_pole_high_pct": 3.3402892116307203,
      "pullback_ok": true,
      "tight_ok": true,
      "flag_hold_ok": true,