{
  "updated_utc": "2026-01-28T14:09:38.431499+00:00",
  "tf": "1d",
  "params": {
    "pole_bars": 10,
    "flag_bars": 8,
    "min_pole_gain_pct": 10.0,
    "near_breakout_pct": 3.0,
    "flag_pullback_min_pct": 1.0,
    "flag_pullback_max_pct": 8.0,
    "tight_ratio": 0.6,
    "sma_fast": 20,
    "sma_slow": 50
  },
  "count": 17,
  "data": [
    {
      "ticker": "TAYD",
      "tf": "1d",
      "bars_used": 320,
      "close": 72.5,
      "sma20": 68.88600063323975,
      "sma50": 58.54240028381348,
      "trend_ok": true,
      "pole_bars": 10,
      "pole_gain_pct": 25.52172152344107,
      "pole_high": 74.0,
      "pole_range": 17.200000762939453,
      "flag_bars": 8,
      "flag_range": 4.3600006103515625,
      "pullback_from_pole_high_pct": 2.027027027027027,
      "pullback_ok": true,
      "tight_ok": true,
      "flag_hold_ok": true,
      "near_breakout": true,
      "pattern": "bull_flag",
      "rank_score": 2.9018436637666434
    },
    {
      "ticker": "TRMD",
      "tf": "1d",
      "bars_used": 320,
      "close": 23.329999923706055,
      "sma20": 21.860499954223634,
      "sma50": 21.337089309692384,
      "trend_ok": true,
      "pole_bars": 10,
      "pole_gain_pct": 18.794690089453482,
      "pole_high": 23.7549991607666,
      "pole_range": 4.299999237060547,
      "flag_bars": 8,
      "flag_range": 1.8599987030029297,
      "pullback_from_pole_high_pct": 1.7890938837096204,
      "pullback_ok": true,
      "tight_ok": true,
      "flag_hold_ok": true,
      "near_breakout": true,
      "pattern": "bull_flag",
      "rank_score": 2.6224400188103862
    },
    {
      "ticker": "VSME",
      "tf": "1d",
      "bars_used": 320,
      "close": 1.9500000476837158,
      "sma20": 0.9788499992340803,
      "sma50": 0.4633999994397163,
      "trend_ok": true,
      "pole_bars": 10,
      "pole_gain_pct": 1434.6533647005224,
      "pole_high": 2.109999895095825,
      "pole_range": 2.035999894142151,
      "flag_bars": 8,
      "flag_range": 0.5,
      "pullback_from_pole_high_pct": 7.582931533977305,
      "pullback_ok": true,
      "tight_ok": true,
      "flag_hold_ok": true,
      "near_breakout": false,
      "pattern": "bull_flag",
      "rank_score": 2.590700699086013
    },
    {
      "ticker": "TECH",
      "tf": "1d",
      "bars_used": 320,
      "close": 68.2300033569336,
      "sma20": 65.7515001296997,
      "sma50": 62.55756317138672,
      "trend_ok": true,
      "pole_bars": 10,
      "pole_gain_pct": 16.306750431302078,
      "pole_high": 69.0,
      "pole_range": 10.599998474121094,
      "flag_bars": 8,
      "flag_range": 5.810005187988281,
      "pullback_from_pole_high_pct": 1.1159371638643567,
      "pullback_ok": true,
      "tight_ok": true,
      "flag_hold_ok": true,
      "near_breakout": true,
      "pattern": "bull_flag",
      "rank_score": 2.5298355071412097
    },
    {
      "ticker": "XBP",
      "tf": "1d",
      "bars_used": 320,
      "close": 8.380000114440918,
      "sma20": 7.844750022888183,
      "sma50": 6.812300014495849,
      "trend_ok": true,
      "pole_bars": 10,
      "pole_gain_pct": 13.803231499540844,
      "pole_high": 8.550000190734863,
      "pole_range": 1.9600000381469727,
      "flag_bars": 8,
      "flag_range": 0.7649998664855957,
      "pullback_from_pole_high_pct": 1.9883049415386502,
      "pullback_ok": true,
      "tight_ok": true,
      "flag_hold_ok": true,
      "near_breakout": true,
      "pattern": "bull_flag",
      "rank_score": 2.3768831832425588
    },
    {
      "ticker": "WPRT",
      "tf": "1d",
      "bars_used": 320,
      "close": 2.119999885559082,
      "sma20": 1.9975000202655793,
      "sma50": 1.807000002861023,
      "trend_ok": true,
      "pole_bars": 10,
      "pole_gain_pct": 38.853502797811565,
      "pole_high": 2.25,
      "pole_range": 0.690000057220459,
      "flag_bars": 8,
      "flag_range": 0.25999999046325684,
      "pullback_from_pole_high_pct": 5.777782864040799,
      "pullback_ok": true,
      "tight_ok": true,
      "flag_hold_ok": true,
      "near_breakout": false,
      "pattern": "bull_flag",
      "rank_score": 2.3719807514446205
    },
    {
      "ticker": "UFPI",
      "tf": "1d",
      "bars_used": 320,
      "close": 103.30999755859375,
      "sma20": 100.45200004577637,
      "sma50": 95.00080627441406,
      "trend_ok": true,
      "pole_bars": 10,
      "pole_gain_pct": 14.772099393117507,
      "pole_high": 105.70999908447266,
      "pole_range": 15.629997253417969,
      "flag_bars": 8,
      "flag_range": 5.970001220703125,
      "pullback_from_pole_high_pct": 2.2703637751061465,
      "pullback_ok": true,
      "tight_ok": true,
      "flag_hold_ok": true,
      "near_breakout": true,
      "pattern": "bull_flag",
      "rank_score": 2.3452205134004163
    },
    {
      "ticker": "TTMI",
      "tf": "1d",
      "bars_used": 320,
      "close": 94.61000061035156,
      "sma20": 83.9824993133545,
      "sma50": 74.97819931030273,
      "trend_ok": true,
      "pole_bars": 10,
      "pole_gain_pct": 39.884053105893344,
      "pole_high": 101.19000244140625,
      "pole_range": 35.99000549316406,
      "flag_bars": 8,
      "flag_range": 14.660003662109375,
      "pullback_from_pole_high_pct": 6.5026204884863175,
      "pullback_ok": true,
      "tight_ok": true,
      "flag_hold_ok": true,
      "near_breakout": false,
      "pattern": "bull_flag",
      "rank_score": 2.321107649136374
    },
    {
      "ticker": "UPB",
      "tf": "1d",
      "bars_used": 320,
      "close": 32.5,
      "sma20": 29.66299991607666,
      "sma50": 28.396699905395508,
      "trend_ok": true,
      "pole_bars": 10,
      "pole_gain_pct": 18.968691310829055,
      "pole_high": 33.68000030517578,
      "pole_range": 8.680000305175781,
      "flag_bars": 8,
      "flag_range": 3.750001907348633,
      "pullback_from_pole_high_pct": 3.5035638197261076,
      "pullback_ok": true,
      "tight_ok": true,
      "flag_hold_ok": true,
      "near_breakout": false,
      "pattern": "bull_flag",
      "rank_score": 2.22838814167352
    },
    {
      "ticker": "TUSK",
      "tf": "1d",
      "bars_used": 320,
      "close": 2.190000057220459,
      "sma20": 2.120000010728836,
      "sma50": 1.9772000050544738,
      "trend_ok": true,
      "pole_bars": 10,
      "pole_gain_pct": 24.324320144597642,
      "pole_high": 2.369999885559082,
      "pole_range": 0.5699999332427979,
      "flag_bars": 8,
      "flag_range": 0.26799988746643066,
      "pullback_from_pole_high_pct": 7.594929832503396,
      "pullback_ok": true,
      "tight_ok": true,
      "flag_hold_ok": true,
      "near_breakout": false,
      "pattern": "bull_flag",
      "rank_score": 2.2163745062748013
    },
    {
      "ticker": "STEP",
      "tf": "1d",
      "bars_used": 320,
      "close": 73.26000213623047,
      "sma20": 71.3794994354248,
      "sma50": 66.33101043701171,
      "trend_ok": true,
      "pole_bars": 10,
      "pole_gain_pct": 14.53950770964785,
      "pole_high": 74.44000244140625,
      "pole_range": 10.720001220703125,
      "flag_bars": 8,
      "flag_range": 6.3600006103515625,
      "pullback_from_pole_high_pct": 1.5851696218099824,
      "pullback_ok": true,
      "tight_ok": true,
      "flag_hold_ok": true,
      "near_breakout": true,
      "pattern": "bull_flag",
      "rank_score": 2.2097795591003875
    },
    {
      "ticker": "SPAI",
      "tf": "1d",
      "bars_used": 320,
      "close": 5.949999809265137,
      "sma20": 5.42599995136261,
      "sma50": 4.8384999704360965,
      "trend_ok": true,
      "pole_bars": 10,
      "pole_gain_pct": 49.759621336262825,
      "pole_high": 6.320000171661377,
      "pole_range": 2.56000018119812,
      "flag_bars": 8,
      "flag_range": 1.369999885559082,
      "pullback_from_pole_high_pct": 5.854435954848653,
      "pullback_ok": true,
      "tight_ok": true,
      "flag_hold_ok": true,
      "near_breakout": false,
      "pattern": "bull_flag",