{
  "updated_utc": "2026-01-28T20:22:00.496480+00:00",
  "tf": "1d",
  "params": {
    "pole_bars": 10,
    "flag_bars": 8,
    "min_pole_gain_pct": 10.0,
    "near_breakout_pct": 3.0,
    "flag_pullback_min_pct": 1.0,
    "flag_pullback_max_pct": 8.0,
    "tight_ratio": 0.6,
    "sma_fast": 20,
    "sma_slow": 50
  },
  "count": 5,
  "data": [
    {
      "ticker": "HTLD",
      "tf": "1d",
      "bars_used": 320,
      "close": 10.329999923706055,
      "sma20": 10.14549994468689,
      "sma50": 9.147735834121704,
      "trend_ok": true,
      "pole_bars": 10,
      "pole_gain_pct": 15.282393745839556,
      "pole_high": 10.539999961853027,
      "pole_range": 1.630000114440918,
      "flag_bars": 8,
      "flag_range": 0.8299999237060547,
      "pullback_from_pole_high_pct": 1.9924102363094578,
      "pullback_ok": true,
      "tight_ok": true,
      "flag_hold_ok": true,
      "near_breakout": true,
      "pattern": "bull_flag",
      "rank_score": 2.251312322803889
    },
    {
      "ticker": "KELYA",
      "tf": "1d",
      "bars_used": 320,
      "close": 10.100000381469727,
      "sma20": 9.530500078201294,
      "sma50": 8.994961013793946,
      "trend_ok": true,
      "pole_bars": 10,
      "pole_gain_pct": 17.27272126300289,
      "pole_high": 10.859999656677246,
      "pole_range": 2.309999465942383,
      "flag_bars": 8,
      "flag_range": 0.9000005722045898,
      "pullback_from_pole_high_pct": 6.998151926646109,
      "pullback_ok": true,
      "tight_ok": true,
      "flag_hold_ok": true,
      "near_breakout": false,
      "pattern": "bull_flag",
      "rank_score": 2.2142848508275135
    },
    {
      "ticker": "JAKK",
      "tf": "1d",
      "bars_used": 320,
      "close": 18.969999313354492,
      "sma20": 18.29249973297119,
      "sma50": 17.11036989212036,
      "trend_ok": true,
      "pole_bars": 10,
      "pole_gain_pct": 14.277262290167627,
      "pole_high": 19.440000534057617,
      "pole_range": 2.9099998474121094,
      "flag_bars": 8,
      "flag_range": 1.5,
      "pullback_from_pole_high_pct": 2.41770168616875,
      "pullback_ok": true,
      "tight_ok": true,
      "flag_hold_ok": true,
      "near_breakout": true,
      "pattern": "bull_flag",
      "rank_score": 2.0488559781946534
    },
    {
      "ticker": "GASS",
      "tf": "1d",
      "bars_used": 320,
      "close": 7.789999961853027,
      "sma20": 7.593499994277954,
      "sma50": 7.153200016021729,
      "trend_ok": true,
      "pole_bars": 10,
      "pole_gain_pct": 11.823360768677803,
      "pole_high": 8.0600004196167,
      "pole_range": 1.1500005722045898,
      "flag_bars": 8,
      "flag_range": 0.4200000762939453,
      "pullback_from_pole_high_pct": 3.349881435570843,
      "pullback_ok": true,
      "tight_ok": true,
      "flag_hold_ok": true,
      "near_breakout": false,
      "pattern": "bull_flag",
      "rank_score": 1.9824725785571602
    },
    {
      "ticker": "HLMN",
      "tf": "1d",
      "bars_used": 320,
      "close": 9.510000228881836,
      "sma20": 9.499999952316283,
      "sma50": 9.057800006866454,
      "trend_ok": true,
      "pole_bars": 10,
      "pole_gain_pct": 10.623557650164063,
      "pole_high": 10.095000267028809,
      "pole_range": 1.5900001525878906,
      "flag_bars": 8,
      "flag_range": 0.6799993515014648,
      "pullback_from_pole_high_pct": 5.794948218650733,
      "pullback_ok": true,
      "tight_ok": true,
      "flag_hold_ok": true,
      "near_breakout": false,
      "pattern": "bull_flag",
      "rank_score": 1.8183903707222293
    }
  ]
}