{
  "updated_utc": "2026-01-15T23:13:41.262002+00:00",
  "tf": "1d",
  "params": {
    "pole_bars": 10,
    "flag_bars": 8,
    "min_pole_gain_pct": 10.0,
    "near_breakout_pct": 3.0,
    "flag_pullback_min_pct": 1.0,
    "flag_pullback_max_pct": 8.0,
    "tight_ratio": 0.6,
    "sma_fast": 20,
    "sma_slow": 50
  },
  "count": 4,
  "data": [
    {
      "ticker": "FONR",
      "tf": "1d",
      "bars_used": 320,
      "close": 18.610000610351562,
      "sma20": 16.816000127792357,
      "sma50": 15.451400032043457,
      "trend_ok": true,
      "pole_bars": 10,
      "pole_gain_pct": 22.974767209435676,
      "pole_high": 18.860000610351562,
      "pole_range": 4.460000991821289,
      "flag_bars": 8,
      "flag_range": 0.12999916076660156,
      "pullback_from_pole_high_pct": 1.325556690930244,
      "pullback_ok": true,
      "tight_ok": true,
      "flag_hold_ok": true,
      "near_breakout": true,
      "pattern": "bull_flag",
      "rank_score": 3.5095681240033696
    },
    {
      "ticker": "HFBL",
      "tf": "1d",
      "bars_used": 320,
      "close": 17.549999237060547,
      "sma20": 17.116499996185304,
      "sma50": 16.41979995727539,
      "trend_ok": true,
      "pole_bars": 10,
      "pole_gain_pct": 17.336843424783385,
      "pole_high": 18.200000762939453,
      "pole_range": 3.7300004959106445,
      "flag_bars": 8,
      "flag_range": 0.8099994659423828,
      "pullback_from_pole_high_pct": 3.5714368056648667,
      "pullback_ok": true,
      "tight_ok": true,
      "flag_hold_ok": true,
      "near_breakout": false,
      "pattern": "bull_flag",
      "rank_score": 2.504912163083934
    },
    {
      "ticker": "HQI",
      "tf": "1d",
      "bars_used": 320,
      "close": 10.65999984741211,
      "sma20": 9.991999888420105,
      "sma50": 9.181752052307129,
      "trend_ok": true,
      "pole_bars": 10,
      "pole_gain_pct": 22.988506251116046,
      "pole_high": 11.100000381469727,
      "pole_range": 3.070000648498535,
      "flag_bars": 8,
      "flag_range": 1.5799999237060547,
      "pullback_from_pole_high_pct": 3.9639686390655573,
      "pullback_ok": true,
      "tight_ok": true,
      "flag_hold_ok": true,
      "near_breakout": false,
      "pattern": "bull_flag",
      "rank_score": 2.1422369218506
    },
    {
      "ticker": "HSCS",
      "tf": "1d",
      "bars_used": 320,
      "close": 3.1600000858306885,
      "sma20": 2.848249983787537,
      "sma50": 2.790479989051819,
      "trend_ok": true,
      "pole_bars": 10,
      "pole_gain_pct": 43.378996477719404,
      "pole_high": 3.2799999713897705,
      "pole_range": 1.119999885559082,
      "flag_bars": 8,
      "flag_range": 0.5899999141693115,
      "pullback_from_pole_high_pct": 3.6585331282255105,
      "pullback_ok": true,
      "tight_ok": true,
      "flag_hold_ok": true,
      "near_breakout": false,
      "pattern": "bull_flag",
      "rank_score": 2.1220238475369797
    }
  ]
}