{
  "updated_utc": "2026-01-28T20:22:13.447551+00:00",
  "tf": "1d",
  "params": {
    "pole_bars": 10,
    "flag_bars": 8,
    "min_pole_gain_pct": 10.0,
    "near_breakout_pct": 3.0,
    "flag_pullback_min_pct": 1.0,
    "flag_pullback_max_pct": 8.0,
    "tight_ratio": 0.6,
    "sma_fast": 20,
    "sma_slow": 50
  },
  "count": 9,
  "data": [
    {
      "ticker": "CMPR",
      "tf": "1d",
      "bars_used": 320,
      "close": 78.52999877929688,
      "sma20": 74.5495002746582,
      "sma50": 72.17520004272461,
      "trend_ok": true,
      "pole_bars": 10,
      "pole_gain_pct": 19.732704222369996,
      "pole_high": 80.20999908447266,
      "pole_range": 16.019996643066406,
      "flag_bars": 8,
      "flag_range": 6.040000915527344,
      "pullback_from_pole_high_pct": 2.0945023368052897,
      "pullback_ok": true,
      "tight_ok": true,
      "flag_hold_ok": true,
      "near_breakout": true,
      "pattern": "bull_flag",
      "rank_score": 2.660086348414348
    },
    {
      "ticker": "CENX",
      "tf": "1d",
      "bars_used": 320,
      "close": 47.81999969482422,
      "sma20": 44.97899971008301,
      "sma50": 36.74819995880127,
      "trend_ok": true,
      "pole_bars": 10,
      "pole_gain_pct": 22.307294016572417,
      "pole_high": 48.58000183105469,
      "pole_range": 10.050003051757812,
      "flag_bars": 8,
      "flag_range": 5.540000915527344,
      "pullback_from_pole_high_pct": 1.564434144884364,
      "pullback_ok": true,
      "tight_ok": true,
      "flag_hold_ok": true,
      "near_breakout": true,
      "pattern": "bull_flag",
      "rank_score": 2.559782443701056
    },
    {
      "ticker": "ELE",
      "tf": "1d",
      "bars_used": 320,
      "close": 20.690000534057617,
      "sma20": 18.706500005722045,
      "sma50": 16.404400005340577,
      "trend_ok": true,
      "pole_bars": 10,
      "pole_gain_pct": 16.794345885606056,
      "pole_high": 20.979999542236328,
      "pole_range": 5.2699995040893555,
      "flag_bars": 8,
      "flag_range": 2.75,
      "pullback_from_pole_high_pct": 1.382264130153546,
      "pullback_ok": true,
      "tight_ok": true,
      "flag_hold_ok": true,
      "near_breakout": true,
      "pattern": "bull_flag",
      "rank_score": 2.509259782591889
    },
    {
      "ticker": "CGON",
      "tf": "1d",
      "bars_used": 320,
      "close": 55.099998474121094,
      "sma20": 49.09099998474121,
      "sma50": 44.501799774169925,
      "trend_ok": true,
      "pole_bars": 10,
      "pole_gain_pct": 33.6945994930826,
      "pole_high": 57.39500045776367,
      "pole_range": 18.255001068115234,
      "flag_bars": 8,
      "flag_range": 5.950000762939453,
      "pullback_from_pole_high_pct": 3.998609574594296,
      "pullback_ok": true,
      "tight_ok": true,
      "flag_hold_ok": true,
      "near_breakout": false,
      "pattern": "bull_flag",
      "rank_score": 2.4567697968775697
    },
    {
      "ticker": "CMCO",
      "tf": "1d",
      "bars_used": 320,
      "close": 20.75,
      "sma20": 19.59950008392334,
      "sma50": 17.779600105285645,
      "trend_ok": true,
      "pole_bars": 10,
      "pole_gain_pct": 19.478264407835145,
      "pole_high": 21.579999923706055,
      "pole_range": 4.450000762939453,
      "flag_bars": 8,
      "flag_range": 1.7999992370605469,
      "pullback_from_pole_high_pct": 3.846153506211478,
      "pullback_ok": true,
      "tight_ok": true,
      "flag_hold_ok": true,
      "near_breakout": false,
      "pattern": "bull_flag",
      "rank_score": 2.2997563183483085
    },
    {
      "ticker": "CNTY",
      "tf": "1d",
      "bars_used": 320,
      "close": 1.5700000524520874,
      "sma20": 1.544000017642975,
      "sma50": 1.4664000129699708,
      "trend_ok": true,
      "pole_bars": 10,
      "pole_gain_pct": 24.812023538187173,
      "pole_high": 1.690000057220459,
      "pole_range": 0.3900001049041748,
      "flag_bars": 8,
      "flag_range": 0.1700000762939453,
      "pullback_from_pole_high_pct": 7.100591757714817,
      "pullback_ok": true,
      "tight_ok": true,
      "flag_hold_ok": true,
      "near_breakout": false,
      "pattern": "bull_flag",
      "rank_score": 2.2735041428783065
    },
    {
      "ticker": "CDZI",
      "tf": "1d",
      "bars_used": 320,
      "close": 6.449999809265137,
      "sma20": 6.187999987602234,
      "sma50": 5.8225999927520755,
      "trend_ok": true,
      "pole_bars": 10,
      "pole_gain_pct": 21.212121727258843,
      "pole_high": 6.849999904632568,
      "pole_range": 1.3299999237060547,
      "flag_bars": 8,
      "flag_range": 0.75,
      "pullback_from_pole_high_pct": 5.839417531917287,
      "pullback_ok": true,
      "tight_ok": true,
      "flag_hold_ok": true,
      "near_breakout": false,
      "pattern": "bull_flag",
      "rank_score": 2.0601503220264363
    },
    {
      "ticker": "CRML",
      "tf": "1d",
      "bars_used": 320,
      "close": 18.270000457763672,
      "sma20": 14.09150002002716,
      "sma50": 10.620799980163575,
      "trend_ok": true,
      "pole_bars": 10,
      "pole_gain_pct": 158.28528947072792,
      "pole_high": 19.049999237060547,
      "pole_range": 12.299999237060547,
      "flag_bars": 8,
      "flag_range": 7.330000877380371,
      "pullback_from_pole_high_pct": 4.094481945067155,
      "pullback_ok": true,
      "tight_ok": true,
      "flag_hold_ok": true,
      "near_breakout": false,
      "pattern": "bull_flag",
      "rank_score": 2.0067748872570803
    },
    {
      "ticker": "EZPW",
      "tf": "1d",
      "bars_used": 320,
      "close": 21.329999923706055,
      "sma20": 21.03199996948242,
      "sma50": 20.0546000289917,
      "trend_ok": true,
      "pole_bars": 10,
      "pole_gain_pct": 10.144177680819253,
      "pole_high": 22.110000610351562,
      "pole_range": 2.75,
      "flag_bars": 8,
      "flag_range": 1.2199993133544922,
      "pullback_from_pole_high_pct": 3.527818476315751,
      "pullback_ok": true,
      "tight_ok": true,
      "flag_hold_ok": true,
      "near_breakout": false,
      "pattern": "bull_flag",
      "rank_score": 1.7678153607958158
    }
  ]
}