{
  "updated_utc": "2026-01-23T22:42:21.812885+00:00",
  "tf": "1d",
  "params": {
    "pole_bars": 10,
    "flag_bars": 8,
    "min_pole_gain_pct": 10.0,
    "near_breakout_pct": 3.0,
    "flag_pullback_min_pct": 1.0,
    "flag_pullback_max_pct": 8.0,
    "tight_ratio": 0.6,
    "sma_fast": 20,
    "sma_slow": 50
  },
  "count": 5,
  "data": [
    {
      "ticker": "FONR",
      "tf": "1d",
      "bars_used": 320,
      "close": 18.6200008392334,
      "sma20": 17.78300008773804,
      "sma50": 15.83560001373291,
      "trend_ok": true,
      "pole_bars": 10,
      "pole_gain_pct": 28.373698836774714,
      "pole_high": 18.860000610351562,
      "pole_range": 4.460000991821289,
      "flag_bars": 8,
      "flag_range": 0.20000076293945312,
      "pullback_from_pole_high_pct": 1.272533209709638,
      "pullback_ok": true,
      "tight_ok": true,
      "flag_hold_ok": true,
      "near_breakout": true,
      "pattern": "bull_flag",
      "rank_score": 3.501083579400598
    },
    {
      "ticker": "FTHM",
      "tf": "1d",
      "bars_used": 320,
      "close": 1.399999976158142,
      "sma20": 1.1769499838352204,
      "sma50": 1.175779995918274,
      "trend_ok": true,
      "pole_bars": 10,
      "pole_gain_pct": 20.00000216744158,
      "pole_high": 1.5199999809265137,
      "pole_range": 0.6599999666213989,
      "flag_bars": 8,
      "flag_range": 0.23000001907348633,
      "pullback_from_pole_high_pct": 7.894737254879816,
      "pullback_ok": true,
      "tight_ok": true,
      "flag_hold_ok": true,
      "near_breakout": false,
      "pattern": "bull_flag",
      "rank_score": 2.4191918416529683
    },
    {
      "ticker": "GEOS",
      "tf": "1d",
      "bars_used": 320,
      "close": 20.860000610351562,
      "sma20": 19.9625,
      "sma50": 18.220200023651124,
      "trend_ok": true,
      "pole_bars": 10,
      "pole_gain_pct": 26.678232174872957,
      "pole_high": 22.350000381469727,
      "pole_range": 6.010000228881836,
      "flag_bars": 8,
      "flag_range": 3.479999542236328,
      "pullback_from_pole_high_pct": 6.666665528800239,
      "pullback_ok": true,
      "tight_ok": true,
      "flag_hold_ok": true,
      "near_breakout": false,
      "pattern": "bull_flag",
      "rank_score": 2.034941927424911
    },
    {
      "ticker": "GASS",
      "tf": "1d",
      "bars_used": 320,
      "close": 7.75,
      "sma20": 7.473000001907349,
      "sma50": 7.098200025558472,
      "trend_ok": true,
      "pole_bars": 10,
      "pole_gain_pct": 12.125533193715054,
      "pole_high": 7.989999771118164,
      "pole_range": 1.0999999046325684,
      "flag_bars": 8,
      "flag_range": 0.40000057220458984,
      "pullback_from_pole_high_pct": 3.003751914808593,
      "pullback_ok": true,
      "tight_ok": true,
      "flag_hold_ok": true,
      "near_breakout": false,
      "pattern": "bull_flag",
      "rank_score": 2.0002151341043763
    },
    {
      "ticker": "FORR",
      "tf": "1d",
      "bars_used": 320,
      "close": 8.050000190734863,
      "sma20": 7.955999946594238,
      "sma50": 7.49999997138977,
      "trend_ok": true,
      "pole_bars": 10,
      "pole_gain_pct": 12.82759041621767,
      "pole_high": 8.420000076293945,
      "pole_range": 1.2899999618530273,
      "flag_bars": 8,
      "flag_range": 0.6700000762939453,
      "pullback_from_pole_high_pct": 4.394297888438229,
      "pullback_ok": true,
      "tight_ok": true,
      "flag_hold_ok": true,
      "near_breakout": false,
      "pattern": "bull_flag",
      "rank_score": 1.775746321706598
    }
  ]
}