{
  "updated_utc": "2026-01-24T20:43:03.123637+00:00",
  "tf": "1d",
  "params": {
    "pole_bars": 10,
    "flag_bars": 8,
    "min_pole_gain_pct": 10.0,
    "near_breakout_pct": 3.0,
    "flag_pullback_min_pct": 1.0,
    "flag_pullback_max_pct": 8.0,
    "tight_ratio": 0.6,
    "sma_fast": 20,
    "sma_slow": 50
  },
  "count": 8,
  "data": [
    {
      "ticker": "CAKE",
      "tf": "1d",
      "bars_used": 320,
      "close": 58.880001068115234,
      "sma20": 56.2435001373291,
      "sma50": 51.07940002441406,
      "trend_ok": true,
      "pole_bars": 10,
      "pole_gain_pct": 18.068961909251847,
      "pole_high": 59.95000076293945,
      "pole_range": 10.299999237060547,
      "flag_bars": 8,
      "flag_range": 5.090000152587891,
      "pullback_from_pole_high_pct": 1.7848201521386515,
      "pullback_ok": true,
      "tight_ok": true,
      "flag_hold_ok": true,
      "near_breakout": true,
      "pattern": "bull_flag",
      "rank_score": 2.4848833635825
    },
    {
      "ticker": "APLD",
      "tf": "1d",
      "bars_used": 320,
      "close": 37.689998626708984,
      "sma20": 31.876000022888185,
      "sma50": 28.54810001373291,
      "trend_ok": true,
      "pole_bars": 10,
      "pole_gain_pct": 54.01047927036417,
      "pole_high": 39.505001068115234,
      "pole_range": 16.08500099182129,
      "flag_bars": 8,
      "flag_range": 6.680000305175781,
      "pullback_from_pole_high_pct": 4.594361200691503,
      "pullback_ok": true,
      "tight_ok": true,
      "flag_hold_ok": true,
      "near_breakout": false,
      "pattern": "bull_flag",
      "rank_score": 2.3078437578200597
    },
    {
      "ticker": "AIRO",
      "tf": "1d",
      "bars_used": 154,
      "close": 12.1899995803833,
      "sma20": 11.159499835968017,
      "sma50": 9.977699909210205,
      "trend_ok": true,
      "pole_bars": 10,
      "pole_gain_pct": 50.36143681258611,
      "pole_high": 12.777000427246094,
      "pole_range": 4.857000350952148,
      "flag_bars": 8,
      "flag_range": 2.379000663757324,
      "pullback_from_pole_high_pct": 4.594199164391144,
      "pullback_ok": true,
      "tight_ok": true,
      "flag_hold_ok": true,
      "near_breakout": false,
      "pattern": "bull_flag",
      "rank_score": 2.1836522915867356
    },
    {
      "ticker": "ARQ",
      "tf": "1d",
      "bars_used": 320,
      "close": 3.7899999618530273,
      "sma20": 3.5475000023841856,
      "sma50": 3.537599997520447,
      "trend_ok": true,
      "pole_bars": 10,
      "pole_gain_pct": 15.757575407282157,
      "pole_high": 3.990000009536743,
      "pole_range": 0.809999942779541,
      "flag_bars": 8,
      "flag_range": 0.36999988555908203,
      "pullback_from_pole_high_pct": 5.0125325114206385,
      "pullback_ok": true,
      "tight_ok": true,
      "flag_hold_ok": true,
      "near_breakout": false,
      "pattern": "bull_flag",
      "rank_score": 2.026562079629918
    },
    {
      "ticker": "CAAS",
      "tf": "1d",
      "bars_used": 320,
      "close": 4.679999828338623,
      "sma20": 4.492000031471252,
      "sma50": 4.319600019454956,
      "trend_ok": true,
      "pole_bars": 10,
      "pole_gain_pct": 13.15789984023673,
      "pole_high": 4.980000019073486,
      "pole_range": 0.820000171661377,
      "flag_bars": 8,
      "flag_range": 0.3399996757507324,
      "pullback_from_pole_high_pct": 6.024100192487095,
      "pullback_ok": true,
      "tight_ok": true,
      "flag_hold_ok": true,
      "near_breakout": false,
      "pattern": "bull_flag",
      "rank_score": 1.9668388851538148
    },
    {
      "ticker": "ASO",
      "tf": "1d",
      "bars_used": 320,
      "close": 56.81999969482422,
      "sma20": 54.913499641418454,
      "sma50": 51.29322296142578,
      "trend_ok": true,
      "pole_bars": 10,
      "pole_gain_pct": 10.63448113456345,
      "pole_high": 59.4900016784668,
      "pole_range": 10.19000244140625,
      "flag_bars": 8,
      "flag_range": 4.150001525878906,
      "pullback_from_pole_high_pct": 4.488152476568211,
      "pullback_ok": true,
      "tight_ok": true,
      "flag_hold_ok": true,
      "near_breakout": false,
      "pattern": "bull_flag",
      "rank_score": 1.8529539337993641
    },
    {
      "ticker": "AEBI",
      "tf": "1d",
      "bars_used": 142,
      "close": 14.289999961853027,
      "sma20": 13.84850001335144,
      "sma50": 12.840605525970458,
      "trend_ok": true,
      "pole_bars": 10,
      "pole_gain_pct": 10.744440528743986,
      "pole_high": 14.75,
      "pole_range": 2.3199996948242188,
      "flag_bars": 8,
      "flag_range": 1.0189990997314453,
      "pullback_from_pole_high_pct": 3.1186443264201538,
      "pullback_ok": true,
      "tight_ok": true,
      "flag_hold_ok": true,
      "near_breakout": false,
      "pattern": "bull_flag",
      "rank_score": 1.8051823470033532
    },
    {
      "ticker": "BJRI",
      "tf": "1d",
      "bars_used": 320,
      "close": 43.08000183105469,
      "sma20": 42.83850040435791,
      "sma50": 39.958600234985354,
      "trend_ok": true,
      "pole_bars": 10,
      "pole_gain_pct": 13.351775992384802,
      "pole_high": 45.33000183105469,
      "pole_range": 6.420001983642578,
      "flag_bars": 8,
      "flag_range": 3.5400009155273438,
      "pullback_from_pole_high_pct": 4.96360006422627,
      "pullback_ok": true,
      "tight_ok": true,
      "flag_hold_ok": true,
      "near_breakout": false,
      "pattern": "bull_flag",
      "rank_score": 1.748585730630877
    }
  ]
}