{
  "updated_utc": "2026-01-27T20:15:57.373242+00:00",
  "tf": "1d",
  "params": {
    "pole_bars": 10,
    "flag_bars": 8,
    "min_pole_gain_pct": 10.0,
    "near_breakout_pct": 3.0,
    "flag_pullback_min_pct": 1.0,
    "flag_pullback_max_pct": 8.0,
    "tight_ratio": 0.6,
    "sma_fast": 20,
    "sma_slow": 50
  },
  "count": 2,
  "data": [
    {
      "ticker": "SNCY",
      "tf": "1d",
      "bars_used": 320,
      "close": 17.1200008392334,
      "sma20": 16.18675003051758,
      "sma50": 14.670400009155273,
      "trend_ok": true,
      "pole_bars": 10,
      "pole_gain_pct": 18.554545232228307,
      "pole_high": 17.917999267578125,
      "pole_range": 3.732998847961426,
      "flag_bars": 8,
      "flag_range": 1.470001220703125,
      "pullback_from_pole_high_pct": 4.453613466703683,
      "pullback_ok": true,
      "tight_ok": true,
      "flag_hold_ok": true,
      "near_breakout": false,
      "pattern": "bull_flag",
      "rank_score": 2.271417915080772
    },
    {
      "ticker": "PLPC",
      "tf": "1d",
      "bars_used": 320,
      "close": 240.9199981689453,
      "sma20": 232.0629409790039,
      "sma50": 219.07415588378908,
      "trend_ok": true,
      "pole_bars": 10,
      "pole_gain_pct": 14.208592633756004,
      "pole_high": 248.89999389648438,
      "pole_range": 42.764449659192024,
      "flag_bars": 8,
      "flag_range": 24.050003051757812,
      "pullback_from_pole_high_pct": 3.20610523231185,
      "pullback_ok": true,
      "tight_ok": true,
      "flag_hold_ok": true,
      "near_breakout": false,
      "pattern": "bull_flag",
      "rank_score": 1.773124492979424
    }
  ]
}