{
  "updated_utc": "2026-01-19T03:44:51.030563+00:00",
  "tf": "1d",
  "params": {
    "pole_bars": 10,
    "flag_bars": 8,
    "min_pole_gain_pct": 10.0,
    "near_breakout_pct": 3.0,
    "flag_pullback_min_pct": 1.0,
    "flag_pullback_max_pct": 8.0,
    "tight_ratio": 0.6,
    "sma_fast": 20,
    "sma_slow": 50
  },
  "count": 5,
  "data": [
    {
      "ticker": "FONR",
      "tf": "1d",
      "bars_used": 320,
      "close": 18.639999389648438,
      "sma20": 17.224000024795533,
      "sma50": 15.59920000076294,
      "trend_ok": true,
      "pole_bars": 10,
      "pole_gain_pct": 24.764477415021425,
      "pole_high": 18.860000610351562,
      "pole_range": 4.460000991821289,
      "flag_bars": 8,
      "flag_range": 0.14999961853027344,
      "pullback_from_pole_high_pct": 1.1664963604633947,
      "pullback_ok": true,
      "tight_ok": true,
      "flag_hold_ok": true,
      "near_breakout": true,
      "pattern": "bull_flag",
      "rank_score": 3.5551142232038506
    },
    {
      "ticker": "HUT",
      "tf": "1d",
      "bars_used": 320,
      "close": 59.650001525878906,
      "sma20": 53.53349990844727,
      "sma50": 46.01799980163574,
      "trend_ok": true,
      "pole_bars": 10,
      "pole_gain_pct": 15.79678345086043,
      "pole_high": 60.41999816894531,
      "pole_range": 15.279998779296875,
      "flag_bars": 8,
      "flag_range": 8.259998321533203,
      "pullback_from_pole_high_pct": 1.2744069288339857,
      "pullback_ok": true,
      "tight_ok": true,
      "flag_hold_ok": true,
      "near_breakout": true,
      "pattern": "bull_flag",
      "rank_score": 2.464077113649861
    },
    {
      "ticker": "HQI",
      "tf": "1d",
      "bars_used": 320,
      "close": 10.949999809265137,
      "sma20": 10.31599988937378,
      "sma50": 9.292031917572022,
      "trend_ok": true,
      "pole_bars": 10,
      "pole_gain_pct": 15.236052819642582,
      "pole_high": 11.880000114440918,
      "pole_range": 3.5399999618530273,
      "flag_bars": 8,
      "flag_range": 1.140000343322754,
      "pullback_from_pole_high_pct": 7.828285321692084,
      "pullback_ok": true,
      "tight_ok": true,
      "flag_hold_ok": true,
      "near_breakout": false,
      "pattern": "bull_flag",
      "rank_score": 2.225079309716886
    },
    {
      "ticker": "HSCS",
      "tf": "1d",
      "bars_used": 320,
      "close": 3.200000047683716,
      "sma20": 2.9422499895095826,
      "sma50": 2.8032799911499025,
      "trend_ok": true,
      "pole_bars": 10,
      "pole_gain_pct": 27.35043283671964,
      "pole_high": 3.2799999713897705,
      "pole_range": 1.0099999904632568,
      "flag_bars": 8,
      "flag_range": 0.5899999141693115,
      "pullback_from_pole_high_pct": 2.439022085483674,
      "pullback_ok": true,
      "tight_ok": true,
      "flag_hold_ok": true,
      "near_breakout": true,
      "pattern": "bull_flag",
      "rank_score": 2.2133954108779177
    },
    {
      "ticker": "FORR",
      "tf": "1d",
      "bars_used": 320,
      "close": 8.149999618530273,
      "sma20": 7.849999952316284,
      "sma50": 7.476199970245362,
      "trend_ok": true,
      "pole_bars": 10,
      "pole_gain_pct": 13.986007130416029,
      "pole_high": 8.350000381469727,
      "pole_range": 1.3800005912780762,
      "flag_bars": 8,
      "flag_range": 0.6000003814697266,
      "pullback_from_pole_high_pct": 2.3952186084122067,
      "pullback_ok": true,
      "tight_ok": true,
      "flag_hold_ok": true,
      "near_breakout": true,
      "pattern": "bull_flag",
      "rank_score": 2.1762563223251274
    }
  ]
}