{
  "updated_utc": "2026-01-24T20:05:06.716154+00:00",
  "tf": "1d",
  "params": {
    "pole_bars": 10,
    "flag_bars": 8,
    "min_pole_gain_pct": 10.0,
    "near_breakout_pct": 3.0,
    "flag_pullback_min_pct": 1.0,
    "flag_pullback_max_pct": 8.0,
    "tight_ratio": 0.6,
    "sma_fast": 20,
    "sma_slow": 50
  },
  "count": 8,
  "data": [
    {
      "ticker": "TATT",
      "tf": "1d",
      "bars_used": 320,
      "close": 52.540000915527344,
      "sma20": 49.87300033569336,
      "sma50": 43.630400009155274,
      "trend_ok": true,
      "pole_bars": 10,
      "pole_gain_pct": 20.611036912283534,
      "pole_high": 53.59000015258789,
      "pole_range": 10.119998931884766,
      "flag_bars": 8,
      "flag_range": 3.0800018310546875,
      "pullback_from_pole_high_pct": 1.9593193395612294,
      "pullback_ok": true,
      "tight_ok": true,
      "flag_hold_ok": true,
      "near_breakout": true,
      "pattern": "bull_flag",
      "rank_score": 2.839646821573552
    },
    {
      "ticker": "VSEC",
      "tf": "1d",
      "bars_used": 320,
      "close": 206.00999450683594,
      "sma20": 197.83164596557617,
      "sma50": 181.74049957275392,
      "trend_ok": true,
      "pole_bars": 10,
      "pole_gain_pct": 16.684387288983945,
      "pole_high": 208.67003014560402,
      "pole_range": 37.64196777529503,
      "flag_bars": 8,
      "flag_range": 16.58662585766652,
      "pullback_from_pole_high_pct": 1.2747569149781508,
      "pullback_ok": true,
      "tight_ok": true,
      "flag_hold_ok": true,
      "near_breakout": true,
      "pattern": "bull_flag",
      "rank_score": 2.6748973298450647
    },
    {
      "ticker": "STKS",
      "tf": "1d",
      "bars_used": 320,
      "close": 2.3499999046325684,
      "sma20": 2.1179999887943266,
      "sma50": 1.9762000012397767,
      "trend_ok": true,
      "pole_bars": 10,
      "pole_gain_pct": 37.43017265767726,
      "pole_high": 2.5250000953674316,
      "pole_range": 0.8250000476837158,
      "flag_bars": 8,
      "flag_range": 0.4200000762939453,
      "pullback_from_pole_high_pct": 6.930700361395341,
      "pullback_ok": true,
      "tight_ok": true,
      "flag_hold_ok": true,
      "near_breakout": false,
      "pattern": "bull_flag",
      "rank_score": 2.151515046427079
    },
    {
      "ticker": "TRMD",
      "tf": "1d",
      "bars_used": 320,
      "close": 22.670000076293945,
      "sma20": 21.499499988555907,
      "sma50": 21.325973167419434,
      "trend_ok": true,
      "pole_bars": 10,
      "pole_gain_pct": 12.525050674700719,
      "pole_high": 23.110000610351562,
      "pole_range": 3.655000686645508,
      "flag_bars": 8,
      "flag_range": 1.8849983215332031,
      "pullback_from_pole_high_pct": 1.9039399499649068,
      "pullback_ok": true,
      "tight_ok": true,
      "flag_hold_ok": true,
      "near_breakout": true,
      "pattern": "bull_flag",
      "rank_score": 2.132053687025981
    },
    {
      "ticker": "TTRX",
      "tf": "1d",
      "bars_used": 74,
      "close": 4.860000133514404,
      "sma20": 4.316500008106232,
      "sma50": 3.778600001335144,
      "trend_ok": true,
      "pole_bars": 10,
      "pole_gain_pct": 34.71337190297883,
      "pole_high": 5.21999979019165,
      "pole_range": 2.419999837875366,
      "flag_bars": 8,
      "flag_range": 1.2700004577636719,
      "pullback_from_pole_high_pct": 6.896545424267705,
      "pullback_ok": true,
      "tight_ok": true,
      "flag_hold_ok": true,
      "near_breakout": false,
      "pattern": "bull_flag",
      "rank_score": 2.1253439787564434
    },
    {
      "ticker": "XTIA",
      "tf": "1d",
      "bars_used": 320,
      "close": 1.8799999952316284,
      "sma20": 1.6279999971389771,
      "sma50": 1.5133999967575074,
      "trend_ok": true,
      "pole_bars": 10,
      "pole_gain_pct": 24.4274859869929,
      "pole_high": 1.940000057220459,
      "pole_range": 0.7200000286102295,
      "flag_bars": 8,
      "flag_range": 0.3799999952316284,
      "pullback_from_pole_high_pct": 3.0927866092331895,
      "pullback_ok": true,
      "tight_ok": true,
      "flag_hold_ok": true,
      "near_breakout": false,
      "pattern": "bull_flag",
      "rank_score": 2.120370416361607
    },
    {
      "ticker": "WSC",
      "tf": "1d",
      "bars_used": 320,
      "close": 21.1200008392334,
      "sma20": 20.87200002670288,
      "sma50": 19.740112018585204,
      "trend_ok": true,
      "pole_bars": 10,
      "pole_gain_pct": 13.212441685036838,
      "pole_high": 22.09000015258789,
      "pole_range": 3.3999996185302734,
      "flag_bars": 8,
      "flag_range": 1.75,
      "pullback_from_pole_high_pct": 4.391124068149247,
      "pullback_ok": true,
      "tight_ok": true,
      "flag_hold_ok": true,
      "near_breakout": false,
      "pattern": "bull_flag",
      "rank_score": 1.8027788507495213
    },
    {
      "ticker": "TRNS",
      "tf": "1d",
      "bars_used": 320,
      "close": 63.13999938964844,
      "sma20": 61.694999885559085,
      "sma50": 57.99800003051758,
      "trend_ok": true,
      "pole_bars": 10,
      "pole_gain_pct": 12.100075949871657,
      "pole_high": 66.6500015258789,
      "pole_range": 10.650001525878906,
      "flag_bars": 8,
      "flag_range": 5.399997711181641,
      "pullback_from_pole_high_pct": 5.266319663725143,
      "pullback_ok": true,
      "tight_ok": true,
      "flag_hold_ok": true,
      "near_breakout": false,
      "pattern": "bull_flag",
      "rank_score": 1.7599338542233167
    }
  ]
}