{
  "updated_utc": "2026-01-27T20:13:32.998918+00:00",
  "tf": "1d",
  "params": {
    "pole_bars": 10,
    "flag_bars": 8,
    "min_pole_gain_pct": 10.0,
    "near_breakout_pct": 3.0,
    "flag_pullback_min_pct": 1.0,
    "flag_pullback_max_pct": 8.0,
    "tight_ratio": 0.6,
    "sma_fast": 20,
    "sma_slow": 50
  },
  "count": 12,
  "data": [
    {
      "ticker": "NEOG",
      "tf": "1d",
      "bars_used": 320,
      "close": 10.010000228881836,
      "sma20": 8.619500041007996,
      "sma50": 7.292400007247925,
      "trend_ok": true,
      "pole_bars": 10,
      "pole_gain_pct": 30.354600450377756,
      "pole_high": 10.300000190734863,
      "pole_range": 3.4100003242492676,
      "flag_bars": 8,
      "flag_range": 1.1899995803833008,
      "pullback_from_pole_high_pct": 2.815533558085663,
      "pullback_ok": true,
      "tight_ok": true,
      "flag_hold_ok": true,
      "near_breakout": true,
      "pattern": "bull_flag",
      "rank_score": 2.4798663959709986
    },
    {
      "ticker": "LAB",
      "tf": "1d",
      "bars_used": 320,
      "close": 1.5299999713897705,
      "sma20": 1.4559999883174897,
      "sma50": 1.4367999935150146,
      "trend_ok": true,
      "pole_bars": 10,
      "pole_gain_pct": 30.39999961853027,
      "pole_high": 1.659999966621399,
      "pole_range": 0.4299999475479126,
      "flag_bars": 8,
      "flag_range": 0.16999995708465576,
      "pullback_from_pole_high_pct": 7.831325171422603,
      "pullback_ok": true,
      "tight_ok": true,
      "flag_hold_ok": true,
      "near_breakout": false,
      "pattern": "bull_flag",
      "rank_score": 2.3410853572809116
    },
    {
      "ticker": "MCFT",
      "tf": "1d",
      "bars_used": 320,
      "close": 21.700000762939453,
      "sma20": 20.932000064849852,
      "sma50": 19.551100006103514,
      "trend_ok": true,
      "pole_bars": 10,
      "pole_gain_pct": 13.527577910282169,
      "pole_high": 22.09000015258789,
      "pole_range": 3.460000991821289,
      "flag_bars": 8,
      "flag_range": 1.5749988555908203,
      "pullback_from_pole_high_pct": 1.7655019780647139,
      "pullback_ok": true,
      "tight_ok": true,
      "flag_hold_ok": true,
      "near_breakout": true,
      "pattern": "bull_flag",
      "rank_score": 2.329208484660199
    },
    {
      "ticker": "NTIC",
      "tf": "1d",
      "bars_used": 320,
      "close": 9.199999809265137,
      "sma20": 8.787999987602234,
      "sma50": 8.072200031280518,
      "trend_ok": true,
      "pole_bars": 10,
      "pole_gain_pct": 18.675494195912997,
      "pole_high": 9.390000343322754,
      "pole_range": 1.890000343322754,
      "flag_bars": 8,
      "flag_range": 1.0699996948242188,
      "pullback_from_pole_high_pct": 2.023434793511237,
      "pullback_ok": true,
      "tight_ok": true,
      "flag_hold_ok": true,
      "near_breakout": true,
      "pattern": "bull_flag",
      "rank_score": 2.3157342755772645
    },
    {
      "ticker": "NEWT",
      "tf": "1d",
      "bars_used": 320,
      "close": 13.760000228881836,
      "sma20": 12.944000053405762,
      "sma50": 11.682840595245361,
      "trend_ok": true,
      "pole_bars": 10,
      "pole_gain_pct": 23.348013475459652,
      "pole_high": 14.130000114440918,
      "pole_range": 2.8199996948242188,
      "flag_bars": 8,
      "flag_range": 1.4799995422363281,
      "pullback_from_pole_high_pct": 2.6185412778655297,
      "pullback_ok": true,
      "tight_ok": true,
      "flag_hold_ok": true,
      "near_breakout": true,
      "pattern": "bull_flag",
      "rank_score": 2.2524485915392254
    },
    {
      "ticker": "KRUS",
      "tf": "1d",
      "bars_used": 320,
      "close": 68.6500015258789,
      "sma20": 64.90749988555908,
      "sma50": 56.198500061035155,
      "trend_ok": true,
      "pole_bars": 10,
      "pole_gain_pct": 40.06610609500984,
      "pole_high": 72.69000244140625,
      "pole_range": 21.960002899169922,
      "flag_bars": 8,
      "flag_range": 10.220001220703125,
      "pullback_from_pole_high_pct": 5.557849470130224,
      "pullback_ok": true,
      "tight_ok": true,
      "flag_hold_ok": true,
      "near_breakout": false,
      "pattern": "bull_flag",
      "rank_score": 2.2243473078738805
    },
    {
      "ticker": "LGIH",
      "tf": "1d",
      "bars_used": 320,
      "close": 50.439998626708984,
      "sma20": 48.72249984741211,
      "sma50": 48.374800033569336,
      "trend_ok": true,
      "pole_bars": 10,
      "pole_gain_pct": 24.02582946798737,
      "pole_high": 54.20000076293945,
      "pole_range": 12.900001525878906,
      "flag_bars": 8,
      "flag_range": 6.1399993896484375,
      "pullback_from_pole_high_pct": 6.937273216426705,
      "pullback_ok": true,
      "tight_ok": true,
      "flag_hold_ok": true,
      "near_breakout": false,
      "pattern": "bull_flag",
      "rank_score": 2.206718518943469
    },
    {
      "ticker": "MCHP",
      "tf": "1d",
      "bars_used": 320,
      "close": 74.79000091552734,
      "sma20": 71.66349983215332,
      "sma50": 64.43241050720215,
      "trend_ok": true,
      "pole_bars": 10,
      "pole_gain_pct": 14.517624219765251,
      "pole_high": 76.05999755859375,
      "pole_range": 12.419998168945312,
      "flag_bars": 8,
      "flag_range": 7.220001220703125,
      "pullback_from_pole_high_pct": 1.6697300602567713,
      "pullback_ok": true,
      "tight_ok": true,
      "flag_hold_ok": true,
      "near_breakout": true,
      "pattern": "bull_flag",
      "rank_score": 2.200436799446285
    },
    {
      "ticker": "KRYS",
      "tf": "1d",
      "bars_used": 320,
      "close": 278.75,
      "sma20": 266.5542510986328,
      "sma50": 241.85390106201172,
      "trend_ok": true,
      "pole_bars": 10,
      "pole_gain_pct": 17.77069022319641,
      "pole_high": 292.8949890136719,
      "pole_range": 57.28999328613281,
      "flag_bars": 8,
      "flag_range": 24.46002197265625,
      "pullback_from_pole_high_pct": 4.829372145049436,
      "pullback_ok": true,
      "tight_ok": true,
      "flag_hold_ok": true,
      "near_breakout": false,
      "pattern": "bull_flag",
      "rank_score": 2.176949451546485
    },
    {
      "ticker": "LIVE",
      "tf": "1d",
      "bars_used": 320,
      "close": 20.5,
      "sma20": 18.593999910354615,
      "sma50": 14.680599975585938,
      "trend_ok": true,
      "pole_bars": 10,
      "pole_gain_pct": 39.73464144775223,
      "pole_high": 21.34000015258789,
      "pole_range": 7.390000343322754,
      "flag_bars": 8,
      "flag_range": 3.700000762939453,
      "pullback_from_pole_high_pct": 3.936270602538043,
      "pullback_ok": true,
      "tight_ok": true,
      "flag_hold_ok": true,
      "near_breakout": false,
      "pattern": "bull_flag",
      "rank_score": 2.165538883390672
    },
    {
      "ticker": "LIND",
      "tf": "1d",
      "bars_used": 320,
      "close": 16.079999923706055,
      "sma20": 15.476499891281128,
      "sma50": 13.846999912261962,
      "trend_ok": true,
      "pole_bars": 10,
      "pole_gain_pct": 17.61441743925088,
      "pole_high": 16.989999771118164,
      "pole_range": 3.0799999237060547,
      "flag_bars": 8,
      "flag_range": 1.8400001525878906,
      "pullback_from_pole_high_pct": 5.35609099276768,
      "pullback_ok": true,
      "tight_ok": true,
      "flag_hold_ok": true,
      "near_breakout": false,
      "pattern": "bull_flag",
      "rank_score": 1.8850497690588117
    },
    {
      "ticker": "LSCC",
      "tf": "1d",
      "bars_used": 320,
      "close": 83.4800033569336,
      "sma20": 81.91000099182129,
      "sma50": 75.81660057067872,
      "trend_ok": true,
      "pole_bars": 10,
      "pole_gain_pct": 15.714670062964498,
      "pole_high": 88.61000061035156,
      "pole_range": 15.180000305175781,
      "flag_bars": 8,
      "flag_range": 8.919998168945312,
      "pullback_from_pole_high_pct": 5.789411147818765,
      "pullback_ok": true,
      "tight_ok": true,
      "flag_hold_ok": true,
      "near_breakout": false,