{
  "updated_utc": "2026-01-27T20:16:02.910666+00:00",
  "tf": "1d",
  "params": {
    "pole_bars": 10,
    "flag_bars": 8,
    "min_pole_gain_pct": 10.0,
    "near_breakout_pct": 3.0,
    "flag_pullback_min_pct": 1.0,
    "flag_pullback_max_pct": 8.0,
    "tight_ratio": 0.6,
    "sma_fast": 20,
    "sma_slow": 50
  },
  "count": 5,
  "data": [
    {
      "ticker": "HTLD",
      "tf": "1d",
      "bars_used": 320,
      "close": 10.350000381469727,
      "sma20": 10.088999938964843,
      "sma50": 9.09560004234314,
      "trend_ok": true,
      "pole_bars": 10,
      "pole_gain_pct": 12.622424962483446,
      "pole_high": 10.539999961853027,
      "pole_range": 1.630000114440918,
      "flag_bars": 8,
      "flag_range": 0.8299999237060547,
      "pullback_from_pole_high_pct": 1.8026525718307227,
      "pullback_ok": true,
      "tight_ok": true,
      "flag_hold_ok": true,
      "near_breakout": true,
      "pattern": "bull_flag",
      "rank_score": 2.1815664384623283
    },
    {
      "ticker": "KELYA",
      "tf": "1d",
      "bars_used": 320,
      "close": 10.109999656677246,
      "sma20": 9.45600004196167,
      "sma50": 8.963237953186034,
      "trend_ok": true,
      "pole_bars": 10,
      "pole_gain_pct": 14.7895357949559,
      "pole_high": 10.859999656677246,
      "pole_range": 2.309999465942383,
      "flag_bars": 8,
      "flag_range": 0.9000005722045898,
      "pullback_from_pole_high_pct": 6.906077566391673,
      "pullback_ok": true,
      "tight_ok": true,
      "flag_hold_ok": true,
      "near_breakout": false,
      "pattern": "bull_flag",
      "rank_score": 2.090125577425164
    },
    {
      "ticker": "GASS",
      "tf": "1d",
      "bars_used": 320,
      "close": 7.630000114440918,
      "sma20": 7.554500007629395,
      "sma50": 7.133200016021728,
      "trend_ok": true,
      "pole_bars": 10,
      "pole_gain_pct": 10.906515398969855,
      "pole_high": 8.0600004196167,
      "pole_range": 1.1500005722045898,
      "flag_bars": 8,
      "flag_range": 0.4200000762939453,
      "pullback_from_pole_high_pct": 5.334991101603817,
      "pullback_ok": true,
      "tight_ok": true,
      "flag_hold_ok": true,
      "near_breakout": false,
      "pattern": "bull_flag",
      "rank_score": 1.9366303100717628
    },
    {
      "ticker": "FLWS",
      "tf": "1d",
      "bars_used": 320,
      "close": 4.380000114440918,
      "sma20": 4.291500008106231,
      "sma50": 3.955400004386902,
      "trend_ok": true,
      "pole_bars": 10,
      "pole_gain_pct": 12.911392007762668,
      "pole_high": 4.75,
      "pole_range": 1.1500000953674316,
      "flag_bars": 8,
      "flag_range": 0.5399999618530273,
      "pullback_from_pole_high_pct": 7.789471274928044,
      "pullback_ok": true,
      "tight_ok": true,
      "flag_hold_ok": true,
      "near_breakout": false,
      "pattern": "bull_flag",
      "rank_score": 1.8629610249217488
    },
    {
      "ticker": "HLMN",
      "tf": "1d",
      "bars_used": 320,
      "close": 9.609999656677246,
      "sma20": 9.478999948501587,
      "sma50": 9.041200008392334,
      "trend_ok": true,
      "pole_bars": 10,
      "pole_gain_pct": 10.136678478252913,
      "pole_high": 10.095000267028809,
      "pole_range": 1.5900001525878906,
      "flag_bars": 8,
      "flag_range": 0.6399993896484375,
      "pullback_from_pole_high_pct": 4.804364512357853,
      "pullback_ok": true,
      "tight_ok": true,
      "flag_hold_ok": true,
      "near_breakout": false,
      "pattern": "bull_flag",
      "rank_score": 1.8359750892905524
    }
  ]
}