{
  "updated_utc": "2026-01-16T13:55:56.785410+00:00",
  "tf": "1d",
  "params": {
    "pole_bars": 10,
    "flag_bars": 8,
    "min_pole_gain_pct": 10.0,
    "near_breakout_pct": 3.0,
    "flag_pullback_min_pct": 1.0,
    "flag_pullback_max_pct": 8.0,
    "tight_ratio": 0.6,
    "sma_fast": 20,
    "sma_slow": 50
  },
  "count": 3,
  "data": [
    {
      "ticker": "RPTX",
      "tf": "1d",
      "bars_used": 320,
      "close": 2.569999933242798,
      "sma20": 2.4697499752044676,
      "sma50": 2.204700005054474,
      "trend_ok": true,
      "pole_bars": 10,
      "pole_gain_pct": 20.09344893737179,
      "pole_high": 2.6600000858306885,
      "pole_range": 0.5199999809265137,
      "flag_bars": 8,
      "flag_range": 0.08500003814697266,
      "pullback_from_pole_high_pct": 3.3834642738285696,
      "pullback_ok": true,
      "tight_ok": true,
      "flag_hold_ok": true,
      "near_breakout": false,
      "pattern": "bull_flag",
      "rank_score": 2.7275639703052708
    },
    {
      "ticker": "PSNY",
      "tf": "1d",
      "bars_used": 320,
      "close": 22.350000381469727,
      "sma20": 18.587500238418578,
      "sma50": 18.1742000579834,
      "trend_ok": true,
      "pole_bars": 10,
      "pole_gain_pct": 67.00547829600545,
      "pole_high": 23.2810001373291,
      "pole_range": 11.41100025177002,
      "flag_bars": 8,
      "flag_range": 3.6800003051757812,
      "pullback_from_pole_high_pct": 3.998968044188944,
      "pullback_ok": true,
      "tight_ok": true,
      "flag_hold_ok": true,
      "near_breakout": false,
      "pattern": "bull_flag",
      "rank_score": 2.4625069050359314
    },
    {
      "ticker": "PPSI",
      "tf": "1d",
      "bars_used": 320,
      "close": 4.820000171661377,
      "sma20": 4.557000052928925,
      "sma50": 4.177600021362305,
      "trend_ok": true,
      "pole_bars": 10,
      "pole_gain_pct": 30.666669209798176,
      "pole_high": 4.980000019073486,
      "pole_range": 1.3399999141693115,
      "flag_bars": 8,
      "flag_range": 0.6949996948242188,
      "pullback_from_pole_high_pct": 3.2128483293033567,
      "pullback_ok": true,
      "tight_ok": true,
      "flag_hold_ok": true,
      "near_breakout": false,
      "pattern": "bull_flag",
      "rank_score": 2.135572463506387
    }
  ]
}