{
  "updated_utc": "2026-01-20T20:54:08.446844+00:00",
  "tf": "1d",
  "params": {
    "pole_bars": 10,
    "flag_bars": 8,
    "min_pole_gain_pct": 10.0,
    "near_breakout_pct": 3.0,
    "flag_pullback_min_pct": 1.0,
    "flag_pullback_max_pct": 8.0,
    "tight_ratio": 0.6,
    "sma_fast": 20,
    "sma_slow": 50
  },
  "count": 6,
  "data": [
    {
      "ticker": "OS",
      "tf": "1d",
      "bars_used": 320,
      "close": 23.6200008392334,
      "sma20": 20.838999938964843,
      "sma50": 20.308199920654296,
      "trend_ok": true,
      "pole_bars": 10,
      "pole_gain_pct": 21.76380275161854,
      "pole_high": 23.8700008392334,
      "pole_range": 6.285001754760742,
      "flag_bars": 8,
      "flag_range": 0.13000106811523438,
      "pullback_from_pole_high_pct": 1.0473397201942827,
      "pullback_ok": true,
      "tight_ok": true,
      "flag_hold_ok": true,
      "near_breakout": true,
      "pattern": "bull_flag",
      "rank_score": 3.6164128718898456
    },
    {
      "ticker": "SGLY",
      "tf": "1d",
      "bars_used": 320,
      "close": 0.75,
      "sma20": 0.630000002682209,
      "sma50": 0.6238000017404556,
      "trend_ok": true,
      "pole_bars": 10,
      "pole_gain_pct": 42.85713764390872,
      "pole_high": 0.8100000023841858,
      "pole_range": 0.36000001430511475,
      "flag_bars": 8,
      "flag_range": 0.07999998331069946,
      "pullback_from_pole_high_pct": 7.4074076799480775,
      "pullback_ok": true,
      "tight_ok": true,
      "flag_hold_ok": true,
      "near_breakout": false,
      "pattern": "bull_flag",
      "rank_score": 2.6296297216121025
    },
    {
      "ticker": "RPTX",
      "tf": "1d",
      "bars_used": 320,
      "close": 2.5799999237060547,
      "sma20": 2.4892499685287475,
      "sma50": 2.2207000041007996,
      "trend_ok": true,
      "pole_bars": 10,
      "pole_gain_pct": 15.765761266754408,
      "pole_high": 2.6600000858306885,
      "pole_range": 0.5099999904632568,
      "flag_bars": 8,
      "flag_range": 0.08500003814697266,
      "pullback_from_pole_high_pct": 3.0075247948591937,
      "pullback_ok": true,
      "tight_ok": true,
      "flag_hold_ok": true,
      "near_breakout": false,
      "pattern": "bull_flag",
      "rank_score": 2.5105101557023266
    },
    {
      "ticker": "PSNY",
      "tf": "1d",
      "bars_used": 320,
      "close": 22.239999771118164,
      "sma20": 19.072000217437743,
      "sma50": 18.190600051879883,
      "trend_ok": true,
      "pole_bars": 10,
      "pole_gain_pct": 47.0629902218349,
      "pole_high": 23.2810001373291,
      "pole_range": 10.38599967956543,
      "flag_bars": 8,
      "flag_range": 3.6800003051757812,
      "pullback_from_pole_high_pct": 4.4714589582506035,
      "pullback_ok": true,
      "tight_ok": true,
      "flag_hold_ok": true,
      "near_breakout": false,
      "pattern": "bull_flag",
      "rank_score": 2.409461387330192
    },
    {
      "ticker": "PPSI",
      "tf": "1d",
      "bars_used": 320,
      "close": 4.75,
      "sma20": 4.606500053405762,
      "sma50": 4.187200021743775,
      "trend_ok": true,
      "pole_bars": 10,
      "pole_gain_pct": 24.93887390887071,
      "pole_high": 5.139999866485596,
      "pole_range": 1.4499998092651367,
      "flag_bars": 8,
      "flag_range": 0.7399997711181641,
      "pullback_from_pole_high_pct": 7.587546237666593,
      "pullback_ok": true,
      "tight_ok": true,
      "flag_hold_ok": true,
      "near_breakout": false,
      "pattern": "bull_flag",
      "rank_score": 2.149425438553221
    },
    {
      "ticker": "RDNW",
      "tf": "1d",
      "bars_used": 320,
      "close": 5.960000038146973,
      "sma20": 5.760499978065491,
      "sma50": 5.4609999847412105,
      "trend_ok": true,
      "pole_bars": 10,
      "pole_gain_pct": 12.003785131586325,
      "pole_high": 6.309999942779541,
      "pole_range": 1.130000114440918,
      "flag_bars": 8,
      "flag_range": 0.4700002670288086,
      "pullback_from_pole_high_pct": 5.546749727518923,
      "pullback_ok": true,
      "tight_ok": true,
      "flag_hold_ok": true,
      "near_breakout": false,
      "pattern": "bull_flag",
      "rank_score": 1.9069735937039969
    }
  ]
}