{
  "updated_utc": "2026-01-24T20:43:03.912418+00:00",
  "tf": "1d",
  "params": {
    "pole_bars": 10,
    "flag_bars": 8,
    "min_pole_gain_pct": 10.0,
    "near_breakout_pct": 3.0,
    "flag_pullback_min_pct": 1.0,
    "flag_pullback_max_pct": 8.0,
    "tight_ratio": 0.6,
    "sma_fast": 20,
    "sma_slow": 50
  },
  "count": 6,
  "data": [
    {
      "ticker": "DRS",
      "tf": "1d",
      "bars_used": 320,
      "close": 40.9900016784668,
      "sma20": 38.577999687194826,
      "sma50": 35.79862640380859,
      "trend_ok": true,
      "pole_bars": 10,
      "pole_gain_pct": 20.9200092768785,
      "pole_high": 41.720001220703125,
      "pole_range": 7.8300018310546875,
      "flag_bars": 8,
      "flag_range": 3.4199981689453125,
      "pullback_from_pole_high_pct": 1.7497591583819831,
      "pullback_ok": true,
      "tight_ok": true,
      "flag_hold_ok": true,
      "near_breakout": true,
      "pattern": "bull_flag",
      "rank_score": 2.6887781585353125
    },
    {
      "ticker": "CGON",
      "tf": "1d",
      "bars_used": 320,
      "close": 53.810001373291016,
      "sma20": 47.670000076293945,
      "sma50": 43.89879981994629,
      "trend_ok": true,
      "pole_bars": 10,
      "pole_gain_pct": 34.77170195213732,
      "pole_high": 57.39500045776367,
      "pole_range": 18.255001068115234,
      "flag_bars": 8,
      "flag_range": 6.299999237060547,
      "pullback_from_pole_high_pct": 6.24618704744295,
      "pullback_ok": true,
      "tight_ok": true,
      "flag_hold_ok": true,
      "near_breakout": false,
      "pattern": "bull_flag",
      "rank_score": 2.4248152224557313
    },
    {
      "ticker": "CNTY",
      "tf": "1d",
      "bars_used": 320,
      "close": 1.600000023841858,
      "sma20": 1.5280000150203705,
      "sma50": 1.471800012588501,
      "trend_ok": true,
      "pole_bars": 10,
      "pole_gain_pct": 19.11764615650409,
      "pole_high": 1.6699999570846558,
      "pole_range": 0.3700000047683716,
      "flag_bars": 8,
      "flag_range": 0.1700000762939453,
      "pullback_from_pole_high_pct": 4.191612876745086,
      "pullback_ok": true,
      "tight_ok": true,
      "flag_hold_ok": true,
      "near_breakout": false,
      "pattern": "bull_flag",
      "rank_score": 2.1901162082618217
    },
    {
      "ticker": "CLRB",
      "tf": "1d",
      "bars_used": 320,
      "close": 3.7899999618530273,
      "sma20": 3.344999980926514,
      "sma50": 3.3051999855041503,
      "trend_ok": true,
      "pole_bars": 10,
      "pole_gain_pct": 48.43750145519156,
      "pole_high": 4.059999942779541,
      "pole_range": 1.5499999523162842,
      "flag_bars": 8,
      "flag_range": 0.7699999809265137,
      "pullback_from_pole_high_pct": 6.650245929355048,
      "pullback_ok": true,
      "tight_ok": true,
      "flag_hold_ok": true,
      "near_breakout": false,
      "pattern": "bull_flag",
      "rank_score": 2.172043005790803
    },
    {
      "ticker": "CVCO",
      "tf": "1d",
      "bars_used": 320,
      "close": 667.2899780273438,
      "sma20": 643.8330047607421,
      "sma50": 605.9494018554688,
      "trend_ok": true,
      "pole_bars": 10,
      "pole_gain_pct": 12.564427320766189,
      "pole_high": 682.5900268554688,
      "pole_range": 112.10003662109375,
      "flag_bars": 8,
      "flag_range": 58.010009765625,
      "pullback_from_pole_high_pct": 2.2414697294375534,
      "pullback_ok": true,
      "tight_ok": true,
      "flag_hold_ok": true,
      "near_breakout": true,
      "pattern": "bull_flag",
      "rank_score": 2.018590944557881
    },
    {
      "ticker": "EZPW",
      "tf": "1d",
      "bars_used": 320,
      "close": 21.1299991607666,
      "sma20": 20.89449996948242,
      "sma50": 19.914400024414064,
      "trend_ok": true,
      "pole_bars": 10,
      "pole_gain_pct": 10.155859827803525,
      "pole_high": 21.989999771118164,
      "pole_range": 2.6299991607666016,
      "flag_bars": 8,
      "flag_range": 1.25,
      "pullback_from_pole_high_pct": 3.9108713929187666,
      "pullback_ok": true,
      "tight_ok": true,
      "flag_hold_ok": true,
      "near_breakout": false,
      "pattern": "bull_flag",
      "rank_score": 1.7156507867797093
    }
  ]
}