{
  "updated_utc": "2026-01-27T20:13:22.956826+00:00",
  "tf": "1d",
  "params": {
    "pole_bars": 10,
    "flag_bars": 8,
    "min_pole_gain_pct": 10.0,
    "near_breakout_pct": 3.0,
    "flag_pullback_min_pct": 1.0,
    "flag_pullback_max_pct": 8.0,
    "tight_ratio": 0.6,
    "sma_fast": 20,
    "sma_slow": 50
  },
  "count": 12,
  "data": [
    {
      "ticker": "ESLT",
      "tf": "1d",
      "bars_used": 320,
      "close": 709.1900024414062,
      "sma20": 666.5769989013672,
      "sma50": 566.7016180419922,
      "trend_ok": true,
      "pole_bars": 10,
      "pole_gain_pct": 20.81174438687392,
      "pole_high": 719.989990234375,
      "pole_range": 145.70001220703125,
      "flag_bars": 8,
      "flag_range": 47.510009765625,
      "pullback_from_pole_high_pct": 1.5000191585237288,
      "pullback_ok": true,
      "tight_ok": true,
      "flag_hold_ok": true,
      "near_breakout": true,
      "pattern": "bull_flag",
      "rank_score": 2.956525233762009
    },
    {
      "ticker": "DJCO",
      "tf": "1d",
      "bars_used": 320,
      "close": 644.8300170898438,
      "sma20": 592.5220031738281,
      "sma50": 516.0596008300781,
      "trend_ok": true,
      "pole_bars": 10,
      "pole_gain_pct": 22.75044323779013,
      "pole_high": 654.1699829101562,
      "pole_range": 172.52996826171875,
      "flag_bars": 8,
      "flag_range": 65.8599853515625,
      "pullback_from_pole_high_pct": 1.4277582378149642,
      "pullback_ok": true,
      "tight_ok": true,
      "flag_hold_ok": true,
      "near_breakout": true,
      "pattern": "bull_flag",
      "rank_score": 2.887862756031976
    },
    {
      "ticker": "CMPR",
      "tf": "1d",
      "bars_used": 320,
      "close": 78.62999725341797,
      "sma20": 74.08300018310547,
      "sma50": 71.90700012207031,
      "trend_ok": true,
      "pole_bars": 10,
      "pole_gain_pct": 14.37870035518444,
      "pole_high": 79.44999694824219,
      "pole_range": 15.259994506835938,
      "flag_bars": 8,
      "flag_range": 6.040000915527344,
      "pullback_from_pole_high_pct": 1.0320953131796955,
      "pullback_ok": true,
      "tight_ok": true,
      "flag_hold_ok": true,
      "near_breakout": true,
      "pattern": "bull_flag",
      "rank_score": 2.715226194519779
    },
    {
      "ticker": "CGON",
      "tf": "1d",
      "bars_used": 320,
      "close": 53.29999923706055,
      "sma20": 48.32800006866455,
      "sma50": 44.18799980163574,
      "trend_ok": true,
      "pole_bars": 10,
      "pole_gain_pct": 30.89371229223336,
      "pole_high": 57.39500045776367,
      "pole_range": 18.255001068115234,
      "flag_bars": 8,
      "flag_range": 6.299999237060547,
      "pullback_from_pole_high_pct": 7.134769906860772,
      "pullback_ok": true,
      "tight_ok": true,
      "flag_hold_ok": true,
      "near_breakout": false,
      "pattern": "bull_flag",
      "rank_score": 2.4248152224557313
    },
    {
      "ticker": "DRS",
      "tf": "1d",
      "bars_used": 320,
      "close": 40.630001068115234,
      "sma20": 38.883499717712404,
      "sma50": 35.90129524230957,
      "trend_ok": true,
      "pole_bars": 10,
      "pole_gain_pct": 19.82985711726384,
      "pole_high": 42.0,
      "pole_range": 8.110000610351562,
      "flag_bars": 8,
      "flag_range": 3.4199981689453125,
      "pullback_from_pole_high_pct": 3.2619022187732516,
      "pullback_ok": true,
      "tight_ok": true,
      "flag_hold_ok": true,
      "near_breakout": false,
      "pattern": "bull_flag",
      "rank_score": 2.288657280121466
    },
    {
      "ticker": "CLRO",
      "tf": "1d",
      "bars_used": 320,
      "close": 6.710000038146973,
      "sma20": 5.958000016212464,
      "sma50": 5.499999980926514,
      "trend_ok": true,
      "pole_bars": 10,
      "pole_gain_pct": 34.42307745211225,
      "pole_high": 7.03000020980835,
      "pole_range": 2.4300003051757812,
      "flag_bars": 8,
      "flag_range": 1.059999942779541,
      "pullback_from_pole_high_pct": 4.551922647383544,
      "pullback_ok": true,
      "tight_ok": true,
      "flag_hold_ok": true,
      "near_breakout": false,
      "pattern": "bull_flag",
      "rank_score": 2.2729768109344177
    },
    {
      "ticker": "CNTY",
      "tf": "1d",
      "bars_used": 320,
      "close": 1.600000023841858,
      "sma20": 1.5355000138282775,
      "sma50": 1.4692000126838685,
      "trend_ok": true,
      "pole_bars": 10,
      "pole_gain_pct": 23.30826562230967,
      "pole_high": 1.6699999570846558,
      "pole_range": 0.3700000047683716,
      "flag_bars": 8,
      "flag_range": 0.1700000762939453,
      "pullback_from_pole_high_pct": 4.191612876745086,
      "pullback_ok": true,
      "tight_ok": true,
      "flag_hold_ok": true,
      "near_breakout": false,
      "pattern": "bull_flag",
      "rank_score": 2.2342339004366174
    },
    {
      "ticker": "FBRX",
      "tf": "1d",
      "bars_used": 320,
      "close": 32.540000915527344,
      "sma20": 28.506999969482422,
      "sma50": 23.825399951934813,
      "trend_ok": true,
      "pole_bars": 10,
      "pole_gain_pct": 23.677202559259587,
      "pole_high": 33.61000061035156,
      "pole_range": 11.75,
      "flag_bars": 8,
      "flag_range": 5.6699981689453125,
      "pullback_from_pole_high_pct": 3.183575350768274,
      "pullback_ok": true,
      "tight_ok": true,
      "flag_hold_ok": true,
      "near_breakout": false,
      "pattern": "bull_flag",
      "rank_score": 2.195744940575133
    },
    {
      "ticker": "CLMB",
      "tf": "1d",
      "bars_used": 320,
      "close": 117.58999633789062,
      "sma20": 114.83600006103515,
      "sma50": 109.7566000366211,
      "trend_ok": true,
      "pole_bars": 10,
      "pole_gain_pct": 18.186210483509466,
      "pole_high": 123.06999969482422,
      "pole_range": 23.909996032714844,
      "flag_bars": 8,
      "flag_range": 13.800003051757812,
      "pullback_from_pole_high_pct": 4.452753205917216,
      "pullback_ok": true,
      "tight_ok": true,
      "flag_hold_ok": true,
      "near_breakout": false,
      "pattern": "bull_flag",
      "rank_score": 1.947369541216159
    },
    {
      "ticker": "CDZI",
      "tf": "1d",
      "bars_used": 320,
      "close": 6.409999847412109,
      "sma20": 6.150499987602234,
      "sma50": 5.785599994659424,
      "trend_ok": true,
      "pole_bars": 10,
      "pole_gain_pct": 17.021277675050182,
      "pole_high": 6.739999771118164,
      "pole_range": 1.3799996376037598,
      "flag_bars": 8,
      "flag_range": 0.75,
      "pullback_from_pole_high_pct": 4.896141467543519,
      "pullback_ok": true,
      "tight_ok": true,
      "flag_hold_ok": true,
      "near_breakout": false,
      "pattern": "bull_flag",
      "rank_score": 1.9452665444354436
    },
    {
      "ticker": "CVCO",
      "tf": "1d",
      "bars_used": 320,
      "close": 657.02001953125,
      "sma20": 646.4980072021484,
      "sma50": 607.5602026367187,
      "trend_ok": true,
      "pole_bars": 10,
      "pole_gain_pct": 13.056380637783754,
      "pole_high": 699.3300170898438,
      "pole_range": 128.84002685546875,
      "flag_bars": 8,
      "flag_range": 60.29998779296875,
      "pullback_from_pole_high_pct": 6.050076004839663,
      "pullback_ok": true,
      "tight_ok": true,
      "flag_hold_ok": true,
      "near_breakout": false,
      "pattern": "bull_flag",
      "rank_score": 1.8727820968791724
    },
    {
      "ticker": "CENX",
      "tf": "1d",
      "bars_used": 320,
      "close": 45.11000061035156,
      "sma20": 44.59699974060059,
      "sma50": 36.38319995880127,
      "trend_ok": true,
      "pole_bars": 10,
      "pole_gain_pct": 16.754854512400648,
      "pole_high": 48.060001373291016,
      "pole_range": 9.53000259399414,
      "flag_bars": 8,
      "flag_range": 5.540000915527344,
      "pullback_from_pole_high_pct": 6.138162044620527,
      "pullback_ok": true,
      "tight_ok": true,
      "flag_hold_ok": true,
      "near_breakout": false,
      "pattern": "bull_flag",