{
  "updated_utc": "2026-01-21T20:55:55.051390+00:00",
  "tf": "1d",
  "params": {
    "pole_bars": 10,
    "flag_bars": 8,
    "min_pole_gain_pct": 10.0,
    "near_breakout_pct": 3.0,
    "flag_pullback_min_pct": 1.0,
    "flag_pullback_max_pct": 8.0,
    "tight_ratio": 0.6,
    "sma_fast": 20,
    "sma_slow": 50
  },
  "count": 6,
  "data": [
    {
      "ticker": "GLUE",
      "tf": "1d",
      "bars_used": 320,
      "close": 24.440000534057617,
      "sma20": 19.675000047683717,
      "sma50": 17.172000026702882,
      "trend_ok": true,
      "pole_bars": 10,
      "pole_gain_pct": 41.262144012695906,
      "pole_high": 25.149999618530273,
      "pole_range": 11.460000038146973,
      "flag_bars": 8,
      "flag_range": 3.0,
      "pullback_from_pole_high_pct": 2.8230580327704495,
      "pullback_ok": true,
      "tight_ok": true,
      "flag_hold_ok": true,
      "near_breakout": true,
      "pattern": "bull_flag",
      "rank_score": 2.6226804826754284
    },
    {
      "ticker": "INOD",
      "tf": "1d",
      "bars_used": 320,
      "close": 61.619998931884766,
      "sma20": 58.1245002746582,
      "sma50": 57.08740005493164,
      "trend_ok": true,
      "pole_bars": 10,
      "pole_gain_pct": 19.54816493195046,
      "pole_high": 66.5199966430664,
      "pole_range": 15.799995422363281,
      "flag_bars": 8,
      "flag_range": 9.40999984741211,
      "pullback_from_pole_high_pct": 7.366202583373677,
      "pullback_ok": true,
      "tight_ok": true,
      "flag_hold_ok": true,
      "near_breakout": false,
      "pattern": "bull_flag",
      "rank_score": 1.9847919413534072
    },
    {
      "ticker": "HQI",
      "tf": "1d",
      "bars_used": 320,
      "close": 10.960000038146973,
      "sma20": 10.428999900817871,
      "sma50": 9.339426403045655,
      "trend_ok": true,
      "pole_bars": 10,
      "pole_gain_pct": 13.70882022073355,
      "pole_high": 11.880000114440918,
      "pole_range": 2.6599998474121094,
      "flag_bars": 8,
      "flag_range": 1.140000343322754,
      "pullback_from_pole_high_pct": 7.744108311713103,
      "pullback_ok": true,
      "tight_ok": true,
      "flag_hold_ok": true,
      "near_breakout": false,
      "pattern": "bull_flag",
      "rank_score": 1.9711550406622491
    },
    {
      "ticker": "FORR",
      "tf": "1d",
      "bars_used": 320,
      "close": 7.920000076293945,
      "sma20": 7.877999949455261,
      "sma50": 7.47839997291565,
      "trend_ok": true,
      "pole_bars": 10,
      "pole_gain_pct": 15.091673791201016,
      "pole_high": 8.350000381469727,
      "pole_range": 1.3800005912780762,
      "flag_bars": 8,
      "flag_range": 0.6700000762939453,
      "pullback_from_pole_high_pct": 5.149704018337957,
      "pullback_ok": true,
      "tight_ok": true,
      "flag_hold_ok": true,
      "near_breakout": false,
      "pattern": "bull_flag",
      "rank_score": 1.9454052001587887
    },
    {
      "ticker": "HTLD",
      "tf": "1d",
      "bars_used": 320,
      "close": 10.180000305175781,
      "sma20": 9.801541137695313,
      "sma50": 8.863471193313599,
      "trend_ok": true,
      "pole_bars": 10,
      "pole_gain_pct": 11.425199108882165,
      "pole_high": 10.510000228881836,
      "pole_range": 1.6000003814697266,
      "flag_bars": 8,
      "flag_range": 0.6499996185302734,
      "pullback_from_pole_high_pct": 3.139865999233794,
      "pullback_ok": true,
      "tight_ok": true,
      "flag_hold_ok": true,
      "near_breakout": false,
      "pattern": "bull_flag",
      "rank_score": 1.8941771809041863
    },
    {
      "ticker": "HUT",
      "tf": "1d",
      "bars_used": 320,
      "close": 58.290000915527344,
      "sma20": 54.51849994659424,
      "sma50": 46.24379981994629,
      "trend_ok": true,
      "pole_bars": 10,
      "pole_gain_pct": 10.310653176195244,
      "pole_high": 60.41999816894531,
      "pole_range": 14.929996490478516,
      "flag_bars": 8,
      "flag_range": 8.259998321533203,
      "pullback_from_pole_high_pct": 3.525318301834616,
      "pullback_ok": true,
      "tight_ok": true,
      "flag_hold_ok": true,
      "near_breakout": false,
      "pattern": "bull_flag",
      "rank_score": 1.5934518078195035
    }
  ]
}