{
  "updated_utc": "2026-01-23T20:56:36.590138+00:00",
  "tf": "1d",
  "params": {
    "pole_bars": 10,
    "flag_bars": 8,
    "min_pole_gain_pct": 10.0,
    "near_breakout_pct": 3.0,
    "flag_pullback_min_pct": 1.0,
    "flag_pullback_max_pct": 8.0,
    "tight_ratio": 0.6,
    "sma_fast": 20,
    "sma_slow": 50
  },
  "count": 7,
  "data": [
    {
      "ticker": "TATT",
      "tf": "1d",
      "bars_used": 320,
      "close": 52.16999816894531,
      "sma20": 49.43600025177002,
      "sma50": 43.37940002441406,
      "trend_ok": true,
      "pole_bars": 10,
      "pole_gain_pct": 12.664912476266132,
      "pole_high": 53.59000015258789,
      "pole_range": 10.119998931884766,
      "flag_bars": 8,
      "flag_range": 3.0800018310546875,
      "pullback_from_pole_high_pct": 2.6497517813013207,
      "pullback_ok": true,
      "tight_ok": true,
      "flag_hold_ok": true,
      "near_breakout": true,
      "pattern": "bull_flag",
      "rank_score": 2.242748298140161
    },
    {
      "ticker": "XTIA",
      "tf": "1d",
      "bars_used": 320,
      "close": 1.8799999952316284,
      "sma20": 1.6019999980926514,
      "sma50": 1.5085999965667725,
      "trend_ok": true,
      "pole_bars": 10,
      "pole_gain_pct": 30.1470560521197,
      "pole_high": 1.940000057220459,
      "pole_range": 0.7200000286102295,
      "flag_bars": 8,
      "flag_range": 0.41999995708465576,
      "pullback_from_pole_high_pct": 3.0927866092331895,
      "pullback_ok": true,
      "tight_ok": true,
      "flag_hold_ok": true,
      "near_breakout": false,
      "pattern": "bull_flag",
      "rank_score": 2.027777915751487
    },
    {
      "ticker": "TCRX",
      "tf": "1d",
      "bars_used": 320,
      "close": 1.1799999475479126,
      "sma20": 1.1045499801635743,
      "sma50": 1.056139998435974,
      "trend_ok": true,
      "pole_bars": 10,
      "pole_gain_pct": 14.150953157044526,
      "pole_high": 1.2649999856948853,
      "pole_range": 0.28299999237060547,
      "flag_bars": 8,
      "flag_range": 0.12300002574920654,
      "pullback_from_pole_high_pct": 6.719370680489038,
      "pullback_ok": true,
      "tight_ok": true,
      "flag_hold_ok": true,
      "near_breakout": false,
      "pattern": "bull_flag",
      "rank_score": 1.9831658612376017
    },
    {
      "ticker": "TRMD",
      "tf": "1d",
      "bars_used": 320,
      "close": 22.40999984741211,
      "sma20": 21.335499954223632,
      "sma50": 21.329590950012207,
      "trend_ok": true,
      "pole_bars": 10,
      "pole_gain_pct": 15.053755879892709,
      "pole_high": 23.110000610351562,
      "pole_range": 3.770000457763672,
      "flag_bars": 8,
      "flag_range": 1.8849983215332031,
      "pullback_from_pole_high_pct": 3.028994999792016,
      "pullback_ok": true,
      "tight_ok": true,
      "flag_hold_ok": true,
      "near_breakout": false,
      "pattern": "bull_flag",
      "rank_score": 1.9193553038745652
    },
    {
      "ticker": "WSC",
      "tf": "1d",
      "bars_used": 320,
      "close": 21.489999771118164,
      "sma20": 20.789499950408935,
      "sma50": 19.681638889312744,
      "trend_ok": true,
      "pole_bars": 10,
      "pole_gain_pct": 10.840929151273329,
      "pole_high": 21.989999771118164,
      "pole_range": 3.299999237060547,
      "flag_bars": 8,
      "flag_range": 1.75,
      "pullback_from_pole_high_pct": 2.2737608240301297,
      "pullback_ok": true,
      "tight_ok": true,
      "flag_hold_ok": true,
      "near_breakout": true,
      "pattern": "bull_flag",
      "rank_score": 1.9002875947105942
    },
    {
      "ticker": "UPBD",
      "tf": "1d",
      "bars_used": 320,
      "close": 19.459999084472656,
      "sma20": 18.673000049591064,
      "sma50": 17.908176193237306,
      "trend_ok": true,
      "pole_bars": 10,
      "pole_gain_pct": 12.599314458665365,
      "pole_high": 20.079999923706055,
      "pole_range": 2.9200000762939453,
      "flag_bars": 8,
      "flag_range": 1.489999771118164,
      "pullback_from_pole_high_pct": 3.0876535935711713,
      "pullback_ok": true,
      "tight_ok": true,
      "flag_hold_ok": true,
      "near_breakout": false,
      "pattern": "bull_flag",
      "rank_score": 1.7795092547898
    },
    {
      "ticker": "TRNS",
      "tf": "1d",
      "bars_used": 320,
      "close": 63.900001525878906,
      "sma20": 61.43049983978271,
      "sma50": 57.910400009155275,
      "trend_ok": true,
      "pole_bars": 10,
      "pole_gain_pct": 11.024293861421707,
      "pole_high": 66.6500015258789,
      "pole_range": 10.650001525878906,
      "flag_bars": 8,
      "flag_range": 5.399997711181641,
      "pullback_from_pole_high_pct": 4.12603141341599,
      "pullback_ok": true,
      "tight_ok": true,
      "flag_hold_ok": true,
      "near_breakout": false,
      "pattern": "bull_flag",
      "rank_score": 1.706144749800819
    }
  ]
}