{
  "updated_utc": "2026-01-21T20:55:52.228500+00:00",
  "tf": "1d",
  "params": {
    "pole_bars": 10,
    "flag_bars": 8,
    "min_pole_gain_pct": 10.0,
    "near_breakout_pct": 3.0,
    "flag_pullback_min_pct": 1.0,
    "flag_pullback_max_pct": 8.0,
    "tight_ratio": 0.6,
    "sma_fast": 20,
    "sma_slow": 50
  },
  "count": 4,
  "data": [
    {
      "ticker": "CREG",
      "tf": "1d",
      "bars_used": 320,
      "close": 1.3200000524520874,
      "sma20": 1.3025000065565109,
      "sma50": 1.2659999990463258,
      "trend_ok": true,
      "pole_bars": 10,
      "pole_gain_pct": 24.999997240525815,
      "pole_high": 1.399999976158142,
      "pole_range": 0.4299999475479126,
      "flag_bars": 8,
      "flag_range": 0.16000008583068848,
      "pullback_from_pole_high_pct": 5.714280362031807,
      "pullback_ok": true,
      "tight_ok": true,
      "flag_hold_ok": true,
      "near_breakout": false,
      "pattern": "bull_flag",
      "rank_score": 2.37984455291567
    },
    {
      "ticker": "CMTL",
      "tf": "1d",
      "bars_used": 320,
      "close": 5.679999828338623,
      "sma20": 5.244499981403351,
      "sma50": 3.9883999824523926,
      "trend_ok": true,
      "pole_bars": 10,
      "pole_gain_pct": 28.21670538232923,
      "pole_high": 5.980000019073486,
      "pole_range": 2.140000104904175,
      "flag_bars": 8,
      "flag_range": 0.8499999046325684,
      "pullback_from_pole_high_pct": 5.016725581571887,
      "pullback_ok": true,
      "tight_ok": true,
      "flag_hold_ok": true,
      "near_breakout": false,
      "pattern": "bull_flag",
      "rank_score": 2.3380063372546505
    },
    {
      "ticker": "ESCA",
      "tf": "1d",
      "bars_used": 320,
      "close": 13.800000190734863,
      "sma20": 13.541421699523926,
      "sma50": 12.984726619720458,
      "trend_ok": true,
      "pole_bars": 10,
      "pole_gain_pct": 11.734059308509552,
      "pole_high": 14.170000076293945,
      "pole_range": 1.6388233881315344,
      "flag_bars": 8,
      "flag_range": 0.5399999618530273,
      "pullback_from_pole_high_pct": 2.6111494958852015,
      "pullback_ok": true,
      "tight_ok": true,
      "flag_hold_ok": true,
      "near_breakout": true,
      "pattern": "bull_flag",
      "rank_score": 2.1671453479352745
    },
    {
      "ticker": "CNTY",
      "tf": "1d",
      "bars_used": 320,
      "close": 1.5800000429153442,
      "sma20": 1.4900000154972077,
      "sma50": 1.4774000120162964,
      "trend_ok": true,
      "pole_bars": 10,
      "pole_gain_pct": 19.696968191801957,
      "pole_high": 1.6699999570846558,
      "pole_range": 0.3700000047683716,
      "flag_bars": 8,
      "flag_range": 0.2200000286102295,
      "pullback_from_pole_high_pct": 5.3892165558151115,
      "pullback_ok": true,
      "tight_ok": true,
      "flag_hold_ok": true,
      "near_breakout": false,
      "pattern": "bull_flag",
      "rank_score": 1.993857302495588
    }
  ]
}