{
  "updated_utc": "2026-01-23T22:39:15.925282+00:00",
  "tf": "1d",
  "params": {
    "pole_bars": 10,
    "flag_bars": 8,
    "min_pole_gain_pct": 10.0,
    "near_breakout_pct": 3.0,
    "flag_pullback_min_pct": 1.0,
    "flag_pullback_max_pct": 8.0,
    "tight_ratio": 0.6,
    "sma_fast": 20,
    "sma_slow": 50
  },
  "count": 6,
  "data": [
    {
      "ticker": "KTOS",
      "tf": "1d",
      "bars_used": 320,
      "close": 113.8499984741211,
      "sma20": 100.85699996948242,
      "sma50": 84.89639953613282,
      "trend_ok": true,
      "pole_bars": 10,
      "pole_gain_pct": 46.332048151791376,
      "pole_high": 115.44999694824219,
      "pole_range": 41.1199951171875,
      "flag_bars": 8,
      "flag_range": 22.769996643066406,
      "pullback_from_pole_high_pct": 1.3858800488651335,
      "pullback_ok": true,
      "tight_ok": true,
      "flag_hold_ok": true,
      "near_breakout": true,
      "pattern": "bull_flag",
      "rank_score": 2.6151314498716416
    },
    {
      "ticker": "NEOG",
      "tf": "1d",
      "bars_used": 320,
      "close": 9.930000305175781,
      "sma20": 8.343500018119812,
      "sma50": 7.154000005722046,
      "trend_ok": true,
      "pole_bars": 10,
      "pole_gain_pct": 34.9228573794127,
      "pole_high": 10.300000190734863,
      "pole_range": 3.4100003242492676,
      "flag_bars": 8,
      "flag_range": 1.1899995803833008,
      "pullback_from_pole_high_pct": 3.5922318321111026,
      "pullback_ok": true,
      "tight_ok": true,
      "flag_hold_ok": true,
      "near_breakout": false,
      "pattern": "bull_flag",
      "rank_score": 2.418377581999553
    },
    {
      "ticker": "LIVE",
      "tf": "1d",
      "bars_used": 320,
      "close": 20.700000762939453,
      "sma20": 18.13299994468689,
      "sma50": 14.354200000762939,
      "trend_ok": true,
      "pole_bars": 10,
      "pole_gain_pct": 26.36942925871623,
      "pole_high": 21.34000015258789,
      "pole_range": 7.390000343322754,
      "flag_bars": 8,
      "flag_range": 3.700000762939453,
      "pullback_from_pole_high_pct": 2.9990599113038203,
      "pullback_ok": true,
      "tight_ok": true,
      "flag_hold_ok": true,
      "near_breakout": true,
      "pattern": "bull_flag",
      "rank_score": 2.1658522462893983
    },
    {
      "ticker": "NAII",
      "tf": "1d",
      "bars_used": 320,
      "close": 4.320000171661377,
      "sma20": 4.052499997615814,
      "sma50": 3.569000005722046,
      "trend_ok": true,
      "pole_bars": 10,
      "pole_gain_pct": 33.33332868579778,
      "pole_high": 4.559999942779541,
      "pole_range": 1.3599998950958252,
      "flag_bars": 8,
      "flag_range": 0.7100000381469727,
      "pullback_from_pole_high_pct": 5.2631529414422,
      "pullback_ok": true,
      "tight_ok": true,
      "flag_hold_ok": true,
      "near_breakout": false,
      "pattern": "bull_flag",
      "rank_score": 2.129901846920184
    },
    {
      "ticker": "MRVI",
      "tf": "1d",
      "bars_used": 320,
      "close": 3.8299999237060547,
      "sma20": 3.6669999957084656,
      "sma50": 3.5880000019073486,
      "trend_ok": true,
      "pole_bars": 10,
      "pole_gain_pct": 20.183488981051482,
      "pole_high": 4.014999866485596,
      "pole_range": 0.8249998092651367,
      "flag_bars": 8,
      "flag_range": 0.46000003814697266,
      "pullback_from_pole_high_pct": 4.60771977413476,
      "pullback_ok": true,
      "tight_ok": true,
      "flag_hold_ok": true,
      "near_breakout": false,
      "pattern": "bull_flag",
      "rank_score": 2.0707067787956728
    },
    {
      "ticker": "LOOP",
      "tf": "1d",
      "bars_used": 320,
      "close": 1.149999976158142,
      "sma20": 1.0832999885082244,
      "sma50": 1.0775199937820434,
      "trend_ok": true,
      "pole_bars": 10,
      "pole_gain_pct": 12.871286778131683,
      "pole_high": 1.1959999799728394,
      "pole_range": 0.2459999918937683,
      "flag_bars": 8,
      "flag_range": 0.12999999523162842,
      "pullback_from_pole_high_pct": 3.846154229512772,
      "pullback_ok": true,
      "tight_ok": true,
      "flag_hold_ok": true,
      "near_breakout": false,
      "pattern": "bull_flag",
      "rank_score": 1.7628055346016427
    }
  ]
}