{
  "updated_utc": "2026-01-16T03:46:13.256406+00:00",
  "tf": "1d",
  "params": {
    "pole_bars": 10,
    "flag_bars": 8,
    "min_pole_gain_pct": 10.0,
    "near_breakout_pct": 3.0,
    "flag_pullback_min_pct": 1.0,
    "flag_pullback_max_pct": 8.0,
    "tight_ratio": 0.6,
    "sma_fast": 20,
    "sma_slow": 50
  },
  "count": 3,
  "data": [
    {
      "ticker": "VRA",
      "tf": "1d",
      "bars_used": 320,
      "close": 2.8399999141693115,
      "sma20": 2.633999991416931,
      "sma50": 2.517200000286102,
      "trend_ok": true,
      "pole_bars": 10,
      "pole_gain_pct": 21.276596608125264,
      "pole_high": 2.880000114440918,
      "pole_range": 0.7800002098083496,
      "flag_bars": 8,
      "flag_range": 0.4500000476837158,
      "pullback_from_pole_high_pct": 1.3888957875743526,
      "pullback_ok": true,
      "tight_ok": true,
      "flag_hold_ok": true,
      "near_breakout": true,
      "pattern": "bull_flag",
      "rank_score": 2.5754964326879146
    },
    {
      "ticker": "VICR",
      "tf": "1d",
      "bars_used": 320,
      "close": 145.47999572753906,
      "sma20": 122.52449951171874,
      "sma50": 103.95860015869141,
      "trend_ok": true,
      "pole_bars": 10,
      "pole_gain_pct": 28.00766037969976,
      "pole_high": 149.99000549316406,
      "pole_range": 52.24000549316406,
      "flag_bars": 8,
      "flag_range": 29.899993896484375,
      "pullback_from_pole_high_pct": 3.00687352520335,
      "pullback_ok": true,
      "tight_ok": true,
      "flag_hold_ok": true,
      "near_breakout": false,
      "pattern": "bull_flag",
      "rank_score": 2.0460697182099588
    },
    {
      "ticker": "WFRD",
      "tf": "1d",
      "bars_used": 320,
      "close": 84.11000061035156,
      "sma20": 82.65074996948242,
      "sma50": 77.9924559020996,
      "trend_ok": true,
      "pole_bars": 10,
      "pole_gain_pct": 12.406442410412444,
      "pole_high": 91.2300033569336,
      "pole_range": 14.540000915527344,
      "flag_bars": 8,
      "flag_range": 6.989997863769531,
      "pullback_from_pole_high_pct": 7.80445301391179,
      "pullback_ok": true,
      "tight_ok": true,
      "flag_hold_ok": true,
      "near_breakout": false,
      "pattern": "bull_flag",
      "rank_score": 1.819084451603092
    }
  ]
}