{
  "updated_utc": "2026-01-27T18:16:11.890602+00:00",
  "tf": "1d",
  "params": {
    "pole_bars": 10,
    "flag_bars": 8,
    "min_pole_gain_pct": 10.0,
    "near_breakout_pct": 3.0,
    "flag_pullback_min_pct": 1.0,
    "flag_pullback_max_pct": 8.0,
    "tight_ratio": 0.6,
    "sma_fast": 20,
    "sma_slow": 50
  },
  "count": 13,
  "data": [
    {
      "ticker": "TAYD",
      "tf": "1d",
      "bars_used": 320,
      "close": 71.77999877929688,
      "sma20": 68.32900066375733,
      "sma50": 57.9644002532959,
      "trend_ok": true,
      "pole_bars": 10,
      "pole_gain_pct": 14.253973582434277,
      "pole_high": 73.19999694824219,
      "pole_range": 16.39999771118164,
      "flag_bars": 8,
      "flag_range": 4.3600006103515625,
      "pullback_from_pole_high_pct": 1.9398882898169465,
      "pullback_ok": true,
      "tight_ok": true,
      "flag_hold_ok": true,
      "near_breakout": true,
      "pattern": "bull_flag",
      "rank_score": 2.6229796944223183
    },
    {
      "ticker": "TTMI",
      "tf": "1d",
      "bars_used": 320,
      "close": 94.62999725341797,
      "sma20": 82.83799934387207,
      "sma50": 74.4959992980957,
      "trend_ok": true,
      "pole_bars": 10,
      "pole_gain_pct": 32.40556700963913,
      "pole_high": 96.44999694824219,
      "pole_range": 31.25,
      "flag_bars": 8,
      "flag_range": 14.660003662109375,
      "pullback_from_pole_high_pct": 1.8869878200212722,
      "pullback_ok": true,
      "tight_ok": true,
      "flag_hold_ok": true,
      "near_breakout": true,
      "pattern": "bull_flag",
      "rank_score": 2.5891371980137428
    },
    {
      "ticker": "TATT",
      "tf": "1d",
      "bars_used": 320,
      "close": 52.33000183105469,
      "sma20": 50.22950038909912,
      "sma50": 43.89020004272461,
      "trend_ok": true,
      "pole_bars": 10,
      "pole_gain_pct": 17.108214582968976,
      "pole_high": 53.59000015258789,
      "pole_range": 9.860000610351562,
      "flag_bars": 8,
      "flag_range": 3.0800018310546875,
      "pullback_from_pole_high_pct": 2.351181783813369,
      "pullback_ok": true,
      "tight_ok": true,
      "flag_hold_ok": true,
      "near_breakout": true,
      "pattern": "bull_flag",
      "rank_score": 2.5510611486756525
    },
    {
      "ticker": "VSEC",
      "tf": "1d",
      "bars_used": 320,
      "close": 208.39999389648438,
      "sma20": 199.24346160888672,
      "sma50": 182.40957580566408,
      "trend_ok": true,
      "pole_bars": 10,
      "pole_gain_pct": 18.639994668205723,
      "pole_high": 213.1378878804118,
      "pole_range": 42.10982551010281,
      "flag_bars": 8,
      "flag_range": 16.58662585766652,
      "pullback_from_pole_high_pct": 2.222924338344657,
      "pullback_ok": true,
      "tight_ok": true,
      "flag_hold_ok": true,
      "near_breakout": true,
      "pattern": "bull_flag",
      "rank_score": 2.5345421475250784
    },
    {
      "ticker": "SRTS",
      "tf": "1d",
      "bars_used": 320,
      "close": 5.090000152587891,
      "sma20": 4.589000010490418,
      "sma50": 4.227800011634827,
      "trend_ok": true,
      "pole_bars": 10,
      "pole_gain_pct": 43.24324655219353,
      "pole_high": 5.489999771118164,
      "pole_range": 1.8399996757507324,
      "flag_bars": 8,
      "flag_range": 0.7200002670288086,
      "pullback_from_pole_high_pct": 7.285967854399461,
      "pullback_ok": true,
      "tight_ok": true,
      "flag_hold_ok": true,
      "near_breakout": false,
      "pattern": "bull_flag",
      "rank_score": 2.3478257301548675
    },
    {
      "ticker": "TRMD",
      "tf": "1d",
      "bars_used": 320,
      "close": 22.84000015258789,
      "sma20": 21.670499992370605,
      "sma50": 21.327896385192872,
      "trend_ok": true,
      "pole_bars": 10,
      "pole_gain_pct": 19.95905545445068,
      "pole_high": 23.489999771118164,
      "pole_range": 4.034999847412109,
      "flag_bars": 8,
      "flag_range": 1.8849983215332031,
      "pullback_from_pole_high_pct": 2.7671333540389065,
      "pullback_ok": true,
      "tight_ok": true,
      "flag_hold_ok": true,
      "near_breakout": true,
      "pattern": "bull_flag",
      "rank_score": 2.2969717692009093
    },
    {
      "ticker": "STKS",
      "tf": "1d",
      "bars_used": 320,
      "close": 2.3299999237060547,
      "sma20": 2.1439999878406524,
      "sma50": 1.9861999988555907,
      "trend_ok": true,
      "pole_bars": 10,
      "pole_gain_pct": 29.608937580149934,
      "pole_high": 2.5250000953674316,
      "pole_range": 0.8250000476837158,
      "flag_bars": 8,
      "flag_range": 0.4200000762939453,
      "pullback_from_pole_high_pct": 7.722778784014304,
      "pullback_ok": true,
      "tight_ok": true,
      "flag_hold_ok": true,
      "near_breakout": false,
      "pattern": "bull_flag",
      "rank_score": 2.151515046427079
    },
    {
      "ticker": "TXRH",
      "tf": "1d",
      "bars_used": 320,
      "close": 186.13999938964844,
      "sma20": 182.48100051879882,
      "sma50": 174.66537231445312,
      "trend_ok": true,
      "pole_bars": 10,
      "pole_gain_pct": 13.345288178740406,
      "pole_high": 189.8800048828125,
      "pole_range": 24.139999389648438,
      "flag_bars": 8,
      "flag_range": 12.67999267578125,
      "pullback_from_pole_high_pct": 1.96966789392715,
      "pullback_ok": true,
      "tight_ok": true,
      "flag_hold_ok": true,
      "near_breakout": true,
      "pattern": "bull_flag",
      "rank_score": 2.1352601567787577
    },
    {
      "ticker": "TTRX",
      "tf": "1d",
      "bars_used": 75,
      "close": 4.960000038146973,
      "sma20": 4.416000008583069,
      "sma50": 3.8001999998092653,
      "trend_ok": true,
      "pole_bars": 10,
      "pole_gain_pct": 31.536389872338745,
      "pole_high": 5.21999979019165,
      "pole_range": 2.124999761581421,
      "flag_bars": 8,
      "flag_range": 1.1200003623962402,
      "pullback_from_pole_high_pct": 4.98083836197112,
      "pullback_ok": true,
      "tight_ok": true,
      "flag_hold_ok": true,
      "near_breakout": false,
      "pattern": "bull_flag",
      "rank_score": 2.1215682446612463
    },
    {
      "ticker": "TCX",
      "tf": "1d",
      "bars_used": 320,
      "close": 23.760000228881836,
      "sma20": 23.36100015640259,
      "sma50": 22.286800079345703,
      "trend_ok": true,
      "pole_bars": 10,
      "pole_gain_pct": 12.14188314726926,
      "pole_high": 25.0,
      "pole_range": 4.049999237060547,
      "flag_bars": 8,
      "flag_range": 1.5599994659423828,
      "pullback_from_pole_high_pct": 4.959999084472656,
      "pullback_ok": true,
      "tight_ok": true,
      "flag_hold_ok": true,
      "near_breakout": false,
      "pattern": "bull_flag",
      "rank_score": 1.965118947562923
    },
    {
      "ticker": "TECH",
      "tf": "1d",
      "bars_used": 320,
      "close": 67.62999725341797,
      "sma20": 65.30100002288819,
      "sma50": 62.41930870056152,
      "trend_ok": true,
      "pole_bars": 10,
      "pole_gain_pct": 12.246281815411365,
      "pole_high": 69.0,
      "pole_range": 10.599998474121094,
      "flag_bars": 8,
      "flag_range": 6.350006103515625,
      "pullback_from_pole_high_pct": 1.9855112269304802,
      "pullback_ok": true,
      "tight_ok": true,
      "flag_hold_ok": true,
      "near_breakout": true,
      "pattern": "bull_flag",
      "rank_score": 1.9520482387741707
    },
    {
      "ticker": "TREE",
      "tf": "1d",
      "bars_used": 320,
      "close": 61.90999984741211,
      "sma20": 59.5689998626709,
      "sma50": 55.673199844360354,
      "trend_ok": true,
      "pole_bars": 10,
      "pole_gain_pct": 17.113902749488282,
      "pole_high": 64.4000015258789,
      "pole_range": 13.03000259399414,
      "flag_bars": 8,
      "flag_range": 7.069999694824219,
      "pullback_from_pole_high_pct": 3.8664621420330225,
      "pullback_ok": true,
      "tight_ok": true,
      "flag_hold_ok": true,
      "near_breakout": false,
      "pattern": "bull_flag",