{
  "updated_utc": "2026-01-23T22:57:54.173305+00:00",
  "tf": "1d",
  "params": {
    "pole_bars": 10,
    "flag_bars": 8,
    "min_pole_gain_pct": 10.0,
    "near_breakout_pct": 3.0,
    "flag_pullback_min_pct": 1.0,
    "flag_pullback_max_pct": 8.0,
    "tight_ratio": 0.6,
    "sma_fast": 20,
    "sma_slow": 50
  },
  "count": 3,
  "data": [
    {
      "ticker": "AIRO",
      "tf": "1d",
      "bars_used": 153,
      "close": 12.529999732971191,
      "sma20": 11.009999847412109,
      "sma50": 10.009899921417237,
      "trend_ok": true,
      "pole_bars": 10,
      "pole_gain_pct": 42.906179613323246,
      "pole_high": 12.777000427246094,
      "pole_range": 4.857000350952148,
      "flag_bars": 8,
      "flag_range": 2.379000663757324,
      "pullback_from_pole_high_pct": 1.9331665180834616,
      "pullback_ok": true,
      "tight_ok": true,
      "flag_hold_ok": true,
      "near_breakout": true,
      "pattern": "bull_flag",
      "rank_score": 2.5392634522255815
    },
    {
      "ticker": "ARDX",
      "tf": "1d",
      "bars_used": 320,
      "close": 7.929999828338623,
      "sma20": 6.603499984741211,
      "sma50": 6.129800004959106,
      "trend_ok": true,
      "pole_bars": 10,
      "pole_gain_pct": 34.843206964281734,
      "pole_high": 8.050000190734863,
      "pole_range": 2.5199999809265137,
      "flag_bars": 8,
      "flag_range": 1.4900002479553223,
      "pullback_from_pole_high_pct": 1.4906876963102993,
      "pullback_ok": true,
      "tight_ok": true,
      "flag_hold_ok": true,
      "near_breakout": true,
      "pattern": "bull_flag",
      "rank_score": 2.5176541943298334
    },
    {
      "ticker": "ACMR",
      "tf": "1d",
      "bars_used": 320,
      "close": 51.66999816894531,
      "sma20": 47.213250160217285,
      "sma50": 39.699700088500975,
      "trend_ok": true,
      "pole_bars": 10,
      "pole_gain_pct": 31.01920881373524,
      "pole_high": 53.540000915527344,
      "pole_range": 14.252002716064453,
      "flag_bars": 8,
      "flag_range": 6.799999237060547,
      "pullback_from_pole_high_pct": 3.4927207967971934,
      "pullback_ok": true,
      "tight_ok": true,
      "flag_hold_ok": true,
      "near_breakout": false,
      "pattern": "bull_flag",
      "rank_score": 2.2047902117649074
    }
  ]
}