{
  "updated_utc": "2026-01-26T20:57:18.340532+00:00",
  "tf": "1d",
  "params": {
    "pole_bars": 10,
    "flag_bars": 8,
    "min_pole_gain_pct": 10.0,
    "near_breakout_pct": 3.0,
    "flag_pullback_min_pct": 1.0,
    "flag_pullback_max_pct": 8.0,
    "tight_ratio": 0.6,
    "sma_fast": 20,
    "sma_slow": 50
  },
  "count": 5,
  "data": [
    {
      "ticker": "OS",
      "tf": "1d",
      "bars_used": 320,
      "close": 23.6299991607666,
      "sma20": 21.825500011444092,
      "sma50": 20.48519992828369,
      "trend_ok": true,
      "pole_bars": 10,
      "pole_gain_pct": 27.0430036351398,
      "pole_high": 23.8700008392334,
      "pole_range": 6.285001754760742,
      "flag_bars": 8,
      "flag_range": 0.1100006103515625,
      "pullback_from_pole_high_pct": 1.005453163086293,
      "pullback_ok": true,
      "tight_ok": true,
      "flag_hold_ok": true,
      "near_breakout": true,
      "pattern": "bull_flag",
      "rank_score": 3.635678810490833
    },
    {
      "ticker": "RVMD",
      "tf": "1d",
      "bars_used": 320,
      "close": 117.62999725341797,
      "sma20": 101.98999900817871,
      "sma50": 85.7429995727539,
      "trend_ok": true,
      "pole_bars": 10,
      "pole_gain_pct": 45.516645620768095,
      "pole_high": 121.61499786376953,
      "pole_range": 45.334999084472656,
      "flag_bars": 8,
      "flag_range": 10.529998779296875,
      "pullback_from_pole_high_pct": 3.2767345149448373,
      "pullback_ok": true,
      "tight_ok": true,
      "flag_hold_ok": true,
      "near_breakout": false,
      "pattern": "bull_flag",
      "rank_score": 2.612881916402074
    },
    {
      "ticker": "SNCY",
      "tf": "1d",
      "bars_used": 320,
      "close": 17.5,
      "sma20": 16.05774998664856,
      "sma50": 14.573199996948242,
      "trend_ok": true,
      "pole_bars": 10,
      "pole_gain_pct": 21.363957362196548,
      "pole_high": 17.917999267578125,
      "pole_range": 3.7559995651245117,
      "flag_bars": 8,
      "flag_range": 1.470001220703125,
      "pullback_from_pole_high_pct": 2.33284565612455,
      "pullback_ok": true,
      "tight_ok": true,
      "flag_hold_ok": true,
      "near_breakout": true,
      "pattern": "bull_flag",
      "rank_score": 2.5700944942390302
    },
    {
      "ticker": "SATS",
      "tf": "1d",
      "bars_used": 320,
      "close": 126.5,
      "sma20": 117.68549919128418,
      "sma50": 97.30899963378906,
      "trend_ok": true,
      "pole_bars": 10,
      "pole_gain_pct": 16.14002409075261,
      "pole_high": 128.30999755859375,
      "pole_range": 25.229995727539062,
      "flag_bars": 8,
      "flag_range": 12.459999084472656,
      "pullback_from_pole_high_pct": 1.41064421559762,
      "pullback_ok": true,
      "tight_ok": true,
      "flag_hold_ok": true,
      "near_breakout": true,
      "pattern": "bull_flag",
      "rank_score": 2.5136921870742177
    },
    {
      "ticker": "PLPC",
      "tf": "1d",
      "bars_used": 320,
      "close": 237.0800018310547,
      "sma20": 230.802742767334,
      "sma50": 218.37786743164062,
      "trend_ok": true,
      "pole_bars": 10,
      "pole_gain_pct": 16.3126045030071,
      "pole_high": 246.3699951171875,
      "pole_range": 40.23445087989515,
      "flag_bars": 8,
      "flag_range": 24.050003051757812,
      "pullback_from_pole_high_pct": 3.770748658623777,
      "pullback_ok": true,
      "tight_ok": true,
      "flag_hold_ok": true,
      "near_breakout": false,
      "pattern": "bull_flag",
      "rank_score": 1.8193860229056142
    }
  ]
}