{
  "updated_utc": "2026-01-25T20:50:18.309804+00:00",
  "tf": "1d",
  "params": {
    "pole_bars": 10,
    "flag_bars": 8,
    "min_pole_gain_pct": 10.0,
    "near_breakout_pct": 3.0,
    "flag_pullback_min_pct": 1.0,
    "flag_pullback_max_pct": 8.0,
    "tight_ratio": 0.6,
    "sma_fast": 20,
    "sma_slow": 50
  },
  "count": 6,
  "data": [
    {
      "ticker": "FONR",
      "tf": "1d",
      "bars_used": 320,
      "close": 18.610000610351562,
      "sma20": 17.98750009536743,
      "sma50": 15.908400020599366,
      "trend_ok": true,
      "pole_bars": 10,
      "pole_gain_pct": 26.80764219700544,
      "pole_high": 18.860000610351562,
      "pole_range": 4.460000991821289,
      "flag_bars": 8,
      "flag_range": 0.1900005340576172,
      "pullback_from_pole_high_pct": 1.325556690930244,
      "pullback_ok": true,
      "tight_ok": true,
      "flag_hold_ok": true,
      "near_breakout": true,
      "pattern": "bull_flag",
      "rank_score": 3.487146091137964
    },
    {
      "ticker": "FLWS",
      "tf": "1d",
      "bars_used": 320,
      "close": 4.489999771118164,
      "sma20": 4.279000008106232,
      "sma50": 3.9326000022888183,
      "trend_ok": true,
      "pole_bars": 10,
      "pole_gain_pct": 18.158562254290906,
      "pole_high": 4.75,
      "pole_range": 1.1500000953674316,
      "flag_bars": 8,
      "flag_range": 0.4500002861022949,
      "pullback_from_pole_high_pct": 5.473689029091283,
      "pullback_ok": true,
      "tight_ok": true,
      "flag_hold_ok": true,
      "near_breakout": false,
      "pattern": "bull_flag",
      "rank_score": 2.2557538391136993
    },
    {
      "ticker": "HOVR",
      "tf": "1d",
      "bars_used": 320,
      "close": 2.390000104904175,
      "sma20": 1.992000025510788,
      "sma50": 1.7974000072479248,
      "trend_ok": true,
      "pole_bars": 10,
      "pole_gain_pct": 48.27586376993035,
      "pole_high": 2.4600000381469727,
      "pole_range": 1.040000081062317,
      "flag_bars": 8,
      "flag_range": 0.5889999866485596,
      "pullback_from_pole_high_pct": 2.8455256974518677,
      "pullback_ok": true,
      "tight_ok": true,
      "flag_hold_ok": true,
      "near_breakout": true,
      "pattern": "bull_flag",
      "rank_score": 2.1075812727416325
    },
    {
      "ticker": "GASS",
      "tf": "1d",
      "bars_used": 320,
      "close": 7.739999771118164,
      "sma20": 7.516499996185303,
      "sma50": 7.117000017166138,
      "trend_ok": true,
      "pole_bars": 10,
      "pole_gain_pct": 10.028249234433893,
      "pole_high": 7.989999771118164,
      "pole_range": 1.0799999237060547,
      "flag_bars": 8,
      "flag_range": 0.40000057220458984,
      "pullback_from_pole_high_pct": 3.1289112285545615,
      "pullback_ok": true,
      "tight_ok": true,
      "flag_hold_ok": true,
      "near_breakout": false,
      "pattern": "bull_flag",
      "rank_score": 1.8841275844660634
    },
    {
      "ticker": "KMDA",
      "tf": "1d",
      "bars_used": 320,
      "close": 7.920000076293945,
      "sma20": 7.636000061035157,
      "sma50": 7.237400035858155,
      "trend_ok": true,
      "pole_bars": 10,
      "pole_gain_pct": 14.326243993711973,
      "pole_high": 8.199999809265137,
      "pole_range": 1.2799997329711914,
      "flag_bars": 8,
      "flag_range": 0.7399997711181641,
      "pullback_from_pole_high_pct": 3.4146309693180865,
      "pullback_ok": true,
      "tight_ok": true,
      "flag_hold_ok": true,
      "near_breakout": false,
      "pattern": "bull_flag",
      "rank_score": 1.7527706300317203
    },
    {
      "ticker": "HURC",
      "tf": "1d",
      "bars_used": 320,
      "close": 16.59000015258789,
      "sma20": 16.416000175476075,
      "sma50": 16.014000129699706,
      "trend_ok": true,
      "pole_bars": 10,
      "pole_gain_pct": 10.838711646295362,
      "pole_high": 17.8700008392334,
      "pole_range": 3.0100011825561523,
      "flag_bars": 8,
      "flag_range": 1.4400005340576172,
      "pullback_from_pole_high_pct": 7.162846259275376,
      "pullback_ok": true,
      "tight_ok": true,
      "flag_hold_ok": true,
      "near_breakout": false,
      "pattern": "bull_flag",
      "rank_score": 1.7445934071672151
    }
  ]
}