{
  "updated_utc": "2026-01-16T14:00:18.420797+00:00",
  "tf": "1d",
  "params": {
    "pole_bars": 10,
    "flag_bars": 8,
    "min_pole_gain_pct": 10.0,
    "near_breakout_pct": 3.0,
    "flag_pullback_min_pct": 1.0,
    "flag_pullback_max_pct": 8.0,
    "tight_ratio": 0.6,
    "sma_fast": 20,
    "sma_slow": 50
  },
  "count": 1,
  "data": [
    {
      "ticker": "AXSM",
      "tf": "1d",
      "bars_used": 320,
      "close": 174.13999938964844,
      "sma20": 163.81600036621094,
      "sma50": 152.4943994140625,
      "trend_ok": true,
      "pole_bars": 10,
      "pole_gain_pct": 12.341966819504462,
      "pole_high": 184.39500427246094,
      "pole_range": 37.21501159667969,
      "flag_bars": 8,
      "flag_range": 13.699996948242188,
      "pullback_from_pole_high_pct": 5.561433143633201,
      "pullback_ok": true,
      "tight_ok": true,
      "flag_hold_ok": true,
      "near_breakout": false,
      "pattern": "bull_flag",
      "rank_score": 2.0035467856370675
    }
  ]
}