{
  "updated_utc": "2026-01-26T20:51:09.418262+00:00",
  "tf": "1d",
  "params": {
    "pole_bars": 10,
    "flag_bars": 8,
    "min_pole_gain_pct": 10.0,
    "near_breakout_pct": 3.0,
    "flag_pullback_min_pct": 1.0,
    "flag_pullback_max_pct": 8.0,
    "tight_ratio": 0.6,
    "sma_fast": 20,
    "sma_slow": 50
  },
  "count": 13,
  "data": [
    {
      "ticker": "KRUS",
      "tf": "1d",
      "bars_used": 320,
      "close": 69.87999725341797,
      "sma20": 64.24799976348876,
      "sma50": 55.7425,
      "trend_ok": true,
      "pole_bars": 10,
      "pole_gain_pct": 26.9042858851578,
      "pole_high": 70.83000183105469,
      "pole_range": 20.10000228881836,
      "flag_bars": 8,
      "flag_range": 8.55999755859375,
      "pullback_from_pole_high_pct": 1.3412460159223079,
      "pullback_ok": true,
      "tight_ok": true,
      "flag_hold_ok": true,
      "near_breakout": true,
      "pattern": "bull_flag",
      "rank_score": 2.843133866678171
    },
    {
      "ticker": "NEWT",
      "tf": "1d",
      "bars_used": 320,
      "close": 13.6899995803833,
      "sma20": 12.83250002861023,
      "sma50": 11.60788064956665,
      "trend_ok": true,
      "pole_bars": 10,
      "pole_gain_pct": 21.48471684826042,
      "pole_high": 13.920000076293945,
      "pole_range": 2.609999656677246,
      "flag_bars": 8,
      "flag_range": 1.4799995422363281,
      "pullback_from_pole_high_pct": 1.6523024040950993,
      "pullback_ok": true,
      "tight_ok": true,
      "flag_hold_ok": true,
      "near_breakout": true,
      "pattern": "bull_flag",
      "rank_score": 2.5041496859163237
    },
    {
      "ticker": "NEOG",
      "tf": "1d",
      "bars_used": 320,
      "close": 9.800000190734863,
      "sma20": 8.476000022888183,
      "sma50": 7.222800006866455,
      "trend_ok": true,
      "pole_bars": 10,
      "pole_gain_pct": 29.778395538019275,
      "pole_high": 10.300000190734863,
      "pole_range": 3.4100003242492676,
      "flag_bars": 8,
      "flag_range": 1.1899995803833008,
      "pullback_from_pole_high_pct": 4.8543688421458855,
      "pullback_ok": true,
      "tight_ok": true,
      "flag_hold_ok": true,
      "near_breakout": false,
      "pattern": "bull_flag",
      "rank_score": 2.418377581999553
    },
    {
      "ticker": "MBUU",
      "tf": "1d",
      "bars_used": 320,
      "close": 32.790000915527344,
      "sma20": 31.414999961853027,
      "sma50": 29.22309997558594,
      "trend_ok": true,
      "pole_bars": 10,
      "pole_gain_pct": 12.918817841819596,
      "pole_high": 33.16999816894531,
      "pole_range": 5.364997863769531,
      "flag_bars": 8,
      "flag_range": 2.9199981689453125,
      "pullback_from_pole_high_pct": 1.1456052891004767,
      "pullback_ok": true,
      "tight_ok": true,
      "flag_hold_ok": true,
      "near_breakout": true,
      "pattern": "bull_flag",
      "rank_score": 2.3569586594620233
    },
    {
      "ticker": "LRCX",
      "tf": "1d",
      "bars_used": 320,
      "close": 217.94000244140625,
      "sma20": 202.94250030517577,
      "sma50": 175.9395687866211,
      "trend_ok": true,
      "pole_bars": 10,
      "pole_gain_pct": 25.319838525966404,
      "pole_high": 222.5800018310547,
      "pole_range": 51.82000732421875,
      "flag_bars": 8,
      "flag_range": 29.490005493164062,
      "pullback_from_pole_high_pct": 2.0846434322389595,
      "pullback_ok": true,
      "tight_ok": true,
      "flag_hold_ok": true,
      "near_breakout": true,
      "pattern": "bull_flag",
      "rank_score": 2.3566433212149986
    },
    {
      "ticker": "LOOP",
      "tf": "1d",
      "bars_used": 320,
      "close": 1.1699999570846558,
      "sma20": 1.0926499873399735,
      "sma50": 1.074919993877411,
      "trend_ok": true,
      "pole_bars": 10,
      "pole_gain_pct": 18.609405332738667,
      "pole_high": 1.1959999799728394,
      "pole_range": 0.2459999918937683,
      "flag_bars": 8,
      "flag_range": 0.12999999523162842,
      "pullback_from_pole_high_pct": 2.1739149936084483,
      "pullback_ok": true,
      "tight_ok": true,
      "flag_hold_ok": true,
      "near_breakout": true,
      "pattern": "bull_flag",
      "rank_score": 2.3250731311291757
    },
    {
      "ticker": "LGIH",
      "tf": "1d",
      "bars_used": 320,
      "close": 51.209999084472656,
      "sma20": 48.348499870300294,
      "sma50": 48.30660003662109,
      "trend_ok": true,
      "pole_bars": 10,
      "pole_gain_pct": 21.6285042512741,
      "pole_high": 53.9900016784668,
      "pole_range": 12.69000244140625,
      "flag_bars": 8,
      "flag_range": 5.270000457763672,
      "pullback_from_pole_high_pct": 5.149106330002039,
      "pullback_ok": true,
      "tight_ok": true,
      "flag_hold_ok": true,
      "near_breakout": false,
      "pattern": "bull_flag",
      "rank_score": 2.3078540262834295
    },
    {
      "ticker": "LIVE",
      "tf": "1d",
      "bars_used": 320,
      "close": 20.469999313354492,
      "sma20": 18.381499910354613,
      "sma50": 14.511599979400636,
      "trend_ok": true,
      "pole_bars": 10,
      "pole_gain_pct": 31.691079119917365,
      "pole_high": 21.34000015258789,
      "pole_range": 7.390000343322754,
      "flag_bars": 8,
      "flag_range": 3.700000762939453,
      "pullback_from_pole_high_pct": 4.076854887594243,
      "pullback_ok": true,
      "tight_ok": true,
      "flag_hold_ok": true,
      "near_breakout": false,
      "pattern": "bull_flag",
      "rank_score": 2.165538883390672
    },
    {
      "ticker": "LAB",
      "tf": "1d",
      "bars_used": 320,
      "close": 1.5499999523162842,
      "sma20": 1.4529999911785125,
      "sma50": 1.4299999952316285,
      "trend_ok": true,
      "pole_bars": 10,
      "pole_gain_pct": 17.968751891749022,
      "pole_high": 1.6100000143051147,
      "pole_range": 0.3799999952316284,
      "flag_bars": 8,
      "flag_range": 0.16999995708465576,
      "pullback_from_pole_high_pct": 3.726711891659637,
      "pullback_ok": true,
      "tight_ok": true,
      "flag_hold_ok": true,
      "near_breakout": false,
      "pattern": "bull_flag",
      "rank_score": 2.152823738368705
    },
    {
      "ticker": "MCHP",
      "tf": "1d",
      "bars_used": 320,
      "close": 74.70999908447266,
      "sma20": 71.19199981689454,
      "sma50": 64.02102935791015,
      "trend_ok": true,
      "pole_bars": 10,
      "pole_gain_pct": 13.518944559144327,
      "pole_high": 76.05999755859375,
      "pole_range": 12.419998168945312,
      "flag_bars": 8,
      "flag_range": 7.220001220703125,
      "pullback_from_pole_high_pct": 1.7749125919720232,
      "pullback_ok": true,
      "tight_ok": true,
      "flag_hold_ok": true,
      "near_breakout": true,
      "pattern": "bull_flag",
      "rank_score": 2.1154419725101548
    },
    {
      "ticker": "KTOS",
      "tf": "1d",
      "bars_used": 320,
      "close": 110.38999938964844,
      "sma20": 102.26149978637696,
      "sma50": 85.52059951782226,
      "trend_ok": true,
      "pole_bars": 10,
      "pole_gain_pct": 52.1363092206259,
      "pole_high": 119.62999725341797,
      "pole_range": 45.29999542236328,
      "flag_bars": 8,
      "flag_range": 25.639999389648438,
      "pullback_from_pole_high_pct": 7.72381348818056,
      "pullback_ok": true,
      "tight_ok": true,
      "flag_hold_ok": true,
      "near_breakout": false,
      "pattern": "bull_flag",
      "rank_score": 2.056659235444767
    },
    {
      "ticker": "LBGJ",
      "tf": "1d",
      "bars_used": 313,
      "close": 0.7300000190734863,
      "sma20": 0.6784500002861023,
      "sma50": 0.6709399974346161,
      "trend_ok": true,
      "pole_bars": 10,
      "pole_gain_pct": 16.256153151632155,
      "pole_high": 0.7599999904632568,
      "pole_range": 0.2590000033378601,
      "flag_bars": 8,
      "flag_range": 0.1290000081062317,
      "pullback_from_pole_high_pct": 3.9473647060816504,
      "pullback_ok": true,
      "tight_ok": true,
      "flag_hold_ok": true,