{
  "updated_utc": "2026-01-21T21:01:59.285085+00:00",
  "tf": "1d",
  "params": {
    "pole_bars": 10,
    "flag_bars": 8,
    "min_pole_gain_pct": 10.0,
    "near_breakout_pct": 3.0,
    "flag_pullback_min_pct": 1.0,
    "flag_pullback_max_pct": 8.0,
    "tight_ratio": 0.6,
    "sma_fast": 20,
    "sma_slow": 50
  },
  "count": 3,
  "data": [
    {
      "ticker": "OS",
      "tf": "1d",
      "bars_used": 320,
      "close": 23.6200008392334,
      "sma20": 21.110999965667723,
      "sma50": 20.378399925231932,
      "trend_ok": true,
      "pole_bars": 10,
      "pole_gain_pct": 25.425536599079564,
      "pole_high": 23.8700008392334,
      "pole_range": 6.285001754760742,
      "flag_bars": 8,
      "flag_range": 0.12000083923339844,
      "pullback_from_pole_high_pct": 1.0473397201942827,
      "pullback_ok": true,
      "tight_ok": true,
      "flag_hold_ok": true,
      "near_breakout": true,
      "pattern": "bull_flag",
      "rank_score": 3.6190647483390075
    },
    {
      "ticker": "SGLY",
      "tf": "1d",
      "bars_used": 320,
      "close": 0.7900000214576721,
      "sma20": 0.6410000041127205,
      "sma50": 0.6270000022649765,
      "trend_ok": true,
      "pole_bars": 10,
      "pole_gain_pct": 57.77777718908991,
      "pole_high": 0.8100000023841858,
      "pole_range": 0.36000001430511475,
      "flag_bars": 8,
      "flag_range": 0.11000001430511475,
      "pullback_from_pole_high_pct": 2.4691334404499927,
      "pullback_ok": true,
      "tight_ok": true,
      "flag_hold_ok": true,
      "near_breakout": true,
      "pattern": "bull_flag",
      "rank_score": 2.667696214599507
    },
    {
      "ticker": "RPTX",
      "tf": "1d",
      "bars_used": 320,
      "close": 2.5799999237060547,
      "sma20": 2.5107499599456786,
      "sma50": 2.237700002193451,
      "trend_ok": true,
      "pole_bars": 10,
      "pole_gain_pct": 17.972343445796582,
      "pole_high": 2.6600000858306885,
      "pole_range": 0.49500012397766113,
      "flag_bars": 8,
      "flag_range": 0.10500001907348633,
      "pullback_from_pole_high_pct": 3.0075247948591937,
      "pullback_ok": true,
      "tight_ok": true,
      "flag_hold_ok": true,
      "near_breakout": false,
      "pattern": "bull_flag",
      "rank_score": 2.5450818430804136
    }
  ]
}