{
  "updated_utc": "2026-01-17T20:42:52.441718+00:00",
  "tf": "1d",
  "params": {
    "pole_bars": 10,
    "flag_bars": 8,
    "min_pole_gain_pct": 10.0,
    "near_breakout_pct": 3.0,
    "flag_pullback_min_pct": 1.0,
    "flag_pullback_max_pct": 8.0,
    "tight_ratio": 0.6,
    "sma_fast": 20,
    "sma_slow": 50
  },
  "count": 4,
  "data": [
    {
      "ticker": "TCRX",
      "tf": "1d",
      "bars_used": 320,
      "close": 1.1299999952316284,
      "sma20": 1.0689499855041504,
      "sma50": 1.055039999485016,
      "trend_ok": true,
      "pole_bars": 10,
      "pole_gain_pct": 26.52607732911924,
      "pole_high": 1.149999976158142,
      "pole_range": 0.25999999046325684,
      "flag_bars": 8,
      "flag_range": 0.14499998092651367,
      "pullback_from_pole_high_pct": 1.7391288122742863,
      "pullback_ok": true,
      "tight_ok": true,
      "flag_hold_ok": true,
      "near_breakout": true,
      "pattern": "bull_flag",
      "rank_score": 2.490803304593946
    },
    {
      "ticker": "USAR",
      "tf": "1d",
      "bars_used": 320,
      "close": 17.690000534057617,
      "sma20": 15.305750131607056,
      "sma50": 15.235700130462646,
      "trend_ok": true,
      "pole_bars": 10,
      "pole_gain_pct": 24.786328385796853,
      "pole_high": 18.207000732421875,
      "pole_range": 6.482000350952148,
      "flag_bars": 8,
      "flag_range": 3.447999954223633,
      "pullback_from_pole_high_pct": 2.8395681746945645,
      "pullback_ok": true,
      "tight_ok": true,
      "flag_hold_ok": true,
      "near_breakout": true,
      "pattern": "bull_flag",
      "rank_score": 2.166919688055618
    },
    {
      "ticker": "XBP",
      "tf": "1d",
      "bars_used": 320,
      "close": 8.119999885559082,
      "sma20": 7.2940000057220455,
      "sma50": 6.5306000137329105,
      "trend_ok": true,
      "pole_bars": 10,
      "pole_gain_pct": 20.000005568901194,
      "pole_high": 8.550000190734863,
      "pole_range": 2.5199999809265137,
      "flag_bars": 8,
      "flag_range": 1.26900053024292,
      "pullback_from_pole_high_pct": 5.029243223196036,
      "pullback_ok": true,
      "tight_ok": true,
      "flag_hold_ok": true,
      "near_breakout": false,
      "pattern": "bull_flag",
      "rank_score": 2.1607139286720987
    },
    {
      "ticker": "VRA",
      "tf": "1d",
      "bars_used": 320,
      "close": 2.8399999141693115,
      "sma20": 2.666499984264374,
      "sma50": 2.5272000002861024,
      "trend_ok": true,
      "pole_bars": 10,
      "pole_gain_pct": 22.268905290127346,
      "pole_high": 3.0199999809265137,
      "pole_range": 0.9200000762939453,
      "flag_bars": 8,
      "flag_range": 0.5,
      "pullback_from_pole_high_pct": 5.960267148809036,
      "pullback_ok": true,
      "tight_ok": true,
      "flag_hold_ok": true,
      "near_breakout": false,
      "pattern": "bull_flag",
      "rank_score": 2.094202973666843
    }
  ]
}