{
  "updated_utc": "2026-01-28T20:22:08.808898+00:00",
  "tf": "1d",
  "params": {
    "pole_bars": 10,
    "flag_bars": 8,
    "min_pole_gain_pct": 10.0,
    "near_breakout_pct": 3.0,
    "flag_pullback_min_pct": 1.0,
    "flag_pullback_max_pct": 8.0,
    "tight_ratio": 0.6,
    "sma_fast": 20,
    "sma_slow": 50
  },
  "count": 9,
  "data": [
    {
      "ticker": "CAMT",
      "tf": "1d",
      "bars_used": 320,
      "close": 147.77999877929688,
      "sma20": 132.7359992980957,
      "sma50": 117.29239990234375,
      "trend_ok": true,
      "pole_bars": 10,
      "pole_gain_pct": 24.98354497042112,
      "pole_high": 150.0,
      "pole_range": 43.87000274658203,
      "flag_bars": 8,
      "flag_range": 12.840011596679688,
      "pullback_from_pole_high_pct": 1.4800008138020833,
      "pullback_ok": true,
      "tight_ok": true,
      "flag_hold_ok": true,
      "near_breakout": true,
      "pattern": "bull_flag",
      "rank_score": 3.018861107320841
    },
    {
      "ticker": "ACMR",
      "tf": "1d",
      "bars_used": 320,
      "close": 53.95000076293945,
      "sma20": 48.92975025177002,
      "sma50": 40.81030006408692,
      "trend_ok": true,
      "pole_bars": 10,
      "pole_gain_pct": 27.984792654043904,
      "pole_high": 54.82500076293945,
      "pole_range": 15.537002563476562,
      "flag_bars": 8,
      "flag_range": 7.869998931884766,
      "pullback_from_pole_high_pct": 1.5959872098925378,
      "pullback_ok": true,
      "tight_ok": true,
      "flag_hold_ok": true,
      "near_breakout": true,
      "pattern": "bull_flag",
      "rank_score": 2.6237831960888753
    },
    {
      "ticker": "BYFC",
      "tf": "1d",
      "bars_used": 320,
      "close": 8.4399995803833,
      "sma20": 7.938000011444092,
      "sma50": 6.848600015640259,
      "trend_ok": true,
      "pole_bars": 10,
      "pole_gain_pct": 15.405403402619704,
      "pole_high": 8.8100004196167,
      "pole_range": 3.0300002098083496,
      "flag_bars": 8,
      "flag_range": 0.7600002288818359,
      "pullback_from_pole_high_pct": 4.1997823111283825,
      "pullback_ok": true,
      "tight_ok": true,
      "flag_hold_ok": true,
      "near_breakout": false,
      "pattern": "bull_flag",
      "rank_score": 2.352228268999727
    },
    {
      "ticker": "ARCB",
      "tf": "1d",
      "bars_used": 320,
      "close": 86.9000015258789,
      "sma20": 85.56500053405762,
      "sma50": 76.2764005279541,
      "trend_ok": true,
      "pole_bars": 10,
      "pole_gain_pct": 21.18884041433812,
      "pole_high": 90.06999969482422,
      "pole_range": 16.349998474121094,
      "flag_bars": 8,
      "flag_range": 7.3899993896484375,
      "pullback_from_pole_high_pct": 3.519482824121152,
      "pullback_ok": true,
      "tight_ok": true,
      "flag_hold_ok": true,
      "near_breakout": false,
      "pattern": "bull_flag",
      "rank_score": 2.2466870459401584
    },
    {
      "ticker": "ARCT",
      "tf": "1d",
      "bars_used": 320,
      "close": 7.460000038146973,
      "sma20": 7.007000064849853,
      "sma50": 6.872200031280517,
      "trend_ok": true,
      "pole_bars": 10,
      "pole_gain_pct": 26.101139881927963,
      "pole_high": 7.929999828338623,
      "pole_range": 1.9099998474121094,
      "flag_bars": 8,
      "flag_range": 0.940000057220459,
      "pullback_from_pole_high_pct": 5.926857507765139,
      "pullback_ok": true,
      "tight_ok": true,
      "flag_hold_ok": true,
      "near_breakout": false,
      "pattern": "bull_flag",
      "rank_score": 2.1797555564432107
    },
    {
      "ticker": "BRFH",
      "tf": "1d",
      "bars_used": 320,
      "close": 3.25,
      "sma20": 3.15,
      "sma50": 3.1241999864578247,
      "trend_ok": true,
      "pole_bars": 10,
      "pole_gain_pct": 17.40614262264174,
      "pole_high": 3.440000057220459,
      "pole_range": 0.6500000953674316,
      "flag_bars": 8,
      "flag_range": 0.2800002098083496,
      "pullback_from_pole_high_pct": 5.523257385465865,
      "pullback_ok": true,
      "tight_ok": true,
      "flag_hold_ok": true,
      "near_breakout": false,
      "pattern": "bull_flag",
      "rank_score": 2.1523579805501134
    },
    {
      "ticker": "CAKE",
      "tf": "1d",
      "bars_used": 320,
      "close": 57.08000183105469,
      "sma20": 56.7560001373291,
      "sma50": 51.530800094604494,
      "trend_ok": true,
      "pole_bars": 10,
      "pole_gain_pct": 19.175912030420246,
      "pole_high": 60.400001525878906,
      "pole_range": 10.75,
      "flag_bars": 8,
      "flag_range": 5.220001220703125,
      "pullback_from_pole_high_pct": 5.496688097601679,
      "pullback_ok": true,
      "tight_ok": true,
      "flag_hold_ok": true,
      "near_breakout": false,
      "pattern": "bull_flag",
      "rank_score": 2.149493086683319
    },
    {
      "ticker": "ANNX",
      "tf": "1d",
      "bars_used": 320,
      "close": 6.570000171661377,
      "sma20": 5.83899998664856,
      "sma50": 5.003000020980835,
      "trend_ok": true,
      "pole_bars": 10,
      "pole_gain_pct": 33.067726169706724,
      "pole_high": 6.829999923706055,
      "pole_range": 2.2849998474121094,
      "flag_bars": 8,
      "flag_range": 1.3299999237060547,
      "pullback_from_pole_high_pct": 3.8067314048167398,
      "pullback_ok": true,
      "tight_ok": true,
      "flag_hold_ok": true,
      "near_breakout": false,
      "pattern": "bull_flag",
      "rank_score": 2.029905169569009
    },
    {
      "ticker": "BOSC",
      "tf": "1d",
      "bars_used": 320,
      "close": 4.920000076293945,
      "sma20": 4.847499966621399,
      "sma50": 4.664799995422364,
      "trend_ok": true,
      "pole_bars": 10,
      "pole_gain_pct": 10.08772026138624,
      "pole_high": 5.179999828338623,
      "pole_range": 0.6699995994567871,
      "flag_bars": 8,
      "flag_range": 0.3599996566772461,
      "pullback_from_pole_high_pct": 5.019300398858647,
      "pullback_ok": true,
      "tight_ok": true,
      "flag_hold_ok": true,
      "near_breakout": false,
      "pattern": "bull_flag",
      "rank_score": 1.608863943680212
    }
  ]
}