{
  "updated_utc": "2026-01-23T22:58:32.784429+00:00",
  "tf": "1d",
  "params": {
    "pole_bars": 10,
    "flag_bars": 8,
    "min_pole_gain_pct": 10.0,
    "near_breakout_pct": 3.0,
    "flag_pullback_min_pct": 1.0,
    "flag_pullback_max_pct": 8.0,
    "tight_ratio": 0.6,
    "sma_fast": 20,
    "sma_slow": 50
  },
  "count": 3,
  "data": [
    {
      "ticker": "CGON",
      "tf": "1d",
      "bars_used": 320,
      "close": 55.849998474121094,
      "sma20": 46.98199996948242,
      "sma50": 43.62699981689453,
      "trend_ok": true,
      "pole_bars": 10,
      "pole_gain_pct": 36.04417810078442,
      "pole_high": 57.39500045776367,
      "pole_range": 18.255001068115234,
      "flag_bars": 8,
      "flag_range": 6.299999237060547,
      "pullback_from_pole_high_pct": 2.691875548950518,
      "pullback_ok": true,
      "tight_ok": true,
      "flag_hold_ok": true,
      "near_breakout": true,
      "pattern": "bull_flag",
      "rank_score": 2.527523372805559
    },
    {
      "ticker": "CRNX",
      "tf": "1d",
      "bars_used": 320,
      "close": 54.95000076293945,
      "sma20": 51.56199989318848,
      "sma50": 47.988999938964845,
      "trend_ok": true,
      "pole_bars": 10,
      "pole_gain_pct": 11.03002714034666,
      "pole_high": 57.9900016784668,
      "pole_range": 14.59000015258789,
      "flag_bars": 8,
      "flag_range": 5.380001068115234,
      "pullback_from_pole_high_pct": 5.2422845793021855,
      "pullback_ok": true,
      "tight_ok": true,
      "flag_hold_ok": true,
      "near_breakout": false,
      "pattern": "bull_flag",
      "rank_score": 1.936925047690272
    },
    {
      "ticker": "CNTY",
      "tf": "1d",
      "bars_used": 320,
      "close": 1.6100000143051147,
      "sma20": 1.514000016450882,
      "sma50": 1.4720000123977661,
      "trend_ok": true,
      "pole_bars": 10,
      "pole_gain_pct": 12.857147844470362,
      "pole_high": 1.6699999570846558,
      "pole_range": 0.3700000047683716,
      "flag_bars": 8,
      "flag_range": 0.20000004768371582,
      "pullback_from_pole_high_pct": 3.5928110372100743,
      "pullback_ok": true,
      "tight_ok": true,
      "flag_hold_ok": true,
      "near_breakout": false,
      "pattern": "bull_flag",
      "rank_score": 1.7419562881414592
    }
  ]
}