{
  "updated_utc": "2026-01-16T20:47:27.645183+00:00",
  "tf": "1d",
  "params": {
    "pole_bars": 10,
    "flag_bars": 8,
    "min_pole_gain_pct": 10.0,
    "near_breakout_pct": 3.0,
    "flag_pullback_min_pct": 1.0,
    "flag_pullback_max_pct": 8.0,
    "tight_ratio": 0.6,
    "sma_fast": 20,
    "sma_slow": 50
  },
  "count": 5,
  "data": [
    {
      "ticker": "FONR",
      "tf": "1d",
      "bars_used": 320,
      "close": 18.639999389648438,
      "sma20": 17.030500078201293,
      "sma50": 15.523800010681152,
      "trend_ok": true,
      "pole_bars": 10,
      "pole_gain_pct": 23.895587341154016,
      "pole_high": 18.860000610351562,
      "pole_range": 4.460000991821289,
      "flag_bars": 8,
      "flag_range": 0.1700000762939453,
      "pullback_from_pole_high_pct": 1.1664963604633947,
      "pullback_ok": true,
      "tight_ok": true,
      "flag_hold_ok": true,
      "near_breakout": true,
      "pattern": "bull_flag",
      "rank_score": 3.5476402122487154
    },
    {
      "ticker": "GRAN",
      "tf": "1d",
      "bars_used": 138,
      "close": 4.550000190734863,
      "sma20": 4.2779000163078305,
      "sma50": 3.2569000148773193,
      "trend_ok": true,
      "pole_bars": 10,
      "pole_gain_pct": 27.777778513637607,
      "pole_high": 4.940000057220459,
      "pole_range": 1.6380000114440918,
      "flag_bars": 8,
      "flag_range": 0.36299991607666016,
      "pullback_from_pole_high_pct": 7.894734047939123,
      "pullback_ok": true,
      "tight_ok": true,
      "flag_hold_ok": true,
      "near_breakout": false,
      "pattern": "bull_flag",
      "rank_score": 2.630647218619744
    },
    {
      "ticker": "HQI",
      "tf": "1d",
      "bars_used": 320,
      "close": 10.960000038146973,
      "sma20": 10.154999899864197,
      "sma50": 9.239077491760254,
      "trend_ok": true,
      "pole_bars": 10,
      "pole_gain_pct": 29.047626724589513,
      "pole_high": 11.880000114440918,
      "pole_range": 3.619999885559082,
      "flag_bars": 8,
      "flag_range": 1.1700000762939453,
      "pullback_from_pole_high_pct": 7.744108311713103,
      "pullback_ok": true,
      "tight_ok": true,
      "flag_hold_ok": true,
      "near_breakout": false,
      "pattern": "bull_flag",
      "rank_score": 2.4613259146953226
    },
    {
      "ticker": "HUT",
      "tf": "1d",
      "bars_used": 320,
      "close": 57.279998779296875,
      "sma20": 52.55899982452392,
      "sma50": 45.78719978332519,
      "trend_ok": true,
      "pole_bars": 10,
      "pole_gain_pct": 32.02629512736394,
      "pole_high": 59.7599983215332,
      "pole_range": 19.759998321533203,
      "flag_bars": 8,
      "flag_range": 7.270000457763672,
      "pullback_from_pole_high_pct": 4.149932416150545,
      "pullback_ok": true,
      "tight_ok": true,
      "flag_hold_ok": true,
      "near_breakout": false,
      "pattern": "bull_flag",
      "rank_score": 2.3868082763750977
    },
    {
      "ticker": "HSCS",
      "tf": "1d",
      "bars_used": 320,
      "close": 3.200000047683716,
      "sma20": 2.8927499890327453,
      "sma50": 2.795879988670349,
      "trend_ok": true,
      "pole_bars": 10,
      "pole_gain_pct": 30.50847714469897,
      "pole_high": 3.2799999713897705,
      "pole_range": 1.119999885559082,
      "flag_bars": 8,
      "flag_range": 0.5899999141693115,
      "pullback_from_pole_high_pct": 2.439022085483674,
      "pullback_ok": true,
      "tight_ok": true,
      "flag_hold_ok": true,
      "near_breakout": true,
      "pattern": "bull_flag",
      "rank_score": 2.3090164857090882
    }
  ]
}