{
  "updated_utc": "2026-01-21T21:03:08.309268+00:00",
  "tf": "1d",
  "params": {
    "pole_bars": 10,
    "flag_bars": 8,
    "min_pole_gain_pct": 10.0,
    "near_breakout_pct": 3.0,
    "flag_pullback_min_pct": 1.0,
    "flag_pullback_max_pct": 8.0,
    "tight_ratio": 0.6,
    "sma_fast": 20,
    "sma_slow": 50
  },
  "count": 4,
  "data": [
    {
      "ticker": "ACFN",
      "tf": "1d",
      "bars_used": 320,
      "close": 19.020000457763672,
      "sma20": 17.731000089645384,
      "sma50": 16.040600032806395,
      "trend_ok": true,
      "pole_bars": 10,
      "pole_gain_pct": 23.42857481941344,
      "pole_high": 20.25,
      "pole_range": 5.560000419616699,
      "flag_bars": 8,
      "flag_range": 3.2900009155273438,
      "pullback_from_pole_high_pct": 6.074071813512732,
      "pullback_ok": true,
      "tight_ok": true,
      "flag_hold_ok": true,
      "near_breakout": false,
      "pattern": "bull_flag",
      "rank_score": 2.01378876881627
    },
    {
      "ticker": "AUR",
      "tf": "1d",
      "bars_used": 320,
      "close": 4.489999771118164,
      "sma20": 4.308500003814697,
      "sma50": 4.234400019645691,
      "trend_ok": true,
      "pole_bars": 10,
      "pole_gain_pct": 12.224938419223088,
      "pole_high": 4.820000171661377,
      "pole_range": 1.0300002098083496,
      "flag_bars": 8,
      "flag_range": 0.40000009536743164,
      "pullback_from_pole_high_pct": 6.846481095237535,
      "pullback_ok": true,
      "tight_ok": true,
      "flag_hold_ok": true,
      "near_breakout": false,
      "pattern": "bull_flag",
      "rank_score": 1.96399770754941
    },
    {
      "ticker": "ABAT",
      "tf": "1d",
      "bars_used": 320,
      "close": 4.849999904632568,
      "sma20": 4.3457499742507935,
      "sma50": 4.053800001144409,
      "trend_ok": true,
      "pole_bars": 10,
      "pole_gain_pct": 15.403413547677653,
      "pole_high": 4.980000019073486,
      "pole_range": 1.7699999809265137,
      "flag_bars": 8,
      "flag_range": 1.0299997329711914,
      "pullback_from_pole_high_pct": 2.6104440550806283,
      "pullback_ok": true,
      "tight_ok": true,
      "flag_hold_ok": true,
      "near_breakout": true,
      "pattern": "bull_flag",
      "rank_score": 1.930154726753947
    },
    {
      "ticker": "ALOT",
      "tf": "1d",
      "bars_used": 320,
      "close": 9.119999885559082,
      "sma20": 8.876500034332276,
      "sma50": 8.357800025939941,
      "trend_ok": true,
      "pole_bars": 10,
      "pole_gain_pct": 10.303034926905777,
      "pole_high": 9.59000015258789,
      "pole_range": 1.5299997329711914,
      "flag_bars": 8,
      "flag_range": 0.8100004196166992,
      "pullback_from_pole_high_pct": 4.900941184051781,
      "pullback_ok": true,
      "tight_ok": true,
      "flag_hold_ok": true,
      "near_breakout": false,
      "pattern": "bull_flag",
      "rank_score": 1.632798194074058
    }
  ]
}