{
  "updated_utc": "2026-01-27T20:19:38.321786+00:00",
  "tf": "1d",
  "params": {
    "pole_bars": 10,
    "flag_bars": 8,
    "min_pole_gain_pct": 10.0,
    "near_breakout_pct": 3.0,
    "flag_pullback_min_pct": 1.0,
    "flag_pullback_max_pct": 8.0,
    "tight_ratio": 0.6,
    "sma_fast": 20,
    "sma_slow": 50
  },
  "count": 8,
  "data": [
    {
      "ticker": "BYFC",
      "tf": "1d",
      "bars_used": 320,
      "close": 8.390000343322754,
      "sma20": 7.83100004196167,
      "sma50": 6.805600023269653,
      "trend_ok": true,
      "pole_bars": 10,
      "pole_gain_pct": 43.594006418973706,
      "pole_high": 8.630000114440918,
      "pole_range": 2.8499999046325684,
      "flag_bars": 8,
      "flag_range": 0.7800006866455078,
      "pullback_from_pole_high_pct": 2.7809938347111145,
      "pullback_ok": true,
      "tight_ok": true,
      "flag_hold_ok": true,
      "near_breakout": true,
      "pattern": "bull_flag",
      "rank_score": 2.6168612874085224
    },
    {
      "ticker": "CAMT",
      "tf": "1d",
      "bars_used": 320,
      "close": 142.63999938964844,
      "sma20": 130.79949951171875,
      "sma50": 116.39799987792969,
      "trend_ok": true,
      "pole_bars": 10,
      "pole_gain_pct": 25.791899198695784,
      "pole_high": 150.0,
      "pole_range": 43.87000274658203,
      "flag_bars": 8,
      "flag_range": 19.100006103515625,
      "pullback_from_pole_high_pct": 4.906667073567708,
      "pullback_ok": true,
      "tight_ok": true,
      "flag_hold_ok": true,
      "near_breakout": false,
      "pattern": "bull_flag",
      "rank_score": 2.2743710619361757
    },
    {
      "ticker": "ARCT",
      "tf": "1d",
      "bars_used": 320,
      "close": 7.360000133514404,
      "sma20": 6.942000055313111,
      "sma50": 6.885600032806397,
      "trend_ok": true,
      "pole_bars": 10,
      "pole_gain_pct": 22.294024259841276,
      "pole_high": 7.929999828338623,
      "pole_range": 1.9099998474121094,
      "flag_bars": 8,
      "flag_range": 0.940000057220459,
      "pullback_from_pole_high_pct": 7.187890380366335,
      "pullback_ok": true,
      "tight_ok": true,
      "flag_hold_ok": true,
      "near_breakout": false,
      "pattern": "bull_flag",
      "rank_score": 2.1797555564432107
    },
    {
      "ticker": "CAKE",
      "tf": "1d",
      "bars_used": 320,
      "close": 57.369998931884766,
      "sma20": 56.529500007629395,
      "sma50": 51.30940002441406,
      "trend_ok": true,
      "pole_bars": 10,
      "pole_gain_pct": 19.47610878897584,
      "pole_high": 60.310001373291016,
      "pole_range": 10.65999984741211,
      "flag_bars": 8,
      "flag_range": 5.090000152587891,
      "pullback_from_pole_high_pct": 4.874817400863572,
      "pullback_ok": true,
      "tight_ok": true,
      "flag_hold_ok": true,
      "near_breakout": false,
      "pattern": "bull_flag",
      "rank_score": 2.177995523025017
    },
    {
      "ticker": "ACMR",
      "tf": "1d",
      "bars_used": 320,
      "close": 51.130001068115234,
      "sma20": 48.26325016021728,
      "sma50": 40.40750007629394,
      "trend_ok": true,
      "pole_bars": 10,
      "pole_gain_pct": 27.63681691417757,
      "pole_high": 54.82500076293945,
      "pole_range": 15.537002563476562,
      "flag_bars": 8,
      "flag_range": 7.869998931884766,
      "pullback_from_pole_high_pct": 6.739625432567181,
      "pullback_ok": true,
      "tight_ok": true,
      "flag_hold_ok": true,
      "near_breakout": false,
      "pattern": "bull_flag",
      "rank_score": 2.155778932719721
    },
    {
      "ticker": "CAAS",
      "tf": "1d",
      "bars_used": 320,
      "close": 4.690000057220459,
      "sma20": 4.514000034332275,
      "sma50": 4.330000019073486,
      "trend_ok": true,
      "pole_bars": 10,
      "pole_gain_pct": 12.616820920137467,
      "pole_high": 4.980000019073486,
      "pole_range": 0.7800002098083496,
      "flag_bars": 8,
      "flag_range": 0.28999996185302734,
      "pullback_from_pole_high_pct": 5.823292384383985,
      "pullback_ok": true,
      "tight_ok": true,
      "flag_hold_ok": true,
      "near_breakout": false,
      "pattern": "bull_flag",
      "rank_score": 2.011183174538091
    },
    {
      "ticker": "AEBI",
      "tf": "1d",
      "bars_used": 143,
      "close": 14.170000076293945,
      "sma20": 13.901500034332276,
      "sma50": 12.913291263580323,
      "trend_ok": true,
      "pole_bars": 10,
      "pole_gain_pct": 13.359375098953022,
      "pole_high": 14.75,
      "pole_range": 2.3199996948242188,
      "flag_bars": 8,
      "flag_range": 1.0189990997314453,
      "pullback_from_pole_high_pct": 3.9322028725834213,
      "pullback_ok": true,
      "tight_ok": true,
      "flag_hold_ok": true,
      "near_breakout": false,
      "pattern": "bull_flag",
      "rank_score": 1.935929075513805
    },
    {
      "ticker": "ASO",
      "tf": "1d",
      "bars_used": 320,
      "close": 55.349998474121094,
      "sma20": 55.128499603271486,
      "sma50": 51.52233673095703,
      "trend_ok": true,
      "pole_bars": 10,
      "pole_gain_pct": 13.014521326704873,
      "pole_high": 59.4900016784668,
      "pole_range": 10.19000244140625,
      "flag_bars": 8,
      "flag_range": 4.870002746582031,
      "pullback_from_pole_high_pct": 6.959157988802398,
      "pullback_ok": true,
      "tight_ok": true,
      "flag_hold_ok": true,
      "near_breakout": false,
      "pattern": "bull_flag",
      "rank_score": 1.854193259697048
    }
  ]
}