{
  "updated_utc": "2026-01-21T21:03:07.751493+00:00",
  "tf": "1d",
  "params": {
    "pole_bars": 10,
    "flag_bars": 8,
    "min_pole_gain_pct": 10.0,
    "near_breakout_pct": 3.0,
    "flag_pullback_min_pct": 1.0,
    "flag_pullback_max_pct": 8.0,
    "tight_ratio": 0.6,
    "sma_fast": 20,
    "sma_slow": 50
  },
  "count": 2,
  "data": [
    {
      "ticker": "TATT",
      "tf": "1d",
      "bars_used": 320,
      "close": 52.29999923706055,
      "sma20": 48.33850040435791,
      "sma50": 42.797000045776365,
      "trend_ok": true,
      "pole_bars": 10,
      "pole_gain_pct": 17.557083505379374,
      "pole_high": 53.59000015258789,
      "pole_range": 10.599998474121094,
      "flag_bars": 8,
      "flag_range": 3.5800018310546875,
      "pullback_from_pole_high_pct": 2.4071672174926255,
      "pullback_ok": true,
      "tight_ok": true,
      "flag_hold_ok": true,
      "near_breakout": true,
      "pattern": "bull_flag",
      "rank_score": 2.512571652079755
    },
    {
      "ticker": "XRAY",
      "tf": "1d",
      "bars_used": 320,
      "close": 12.050000190734863,
      "sma20": 11.82157850265503,
      "sma50": 11.250285720825195,
      "trend_ok": true,
      "pole_bars": 10,
      "pole_gain_pct": 13.257684341372917,
      "pole_high": 12.529999732971191,
      "pole_range": 1.6572907907732297,
      "flag_bars": 8,
      "flag_range": 0.9499998092651367,
      "pullback_from_pole_high_pct": 3.8308024937404177,
      "pullback_ok": true,
      "tight_ok": true,
      "flag_hold_ok": true,
      "near_breakout": false,
      "pattern": "bull_flag",
      "rank_score": 1.7075099253288295
    }
  ]
}