{"meta": {"merged_from": ["api/bullishflag/nse_01.json", "api/bullishflag/nse_03.json", "api/bullishflag/nse_04.json", "api/bullishflag/nse_05.json"]}, "counts": {}, "data": [{"ticker": "AETHER.NS", "tf": "1d", "bars_used": 320, "close": 979.3499755859375, "sma20": 948.0975006103515, "sma50": 898.1620007324219, "trend_ok": true, "pole_bars": 10, "pole_gain_pct": 18.224943920080563, "pole_high": 1021.75, "pole_range": 192.0999755859375, "flag_bars": 8, "flag_range": 64.9000244140625, "pullback_from_pole_high_pct": 4.149745477275508, "pullback_ok": true, "tight_ok": true, "flag_hold_ok": true, "near_breakout": false, "pattern": "bull_flag", "rank_score": 2.348172125188199}, {"ticker": "KRYSTAL.NS", "tf": "1d", "bars_used": 320, "close": 602.9000244140625, "sma20": 558.9074996948242, "sma50": 542.3869989013672, "trend_ok": true, "pole_bars": 10, "pole_gain_pct": 21.760342444850973, "pole_high": 623.9000244140625, "pole_range": 123.9000244140625, "flag_bars": 8, "flag_range": 67.0, "pullback_from_pole_high_pct": 3.3659238945730467, "pullback_ok": true, "tight_ok": true, "flag_hold_ok": true, "near_breakout": false, "pattern": "bull_flag", "rank_score": 2.0987357170044865}, {"ticker": "KRISHNADEF.NS", "tf": "1d", "bars_used": 320, "close": 944.4500122070312, "sma20": 873.5399963378907, "sma50": 807.4099975585938, "trend_ok": true, "pole_bars": 10, "pole_gain_pct": 12.870389546476154, "pole_high": 1019.0, "pole_range": 234.0, "flag_bars": 8, "flag_range": 109.9000244140625, "pullback_from_pole_high_pct": 7.315994876640702, "pullback_ok": true, "tight_ok": true, "flag_hold_ok": true, "near_breakout": false, "pattern": "bull_flag", "rank_score": 1.860755770670941}, {"ticker": "TMB.NS", "tf": "1d", "bars_used": 320, "close": 566.6500244140625, "sma20": 543.1675003051757, "sma50": 523.8480029296875, "trend_ok": true, "pole_bars": 10, "pole_gain_pct": 11.773960572788699, "pole_high": 575.0, "pole_range": 73.45001220703125, "flag_bars": 8, "flag_range": 42.79998779296875, "pullback_from_pole_high_pct": 1.4521696671195652, "pullback_ok": true, "tight_ok": true, "flag_hold_ok": true, "near_breakout": true, "pattern": "bull_flag", "rank_score": 2.1334597012101764}]}