{"meta": {"merged_from": ["api/bullishflag/nse_01.json", "api/bullishflag/nse_02.json", "api/bullishflag/nse_03.json", "api/bullishflag/nse_04.json", "api/bullishflag/nse_05.json"]}, "counts": {}, "data": [{"ticker": "AETHER.NS", "tf": "1d", "bars_used": 320, "close": 966.4500122070312, "sma20": 935.1625030517578, "sma50": 888.8430017089844, "trend_ok": true, "pole_bars": 10, "pole_gain_pct": 16.36449345039049, "pole_high": 1021.75, "pole_range": 192.75, "flag_bars": 8, "flag_range": 72.95001220703125, "pullback_from_pole_high_pct": 5.412281653336799, "pullback_ok": true, "tight_ok": true, "flag_hold_ok": true, "near_breakout": false, "pattern": "bull_flag", "rank_score": 2.1874420334617533}, {"ticker": "ENTERO.NS", "tf": "1d", "bars_used": 320, "close": 1144.300048828125, "sma20": 1117.2500030517579, "sma50": 1072.5640014648438, "trend_ok": true, "pole_bars": 10, "pole_gain_pct": 22.477687725557743, "pole_high": 1224.5999755859375, "pole_range": 280.5999755859375, "flag_bars": 8, "flag_range": 112.300048828125, "pullback_from_pole_high_pct": 6.557237331267395, "pullback_ok": true, "tight_ok": true, "flag_hold_ok": true, "near_breakout": false, "pattern": "bull_flag", "rank_score": 2.33297660608829}, {"ticker": "SILVERTUC.NS", "tf": "1d", "bars_used": 320, "close": 1522.0999755859375, "sma20": 1328.9524993896484, "sma50": 1011.9109973144531, "trend_ok": true, "pole_bars": 10, "pole_gain_pct": 82.93182373046875, "pole_high": 1650.0, "pole_range": 794.9500122070312, "flag_bars": 8, "flag_range": 247.7999267578125, "pullback_from_pole_high_pct": 7.751516631155303, "pullback_ok": true, "tight_ok": true, "flag_hold_ok": true, "near_breakout": false, "pattern": "bull_flag", "rank_score": 2.4804706313758396}, {"ticker": "SAIL.NS", "tf": "1d", "bars_used": 320, "close": 145.39999389648438, "sma20": 145.00800094604492, "sma50": 138.32660049438476, "trend_ok": true, "pole_bars": 10, "pole_gain_pct": 10.686214183015972, "pole_high": 152.8000030517578, "pole_range": 22.199996948242188, "flag_bars": 8, "flag_range": 9.479995727539062, "pullback_from_pole_high_pct": 4.842937832119571, "pullback_ok": true, "tight_ok": true, "flag_hold_ok": true, "near_breakout": false, "pattern": "bull_flag", "rank_score": 1.8225992203578767}]}