{"meta": {"merged_from": ["api/bullishflag/nse_01.json", "api/bullishflag/nse_02.json", "api/bullishflag/nse_03.json", "api/bullishflag/nse_04.json", "api/bullishflag/nse_05.json"]}, "counts": {}, "data": [{"ticker": "AETHER.NS", "tf": "1d", "bars_used": 320, "close": 968.3499755859375, "sma20": 954.1824981689454, "sma50": 902.0630004882812, "trend_ok": true, "pole_bars": 10, "pole_gain_pct": 15.038953644077816, "pole_high": 1021.75, "pole_range": 189.20001220703125, "flag_bars": 8, "flag_range": 64.9000244140625, "pullback_from_pole_high_pct": 5.226329768931979, "pullback_ok": true, "tight_ok": true, "flag_hold_ok": true, "near_breakout": false, "pattern": "bull_flag", "rank_score": 2.1802420776693103}, {"ticker": "KRISHNADEF.NS", "tf": "1d", "bars_used": 320, "close": 948.25, "sma20": 881.7999969482422, "sma50": 810.7099975585937, "trend_ok": true, "pole_bars": 10, "pole_gain_pct": 11.126811151538716, "pole_high": 1019.0, "pole_range": 234.0, "flag_bars": 8, "flag_range": 115.0, "pullback_from_pole_high_pct": 6.943081452404318, "pullback_ok": true, "tight_ok": true, "flag_hold_ok": true, "near_breakout": false, "pattern": "bull_flag", "rank_score": 1.7372522384886167}, {"ticker": "SANCO.NS", "tf": "1d", "bars_used": 320, "close": 3.2100000381469727, "sma20": 2.90900000333786, "sma50": 2.314999997615814, "trend_ok": true, "pole_bars": 10, "pole_gain_pct": 48.63635954778066, "pole_high": 3.2699999809265137, "pole_range": 1.0699999332427979, "flag_bars": 8, "flag_range": 0.21000003814697266, "pullback_from_pole_high_pct": 1.8348606461624741, "pullback_ok": true, "tight_ok": true, "flag_hold_ok": true, "near_breakout": true, "pattern": "bull_flag", "rank_score": 3.0612769010473118}]}