{
  "updated_utc": "2026-01-27T18:14:02.173056+00:00",
  "tf": "1d",
  "params": {
    "pole_bars": 10,
    "flag_bars": 8,
    "min_pole_gain_pct": 10.0,
    "near_breakout_pct": 3.0,
    "flag_pullback_min_pct": 1.0,
    "flag_pullback_max_pct": 8.0,
    "tight_ratio": 0.6,
    "sma_fast": 20,
    "sma_slow": 50
  },
  "count": 1,
  "data": [
    {
      "ticker": "SANCO.NS",
      "tf": "1d",
      "bars_used": 320,
      "close": 3.2100000381469727,
      "sma20": 2.90900000333786,
      "sma50": 2.314999997615814,
      "trend_ok": true,
      "pole_bars": 10,
      "pole_gain_pct": 48.63635954778066,
      "pole_high": 3.2699999809265137,
      "pole_range": 1.0699999332427979,
      "flag_bars": 8,
      "flag_range": 0.21000003814697266,
      "pullback_from_pole_high_pct": 1.8348606461624741,
      "pullback_ok": true,
      "tight_ok": true,
      "flag_hold_ok": true,
      "near_breakout": true,
      "pattern": "bull_flag",
      "rank_score": 3.0612769010473118
    }
  ]
}