{
  "updated_utc": "2026-01-21T21:02:17.025237+00:00",
  "tf": "1d",
  "params": {
    "pole_bars": 10,
    "flag_bars": 8,
    "min_pole_gain_pct": 10.0,
    "near_breakout_pct": 3.0,
    "flag_pullback_min_pct": 1.0,
    "flag_pullback_max_pct": 8.0,
    "tight_ratio": 0.6,
    "sma_fast": 20,
    "sma_slow": 50
  },
  "count": 2,
  "data": [
    {
      "ticker": "SILVERTUC.NS",
      "tf": "1d",
      "bars_used": 320,
      "close": 1522.0999755859375,
      "sma20": 1328.9524993896484,
      "sma50": 1011.9109973144531,
      "trend_ok": true,
      "pole_bars": 10,
      "pole_gain_pct": 82.93182373046875,
      "pole_high": 1650.0,
      "pole_range": 794.9500122070312,
      "flag_bars": 8,
      "flag_range": 247.7999267578125,
      "pullback_from_pole_high_pct": 7.751516631155303,
      "pullback_ok": true,
      "tight_ok": true,
      "flag_hold_ok": true,
      "near_breakout": false,
      "pattern": "bull_flag",
      "rank_score": 2.4804706313758396
    },
    {
      "ticker": "SAIL.NS",
      "tf": "1d",
      "bars_used": 320,
      "close": 145.39999389648438,
      "sma20": 145.00800094604492,
      "sma50": 138.32660049438476,
      "trend_ok": true,
      "pole_bars": 10,
      "pole_gain_pct": 10.686214183015972,
      "pole_high": 152.8000030517578,
      "pole_range": 22.199996948242188,
      "flag_bars": 8,
      "flag_range": 9.479995727539062,
      "pullback_from_pole_high_pct": 4.842937832119571,
      "pullback_ok": true,
      "tight_ok": true,
      "flag_hold_ok": true,
      "near_breakout": false,
      "pattern": "bull_flag",
      "rank_score": 1.8225992203578767
    }
  ]
}