{
  "updated_utc": "2026-01-23T20:55:56.991270+00:00",
  "tf": "1d",
  "params": {
    "pole_bars": 10,
    "flag_bars": 8,
    "min_pole_gain_pct": 10.0,
    "near_breakout_pct": 3.0,
    "flag_pullback_min_pct": 1.0,
    "flag_pullback_max_pct": 8.0,
    "tight_ratio": 0.6,
    "sma_fast": 20,
    "sma_slow": 50
  },
  "count": 1,
  "data": [
    {
      "ticker": "TMB.NS",
      "tf": "1d",
      "bars_used": 320,
      "close": 566.6500244140625,
      "sma20": 543.1675003051757,
      "sma50": 523.8480029296875,
      "trend_ok": true,
      "pole_bars": 10,
      "pole_gain_pct": 11.773960572788699,
      "pole_high": 575.0,
      "pole_range": 73.45001220703125,
      "flag_bars": 8,
      "flag_range": 42.79998779296875,
      "pullback_from_pole_high_pct": 1.4521696671195652,
      "pullback_ok": true,
      "tight_ok": true,
      "flag_hold_ok": true,
      "near_breakout": true,
      "pattern": "bull_flag",
      "rank_score": 2.1334597012101764
    }
  ]
}