{
  "updated_utc": "2026-01-19T23:58:12.827021+00:00",
  "tf": "1d",
  "params": {
    "pole_bars": 10,
    "flag_bars": 8,
    "min_pole_gain_pct": 10.0,
    "near_breakout_pct": 3.0,
    "flag_pullback_min_pct": 1.0,
    "flag_pullback_max_pct": 8.0,
    "tight_ratio": 0.6,
    "sma_fast": 20,
    "sma_slow": 50
  },
  "count": 4,
  "data": [
    {
      "ticker": "HINDCOPPER.NS",
      "tf": "1d",
      "bars_used": 320,
      "close": 561.4500122070312,
      "sma20": 513.3199981689453,
      "sma50": 414.0389990234375,
      "trend_ok": true,
      "pole_bars": 10,
      "pole_gain_pct": 29.481162708923602,
      "pole_high": 574.5999755859375,
      "pole_range": 161.89996337890625,
      "flag_bars": 8,
      "flag_range": 64.70001220703125,
      "pullback_from_pole_high_pct": 2.2885422794348056,
      "pullback_ok": true,
      "tight_ok": true,
      "flag_hold_ok": true,
      "near_breakout": true,
      "pattern": "bull_flag",
      "rank_score": 2.5711032957586775
    },
    {
      "ticker": "ENTERO.NS",
      "tf": "1d",
      "bars_used": 320,
      "close": 1192.0,
      "sma20": 1096.549996948242,
      "sma50": 1070.3019995117188,
      "trend_ok": true,
      "pole_bars": 10,
      "pole_gain_pct": 23.932685203847086,
      "pole_high": 1224.5999755859375,
      "pole_range": 280.5999755859375,
      "flag_bars": 8,
      "flag_range": 105.4000244140625,
      "pullback_from_pole_high_pct": 2.662091804333028,
      "pullback_ok": true,
      "tight_ok": true,
      "flag_hold_ok": true,
      "near_breakout": true,
      "pattern": "bull_flag",
      "rank_score": 2.4865964264449127
    },
    {
      "ticker": "JAIPURKURT.NS",
      "tf": "1d",
      "bars_used": 320,
      "close": 38.29999923706055,
      "sma20": 33.30950031280518,
      "sma50": 32.3460001373291,
      "trend_ok": true,
      "pole_bars": 10,
      "pole_gain_pct": 35.17144022953447,
      "pole_high": 39.880001068115234,
      "pole_range": 13.880001068115234,
      "flag_bars": 8,
      "flag_range": 5.470001220703125,
      "pullback_from_pole_high_pct": 3.961890142269647,
      "pullback_ok": true,
      "tight_ok": true,
      "flag_hold_ok": true,
      "near_breakout": false,
      "pattern": "bull_flag",
      "rank_score": 2.3431795389328576
    },
    {
      "ticker": "HITECHGEAR.NS",
      "tf": "1d",
      "bars_used": 320,
      "close": 745.6500244140625,
      "sma20": 716.5300048828125,
      "sma50": 711.6950012207031,
      "trend_ok": true,
      "pole_bars": 10,
      "pole_gain_pct": 12.169387692497295,
      "pole_high": 785.0,
      "pole_range": 145.0,
      "flag_bars": 8,
      "flag_range": 65.45001220703125,
      "pullback_from_pole_high_pct": 5.012735743431529,
      "pullback_ok": true,
      "tight_ok": true,
      "flag_hold_ok": true,
      "near_breakout": false,
      "pattern": "bull_flag",
      "rank_score": 1.856170393739448
    }
  ]
}