{
  "updated_utc": "2026-01-20T20:54:06.738527+00:00",
  "tf": "1d",
  "params": {
    "pole_bars": 10,
    "flag_bars": 8,
    "min_pole_gain_pct": 10.0,
    "near_breakout_pct": 3.0,
    "flag_pullback_min_pct": 1.0,
    "flag_pullback_max_pct": 8.0,
    "tight_ratio": 0.6,
    "sma_fast": 20,
    "sma_slow": 50
  },
  "count": 3,
  "data": [
    {
      "ticker": "ENTERO.NS",
      "tf": "1d",
      "bars_used": 320,
      "close": 1200.800048828125,
      "sma20": 1108.1600006103515,
      "sma50": 1071.4580004882812,
      "trend_ok": true,
      "pole_bars": 10,
      "pole_gain_pct": 21.844809922755374,
      "pole_high": 1224.5999755859375,
      "pole_range": 280.5999755859375,
      "flag_bars": 8,
      "flag_range": 105.4000244140625,
      "pullback_from_pole_high_pct": 1.9434858102479455,
      "pullback_ok": true,
      "tight_ok": true,
      "flag_hold_ok": true,
      "near_breakout": true,
      "pattern": "bull_flag",
      "rank_score": 2.7261317578066064
    },
    {
      "ticker": "JAIPURKURT.NS",
      "tf": "1d",
      "bars_used": 320,
      "close": 38.29999923706055,
      "sma20": 33.30950031280518,
      "sma50": 32.3460001373291,
      "trend_ok": true,
      "pole_bars": 10,
      "pole_gain_pct": 35.17144022953447,
      "pole_high": 39.880001068115234,
      "pole_range": 13.880001068115234,
      "flag_bars": 8,
      "flag_range": 5.470001220703125,
      "pullback_from_pole_high_pct": 3.961890142269647,
      "pullback_ok": true,
      "tight_ok": true,
      "flag_hold_ok": true,
      "near_breakout": false,
      "pattern": "bull_flag",
      "rank_score": 2.3431795389328576
    },
    {
      "ticker": "HINDCOPPER.NS",
      "tf": "1d",
      "bars_used": 320,
      "close": 547.7999877929688,
      "sma20": 520.5399978637695,
      "sma50": 418.2359985351562,
      "trend_ok": true,
      "pole_bars": 10,
      "pole_gain_pct": 26.274198926659242,
      "pole_high": 575.0,
      "pole_range": 138.45001220703125,
      "flag_bars": 8,
      "flag_range": 64.70001220703125,
      "pullback_from_pole_high_pct": 4.730436905570652,
      "pullback_ok": true,
      "tight_ok": true,
      "flag_hold_ok": true,
      "near_breakout": false,
      "pattern": "bull_flag",
      "rank_score": 2.2211387203264614
    }
  ]
}