{
  "updated_utc": "2026-01-19T22:48:35.353073+00:00",
  "tf": "1d",
  "params": {
    "pole_bars": 10,
    "flag_bars": 8,
    "min_pole_gain_pct": 10.0,
    "near_breakout_pct": 3.0,
    "flag_pullback_min_pct": 1.0,
    "flag_pullback_max_pct": 8.0,
    "tight_ratio": 0.6,
    "sma_fast": 20,
    "sma_slow": 50
  },
  "count": 3,
  "data": [
    {
      "ticker": "MCL.NS",
      "tf": "1d",
      "bars_used": 320,
      "close": 80.52999877929688,
      "sma20": 67.77699985504151,
      "sma50": 55.07779983520508,
      "trend_ok": true,
      "pole_bars": 10,
      "pole_gain_pct": 68.84042997632199,
      "pole_high": 82.8499984741211,
      "pole_range": 34.599998474121094,
      "flag_bars": 8,
      "flag_range": 15.300003051757812,
      "pullback_from_pole_high_pct": 2.8002410833464175,
      "pullback_ok": true,
      "tight_ok": true,
      "flag_hold_ok": true,
      "near_breakout": true,
      "pattern": "bull_flag",
      "rank_score": 2.329591906394338
    },
    {
      "ticker": "MMFL.NS",
      "tf": "1d",
      "bars_used": 320,
      "close": 425.29998779296875,
      "sma20": 388.2925003051758,
      "sma50": 353.1589990234375,
      "trend_ok": true,
      "pole_bars": 10,
      "pole_gain_pct": 18.780887315731903,
      "pole_high": 439.20001220703125,
      "pole_range": 89.5,
      "flag_bars": 8,
      "flag_range": 47.5,
      "pullback_from_pole_high_pct": 3.1648506438361097,
      "pullback_ok": true,
      "tight_ok": true,
      "flag_hold_ok": true,
      "near_breakout": false,
      "pattern": "bull_flag",
      "rank_score": 2.0545006041478615
    },
    {
      "ticker": "MIDHANI.NS",
      "tf": "1d",
      "bars_used": 320,
      "close": 357.8500061035156,
      "sma20": 338.11500091552733,
      "sma50": 334.15100036621095,
      "trend_ok": true,
      "pole_bars": 10,
      "pole_gain_pct": 12.212280593922046,
      "pole_high": 368.0,
      "pole_range": 59.600006103515625,
      "flag_bars": 8,
      "flag_range": 29.899993896484375,
      "pullback_from_pole_high_pct": 2.758150515349015,
      "pullback_ok": true,
      "tight_ok": true,
      "flag_hold_ok": true,
      "near_breakout": true,
      "pattern": "bull_flag",
      "rank_score": 1.8551010269710753
    }
  ]
}