{
  "updated_utc": "2026-01-19T22:46:04.793969+00:00",
  "tf": "1d",
  "params": {
    "pole_bars": 10,
    "flag_bars": 8,
    "min_pole_gain_pct": 10.0,
    "near_breakout_pct": 3.0,
    "flag_pullback_min_pct": 1.0,
    "flag_pullback_max_pct": 8.0,
    "tight_ratio": 0.6,
    "sma_fast": 20,
    "sma_slow": 50
  },
  "count": 2,
  "data": [
    {
      "ticker": "SAIL.NS",
      "tf": "1d",
      "bars_used": 320,
      "close": 149.3699951171875,
      "sma20": 143.39150161743163,
      "sma50": 138.19940048217774,
      "trend_ok": true,
      "pole_bars": 10,
      "pole_gain_pct": 11.065601564277516,
      "pole_high": 152.8000030517578,
      "pole_range": 22.199996948242188,
      "flag_bars": 8,
      "flag_range": 9.8699951171875,
      "pullback_from_pole_high_pct": 2.2447695458543078,
      "pullback_ok": true,
      "tight_ok": true,
      "flag_hold_ok": true,
      "near_breakout": true,
      "pattern": "bull_flag",
      "rank_score": 2.0640328366541785
    },
    {
      "ticker": "SHREEJISPG.NS",
      "tf": "1d",
      "bars_used": 101,
      "close": 362.70001220703125,
      "sma20": 362.41749877929686,
      "sma50": 336.0209991455078,
      "trend_ok": true,
      "pole_bars": 10,
      "pole_gain_pct": 10.070921985815604,
      "pole_high": 389.3500061035156,
      "pole_range": 68.25,
      "flag_bars": 8,
      "flag_range": 33.45001220703125,
      "pullback_from_pole_high_pct": 6.844739560476339,
      "pullback_ok": true,
      "tight_ok": true,
      "flag_hold_ok": true,
      "near_breakout": false,
      "pattern": "bull_flag",
      "rank_score": 1.686695984344962
    }
  ]
}