{
  "updated_utc": "2026-01-16T13:55:18.419896+00:00",
  "tf": "1d",
  "params": {
    "pole_bars": 10,
    "flag_bars": 8,
    "min_pole_gain_pct": 10.0,
    "near_breakout_pct": 3.0,
    "flag_pullback_min_pct": 1.0,
    "flag_pullback_max_pct": 8.0,
    "tight_ratio": 0.6,
    "sma_fast": 20,
    "sma_slow": 50
  },
  "count": 4,
  "data": [
    {
      "ticker": "TCIFINANCE.NS",
      "tf": "1d",
      "bars_used": 320,
      "close": 29.84000015258789,
      "sma20": 26.850999975204466,
      "sma50": 17.52939998626709,
      "trend_ok": true,
      "pole_bars": 10,
      "pole_gain_pct": 70.05076366024193,
      "pole_high": 30.149999618530273,
      "pole_range": 14.59999942779541,
      "flag_bars": 8,
      "flag_range": 8.619998931884766,
      "pullback_from_pole_high_pct": 1.0281906131496477,
      "pullback_ok": true,
      "tight_ok": true,
      "flag_hold_ok": true,
      "near_breakout": true,
      "pattern": "bull_flag",
      "rank_score": 2.6732516141418303
    },
    {
      "ticker": "RAIN.NS",
      "tf": "1d",
      "bars_used": 320,
      "close": 144.77999877929688,
      "sma20": 138.6564998626709,
      "sma50": 123.04899993896484,
      "trend_ok": true,
      "pole_bars": 10,
      "pole_gain_pct": 18.645161513677767,
      "pole_high": 151.00999450683594,
      "pole_range": 28.959991455078125,
      "flag_bars": 8,
      "flag_range": 16.930007934570312,
      "pullback_from_pole_high_pct": 4.125551919847956,
      "pullback_ok": true,
      "tight_ok": true,
      "flag_hold_ok": true,
      "near_breakout": false,
      "pattern": "bull_flag",
      "rank_score": 1.9579249190350199
    },
    {
      "ticker": "TARC.NS",
      "tf": "1d",
      "bars_used": 320,
      "close": 172.05999755859375,
      "sma20": 165.94150009155274,
      "sma50": 153.03840057373046,
      "trend_ok": true,
      "pole_bars": 10,
      "pole_gain_pct": 15.987885331092821,
      "pole_high": 179.85000610351562,
      "pole_range": 32.850006103515625,
      "flag_bars": 8,
      "flag_range": 16.830001831054688,
      "pullback_from_pole_high_pct": 4.331391871312036,
      "pullback_ok": true,
      "tight_ok": true,
      "flag_hold_ok": true,
      "near_breakout": false,
      "pattern": "bull_flag",
      "rank_score": 1.9455130537668026
    },
    {
      "ticker": "SHREEJISPG.NS",
      "tf": "1d",
      "bars_used": 99,
      "close": 362.54998779296875,
      "sma20": 359.22999877929686,
      "sma50": 332.3269989013672,
      "trend_ok": true,
      "pole_bars": 10,
      "pole_gain_pct": 13.011608704239826,
      "pole_high": 379.5,
      "pole_range": 62.79998779296875,
      "flag_bars": 8,
      "flag_range": 33.45001220703125,
      "pullback_from_pole_high_pct": 4.46640637866436,
      "pullback_ok": true,
      "tight_ok": true,
      "flag_hold_ok": true,
      "near_breakout": false,
      "pattern": "bull_flag",
      "rank_score": 1.762841085184697
    }
  ]
}