{
  "updated_utc": "2026-01-19T03:43:24.664234+00:00",
  "tf": "1d",
  "params": {
    "pole_bars": 10,
    "flag_bars": 8,
    "min_pole_gain_pct": 10.0,
    "near_breakout_pct": 3.0,
    "flag_pullback_min_pct": 1.0,
    "flag_pullback_max_pct": 8.0,
    "tight_ratio": 0.6,
    "sma_fast": 20,
    "sma_slow": 50
  },
  "count": 5,
  "data": [
    {
      "ticker": "HINDCOPPER.NS",
      "tf": "1d",
      "bars_used": 320,
      "close": 561.4500122070312,
      "sma20": 513.3199981689453,
      "sma50": 414.0389990234375,
      "trend_ok": true,
      "pole_bars": 10,
      "pole_gain_pct": 29.481162708923602,
      "pole_high": 574.5999755859375,
      "pole_range": 161.89996337890625,
      "flag_bars": 8,
      "flag_range": 64.70001220703125,
      "pullback_from_pole_high_pct": 2.2885422794348056,
      "pullback_ok": true,
      "tight_ok": true,
      "flag_hold_ok": true,
      "near_breakout": true,
      "pattern": "bull_flag",
      "rank_score": 2.5711032957586775
    },
    {
      "ticker": "ENTERO.NS",
      "tf": "1d",
      "bars_used": 320,
      "close": 1192.0,
      "sma20": 1096.549996948242,
      "sma50": 1070.3019995117188,
      "trend_ok": true,
      "pole_bars": 10,
      "pole_gain_pct": 23.932685203847086,
      "pole_high": 1224.5999755859375,
      "pole_range": 280.5999755859375,
      "flag_bars": 8,
      "flag_range": 105.4000244140625,
      "pullback_from_pole_high_pct": 2.662091804333028,
      "pullback_ok": true,
      "tight_ok": true,
      "flag_hold_ok": true,
      "near_breakout": true,
      "pattern": "bull_flag",
      "rank_score": 2.4865964264449127
    },
    {
      "ticker": "IIFLCAPS.NS",
      "tf": "1d",
      "bars_used": 286,
      "close": 377.6000061035156,
      "sma20": 359.3975006103516,
      "sma50": 332.7789990234375,
      "trend_ok": true,
      "pole_bars": 10,
      "pole_gain_pct": 17.66753186227307,
      "pole_high": 392.0,
      "pole_range": 80.64999389648438,
      "flag_bars": 8,
      "flag_range": 46.0,
      "pullback_from_pole_high_pct": 3.6734678307358095,
      "pullback_ok": true,
      "tight_ok": true,
      "flag_hold_ok": true,
      "near_breakout": false,
      "pattern": "bull_flag",
      "rank_score": 1.93276689108355
    },
    {
      "ticker": "IIFL.NS",
      "tf": "1d",
      "bars_used": 320,
      "close": 633.6500244140625,
      "sma20": 623.157504272461,
      "sma50": 585.9050024414063,
      "trend_ok": true,
      "pole_bars": 10,
      "pole_gain_pct": 10.462508917325671,
      "pole_high": 675.0,
      "pole_range": 104.1500244140625,
      "flag_bars": 8,
      "flag_range": 38.75,
      "pullback_from_pole_high_pct": 6.125922309027778,
      "pullback_ok": true,
      "tight_ok": true,
      "flag_hold_ok": true,
      "near_breakout": false,
      "pattern": "bull_flag",
      "rank_score": 1.9030263753507206
    },
    {
      "ticker": "HITECHGEAR.NS",
      "tf": "1d",
      "bars_used": 320,
      "close": 745.6500244140625,
      "sma20": 716.5300048828125,
      "sma50": 711.6950012207031,
      "trend_ok": true,
      "pole_bars": 10,
      "pole_gain_pct": 12.169387692497295,
      "pole_high": 785.0,
      "pole_range": 145.0,
      "flag_bars": 8,
      "flag_range": 65.45001220703125,
      "pullback_from_pole_high_pct": 5.012735743431529,
      "pullback_ok": true,
      "tight_ok": true,
      "flag_hold_ok": true,
      "near_breakout": false,
      "pattern": "bull_flag",
      "rank_score": 1.856170393739448
    }
  ]
}