{
  "updated_utc": "2026-01-25T20:50:15.355327+00:00",
  "tf": "1d",
  "params": {
    "pole_bars": 10,
    "flag_bars": 8,
    "min_pole_gain_pct": 10.0,
    "near_breakout_pct": 3.0,
    "flag_pullback_min_pct": 1.0,
    "flag_pullback_max_pct": 8.0,
    "tight_ratio": 0.6,
    "sma_fast": 20,
    "sma_slow": 50
  },
  "count": 1,
  "data": [
    {
      "ticker": "AETHER.NS",
      "tf": "1d",
      "bars_used": 320,
      "close": 968.3499755859375,
      "sma20": 954.1824981689454,
      "sma50": 902.0630004882812,
      "trend_ok": true,
      "pole_bars": 10,
      "pole_gain_pct": 15.038953644077816,
      "pole_high": 1021.75,
      "pole_range": 189.20001220703125,
      "flag_bars": 8,
      "flag_range": 64.9000244140625,
      "pullback_from_pole_high_pct": 5.226329768931979,
      "pullback_ok": true,
      "tight_ok": true,
      "flag_hold_ok": true,
      "near_breakout": false,
      "pattern": "bull_flag",
      "rank_score": 2.1802420776693103
    }
  ]
}