{
  "updated_utc": "2026-01-20T20:54:03.475546+00:00",
  "tf": "1d",
  "params": {
    "pole_bars": 10,
    "flag_bars": 8,
    "min_pole_gain_pct": 10.0,
    "near_breakout_pct": 3.0,
    "flag_pullback_min_pct": 1.0,
    "flag_pullback_max_pct": 8.0,
    "tight_ratio": 0.6,
    "sma_fast": 20,
    "sma_slow": 50
  },
  "count": 2,
  "data": [
    {
      "ticker": "SAIL.NS",
      "tf": "1d",
      "bars_used": 320,
      "close": 149.6999969482422,
      "sma20": 144.37350158691407,
      "sma50": 138.30660049438475,
      "trend_ok": true,
      "pole_bars": 10,
      "pole_gain_pct": 14.04625571206406,
      "pole_high": 152.8000030517578,
      "pole_range": 22.199996948242188,
      "flag_bars": 8,
      "flag_range": 9.8699951171875,
      "pullback_from_pole_high_pct": 2.0287997654460534,
      "pullback_ok": true,
      "tight_ok": true,
      "flag_hold_ok": true,
      "near_breakout": true,
      "pattern": "bull_flag",
      "rank_score": 2.285055470846257
    },
    {
      "ticker": "SANSERA.NS",
      "tf": "1d",
      "bars_used": 320,
      "close": 1802.0999755859375,
      "sma20": 1794.3549926757812,
      "sma50": 1710.2159912109375,
      "trend_ok": true,
      "pole_bars": 10,
      "pole_gain_pct": 14.443725778231482,
      "pole_high": 1958.300048828125,
      "pole_range": 305.60009765625,
      "flag_bars": 8,
      "flag_range": 174.199951171875,
      "pullback_from_pole_high_pct": 7.976309520885723,
      "pullback_ok": true,
      "tight_ok": true,
      "flag_hold_ok": true,
      "near_breakout": false,
      "pattern": "bull_flag",
      "rank_score": 1.7721432287823777
    }
  ]
}