{
  "updated_utc": "2026-01-21T21:02:36.621568+00:00",
  "tf": "1d",
  "params": {
    "pole_bars": 10,
    "flag_bars": 8,
    "min_pole_gain_pct": 10.0,
    "near_breakout_pct": 3.0,
    "flag_pullback_min_pct": 1.0,
    "flag_pullback_max_pct": 8.0,
    "tight_ratio": 0.6,
    "sma_fast": 20,
    "sma_slow": 50
  },
  "count": 1,
  "data": [
    {
      "ticker": "ENTERO.NS",
      "tf": "1d",
      "bars_used": 320,
      "close": 1144.300048828125,
      "sma20": 1117.2500030517579,
      "sma50": 1072.5640014648438,
      "trend_ok": true,
      "pole_bars": 10,
      "pole_gain_pct": 22.477687725557743,
      "pole_high": 1224.5999755859375,
      "pole_range": 280.5999755859375,
      "flag_bars": 8,
      "flag_range": 112.300048828125,
      "pullback_from_pole_high_pct": 6.557237331267395,
      "pullback_ok": true,
      "tight_ok": true,
      "flag_hold_ok": true,
      "near_breakout": false,
      "pattern": "bull_flag",
      "rank_score": 2.33297660608829
    }
  ]
}