{
  "updated_utc": "2026-01-20T20:54:46.730042+00:00",
  "tf": "1d",
  "params": {
    "pole_bars": 10,
    "flag_bars": 8,
    "min_pole_gain_pct": 10.0,
    "near_breakout_pct": 3.0,
    "flag_pullback_min_pct": 1.0,
    "flag_pullback_max_pct": 8.0,
    "tight_ratio": 0.6,
    "sma_fast": 20,
    "sma_slow": 50
  },
  "count": 2,
  "data": [
    {
      "ticker": "AETHER.NS",
      "tf": "1d",
      "bars_used": 320,
      "close": 979.9500122070312,
      "sma20": 929.9600036621093,
      "sma50": 884.2830017089843,
      "trend_ok": true,
      "pole_bars": 10,
      "pole_gain_pct": 19.204348885285334,
      "pole_high": 1021.75,
      "pole_range": 192.75,
      "flag_bars": 8,
      "flag_range": 72.95001220703125,
      "pullback_from_pole_high_pct": 4.091019113576584,
      "pullback_ok": true,
      "tight_ok": true,
      "flag_hold_ok": true,
      "near_breakout": false,
      "pattern": "bull_flag",
      "rank_score": 2.3294348052064957
    },
    {
      "ticker": "BIRLANU.NS",
      "tf": "1d",
      "bars_used": 195,
      "close": 1722.4000244140625,
      "sma20": 1679.2349914550782,
      "sma50": 1674.0959936523439,
      "trend_ok": true,
      "pole_bars": 10,
      "pole_gain_pct": 10.631269094974103,
      "pole_high": 1764.5999755859375,
      "pole_range": 264.5,
      "flag_bars": 8,
      "flag_range": 134.0,
      "pullback_from_pole_high_pct": 2.391474087936698,
      "pullback_ok": true,
      "tight_ok": true,
      "flag_hold_ok": true,
      "near_breakout": true,
      "pattern": "bull_flag",
      "rank_score": 1.890044996955061
    }
  ]
}