{
  "updated_utc": "2026-01-20T20:54:04.517388+00:00",
  "tf": "1d",
  "params": {
    "pole_bars": 10,
    "flag_bars": 8,
    "min_pole_gain_pct": 10.0,
    "near_breakout_pct": 3.0,
    "flag_pullback_min_pct": 1.0,
    "flag_pullback_max_pct": 8.0,
    "tight_ratio": 0.6,
    "sma_fast": 20,
    "sma_slow": 50
  },
  "count": 3,
  "data": [
    {
      "ticker": "NORBTEAEXP.NS",
      "tf": "1d",
      "bars_used": 320,
      "close": 93.12999725341797,
      "sma20": 89.25949935913086,
      "sma50": 76.60719985961914,
      "trend_ok": true,
      "pole_bars": 10,
      "pole_gain_pct": 27.494992986766846,
      "pole_high": 99.3499984741211,
      "pole_range": 28.849998474121094,
      "flag_bars": 8,
      "flag_range": 7.650001525878906,
      "pullback_from_pole_high_pct": 6.260695839188488,
      "pullback_ok": true,
      "tight_ok": true,
      "flag_hold_ok": true,
      "near_breakout": false,
      "pattern": "bull_flag",
      "rank_score": 2.558058813952158
    },
    {
      "ticker": "MIDHANI.NS",
      "tf": "1d",
      "bars_used": 320,
      "close": 362.6499938964844,
      "sma20": 343.4725006103516,
      "sma50": 333.36299987792967,
      "trend_ok": true,
      "pole_bars": 10,
      "pole_gain_pct": 16.219688135548033,
      "pole_high": 368.0,
      "pole_range": 58.79998779296875,
      "flag_bars": 8,
      "flag_range": 29.899993896484375,
      "pullback_from_pole_high_pct": 1.4538060063901155,
      "pullback_ok": true,
      "tight_ok": true,
      "flag_hold_ok": true,
      "near_breakout": true,
      "pattern": "bull_flag",
      "rank_score": 2.478876732770909
    },
    {
      "ticker": "MMFL.NS",
      "tf": "1d",
      "bars_used": 320,
      "close": 433.25,
      "sma20": 393.4825012207031,
      "sma50": 357.9979992675781,
      "trend_ok": true,
      "pole_bars": 10,
      "pole_gain_pct": 12.067785474900973,
      "pole_high": 439.20001220703125,
      "pole_range": 89.5,
      "flag_bars": 8,
      "flag_range": 48.399993896484375,
      "pullback_from_pole_high_pct": 1.354738625149791,
      "pullback_ok": true,
      "tight_ok": true,
      "flag_hold_ok": true,
      "near_breakout": true,
      "pattern": "bull_flag",
      "rank_score": 2.250506307512914
    }
  ]
}