{
  "updated_utc": "2026-01-28T20:22:11.789642+00:00",
  "tf": "1d",
  "params": {
    "pole_bars": 10,
    "flag_bars": 8,
    "min_pole_gain_pct": 10.0,
    "near_breakout_pct": 3.0,
    "flag_pullback_min_pct": 1.0,
    "flag_pullback_max_pct": 8.0,
    "tight_ratio": 0.6,
    "sma_fast": 20,
    "sma_slow": 50
  },
  "count": 2,
  "data": [
    {
      "ticker": "SANCO.NS",
      "tf": "1d",
      "bars_used": 320,
      "close": 3.1500000953674316,
      "sma20": 2.965500009059906,
      "sma50": 2.3394000005722044,
      "trend_ok": true,
      "pole_bars": 10,
      "pole_gain_pct": 43.722944393148325,
      "pole_high": 3.319999933242798,
      "pole_range": 1.119999885559082,
      "flag_bars": 8,
      "flag_range": 0.26999998092651367,
      "pullback_from_pole_high_pct": 5.1204771473992015,
      "pullback_ok": true,
      "tight_ok": true,
      "flag_hold_ok": true,
      "near_breakout": false,
      "pattern": "bull_flag",
      "rank_score": 2.598214273043229
    },
    {
      "ticker": "UNIONBANK.NS",
      "tf": "1d",
      "bars_used": 320,
      "close": 175.2100067138672,
      "sma20": 167.35449981689453,
      "sma50": 158.40359954833986,
      "trend_ok": true,
      "pole_bars": 10,
      "pole_gain_pct": 16.727439858782184,
      "pole_high": 180.69000244140625,
      "pole_range": 27.990005493164062,
      "flag_bars": 8,
      "flag_range": 12.139999389648438,
      "pullback_from_pole_high_pct": 3.0328162341555687,
      "pullback_ok": true,
      "tight_ok": true,
      "flag_hold_ok": true,
      "near_breakout": false,
      "pattern": "bull_flag",
      "rank_score": 2.11349495309636
    }
  ]
}