{
  "updated_utc": "2026-01-27T18:16:40.244209+00:00",
  "tf": "1d",
  "params": {
    "pole_bars": 10,
    "flag_bars": 8,
    "min_pole_gain_pct": 10.0,
    "near_breakout_pct": 3.0,
    "flag_pullback_min_pct": 1.0,
    "flag_pullback_max_pct": 8.0,
    "tight_ratio": 0.6,
    "sma_fast": 20,
    "sma_slow": 50
  },
  "count": 15,
  "data": [
    {
      "ticker": "SITE",
      "tf": "1d",
      "bars_used": 320,
      "close": 146.6199951171875,
      "sma20": 138.31499900817872,
      "sma50": 132.9345994567871,
      "trend_ok": true,
      "pole_bars": 10,
      "pole_gain_pct": 16.671931398565942,
      "pole_high": 148.8300018310547,
      "pole_range": 25.67200469970703,
      "flag_bars": 8,
      "flag_range": 9.3699951171875,
      "pullback_from_pole_high_pct": 1.4849201684320952,
      "pullback_ok": true,
      "tight_ok": true,
      "flag_hold_ok": true,
      "near_breakout": true,
      "pattern": "bull_flag",
      "rank_score": 2.730308453521015
    },
    {
      "ticker": "SUN",
      "tf": "1d",
      "bars_used": 320,
      "close": 57.630001068115234,
      "sma20": 55.472500038146975,
      "sma50": 54.44619995117188,
      "trend_ok": true,
      "pole_bars": 10,
      "pole_gain_pct": 10.415082203021063,
      "pole_high": 58.27000045776367,
      "pole_range": 6.630001068115234,
      "flag_bars": 8,
      "flag_range": 2.220001220703125,
      "pullback_from_pole_high_pct": 1.0983342794245103,
      "pullback_ok": true,
      "tight_ok": true,
      "flag_hold_ok": true,
      "near_breakout": true,
      "pattern": "bull_flag",
      "rank_score": 2.5965730851207764
    },
    {
      "ticker": "TREX",
      "tf": "1d",
      "bars_used": 320,
      "close": 42.06999969482422,
      "sma20": 39.816000366210936,
      "sma50": 36.27720012664795,
      "trend_ok": true,
      "pole_bars": 10,
      "pole_gain_pct": 18.87324158574494,
      "pole_high": 42.779998779296875,
      "pole_range": 7.80999755859375,
      "flag_bars": 8,
      "flag_range": 3.80999755859375,
      "pullback_from_pole_high_pct": 1.6596519512203822,
      "pullback_ok": true,
      "tight_ok": true,
      "flag_hold_ok": true,
      "near_breakout": true,
      "pattern": "bull_flag",
      "rank_score": 2.5773848497939227
    },
    {
      "ticker": "TDAY",
      "tf": "1d",
      "bars_used": 320,
      "close": 5.960000038146973,
      "sma20": 5.707500004768372,
      "sma50": 5.350200004577637,
      "trend_ok": true,
      "pole_bars": 10,
      "pole_gain_pct": 14.367816669442126,
      "pole_high": 6.159999847412109,
      "pole_range": 1.0699996948242188,
      "flag_bars": 8,
      "flag_range": 0.39999961853027344,
      "pullback_from_pole_high_pct": 3.246750230832539,
      "pullback_ok": true,
      "tight_ok": true,
      "flag_hold_ok": true,
      "near_breakout": false,
      "pattern": "bull_flag",
      "rank_score": 2.0953382904587086
    },
    {
      "ticker": "URI",
      "tf": "1d",
      "bars_used": 320,
      "close": 911.1599731445312,
      "sma20": 896.3184997558594,
      "sma50": 844.8785986328126,
      "trend_ok": true,
      "pole_bars": 10,
      "pole_gain_pct": 15.040683133699142,
      "pole_high": 955.0,
      "pole_range": 146.22998046875,
      "flag_bars": 8,
      "flag_range": 64.42999267578125,
      "pullback_from_pole_high_pct": 4.5905787283213355,
      "pullback_ok": true,
      "tight_ok": true,
      "flag_hold_ok": true,
      "near_breakout": false,
      "pattern": "bull_flag",
      "rank_score": 2.017688704527488
    },
    {
      "ticker": "SN",
      "tf": "1d",
      "bars_used": 320,
      "close": 123.22000122070312,
      "sma20": 119.98950004577637,
      "sma50": 109.49800003051757,
      "trend_ok": true,
      "pole_bars": 10,
      "pole_gain_pct": 11.021196684162803,
      "pole_high": 129.19000244140625,
      "pole_range": 19.840003967285156,
      "flag_bars": 8,
      "flag_range": 6.824005126953125,
      "pullback_from_pole_high_pct": 4.621101561950044,
      "pullback_ok": true,
      "tight_ok": true,
      "flag_hold_ok": true,
      "near_breakout": false,
      "pattern": "bull_flag",
      "rank_score": 1.9778068299744165
    },
    {
      "ticker": "SWK",
      "tf": "1d",
      "bars_used": 320,
      "close": 81.80000305175781,
      "sma20": 80.36800079345703,
      "sma50": 74.36997146606446,
      "trend_ok": true,
      "pole_bars": 10,
      "pole_gain_pct": 10.25402159081039,
      "pole_high": 83.80000305175781,
      "pole_range": 9.780006408691406,
      "flag_bars": 8,
      "flag_range": 4.470001220703125,
      "pullback_from_pole_high_pct": 2.386634757954281,
      "pullback_ok": true,
      "tight_ok": true,
      "flag_hold_ok": true,
      "near_breakout": true,
      "pattern": "bull_flag",
      "rank_score": 1.9553977601579375
    },
    {
      "ticker": "THO",
      "tf": "1d",
      "bars_used": 320,
      "close": 113.91999816894531,
      "sma20": 110.19902572631835,
      "sma50": 105.51907913208008,
      "trend_ok": true,
      "pole_bars": 10,
      "pole_gain_pct": 11.398350590011136,
      "pole_high": 116.2300033569336,
      "pole_range": 14.245503504424676,
      "flag_bars": 8,
      "flag_range": 8.269996643066406,
      "pullback_from_pole_high_pct": 1.9874431052836066,
      "pullback_ok": true,
      "tight_ok": true,
      "flag_hold_ok": true,
      "near_breakout": true,
      "pattern": "bull_flag",
      "rank_score": 1.9398801188687937
    },
    {
      "ticker": "TWI",
      "tf": "1d",
      "bars_used": 320,
      "close": 8.760000228881836,
      "sma20": 8.531000018119812,
      "sma50": 8.199600019454955,
      "trend_ok": true,
      "pole_bars": 10,
      "pole_gain_pct": 12.340964042171574,
      "pole_high": 8.970000267028809,
      "pole_range": 1.2800002098083496,
      "flag_bars": 8,
      "flag_range": 0.7200002670288086,
      "pullback_from_pole_high_pct": 2.3411374793250963,
      "pullback_ok": true,
      "tight_ok": true,
      "flag_hold_ok": true,
      "near_breakout": true,
      "pattern": "bull_flag",
      "rank_score": 1.8991688483080422
    },
    {
      "ticker": "TPH",
      "tf": "1d",
      "bars_used": 320,
      "close": 33.84000015258789,
      "sma20": 33.52850008010864,
      "sma50": 33.06560012817383,
      "trend_ok": true,
      "pole_bars": 10,
      "pole_gain_pct": 12.21278253764417,
      "pole_high": 36.040000915527344,
      "pole_range": 5.530000686645508,
      "flag_bars": 8,
      "flag_range": 2.3800010681152344,
      "pullback_from_pole_high_pct": 6.104330485717643,
      "pullback_ok": true,
      "tight_ok": true,
      "flag_hold_ok": true,
      "near_breakout": false,
      "pattern": "bull_flag",
      "rank_score": 1.8933393159729803
    },
    {
      "ticker": "UFI",
      "tf": "1d",
      "bars_used": 320,
      "close": 3.9000000953674316,
      "sma20": 3.7270000100135805,
      "sma50": 3.520999994277954,
      "trend_ok": true,
      "pole_bars": 10,
      "pole_gain_pct": 10.374636660738267,
      "pole_high": 4.130000114440918,
      "pole_range": 0.75,
      "flag_bars": 8,
      "flag_range": 0.28999996185302734,
      "pullback_from_pole_high_pct": 5.5690075714349385,
      "pullback_ok": true,
      "tight_ok": true,
      "flag_hold_ok": true,
      "near_breakout": false,
      "pattern": "bull_flag",
      "rank_score": 1.8742874733635193
    },
    {
      "ticker": "TEX",
      "tf": "1d",
      "bars_used": 320,
      "close": 59.630001068115234,
      "sma20": 58.33200035095215,
      "sma50": 52.5731999206543,
      "trend_ok": true,
      "pole_bars": 10,
      "pole_gain_pct": 12.753300787491368,
      "pole_high": 62.22999954223633,
      "pole_range": 9.020000457763672,
      "flag_bars": 8,
      "flag_range": 4.279998779296875,
      "pullback_from_pole_high_pct": 4.178046751159688,
      "pullback_ok": true,
      "tight_ok": true,
      "flag_hold_ok": true,
      "near_breakout": false,
      "pattern": "bull_flag",