{
  "updated_utc": "2026-01-21T21:03:03.252748+00:00",
  "tf": "1d",
  "params": {
    "pole_bars": 10,
    "flag_bars": 8,
    "min_pole_gain_pct": 10.0,
    "near_breakout_pct": 3.0,
    "flag_pullback_min_pct": 1.0,
    "flag_pullback_max_pct": 8.0,
    "tight_ratio": 0.6,
    "sma_fast": 20,
    "sma_slow": 50
  },
  "count": 1,
  "data": [
    {
      "ticker": "AP",
      "tf": "1d",
      "bars_used": 320,
      "close": 5.510000228881836,
      "sma20": 5.15550000667572,
      "sma50": 3.7150000071525575,
      "trend_ok": true,
      "pole_bars": 10,
      "pole_gain_pct": 26.82352627024931,
      "pole_high": 5.820000171661377,
      "pole_range": 1.9100000858306885,
      "flag_bars": 8,
      "flag_range": 1.0199999809265137,
      "pullback_from_pole_high_pct": 5.326459340825903,
      "pullback_ok": true,
      "tight_ok": true,
      "flag_hold_ok": true,
      "near_breakout": false,
      "pattern": "bull_flag",
      "rank_score": 2.109947700619343
    }
  ]
}