{
  "updated_utc": "2026-01-28T20:22:06.824925+00:00",
  "tf": "1d",
  "params": {
    "pole_bars": 10,
    "flag_bars": 8,
    "min_pole_gain_pct": 10.0,
    "near_breakout_pct": 3.0,
    "flag_pullback_min_pct": 1.0,
    "flag_pullback_max_pct": 8.0,
    "tight_ratio": 0.6,
    "sma_fast": 20,
    "sma_slow": 50
  },
  "count": 16,
  "data": [
    {
      "ticker": "LOW",
      "tf": "1d",
      "bars_used": 320,
      "close": 273.94000244140625,
      "sma20": 262.1591621398926,
      "sma50": 248.40382263183594,
      "trend_ok": true,
      "pole_bars": 10,
      "pole_gain_pct": 14.011452904537943,
      "pole_high": 276.8566441791673,
      "pole_range": 37.95953996205844,
      "flag_bars": 8,
      "flag_range": 14.787191802868733,
      "pullback_from_pole_high_pct": 1.0534844653659605,
      "pullback_ok": true,
      "tight_ok": true,
      "flag_hold_ok": true,
      "near_breakout": true,
      "pattern": "bull_flag",
      "rank_score": 2.7001588292649337
    },
    {
      "ticker": "LZM",
      "tf": "1d",
      "bars_used": 320,
      "close": 5.760000228881836,
      "sma20": 5.253500008583069,
      "sma50": 4.433800010681153,
      "trend_ok": true,
      "pole_bars": 10,
      "pole_gain_pct": 36.76815406731489,
      "pole_high": 5.880000114440918,
      "pole_range": 1.7200002670288086,
      "flag_bars": 8,
      "flag_range": 0.7300000190734863,
      "pullback_from_pole_high_pct": 2.040814340536656,
      "pullback_ok": true,
      "tight_ok": true,
      "flag_hold_ok": true,
      "near_breakout": true,
      "pattern": "bull_flag",
      "rank_score": 2.612364303404926
    },
    {
      "ticker": "LAR",
      "tf": "1d",
      "bars_used": 320,
      "close": 8.449999809265137,
      "sma20": 7.3494998693466185,
      "sma50": 6.0347999095916744,
      "trend_ok": true,
      "pole_bars": 10,
      "pole_gain_pct": 49.82078442619056,
      "pole_high": 8.670000076293945,
      "pole_range": 3.2100000381469727,
      "flag_bars": 8,
      "flag_range": 1.2699999809265137,
      "pullback_from_pole_high_pct": 2.537488640056037,
      "pullback_ok": true,
      "tight_ok": true,
      "flag_hold_ok": true,
      "near_breakout": true,
      "pattern": "bull_flag",
      "rank_score": 2.4947727555814776
    },
    {
      "ticker": "GFF",
      "tf": "1d",
      "bars_used": 320,
      "close": 82.37999725341797,
      "sma20": 80.21450004577636,
      "sma50": 76.32887496948243,
      "trend_ok": true,
      "pole_bars": 10,
      "pole_gain_pct": 13.93075617605431,
      "pole_high": 84.29000091552734,
      "pole_range": 11.129997253417969,
      "flag_bars": 8,
      "flag_range": 3.8300018310546875,
      "pullback_from_pole_high_pct": 2.2659907953062164,
      "pullback_ok": true,
      "tight_ok": true,
      "flag_hold_ok": true,
      "near_breakout": true,
      "pattern": "bull_flag",
      "rank_score": 2.3676821204907808
    },
    {
      "ticker": "IRM",
      "tf": "1d",
      "bars_used": 320,
      "close": 91.72000122070312,
      "sma20": 89.26099891662598,
      "sma50": 85.9515951538086,
      "trend_ok": true,
      "pole_bars": 10,
      "pole_gain_pct": 10.355641088986427,
      "pole_high": 92.72000122070312,
      "pole_range": 10.980003356933594,
      "flag_bars": 8,
      "flag_range": 5.760002136230469,
      "pullback_from_pole_high_pct": 1.07851594783706,
      "pullback_ok": true,
      "tight_ok": true,
      "flag_hold_ok": true,
      "near_breakout": true,
      "pattern": "bull_flag",
      "rank_score": 2.2839597416584603
    },
    {
      "ticker": "LPG",
      "tf": "1d",
      "bars_used": 320,
      "close": 27.93000030517578,
      "sma20": 27.167000007629394,
      "sma50": 25.75611675262451,
      "trend_ok": true,
      "pole_bars": 10,
      "pole_gain_pct": 19.063267709778962,
      "pole_high": 29.3700008392334,
      "pole_range": 5.510000228881836,
      "flag_bars": 8,
      "flag_range": 2.3700008392333984,
      "pullback_from_pole_high_pct": 4.902963884611191,
      "pullback_ok": true,
      "tight_ok": true,
      "flag_hold_ok": true,
      "near_breakout": false,
      "pattern": "bull_flag",
      "rank_score": 2.2362847585122085
    },
    {
      "ticker": "LYB",
      "tf": "1d",
      "bars_used": 320,
      "close": 50.43000030517578,
      "sma20": 48.15050010681152,
      "sma50": 45.67446395874023,
      "trend_ok": true,
      "pole_bars": 10,
      "pole_gain_pct": 20.092380868896427,
      "pole_high": 52.43000030517578,
      "pole_range": 9.209999084472656,
      "flag_bars": 8,
      "flag_range": 4.529998779296875,
      "pullback_from_pole_high_pct": 3.8146099339285415,
      "pullback_ok": true,
      "tight_ok": true,
      "flag_hold_ok": true,
      "near_breakout": false,
      "pattern": "bull_flag",
      "rank_score": 2.180239010205386
    },
    {
      "ticker": "IBP",
      "tf": "1d",
      "bars_used": 320,
      "close": 292.6099853515625,
      "sma20": 288.8580032348633,
      "sma50": 273.7050665283203,
      "trend_ok": true,
      "pole_bars": 10,
      "pole_gain_pct": 17.94980335758049,
      "pole_high": 313.6000061035156,
      "pole_range": 61.600006103515625,
      "flag_bars": 8,
      "flag_range": 27.75,
      "pullback_from_pole_high_pct": 6.6932462829814385,
      "pullback_ok": true,
      "tight_ok": true,
      "flag_hold_ok": true,
      "near_breakout": false,
      "pattern": "bull_flag",
      "rank_score": 2.1466785539600375
    },
    {
      "ticker": "KMX",
      "tf": "1d",
      "bars_used": 320,
      "close": 46.34000015258789,
      "sma20": 44.38650016784668,
      "sma50": 40.544400177001954,
      "trend_ok": true,
      "pole_bars": 10,
      "pole_gain_pct": 21.11801236104096,
      "pole_high": 48.5,
      "pole_range": 10.25,
      "flag_bars": 8,
      "flag_range": 5.6100006103515625,
      "pullback_from_pole_high_pct": 4.453607932808473,
      "pullback_ok": true,
      "tight_ok": true,
      "flag_hold_ok": true,
      "near_breakout": false,
      "pattern": "bull_flag",
      "rank_score": 2.087804778804624
    },
    {
      "ticker": "HXL",
      "tf": "1d",
      "bars_used": 320,
      "close": 81.56999969482422,
      "sma20": 80.26699943542481,
      "sma50": 76.55100006103515,
      "trend_ok": true,
      "pole_bars": 10,
      "pole_gain_pct": 12.8010810407898,
      "pole_high": 83.73999786376953,
      "pole_range": 10.019996643066406,
      "flag_bars": 8,
      "flag_range": 4.1399993896484375,
      "pullback_from_pole_high_pct": 2.591352071056323,
      "pullback_ok": true,
      "tight_ok": true,
      "flag_hold_ok": true,
      "near_breakout": true,
      "pattern": "bull_flag",
      "rank_score": 2.087647144680527
    },
    {
      "ticker": "LPX",
      "tf": "1d",
      "bars_used": 320,
      "close": 88.01000213623047,
      "sma20": 87.97700004577636,
      "sma50": 84.0670002746582,
      "trend_ok": true,
      "pole_bars": 10,
      "pole_gain_pct": 13.905393054095864,
      "pole_high": 93.58000183105469,
      "pole_range": 15.709999084472656,
      "flag_bars": 8,
      "flag_range": 6.4499969482421875,
      "pullback_from_pole_high_pct": 5.95212608018544,
      "pullback_ok": true,
      "tight_ok": true,
      "flag_hold_ok": true,
      "near_breakout": false,
      "pattern": "bull_flag",
      "rank_score": 2.010992406351419
    },
    {
      "ticker": "MG",
      "tf": "1d",
      "bars_used": 320,
      "close": 14.050000190734863,
      "sma20": 13.745999908447265,
      "sma50": 12.821999912261964,
      "trend_ok": true,
      "pole_bars": 10,
      "pole_gain_pct": 11.541502625883883,
      "pole_high": 14.380000114440918,
      "pole_range": 1.7899999618530273,
      "flag_bars": 8,
      "flag_range": 0.8999996185302734,
      "pullback_from_pole_high_pct": 2.294853415019495,
      "pullback_ok": true,
      "tight_ok": true,
      "flag_hold_ok": true,
      "near_breakout": true,
      "pattern": "bull_flag",