{
  "updated_utc": "2026-01-21T21:02:46.037317+00:00",
  "tf": "1d",
  "params": {
    "pole_bars": 10,
    "flag_bars": 8,
    "min_pole_gain_pct": 10.0,
    "near_breakout_pct": 3.0,
    "flag_pullback_min_pct": 1.0,
    "flag_pullback_max_pct": 8.0,
    "tight_ratio": 0.6,
    "sma_fast": 20,
    "sma_slow": 50
  },
  "count": 2,
  "data": [
    {
      "ticker": "ONTF",
      "tf": "1d",
      "bars_used": 320,
      "close": 7.989999771118164,
      "sma20": 7.326499962806702,
      "sma50": 6.302199983596802,
      "trend_ok": true,
      "pole_bars": 10,
      "pole_gain_pct": 37.9549404585752,
      "pole_high": 8.100000381469727,
      "pole_range": 2.385000228881836,
      "flag_bars": 8,
      "flag_range": 0.05000019073486328,
      "pullback_from_pole_high_pct": 1.3580321626059373,
      "pullback_ok": true,
      "tight_ok": true,
      "flag_hold_ok": true,
      "near_breakout": true,
      "pattern": "bull_flag",
      "rank_score": 3.512381881551701
    },
    {
      "ticker": "NOAH",
      "tf": "1d",
      "bars_used": 320,
      "close": 11.220000267028809,
      "sma20": 10.639000034332275,
      "sma50": 10.551800003051758,
      "trend_ok": true,
      "pole_bars": 10,
      "pole_gain_pct": 12.47485691286784,
      "pole_high": 11.34000015258789,
      "pole_range": 1.7100000381469727,
      "flag_bars": 8,
      "flag_range": 0.5499992370605469,
      "pullback_from_pole_high_pct": 1.0582000347830416,
      "pullback_ok": true,
      "tight_ok": true,
      "flag_hold_ok": true,
      "near_breakout": true,
      "pattern": "bull_flag",
      "rank_score": 2.7349478781123295
    }
  ]
}