{
  "updated_utc": "2026-01-26T20:52:03.197311+00:00",
  "tf": "1d",
  "params": {
    "pole_bars": 10,
    "flag_bars": 8,
    "min_pole_gain_pct": 10.0,
    "near_breakout_pct": 3.0,
    "flag_pullback_min_pct": 1.0,
    "flag_pullback_max_pct": 8.0,
    "tight_ratio": 0.6,
    "sma_fast": 20,
    "sma_slow": 50
  },
  "count": 7,
  "data": [
    {
      "ticker": "BC",
      "tf": "1d",
      "bars_used": 320,
      "close": 86.66000366210938,
      "sma20": 82.84300003051757,
      "sma50": 74.4526756286621,
      "trend_ok": true,
      "pole_bars": 10,
      "pole_gain_pct": 13.83147104888503,
      "pole_high": 88.44999694824219,
      "pole_range": 14.759994506835938,
      "flag_bars": 8,
      "flag_range": 4.730003356933594,
      "pullback_from_pole_high_pct": 2.023734706492136,
      "pullback_ok": true,
      "tight_ok": true,
      "flag_hold_ok": true,
      "near_breakout": true,
      "pattern": "bull_flag",
      "rank_score": 2.4828935647699617
    },
    {
      "ticker": "BLDR",
      "tf": "1d",
      "bars_used": 320,
      "close": 122.36000061035156,
      "sma20": 115.54500045776368,
      "sma50": 109.6706007385254,
      "trend_ok": true,
      "pole_bars": 10,
      "pole_gain_pct": 19.942006274909847,
      "pole_high": 126.5199966430664,
      "pole_range": 24.339996337890625,
      "flag_bars": 8,
      "flag_range": 9.220001220703125,
      "pullback_from_pole_high_pct": 3.2880146562530133,
      "pullback_ok": true,
      "tight_ok": true,
      "flag_hold_ok": true,
      "near_breakout": false,
      "pattern": "bull_flag",
      "rank_score": 2.3657662540418665
    },
    {
      "ticker": "BXC",
      "tf": "1d",
      "bars_used": 320,
      "close": 73.30999755859375,
      "sma20": 68.96999988555908,
      "sma50": 63.70259986877441,
      "trend_ok": true,
      "pole_bars": 10,
      "pole_gain_pct": 21.000970679011207,
      "pole_high": 75.83000183105469,
      "pole_range": 15.910003662109375,
      "flag_bars": 8,
      "flag_range": 7.5800018310546875,
      "pullback_from_pole_high_pct": 3.323228552829758,
      "pullback_ok": true,
      "tight_ok": true,
      "flag_hold_ok": true,
      "near_breakout": false,
      "pattern": "bull_flag",
      "rank_score": 2.2059501271405617
    },
    {
      "ticker": "AMR",
      "tf": "1d",
      "bars_used": 320,
      "close": 231.14999389648438,
      "sma20": 224.64600067138673,
      "sma50": 194.8629998779297,
      "trend_ok": true,
      "pole_bars": 10,
      "pole_gain_pct": 19.81012835955235,
      "pole_high": 249.97999572753906,
      "pole_range": 53.209991455078125,
      "flag_bars": 8,
      "flag_range": 25.460006713867188,
      "pullback_from_pole_high_pct": 7.5326034694304465,
      "pullback_ok": true,
      "tight_ok": true,
      "flag_hold_ok": true,
      "near_breakout": false,
      "pattern": "bull_flag",
      "rank_score": 2.193036932215046
    },
    {
      "ticker": "BGSF",
      "tf": "1d",
      "bars_used": 320,
      "close": 5.400000095367432,
      "sma20": 5.13600001335144,
      "sma50": 4.647200007438659,
      "trend_ok": true,
      "pole_bars": 10,
      "pole_gain_pct": 18.220342621656872,
      "pole_high": 5.739999771118164,
      "pole_range": 1.239999771118164,
      "flag_bars": 8,
      "flag_range": 0.6100001335144043,
      "pullback_from_pole_high_pct": 5.923339534985726,
      "pullback_ok": true,
      "tight_ok": true,
      "flag_hold_ok": true,
      "near_breakout": false,
      "pattern": "bull_flag",
      "rank_score": 2.091124327172163
    },
    {
      "ticker": "CCS",
      "tf": "1d",
      "bars_used": 320,
      "close": 64.94000244140625,
      "sma20": 63.64499969482422,
      "sma50": 62.111719284057614,
      "trend_ok": true,
      "pole_bars": 10,
      "pole_gain_pct": 12.56913060188982,
      "pole_high": 68.73999786376953,
      "pole_range": 11.939998626708984,
      "flag_bars": 8,
      "flag_range": 5.879997253417969,
      "pullback_from_pole_high_pct": 5.528070323618859,
      "pullback_ok": true,
      "tight_ok": true,
      "flag_hold_ok": true,
      "near_breakout": false,
      "pattern": "bull_flag",
      "rank_score": 1.807686299816462
    },
    {
      "ticker": "BBWI",
      "tf": "1d",
      "bars_used": 320,
      "close": 22.200000762939453,
      "sma20": 21.75800018310547,
      "sma50": 20.249583053588868,
      "trend_ok": true,
      "pole_bars": 10,
      "pole_gain_pct": 10.474788828594805,
      "pole_high": 23.43000030517578,
      "pole_range": 3.8999996185302734,
      "flag_bars": 8,
      "flag_range": 2.1499996185302734,
      "pullback_from_pole_high_pct": 5.24967787543996,
      "pullback_ok": true,
      "tight_ok": true,
      "flag_hold_ok": true,
      "near_breakout": false,
      "pattern": "bull_flag",
      "rank_score": 1.6049360957768897
    }
  ]
}