{
  "updated_utc": "2026-01-28T20:22:18.653030+00:00",
  "tf": "1d",
  "params": {
    "pole_bars": 10,
    "flag_bars": 8,
    "min_pole_gain_pct": 10.0,
    "near_breakout_pct": 3.0,
    "flag_pullback_min_pct": 1.0,
    "flag_pullback_max_pct": 8.0,
    "tight_ratio": 0.6,
    "sma_fast": 20,
    "sma_slow": 50
  },
  "count": 4,
  "data": [
    {
      "ticker": "WY",
      "tf": "1d",
      "bars_used": 320,
      "close": 26.229999542236328,
      "sma20": 25.42199993133545,
      "sma50": 23.636856498718263,
      "trend_ok": true,
      "pole_bars": 10,
      "pole_gain_pct": 12.368088810143778,
      "pole_high": 26.6299991607666,
      "pole_range": 3.739999771118164,
      "flag_bars": 8,
      "flag_range": 1.5,
      "pullback_from_pole_high_pct": 1.5020639546980692,
      "pullback_ok": true,
      "tight_ok": true,
      "flag_hold_ok": true,
      "near_breakout": true,
      "pattern": "bull_flag",
      "rank_score": 2.4492672168388783
    },
    {
      "ticker": "WSM",
      "tf": "1d",
      "bars_used": 320,
      "close": 208.25,
      "sma20": 199.78932037353516,
      "sma50": 189.23527130126953,
      "trend_ok": true,
      "pole_bars": 10,
      "pole_gain_pct": 15.711969103365048,
      "pole_high": 211.53308730037952,
      "pole_range": 33.57414235112162,
      "flag_bars": 8,
      "flag_range": 18.259994506835938,
      "pullback_from_pole_high_pct": 1.5520443360794414,
      "pullback_ok": true,
      "tight_ok": true,
      "flag_hold_ok": true,
      "near_breakout": true,
      "pattern": "bull_flag",
      "rank_score": 2.361799067044076
    },
    {
      "ticker": "XPRO",
      "tf": "1d",
      "bars_used": 320,
      "close": 16.079999923706055,
      "sma20": 14.983500003814697,
      "sma50": 14.285000019073486,
      "trend_ok": true,
      "pole_bars": 10,
      "pole_gain_pct": 21.797751043148224,
      "pole_high": 16.780000686645508,
      "pole_range": 3.590001106262207,
      "flag_bars": 8,
      "flag_range": 1.6600008010864258,
      "pullback_from_pole_high_pct": 4.171637272318791,
      "pullback_ok": true,
      "tight_ok": true,
      "flag_hold_ok": true,
      "near_breakout": false,
      "pattern": "bull_flag",
      "rank_score": 2.22934062694725
    },
    {
      "ticker": "WHR",
      "tf": "1d",
      "bars_used": 320,
      "close": 83.47000122070312,
      "sma20": 81.56850051879883,
      "sma50": 77.37894256591797,
      "trend_ok": true,
      "pole_bars": 10,
      "pole_gain_pct": 18.17299795019509,
      "pole_high": 85.98999786376953,
      "pole_range": 14.779998779296875,
      "flag_bars": 8,
      "flag_range": 7.299995422363281,
      "pullback_from_pole_high_pct": 2.9305694914177516,
      "pullback_ok": true,
      "tight_ok": true,
      "flag_hold_ok": true,
      "near_breakout": true,
      "pattern": "bull_flag",
      "rank_score": 2.1086093650433417
    }
  ]
}