{
  "updated_utc": "2026-01-28T14:09:16.858273+00:00",
  "tf": "1d",
  "params": {
    "pole_bars": 10,
    "flag_bars": 8,
    "min_pole_gain_pct": 10.0,
    "near_breakout_pct": 3.0,
    "flag_pullback_min_pct": 1.0,
    "flag_pullback_max_pct": 8.0,
    "tight_ratio": 0.6,
    "sma_fast": 20,
    "sma_slow": 50
  },
  "count": 8,
  "data": [
    {
      "ticker": "BA",
      "tf": "1d",
      "bars_used": 320,
      "close": 244.55999755859375,
      "sma20": 237.3324996948242,
      "sma50": 214.34440063476563,
      "trend_ok": true,
      "pole_bars": 10,
      "pole_gain_pct": 11.740054378412355,
      "pole_high": 247.39999389648438,
      "pole_range": 32.15998840332031,
      "flag_bars": 8,
      "flag_range": 15.600006103515625,
      "pullback_from_pole_high_pct": 1.1479371091168737,
      "pullback_ok": true,
      "tight_ok": true,
      "flag_hold_ok": true,
      "near_breakout": true,
      "pattern": "bull_flag",
      "rank_score": 2.3958986966043523
    },
    {
      "ticker": "BC",
      "tf": "1d",
      "bars_used": 320,
      "close": 85.7699966430664,
      "sma20": 83.81149978637696,
      "sma50": 75.29570053100586,
      "trend_ok": true,
      "pole_bars": 10,
      "pole_gain_pct": 18.628774554159815,
      "pole_high": 89.61000061035156,
      "pole_range": 15.919998168945312,
      "flag_bars": 8,
      "flag_range": 5.42999267578125,
      "pullback_from_pole_high_pct": 4.2852404208571855,
      "pullback_ok": true,
      "tight_ok": true,
      "flag_hold_ok": true,
      "near_breakout": false,
      "pattern": "bull_flag",
      "rank_score": 2.362972092415136
    },
    {
      "ticker": "BGSF",
      "tf": "1d",
      "bars_used": 320,
      "close": 5.610000133514404,
      "sma20": 5.213499999046325,
      "sma50": 4.711200008392334,
      "trend_ok": true,
      "pole_bars": 10,
      "pole_gain_pct": 18.142541144454466,
      "pole_high": 5.739999771118164,
      "pole_range": 1.239999771118164,
      "flag_bars": 8,
      "flag_range": 0.6100001335144043,
      "pullback_from_pole_high_pct": 2.264802139154712,
      "pullback_ok": true,
      "tight_ok": true,
      "flag_hold_ok": true,
      "near_breakout": true,
      "pattern": "bull_flag",
      "rank_score": 2.3323002069271386
    },
    {
      "ticker": "BLD",
      "tf": "1d",
      "bars_used": 320,
      "close": 480.54998779296875,
      "sma20": 464.07649993896484,
      "sma50": 444.42760009765624,
      "trend_ok": true,
      "pole_bars": 10,
      "pole_gain_pct": 16.51765460793555,
      "pole_high": 491.260009765625,
      "pole_range": 76.260009765625,
      "flag_bars": 8,
      "flag_range": 40.5999755859375,
      "pullback_from_pole_high_pct": 2.180112722337381,
      "pullback_ok": true,
      "tight_ok": true,
      "flag_hold_ok": true,
      "near_breakout": true,
      "pattern": "bull_flag",
      "rank_score": 2.211863812049068
    },
    {
      "ticker": "BZH",
      "tf": "1d",
      "bars_used": 320,
      "close": 23.299999237060547,
      "sma20": 22.41750011444092,
      "sma50": 21.975000152587892,
      "trend_ok": true,
      "pole_bars": 10,
      "pole_gain_pct": 17.2668965020149,
      "pole_high": 24.549999237060547,
      "pole_range": 4.559999465942383,
      "flag_bars": 8,
      "flag_range": 2.0,
      "pullback_from_pole_high_pct": 5.091649852734035,
      "pullback_ok": true,
      "tight_ok": true,
      "flag_hold_ok": true,
      "near_breakout": false,
      "pattern": "bull_flag",
      "rank_score": 2.1323505874414526
    },
    {
      "ticker": "AIN",
      "tf": "1d",
      "bars_used": 320,
      "close": 56.56999969482422,
      "sma20": 55.674499893188475,
      "sma50": 51.12311393737793,
      "trend_ok": true,
      "pole_bars": 10,
      "pole_gain_pct": 15.08875265495778,
      "pole_high": 58.59000015258789,
      "pole_range": 7.970001220703125,
      "flag_bars": 8,
      "flag_range": 3.4000015258789062,
      "pullback_from_pole_high_pct": 3.4476880909761345,
      "pullback_ok": true,
      "tight_ok": true,
      "flag_hold_ok": true,
      "near_breakout": false,
      "pattern": "bull_flag",
      "rank_score": 2.0434378407932456
    },
    {
      "ticker": "ADNT",
      "tf": "1d",
      "bars_used": 320,
      "close": 22.229999542236328,
      "sma20": 20.912500381469727,
      "sma50": 19.868800201416015,
      "trend_ok": true,
      "pole_bars": 10,
      "pole_gain_pct": 23.109026017449104,
      "pole_high": 23.649999618530273,
      "pole_range": 4.690000534057617,
      "flag_bars": 8,
      "flag_range": 2.756999969482422,
      "pullback_from_pole_high_pct": 6.004228749252686,
      "pullback_ok": true,
      "tight_ok": true,
      "flag_hold_ok": true,
      "near_breakout": false,
      "pattern": "bull_flag",
      "rank_score": 2.0202559859493356
    },
    {
      "ticker": "BCC",
      "tf": "1d",
      "bars_used": 320,
      "close": 81.73999786376953,
      "sma20": 80.48000068664551,
      "sma50": 76.1943374633789,
      "trend_ok": true,
      "pole_bars": 10,
      "pole_gain_pct": 14.198376079193947,
      "pole_high": 86.05999755859375,
      "pole_range": 13.30999755859375,
      "flag_bars": 8,
      "flag_range": 6.120002746582031,
      "pullback_from_pole_high_pct": 5.019753448032527,
      "pullback_ok": true,
      "tight_ok": true,
      "flag_hold_ok": true,
      "near_breakout": false,
      "pattern": "bull_flag",
      "rank_score": 1.9435772225481387
    }
  ]
}