{
  "updated_utc": "2026-01-27T20:13:17.189243+00:00",
  "tf": "1d",
  "params": {
    "pole_bars": 10,
    "flag_bars": 8,
    "min_pole_gain_pct": 10.0,
    "near_breakout_pct": 3.0,
    "flag_pullback_min_pct": 1.0,
    "flag_pullback_max_pct": 8.0,
    "tight_ratio": 0.6,
    "sma_fast": 20,
    "sma_slow": 50
  },
  "count": 13,
  "data": [
    {
      "ticker": "BCC",
      "tf": "1d",
      "bars_used": 320,
      "close": 83.4000015258789,
      "sma20": 80.14950065612793,
      "sma50": 75.96108139038085,
      "trend_ok": true,
      "pole_bars": 10,
      "pole_gain_pct": 13.660389898346773,
      "pole_high": 84.25,
      "pole_range": 11.5,
      "flag_bars": 8,
      "flag_range": 4.930000305175781,
      "pullback_from_pole_high_pct": 1.0089002660191022,
      "pullback_ok": true,
      "tight_ok": true,
      "flag_hold_ok": true,
      "near_breakout": true,
      "pattern": "bull_flag",
      "rank_score": 2.632226608392742
    },
    {
      "ticker": "APG",
      "tf": "1d",
      "bars_used": 320,
      "close": 42.36000061035156,
      "sma20": 41.17500038146973,
      "sma50": 39.62320037841797,
      "trend_ok": true,
      "pole_bars": 10,
      "pole_gain_pct": 10.113227595083734,
      "pole_high": 42.939998626708984,
      "pole_range": 4.849998474121094,
      "flag_bars": 8,
      "flag_range": 1.6899986267089844,
      "pullback_from_pole_high_pct": 1.3507173612172847,
      "pullback_ok": true,
      "tight_ok": true,
      "flag_hold_ok": true,
      "near_breakout": true,
      "pattern": "bull_flag",
      "rank_score": 2.4746665348100296
    },
    {
      "ticker": "BLD",
      "tf": "1d",
      "bars_used": 320,
      "close": 480.95001220703125,
      "sma20": 461.64500122070314,
      "sma50": 443.6160003662109,
      "trend_ok": true,
      "pole_bars": 10,
      "pole_gain_pct": 15.153728599072908,
      "pole_high": 491.0849914550781,
      "pole_range": 76.08499145507812,
      "flag_bars": 8,
      "flag_range": 31.519989013671875,
      "pullback_from_pole_high_pct": 2.063793319770794,
      "pullback_ok": true,
      "tight_ok": true,
      "flag_hold_ok": true,
      "near_breakout": true,
      "pattern": "bull_flag",
      "rank_score": 2.379299636661976
    },
    {
      "ticker": "AGL",
      "tf": "1d",
      "bars_used": 320,
      "close": 0.9490000009536743,
      "sma20": 0.8776499956846238,
      "sma50": 0.7409199976921081,
      "trend_ok": true,
      "pole_bars": 10,
      "pole_gain_pct": 32.86713607340758,
      "pole_high": 0.996999979019165,
      "pole_range": 0.32999998331069946,
      "flag_bars": 8,
      "flag_range": 0.1369999647140503,
      "pullback_from_pole_high_pct": 4.814441231253831,
      "pullback_ok": true,
      "tight_ok": true,
      "flag_hold_ok": true,
      "near_breakout": false,
      "pattern": "bull_flag",
      "rank_score": 2.3080809512998117
    },
    {
      "ticker": "BE",
      "tf": "1d",
      "bars_used": 320,
      "close": 139.6199951171875,
      "sma20": 122.67400093078614,
      "sma50": 109.38400039672851,
      "trend_ok": true,
      "pole_bars": 10,
      "pole_gain_pct": 60.1764850455215,
      "pole_high": 145.85000610351562,
      "pole_range": 61.71000671386719,
      "flag_bars": 8,
      "flag_range": 25.8699951171875,
      "pullback_from_pole_high_pct": 4.271519181086928,
      "pullback_ok": true,
      "tight_ok": true,
      "flag_hold_ok": true,
      "near_breakout": false,
      "pattern": "bull_flag",
      "rank_score": 2.301301995824336
    },
    {
      "ticker": "CAT",
      "tf": "1d",
      "bars_used": 320,
      "close": 635.9199829101562,
      "sma20": 616.7391540527344,
      "sma50": 592.0909362792969,
      "trend_ok": true,
      "pole_bars": 10,
      "pole_gain_pct": 10.242643577855864,
      "pole_high": 643.085372713945,
      "pole_range": 72.37069006080799,
      "flag_bars": 8,
      "flag_range": 36.52001953125,
      "pullback_from_pole_high_pct": 1.1142206163933512,
      "pullback_ok": true,
      "tight_ok": true,
      "flag_hold_ok": true,
      "near_breakout": true,
      "pattern": "bull_flag",
      "rank_score": 2.2996845599122544
    },
    {
      "ticker": "BC",
      "tf": "1d",
      "bars_used": 320,
      "close": 85.66999816894531,
      "sma20": 83.32749977111817,
      "sma50": 74.87855361938476,
      "trend_ok": true,
      "pole_bars": 10,
      "pole_gain_pct": 16.593369025979598,
      "pole_high": 88.44999694824219,
      "pole_range": 14.759994506835938,
      "flag_bars": 8,
      "flag_range": 4.730003356933594,
      "pullback_from_pole_high_pct": 3.1430173829442096,
      "pullback_ok": true,
      "tight_ok": true,
      "flag_hold_ok": true,
      "near_breakout": false,
      "pattern": "bull_flag",
      "rank_score": 2.2955666991220687
    },
    {
      "ticker": "BWXT",
      "tf": "1d",
      "bars_used": 320,
      "close": 206.0399932861328,
      "sma20": 196.98650131225585,
      "sma50": 184.9484750366211,
      "trend_ok": true,
      "pole_bars": 10,
      "pole_gain_pct": 20.75016778454478,
      "pole_high": 211.60000610351562,
      "pole_range": 38.99000549316406,
      "flag_bars": 8,
      "flag_range": 20.240005493164062,
      "pullback_from_pole_high_pct": 2.6276052254284106,
      "pullback_ok": true,
      "tight_ok": true,
      "flag_hold_ok": true,
      "near_breakout": true,
      "pattern": "bull_flag",
      "rank_score": 2.258952372851501
    },
    {
      "ticker": "BGSF",
      "tf": "1d",
      "bars_used": 320,
      "close": 5.480000019073486,
      "sma20": 5.171000003814697,
      "sma50": 4.678200006484985,
      "trend_ok": true,
      "pole_bars": 10,
      "pole_gain_pct": 20.750541652250153,
      "pole_high": 5.739999771118164,
      "pole_range": 1.239999771118164,
      "flag_bars": 8,
      "flag_range": 0.6100001335144043,
      "pullback_from_pole_high_pct": 4.52961258557732,
      "pullback_ok": true,
      "tight_ok": true,
      "flag_hold_ok": true,
      "near_breakout": false,
      "pattern": "bull_flag",
      "rank_score": 2.1801071960893195
    },
    {
      "ticker": "BZH",
      "tf": "1d",
      "bars_used": 320,
      "close": 23.56999969482422,
      "sma20": 22.266500186920165,
      "sma50": 21.944600181579588,
      "trend_ok": true,
      "pole_bars": 10,
      "pole_gain_pct": 18.725301177797217,
      "pole_high": 24.299999237060547,
      "pole_range": 4.3899993896484375,
      "flag_bars": 8,
      "flag_range": 2.0,
      "pullback_from_pole_high_pct": 3.004113436855534,
      "pullback_ok": true,
      "tight_ok": true,
      "flag_hold_ok": true,
      "near_breakout": false,
      "pattern": "bull_flag",
      "rank_score": 2.1769635106497196
    },
    {
      "ticker": "BLDR",
      "tf": "1d",
      "bars_used": 320,
      "close": 119.19000244140625,
      "sma20": 116.30300064086914,
      "sma50": 109.91620071411133,
      "trend_ok": true,
      "pole_bars": 10,
      "pole_gain_pct": 21.000094637317268,
      "pole_high": 126.5199966430664,
      "pole_range": 24.1199951171875,
      "flag_bars": 8,
      "flag_range": 13.379997253417969,
      "pullback_from_pole_high_pct": 5.793545997585874,
      "pullback_ok": true,
      "tight_ok": true,
      "flag_hold_ok": true,
      "near_breakout": false,
      "pattern": "bull_flag",
      "rank_score": 2.0754560556907955
    },
    {
      "ticker": "BXC",
      "tf": "1d",
      "bars_used": 320,
      "close": 71.12999725341797,
      "sma20": 69.40349979400635,
      "sma50": 63.96139984130859,
      "trend_ok": true,
      "pole_bars": 10,
      "pole_gain_pct": 22.090570484534037,
      "pole_high": 76.80000305175781,
      "pole_range": 16.8800048828125,
      "flag_bars": 8,
      "flag_range": 9.580001831054688,
      "pullback_from_pole_high_pct": 7.382819756554772,
      "pullback_ok": true,
      "tight_ok": true,
      "flag_hold_ok": true,
      "near_breakout": false,
      "pattern": "bull_flag",