{
  "updated_utc": "2026-01-28T14:06:32.951028+00:00",
  "tf": "1d",
  "params": {
    "pole_bars": 10,
    "flag_bars": 8,
    "min_pole_gain_pct": 10.0,
    "near_breakout_pct": 3.0,
    "flag_pullback_min_pct": 1.0,
    "flag_pullback_max_pct": 8.0,
    "tight_ratio": 0.6,
    "sma_fast": 20,
    "sma_slow": 50
  },
  "count": 15,
  "data": [
    {
      "ticker": "TNK",
      "tf": "1d",
      "bars_used": 320,
      "close": 61.90999984741211,
      "sma20": 58.21349983215332,
      "sma50": 57.41000007629395,
      "trend_ok": true,
      "pole_bars": 10,
      "pole_gain_pct": 14.97566505842871,
      "pole_high": 62.650001525878906,
      "pole_range": 11.710002899169922,
      "flag_bars": 8,
      "flag_range": 4.979999542236328,
      "pullback_from_pole_high_pct": 1.181167853860504,
      "pullback_ok": true,
      "tight_ok": true,
      "flag_hold_ok": true,
      "near_breakout": true,
      "pattern": "bull_flag",
      "rank_score": 2.6462649746655016
    },
    {
      "ticker": "SITE",
      "tf": "1d",
      "bars_used": 320,
      "close": 144.3800048828125,
      "sma20": 139.1734992980957,
      "sma50": 133.29399948120118,
      "trend_ok": true,
      "pole_bars": 10,
      "pole_gain_pct": 19.091200421797236,
      "pole_high": 148.8300018310547,
      "pole_range": 25.67200469970703,
      "flag_bars": 8,
      "flag_range": 9.3699951171875,
      "pullback_from_pole_high_pct": 2.9899864902868374,
      "pullback_ok": true,
      "tight_ok": true,
      "flag_hold_ok": true,
      "near_breakout": true,
      "pattern": "bull_flag",
      "rank_score": 2.3495831307309984
    },
    {
      "ticker": "TREX",
      "tf": "1d",
      "bars_used": 320,
      "close": 41.90999984741211,
      "sma20": 40.128500366210936,
      "sma50": 36.45440013885498,
      "trend_ok": true,
      "pole_bars": 10,
      "pole_gain_pct": 22.605462019840775,
      "pole_high": 43.400001525878906,
      "pole_range": 8.430000305175781,
      "flag_bars": 8,
      "flag_range": 3.9300003051757812,
      "pullback_from_pole_high_pct": 3.4331834702317385,
      "pullback_ok": true,
      "tight_ok": true,
      "flag_hold_ok": true,
      "near_breakout": false,
      "pattern": "bull_flag",
      "rank_score": 2.2230130164283874
    },
    {
      "ticker": "TDAY",
      "tf": "1d",
      "bars_used": 320,
      "close": 5.96999979019165,
      "sma20": 5.7349999904632565,
      "sma50": 5.37,
      "trend_ok": true,
      "pole_bars": 10,
      "pole_gain_pct": 16.699031409494502,
      "pole_high": 6.159999847412109,
      "pole_range": 1.0699996948242188,
      "flag_bars": 8,
      "flag_range": 0.39999961853027344,
      "pullback_from_pole_high_pct": 3.084416589722487,
      "pullback_ok": true,
      "tight_ok": true,
      "flag_hold_ok": true,
      "near_breakout": false,
      "pattern": "bull_flag",
      "rank_score": 2.2118990274613273
    },
    {
      "ticker": "SXC",
      "tf": "1d",
      "bars_used": 320,
      "close": 8.079999923706055,
      "sma20": 7.814499998092652,
      "sma50": 7.206596441268921,
      "trend_ok": true,
      "pole_bars": 10,
      "pole_gain_pct": 14.027781328301463,
      "pole_high": 8.239999771118164,
      "pole_range": 1.1599998474121094,
      "flag_bars": 8,
      "flag_range": 0.5999999046325684,
      "pullback_from_pole_high_pct": 1.9417457749564655,
      "pullback_ok": true,
      "tight_ok": true,
      "flag_hold_ok": true,
      "near_breakout": true,
      "pattern": "bull_flag",
      "rank_score": 2.1920715328701923
    },
    {
      "ticker": "SON",
      "tf": "1d",
      "bars_used": 320,
      "close": 48.130001068115234,
      "sma20": 47.014499473571775,
      "sma50": 43.88919975280762,
      "trend_ok": true,
      "pole_bars": 10,
      "pole_gain_pct": 13.015582916170015,
      "pole_high": 49.63999938964844,
      "pole_range": 6.30999755859375,
      "flag_bars": 8,
      "flag_range": 1.9599990844726562,
      "pullback_from_pole_high_pct": 3.041898348306763,
      "pullback_ok": true,
      "tight_ok": true,
      "flag_hold_ok": true,
      "near_breakout": false,
      "pattern": "bull_flag",
      "rank_score": 2.1330824097235865
    },
    {
      "ticker": "THO",
      "tf": "1d",
      "bars_used": 320,
      "close": 114.38999938964844,
      "sma20": 110.63620834350586,
      "sma50": 105.78868240356445,
      "trend_ok": true,
      "pole_bars": 10,
      "pole_gain_pct": 12.055555501621301,
      "pole_high": 116.2300033569336,
      "pole_range": 14.245503504424676,
      "flag_bars": 8,
      "flag_range": 8.269996643066406,
      "pullback_from_pole_high_pct": 1.5830714223027615,
      "pullback_ok": true,
      "tight_ok": true,
      "flag_hold_ok": true,
      "near_breakout": true,
      "pattern": "bull_flag",
      "rank_score": 2.107530925442917
    },
    {
      "ticker": "VLO",
      "tf": "1d",
      "bars_used": 320,
      "close": 182.91000366210938,
      "sma20": 180.34600067138672,
      "sma50": 175.44639404296876,
      "trend_ok": true,
      "pole_bars": 10,
      "pole_gain_pct": 14.570920940460349,
      "pole_high": 192.0,
      "pole_range": 31.029998779296875,
      "flag_bars": 8,
      "flag_range": 13.210006713867188,
      "pullback_from_pole_high_pct": 4.734373092651367,
      "pullback_ok": true,
      "tight_ok": true,
      "flag_hold_ok": true,
      "near_breakout": false,
      "pattern": "bull_flag",
      "rank_score": 2.0190172451355104
    },
    {
      "ticker": "SWK",
      "tf": "1d",
      "bars_used": 320,
      "close": 81.05999755859375,
      "sma20": 80.65200080871583,
      "sma50": 74.6422102355957,
      "trend_ok": true,
      "pole_bars": 10,
      "pole_gain_pct": 12.802911002310182,
      "pole_high": 84.9000015258789,
      "pole_range": 10.8800048828125,
      "flag_bars": 8,
      "flag_range": 4.470001220703125,
      "pullback_from_pole_high_pct": 4.522972789481824,
      "pullback_ok": true,
      "tight_ok": true,
      "flag_hold_ok": true,
      "near_breakout": false,
      "pattern": "bull_flag",
      "rank_score": 1.9554030233658914
    },
    {
      "ticker": "TEX",
      "tf": "1d",
      "bars_used": 320,
      "close": 60.470001220703125,
      "sma20": 58.596500396728516,
      "sma50": 52.86619995117187,
      "trend_ok": true,
      "pole_bars": 10,
      "pole_gain_pct": 13.731730741263984,
      "pole_high": 62.22999954223633,
      "pole_range": 9.020000457763672,
      "flag_bars": 8,
      "flag_range": 4.279998779296875,
      "pullback_from_pole_high_pct": 2.82821522493933,
      "pullback_ok": true,
      "tight_ok": true,
      "flag_hold_ok": true,
      "near_breakout": true,
      "pattern": "bull_flag",
      "rank_score": 1.9530132133606624
    },
    {
      "ticker": "URI",
      "tf": "1d",
      "bars_used": 320,
      "close": 907.4500122070312,
      "sma20": 900.2940002441406,
      "sma50": 845.8133984375,
      "trend_ok": true,
      "pole_bars": 10,
      "pole_gain_pct": 13.347009656710055,
      "pole_high": 955.0,
      "pole_range": 146.22998046875,
      "flag_bars": 8,
      "flag_range": 64.42999267578125,
      "pullback_from_pole_high_pct": 4.979056313399869,
      "pullback_ok": true,
      "tight_ok": true,
      "flag_hold_ok": true,
      "near_breakout": false,
      "pattern": "bull_flag",
      "rank_score": 1.9330050306780338
    },
    {
      "ticker": "SSD",
      "tf": "1d",
      "bars_used": 320,
      "close": 179.41000366210938,
      "sma20": 176.82126541137694,
      "sma50": 170.25243896484375,
      "trend_ok": true,
      "pole_bars": 10,
      "pole_gain_pct": 14.17050045573777,
      "pole_high": 184.91000366210938,
      "pole_range": 23.949617073362987,
      "flag_bars": 8,
      "flag_range": 11.6300048828125,
      "pullback_from_pole_high_pct": 2.974419929194467,
      "pullback_ok": true,
      "tight_ok": true,
      "flag_hold_ok": true,
      "near_breakout": true,
      "pattern": "bull_flag",