{
  "updated_utc": "2026-01-27T18:16:22.673193+00:00",
  "tf": "1d",
  "params": {
    "pole_bars": 10,
    "flag_bars": 8,
    "min_pole_gain_pct": 10.0,
    "near_breakout_pct": 3.0,
    "flag_pullback_min_pct": 1.0,
    "flag_pullback_max_pct": 8.0,
    "tight_ratio": 0.6,
    "sma_fast": 20,
    "sma_slow": 50
  },
  "count": 4,
  "data": [
    {
      "ticker": "RH",
      "tf": "1d",
      "bars_used": 320,
      "close": 219.08999633789062,
      "sma20": 210.7259994506836,
      "sma50": 180.2043994140625,
      "trend_ok": true,
      "pole_bars": 10,
      "pole_gain_pct": 22.43171245002501,
      "pole_high": 223.47999572753906,
      "pole_range": 44.8699951171875,
      "flag_bars": 8,
      "flag_range": 23.189987182617188,
      "pullback_from_pole_high_pct": 1.9643813645855843,
      "pullback_ok": true,
      "tight_ok": true,
      "flag_hold_ok": true,
      "near_breakout": true,
      "pattern": "bull_flag",
      "rank_score": 2.4838292819265493
    },
    {
      "ticker": "NSA",
      "tf": "1d",
      "bars_used": 320,
      "close": 31.8700008392334,
      "sma20": 30.863000011444093,
      "sma50": 29.52857208251953,
      "trend_ok": true,
      "pole_bars": 10,
      "pole_gain_pct": 12.341772724928477,
      "pole_high": 32.23500061035156,
      "pole_range": 4.805000305175781,
      "flag_bars": 8,
      "flag_range": 2.2550010681152344,
      "pullback_from_pole_high_pct": 1.1323088698839745,
      "pullback_ok": true,
      "tight_ok": true,
      "flag_hold_ok": true,
      "near_breakout": true,
      "pattern": "bull_flag",
      "rank_score": 2.457480676186131
    },
    {
      "ticker": "ONIT",
      "tf": "1d",
      "bars_used": 320,
      "close": 51.189998626708984,
      "sma20": 48.56949996948242,
      "sma50": 45.64440002441406,
      "trend_ok": true,
      "pole_bars": 10,
      "pole_gain_pct": 11.098997132239399,
      "pole_high": 52.099998474121094,
      "pole_range": 10.099998474121094,
      "flag_bars": 8,
      "flag_range": 4.099998474121094,
      "pullback_from_pole_high_pct": 1.7466408331357646,
      "pullback_ok": true,
      "tight_ok": true,
      "flag_hold_ok": true,
      "near_breakout": true,
      "pattern": "bull_flag",
      "rank_score": 2.2961687383823675
    },
    {
      "ticker": "REVG",
      "tf": "1d",
      "bars_used": 320,
      "close": 67.05999755859375,
      "sma20": 65.72449970245361,
      "sma50": 59.69861442565918,
      "trend_ok": true,
      "pole_bars": 10,
      "pole_gain_pct": 11.465492650000462,
      "pole_high": 69.49500274658203,
      "pole_range": 9.062004089355469,
      "flag_bars": 8,
      "flag_range": 3.8199996948242188,
      "pullback_from_pole_high_pct": 3.503856524572973,
      "pullback_ok": true,
      "tight_ok": true,
      "flag_hold_ok": true,
      "near_breakout": false,
      "pattern": "bull_flag",
      "rank_score": 1.8707075076938378
    }
  ]
}