{
  "updated_utc": "2026-01-27T18:13:14.151125+00:00",
  "tf": "1d",
  "params": {
    "pole_bars": 10,
    "flag_bars": 8,
    "min_pole_gain_pct": 10.0,
    "near_breakout_pct": 3.0,
    "flag_pullback_min_pct": 1.0,
    "flag_pullback_max_pct": 8.0,
    "tight_ratio": 0.6,
    "sma_fast": 20,
    "sma_slow": 50
  },
  "count": 3,
  "data": [
    {
      "ticker": "WKC",
      "tf": "1d",
      "bars_used": 320,
      "close": 26.040000915527344,
      "sma20": 25.9854998588562,
      "sma50": 24.604964332580565,
      "trend_ok": true,
      "pole_bars": 10,
      "pole_gain_pct": 16.666669356103615,
      "pole_high": 27.75,
      "pole_range": 4.329999923706055,
      "flag_bars": 8,
      "flag_range": 2.3199996948242188,
      "pullback_from_pole_high_pct": 6.162158862964527,
      "pullback_ok": true,
      "tight_ok": true,
      "flag_hold_ok": true,
      "near_breakout": false,
      "pattern": "bull_flag",
      "rank_score": 1.940338958296996
    },
    {
      "ticker": "WLK",
      "tf": "1d",
      "bars_used": 320,
      "close": 84.16000366210938,
      "sma20": 81.17000045776368,
      "sma50": 72.82311180114746,
      "trend_ok": true,
      "pole_bars": 10,
      "pole_gain_pct": 13.514961428661234,
      "pole_high": 86.4800033569336,
      "pole_range": 13.790000915527344,
      "flag_bars": 8,
      "flag_range": 7.779998779296875,
      "pullback_from_pole_high_pct": 2.6827007455686127,
      "pullback_ok": true,
      "tight_ok": true,
      "flag_hold_ok": true,
      "near_breakout": true,
      "pattern": "bull_flag",
      "rank_score": 1.8412197998527127
    },
    {
      "ticker": "WSM",
      "tf": "1d",
      "bars_used": 320,
      "close": 204.6699981689453,
      "sma20": 198.7766845703125,
      "sma50": 188.89600982666016,
      "trend_ok": true,
      "pole_bars": 10,
      "pole_gain_pct": 14.707835300151457,
      "pole_high": 211.53308730037952,
      "pole_range": 33.57414235112162,
      "flag_bars": 8,
      "flag_range": 18.259994506835938,
      "pullback_from_pole_high_pct": 3.2444518344728452,
      "pullback_ok": true,
      "tight_ok": true,
      "flag_hold_ok": true,
      "near_breakout": false,
      "pattern": "bull_flag",
      "rank_score": 1.8289404889098768
    }
  ]
}