{
  "updated_utc": "2026-01-25T20:55:09.907388+00:00",
  "tf": "1d",
  "params": {
    "pole_bars": 10,
    "flag_bars": 8,
    "min_pole_gain_pct": 10.0,
    "near_breakout_pct": 3.0,
    "flag_pullback_min_pct": 1.0,
    "flag_pullback_max_pct": 8.0,
    "tight_ratio": 0.6,
    "sma_fast": 20,
    "sma_slow": 50
  },
  "count": 1,
  "data": [
    {
      "ticker": "WKC",
      "tf": "1d",
      "bars_used": 320,
      "close": 26.420000076293945,
      "sma20": 25.858499813079835,
      "sma50": 24.56734119415283,
      "trend_ok": true,
      "pole_bars": 10,
      "pole_gain_pct": 14.97889925223888,
      "pole_high": 27.459999084472656,
      "pole_range": 4.039999008178711,
      "flag_bars": 8,
      "flag_range": 2.3199996948242188,
      "pullback_from_pole_high_pct": 3.7873235355159998,
      "pullback_ok": true,
      "tight_ok": true,
      "flag_hold_ok": true,
      "near_breakout": false,
      "pattern": "bull_flag",
      "rank_score": 1.7918491439712576
    }
  ]
}