{
  "updated_utc": "2026-01-26T20:57:10.471018+00:00",
  "tf": "1d",
  "params": {
    "pole_bars": 10,
    "flag_bars": 8,
    "min_pole_gain_pct": 10.0,
    "near_breakout_pct": 3.0,
    "flag_pullback_min_pct": 1.0,
    "flag_pullback_max_pct": 8.0,
    "tight_ratio": 0.6,
    "sma_fast": 20,
    "sma_slow": 50
  },
  "count": 5,
  "data": [
    {
      "ticker": "ONTF",
      "tf": "1d",
      "bars_used": 320,
      "close": 7.96999979019165,
      "sma20": 7.654499959945679,
      "sma50": 6.4815999698638915,
      "trend_ok": true,
      "pole_bars": 10,
      "pole_gain_pct": 36.00681925943611,
      "pole_high": 8.100000381469727,
      "pole_range": 2.3000001907348633,
      "flag_bars": 8,
      "flag_range": 0.1099996566772461,
      "pullback_from_pole_high_pct": 1.6049454957493208,
      "pullback_ok": true,
      "tight_ok": true,
      "flag_hold_ok": true,
      "near_breakout": true,
      "pattern": "bull_flag",
      "rank_score": 3.3853082785508253
    },
    {
      "ticker": "NBR",
      "tf": "1d",
      "bars_used": 320,
      "close": 64.95999908447266,
      "sma20": 59.98049964904785,
      "sma50": 54.808599853515624,
      "trend_ok": true,
      "pole_bars": 10,
      "pole_gain_pct": 13.433395778425488,
      "pole_high": 65.68000030517578,
      "pole_range": 12.959999084472656,
      "flag_bars": 8,
      "flag_range": 7.6999969482421875,
      "pullback_from_pole_high_pct": 1.0962259703984605,
      "pullback_ok": true,
      "tight_ok": true,
      "flag_hold_ok": true,
      "near_breakout": true,
      "pattern": "bull_flag",
      "rank_score": 2.316035117179711
    },
    {
      "ticker": "PHIN",
      "tf": "1d",
      "bars_used": 320,
      "close": 68.83999633789062,
      "sma20": 66.77149982452393,
      "sma50": 60.085,
      "trend_ok": true,
      "pole_bars": 10,
      "pole_gain_pct": 11.613942993511984,
      "pole_high": 70.02999877929688,
      "pole_range": 9.104999542236328,
      "flag_bars": 8,
      "flag_range": 3.8149948120117188,
      "pullback_from_pole_high_pct": 1.699275256531995,
      "pullback_ok": true,
      "tight_ok": true,
      "flag_hold_ok": true,
      "near_breakout": true,
      "pattern": "bull_flag",
      "rank_score": 2.315938730133322
    },
    {
      "ticker": "REVG",
      "tf": "1d",
      "bars_used": 320,
      "close": 67.05000305175781,
      "sma20": 65.47549991607666,
      "sma50": 59.38502464294434,
      "trend_ok": true,
      "pole_bars": 10,
      "pole_gain_pct": 11.116533478222294,
      "pole_high": 68.45999908447266,
      "pole_range": 8.027000427246094,
      "flag_bars": 8,
      "flag_range": 3.8199996948242188,
      "pullback_from_pole_high_pct": 2.059591077375056,
      "pullback_ok": true,
      "tight_ok": true,
      "flag_hold_ok": true,
      "near_breakout": true,
      "pattern": "bull_flag",
      "rank_score": 2.076139989986367
    },
    {
      "ticker": "PHM",
      "tf": "1d",
      "bars_used": 320,
      "close": 125.16000366210938,
      "sma20": 124.78949928283691,
      "sma50": 123.28576614379882,
      "trend_ok": true,
      "pole_bars": 10,
      "pole_gain_pct": 12.250394293580689,
      "pole_high": 134.58999633789062,
      "pole_range": 18.539993286132812,
      "flag_bars": 8,
      "flag_range": 10.279998779296875,
      "pullback_from_pole_high_pct": 7.006458824849866,
      "pullback_ok": true,
      "tight_ok": true,
      "flag_hold_ok": true,
      "near_breakout": false,
      "pattern": "bull_flag",
      "rank_score": 1.6883914782549583
    }
  ]
}