{
  "updated_utc": "2026-01-23T20:55:49.292983+00:00",
  "tf": "1d",
  "params": {
    "pole_bars": 10,
    "flag_bars": 8,
    "min_pole_gain_pct": 10.0,
    "near_breakout_pct": 3.0,
    "flag_pullback_min_pct": 1.0,
    "flag_pullback_max_pct": 8.0,
    "tight_ratio": 0.6,
    "sma_fast": 20,
    "sma_slow": 50
  },
  "count": 4,
  "data": [
    {
      "ticker": "BAH",
      "tf": "1d",
      "bars_used": 320,
      "close": 95.76000213623047,
      "sma20": 91.12400016784667,
      "sma50": 87.74573928833007,
      "trend_ok": true,
      "pole_bars": 10,
      "pole_gain_pct": 12.636141225731617,
      "pole_high": 96.9000015258789,
      "pole_range": 13.489997863769531,
      "flag_bars": 8,
      "flag_range": 4.910003662109375,
      "pullback_from_pole_high_pct": 1.176469939831714,
      "pullback_ok": true,
      "tight_ok": true,
      "flag_hold_ok": true,
      "near_breakout": true,
      "pattern": "bull_flag",
      "rank_score": 2.633027676889877
    },
    {
      "ticker": "AMR",
      "tf": "1d",
      "bars_used": 320,
      "close": 235.0,
      "sma20": 223.5255012512207,
      "sma50": 193.54600006103516,
      "trend_ok": true,
      "pole_bars": 10,
      "pole_gain_pct": 18.12421177985362,
      "pole_high": 247.52999877929688,
      "pole_range": 50.75999450683594,
      "flag_bars": 8,
      "flag_range": 25.460006713867188,
      "pullback_from_pole_high_pct": 5.062012217140959,
      "pullback_ok": true,
      "tight_ok": true,
      "flag_hold_ok": true,
      "near_breakout": false,
      "pattern": "bull_flag",
      "rank_score": 2.0702502045328797
    },
    {
      "ticker": "BBWI",
      "tf": "1d",
      "bars_used": 320,
      "close": 22.579999923706055,
      "sma20": 21.610500144958497,
      "sma50": 20.24851173400879,
      "trend_ok": true,
      "pole_bars": 10,
      "pole_gain_pct": 17.685699030230367,
      "pole_high": 23.43000030517578,
      "pole_range": 3.8999996185302734,
      "flag_bars": 8,
      "flag_range": 2.1499996185302734,
      "pullback_from_pole_high_pct": 3.62782915236223,
      "pullback_ok": true,
      "tight_ok": true,
      "flag_hold_ok": true,
      "near_breakout": false,
      "pattern": "bull_flag",
      "rank_score": 1.9654816058586677
    },
    {
      "ticker": "AA",
      "tf": "1d",
      "bars_used": 320,
      "close": 63.13999938964844,
      "sma20": 60.02400016784668,
      "sma50": 49.35960021972656,
      "trend_ok": true,
      "pole_bars": 10,
      "pole_gain_pct": 17.364051924323157,
      "pole_high": 65.00800323486328,
      "pole_range": 12.73800277709961,
      "flag_bars": 8,
      "flag_range": 7.359996795654297,
      "pullback_from_pole_high_pct": 2.8734982652305923,
      "pullback_ok": true,
      "tight_ok": true,
      "flag_hold_ok": true,
      "near_breakout": true,
      "pattern": "bull_flag",
      "rank_score": 1.947372616162745
    }
  ]
}