{
  "updated_utc": "2026-01-26T20:50:19.990214+00:00",
  "tf": "1d",
  "params": {
    "pole_bars": 10,
    "flag_bars": 8,
    "min_pole_gain_pct": 10.0,
    "near_breakout_pct": 3.0,
    "flag_pullback_min_pct": 1.0,
    "flag_pullback_max_pct": 8.0,
    "tight_ratio": 0.6,
    "sma_fast": 20,
    "sma_slow": 50
  },
  "count": 6,
  "data": [
    {
      "ticker": "SLQT",
      "tf": "1d",
      "bars_used": 320,
      "close": 1.6399999856948853,
      "sma20": 1.4894999861717224,
      "sma50": 1.4549999976158141,
      "trend_ok": true,
      "pole_bars": 10,
      "pole_gain_pct": 26.470589008710782,
      "pole_high": 1.7599999904632568,
      "pole_range": 0.41999995708465576,
      "flag_bars": 8,
      "flag_range": 0.21500003337860107,
      "pullback_from_pole_high_pct": 6.818182126057051,
      "pullback_ok": true,
      "tight_ok": true,
      "flag_hold_ok": true,
      "near_breakout": false,
      "pattern": "bull_flag",
      "rank_score": 2.1468251771937465
    },
    {
      "ticker": "TDAY",
      "tf": "1d",
      "bars_used": 320,
      "close": 5.880000114440918,
      "sma20": 5.677500009536743,
      "sma50": 5.332800006866455,
      "trend_ok": true,
      "pole_bars": 10,
      "pole_gain_pct": 13.498089931846739,
      "pole_high": 6.159999847412109,
      "pole_range": 1.0699996948242188,
      "flag_bars": 8,
      "flag_range": 0.3600001335144043,
      "pullback_from_pole_high_pct": 4.5454503231655545,
      "pullback_ok": true,
      "tight_ok": true,
      "flag_hold_ok": true,
      "near_breakout": false,
      "pattern": "bull_flag",
      "rank_score": 2.1141564651430604
    },
    {
      "ticker": "UFI",
      "tf": "1d",
      "bars_used": 320,
      "close": 3.869999885559082,
      "sma20": 3.6980000019073485,
      "sma50": 3.51699999332428,
      "trend_ok": true,
      "pole_bars": 10,
      "pole_gain_pct": 13.662791302102256,
      "pole_high": 4.130000114440918,
      "pole_range": 0.7900002002716064,
      "flag_bars": 8,
      "flag_range": 0.28999996185302734,
      "pullback_from_pole_high_pct": 6.295404883228009,
      "pullback_ok": true,
      "tight_ok": true,
      "flag_hold_ok": true,
      "near_breakout": false,
      "pattern": "bull_flag",
      "rank_score": 2.0713254546923903
    },
    {
      "ticker": "URI",
      "tf": "1d",
      "bars_used": 320,
      "close": 919.030029296875,
      "sma20": 891.9990020751953,
      "sma50": 843.7197985839844,
      "trend_ok": true,
      "pole_bars": 10,
      "pole_gain_pct": 15.738670538708552,
      "pole_high": 952.9000244140625,
      "pole_range": 144.1300048828125,
      "flag_bars": 8,
      "flag_range": 64.42999267578125,
      "pullback_from_pole_high_pct": 3.5544122415165367,
      "pullback_ok": true,
      "tight_ok": true,
      "flag_hold_ok": true,
      "near_breakout": false,
      "pattern": "bull_flag",
      "rank_score": 2.041888654331614
    },
    {
      "ticker": "TEX",
      "tf": "1d",
      "bars_used": 320,
      "close": 59.59000015258789,
      "sma20": 58.08200035095215,
      "sma50": 52.274599914550784,
      "trend_ok": true,
      "pole_bars": 10,
      "pole_gain_pct": 12.705749899499978,
      "pole_high": 61.0,
      "pole_range": 7.790000915527344,
      "flag_bars": 8,
      "flag_range": 4.279998779296875,
      "pullback_from_pole_high_pct": 2.3114751596919825,
      "pullback_ok": true,
      "tight_ok": true,
      "flag_hold_ok": true,
      "near_breakout": true,
      "pattern": "bull_flag",
      "rank_score": 1.9490922499844094
    },
    {
      "ticker": "TPH",
      "tf": "1d",
      "bars_used": 320,
      "close": 33.810001373291016,
      "sma20": 33.43699998855591,
      "sma50": 33.03260009765625,
      "trend_ok": true,
      "pole_bars": 10,
      "pole_gain_pct": 11.490294348557148,
      "pole_high": 36.040000915527344,
      "pole_range": 5.530000686645508,
      "flag_bars": 8,
      "flag_range": 2.3800010681152344,
      "pullback_from_pole_high_pct": 6.187567940031775,
      "pullback_ok": true,
      "tight_ok": true,
      "flag_hold_ok": true,
      "near_breakout": false,
      "pattern": "bull_flag",
      "rank_score": 1.8572149065186292
    }
  ]
}