{
  "updated_utc": "2026-01-28T14:12:09.017306+00:00",
  "tf": "1d",
  "params": {
    "pole_bars": 10,
    "flag_bars": 8,
    "min_pole_gain_pct": 10.0,
    "near_breakout_pct": 3.0,
    "flag_pullback_min_pct": 1.0,
    "flag_pullback_max_pct": 8.0,
    "tight_ratio": 0.6,
    "sma_fast": 20,
    "sma_slow": 50
  },
  "count": 14,
  "data": [
    {
      "ticker": "CNH",
      "tf": "1d",
      "bars_used": 320,
      "close": 10.800000190734863,
      "sma20": 10.298500061035156,
      "sma50": 9.861399974822998,
      "trend_ok": true,
      "pole_bars": 10,
      "pole_gain_pct": 17.46203481614515,
      "pole_high": 10.9399995803833,
      "pole_range": 1.7299995422363281,
      "flag_bars": 8,
      "flag_range": 0.7100000381469727,
      "pullback_from_pole_high_pct": 1.2797019654321813,
      "pullback_ok": true,
      "tight_ok": true,
      "flag_hold_ok": true,
      "near_breakout": true,
      "pattern": "bull_flag",
      "rank_score": 2.7625264941262415
    },
    {
      "ticker": "CLB",
      "tf": "1d",
      "bars_used": 320,
      "close": 19.670000076293945,
      "sma20": 18.497500038146974,
      "sma50": 16.921000022888183,
      "trend_ok": true,
      "pole_bars": 10,
      "pole_gain_pct": 21.210227528953208,
      "pole_high": 19.959999084472656,
      "pole_range": 4.119998931884766,
      "flag_bars": 8,
      "flag_range": 1.8700008392333984,
      "pullback_from_pole_high_pct": 1.4529009092205214,
      "pullback_ok": true,
      "tight_ok": true,
      "flag_hold_ok": true,
      "near_breakout": true,
      "pattern": "bull_flag",
      "rank_score": 2.759226669404803
    },
    {
      "ticker": "CVLG",
      "tf": "1d",
      "bars_used": 320,
      "close": 25.510000228881836,
      "sma20": 24.83199996948242,
      "sma50": 22.593748207092286,
      "trend_ok": true,
      "pole_bars": 10,
      "pole_gain_pct": 16.10707390923721,
      "pole_high": 25.860000610351562,
      "pole_range": 4.120000839233398,
      "flag_bars": 8,
      "flag_range": 2.1800003051757812,
      "pullback_from_pole_high_pct": 1.3534430518521492,
      "pullback_ok": true,
      "tight_ok": true,
      "flag_hold_ok": true,
      "near_breakout": true,
      "pattern": "bull_flag",
      "rank_score": 2.4723290450405053
    },
    {
      "ticker": "ECO",
      "tf": "1d",
      "bars_used": 320,
      "close": 39.45000076293945,
      "sma20": 37.05800037384033,
      "sma50": 36.519799880981445,
      "trend_ok": true,
      "pole_bars": 10,
      "pole_gain_pct": 19.26714074575753,
      "pole_high": 41.310001373291016,
      "pole_range": 9.560001373291016,
      "flag_bars": 8,
      "flag_range": 2.9199981689453125,
      "pullback_from_pole_high_pct": 4.502543085254279,
      "pullback_ok": true,
      "tight_ok": true,
      "flag_hold_ok": true,
      "near_breakout": false,
      "pattern": "bull_flag",
      "rank_score": 2.454291878729901
    },
    {
      "ticker": "DOW",
      "tf": "1d",
      "bars_used": 320,
      "close": 27.809999465942383,
      "sma20": 26.317999935150148,
      "sma50": 24.306520347595214,
      "trend_ok": true,
      "pole_bars": 10,
      "pole_gain_pct": 20.87254595074684,
      "pole_high": 28.524999618530273,
      "pole_range": 5.229999542236328,
      "flag_bars": 8,
      "flag_range": 2.7849998474121094,
      "pullback_from_pole_high_pct": 2.5065737498675222,
      "pullback_ok": true,
      "tight_ok": true,
      "flag_hold_ok": true,
      "near_breakout": true,
      "pattern": "bull_flag",
      "rank_score": 2.2769674207983144
    },
    {
      "ticker": "FND",
      "tf": "1d",
      "bars_used": 320,
      "close": 71.83999633789062,
      "sma20": 70.09349975585937,
      "sma50": 65.18279975891113,
      "trend_ok": true,
      "pole_bars": 10,
      "pole_gain_pct": 23.780593696959794,
      "pole_high": 77.26000213623047,
      "pole_range": 16.630001068115234,
      "flag_bars": 8,
      "flag_range": 7.470001220703125,
      "pullback_from_pole_high_pct": 7.015280414803632,
      "pullback_ok": true,
      "tight_ok": true,
      "flag_hold_ok": true,
      "near_breakout": false,
      "pattern": "bull_flag",
      "rank_score": 2.2513529022932146
    },
    {
      "ticker": "DG",
      "tf": "1d",
      "bars_used": 320,
      "close": 147.66000366210938,
      "sma20": 144.43671722412108,
      "sma50": 129.3257290649414,
      "trend_ok": true,
      "pole_bars": 10,
      "pole_gain_pct": 14.177732139479145,
      "pole_high": 154.75,
      "pole_range": 22.74298610953096,
      "flag_bars": 8,
      "flag_range": 8.75,
      "pullback_from_pole_high_pct": 4.581580832239499,
      "pullback_ok": true,
      "tight_ok": true,
      "flag_hold_ok": true,
      "near_breakout": false,
      "pattern": "bull_flag",
      "rank_score": 2.067663274949766
    },
    {
      "ticker": "EHAB",
      "tf": "1d",
      "bars_used": 320,
      "close": 10.380000114440918,
      "sma20": 10.142499971389771,
      "sma50": 9.521999988555908,
      "trend_ok": true,
      "pole_bars": 10,
      "pole_gain_pct": 17.13665811221519,
      "pole_high": 11.270000457763672,
      "pole_range": 2.3350000381469727,
      "flag_bars": 8,
      "flag_range": 1.130000114440918,
      "pullback_from_pole_high_pct": 7.897074597806701,
      "pullback_ok": true,
      "tight_ok": true,
      "flag_hold_ok": true,
      "near_breakout": false,
      "pattern": "bull_flag",
      "rank_score": 2.050266099058248
    },
    {
      "ticker": "DHT",
      "tf": "1d",
      "bars_used": 320,
      "close": 13.609999656677246,
      "sma20": 13.008499956130981,
      "sma50": 12.907799968719482,
      "trend_ok": true,
      "pole_bars": 10,
      "pole_gain_pct": 12.366914202819268,
      "pole_high": 13.899999618530273,
      "pole_range": 2.2599992752075195,
      "flag_bars": 8,
      "flag_range": 1.2400007247924805,
      "pullback_from_pole_high_pct": 2.0863307180701254,
      "pullback_ok": true,
      "tight_ok": true,
      "flag_hold_ok": true,
      "near_breakout": true,
      "pattern": "bull_flag",
      "rank_score": 2.008447032387064
    },
    {
      "ticker": "COMP",
      "tf": "1d",
      "bars_used": 320,
      "close": 13.130000114440918,
      "sma20": 12.126999998092652,
      "sma50": 11.04040002822876,
      "trend_ok": true,
      "pole_bars": 10,
      "pole_gain_pct": 16.367081796206378,
      "pole_high": 13.529999732971191,
      "pole_range": 3.2799997329711914,
      "flag_bars": 8,
      "flag_range": 1.625,
      "pullback_from_pole_high_pct": 2.956390439206856,
      "pullback_ok": true,
      "tight_ok": true,
      "flag_hold_ok": true,
      "near_breakout": true,
      "pattern": "bull_flag",
      "rank_score": 2.007179160738701
    },
    {
      "ticker": "DFIN",
      "tf": "1d",
      "bars_used": 320,
      "close": 52.060001373291016,
      "sma20": 51.42600002288818,
      "sma50": 48.43680030822754,
      "trend_ok": true,
      "pole_bars": 10,
      "pole_gain_pct": 15.206687722532525,
      "pole_high": 54.70000076293945,
      "pole_range": 9.810001373291016,
      "flag_bars": 8,
      "flag_range": 4.75,
      "pullback_from_pole_high_pct": 4.826324228202021,
      "pullback_ok": true,
      "tight_ok": true,
      "flag_hold_ok": true,
      "near_breakout": false,
      "pattern": "bull_flag",
      "rank_score": 1.953334838886928
    },
    {
      "ticker": "CHH",
      "tf": "1d",
      "bars_used": 320,
      "close": 104.29000091552734,
      "sma20": 103.81094398498536,
      "sma50": 96.11383544921875,
      "trend_ok": true,
      "pole_bars": 10,
      "pole_gain_pct": 13.812488100660577,
      "pole_high": 109.55999755859375,
      "pole_range": 16.329994201660156,
      "flag_bars": 8,
      "flag_range": 7.4799957275390625,
      "pullback_from_pole_high_pct": 4.81014673284194,
      "pullback_ok": true,
      "tight_ok": true,
      "flag_hold_ok": true,
      "near_breakout": false,
      "pattern": "bull_flag",