{
  "updated_utc": "2026-01-20T20:54:02.462270+00:00",
  "tf": "1d",
  "params": {
    "pole_bars": 10,
    "flag_bars": 8,
    "min_pole_gain_pct": 10.0,
    "near_breakout_pct": 3.0,
    "flag_pullback_min_pct": 1.0,
    "flag_pullback_max_pct": 8.0,
    "tight_ratio": 0.6,
    "sma_fast": 20,
    "sma_slow": 50
  },
  "count": 2,
  "data": [
    {
      "ticker": "ONTF",
      "tf": "1d",
      "bars_used": 320,
      "close": 7.960000038146973,
      "sma20": 7.2174999713897705,
      "sma50": 6.249199991226196,
      "trend_ok": true,
      "pole_bars": 10,
      "pole_gain_pct": 36.70668772711108,
      "pole_high": 8.100000381469727,
      "pole_range": 2.385000228881836,
      "flag_bars": 8,
      "flag_range": 0.05000019073486328,
      "pullback_from_pole_high_pct": 1.7283992188819028,
      "pullback_ok": true,
      "tight_ok": true,
      "flag_hold_ok": true,
      "near_breakout": true,
      "pattern": "bull_flag",
      "rank_score": 3.388926196126379
    },
    {
      "ticker": "MSB",
      "tf": "1d",
      "bars_used": 320,
      "close": 40.959999084472656,
      "sma20": 38.45200042724609,
      "sma50": 35.5748002243042,
      "trend_ok": true,
      "pole_bars": 10,
      "pole_gain_pct": 13.671879199266948,
      "pole_high": 41.90999984741211,
      "pole_range": 7.400001525878906,
      "flag_bars": 8,
      "flag_range": 3.420001983642578,
      "pullback_from_pole_high_pct": 2.2667639379581495,
      "pullback_ok": true,
      "tight_ok": true,
      "flag_hold_ok": true,
      "near_breakout": true,
      "pattern": "bull_flag",
      "rank_score": 2.157735422437023
    }
  ]
}