{
  "updated_utc": "2026-01-23T20:56:59.034012+00:00",
  "tf": "1d",
  "params": {
    "pole_bars": 10,
    "flag_bars": 8,
    "min_pole_gain_pct": 10.0,
    "near_breakout_pct": 3.0,
    "flag_pullback_min_pct": 1.0,
    "flag_pullback_max_pct": 8.0,
    "tight_ratio": 0.6,
    "sma_fast": 20,
    "sma_slow": 50
  },
  "count": 4,
  "data": [
    {
      "ticker": "ONTF",
      "tf": "1d",
      "bars_used": 320,
      "close": 7.96999979019165,
      "sma20": 7.5444999694824215,
      "sma50": 6.422399978637696,
      "trend_ok": true,
      "pole_bars": 10,
      "pole_gain_pct": 36.535165391338545,
      "pole_high": 8.100000381469727,
      "pole_range": 2.330000400543213,
      "flag_bars": 8,
      "flag_range": 0.11999988555908203,
      "pullback_from_pole_high_pct": 1.6049454957493208,
      "pullback_ok": true,
      "tight_ok": true,
      "flag_hold_ok": true,
      "near_breakout": true,
      "pattern": "bull_flag",
      "rank_score": 3.3791813548287166
    },
    {
      "ticker": "MTH",
      "tf": "1d",
      "bars_used": 320,
      "close": 74.55000305175781,
      "sma20": 70.97900085449218,
      "sma50": 69.98979339599609,
      "trend_ok": true,
      "pole_bars": 10,
      "pole_gain_pct": 12.949092067828513,
      "pole_high": 75.70999908447266,
      "pole_range": 10.639999389648438,
      "flag_bars": 8,
      "flag_range": 5.670005798339844,
      "pullback_from_pole_high_pct": 1.5321569762807554,
      "pullback_ok": true,
      "tight_ok": true,
      "flag_hold_ok": true,
      "near_breakout": true,
      "pattern": "bull_flag",
      "rank_score": 2.248576757351517
    },
    {
      "ticker": "QXO",
      "tf": "1d",
      "bars_used": 320,
      "close": 24.1200008392334,
      "sma20": 23.06299982070923,
      "sma50": 20.850799865722657,
      "trend_ok": true,
      "pole_bars": 10,
      "pole_gain_pct": 17.70244947928214,
      "pole_high": 25.049999237060547,
      "pole_range": 6.039999008178711,
      "flag_bars": 8,
      "flag_range": 3.2099990844726562,
      "pullback_from_pole_high_pct": 3.7125685674722506,
      "pullback_ok": true,
      "tight_ok": true,
      "flag_hold_ok": true,
      "near_breakout": false,
      "pattern": "bull_flag",
      "rank_score": 1.9993609917392412
    },
    {
      "ticker": "PHM",
      "tf": "1d",
      "bars_used": 320,
      "close": 127.7699966430664,
      "sma20": 124.40049896240234,
      "sma50": 123.18102661132812,
      "trend_ok": true,
      "pole_bars": 10,
      "pole_gain_pct": 10.906040547672772,
      "pole_high": 132.83999633789062,
      "pole_range": 16.789993286132812,
      "flag_bars": 8,
      "flag_range": 8.039993286132812,
      "pullback_from_pole_high_pct": 3.816621375032421,
      "pullback_ok": true,
      "tight_ok": true,
      "flag_hold_ok": true,
      "near_breakout": false,
      "pattern": "bull_flag",
      "rank_score": 1.7472082710693542
    }
  ]
}