{
  "updated_utc": "2026-01-24T20:05:06.544533+00:00",
  "tf": "1d",
  "params": {
    "pole_bars": 10,
    "flag_bars": 8,
    "min_pole_gain_pct": 10.0,
    "near_breakout_pct": 3.0,
    "flag_pullback_min_pct": 1.0,
    "flag_pullback_max_pct": 8.0,
    "tight_ratio": 0.6,
    "sma_fast": 20,
    "sma_slow": 50
  },
  "count": 9,
  "data": [
    {
      "ticker": "FND",
      "tf": "1d",
      "bars_used": 320,
      "close": 75.23999786376953,
      "sma20": 69.24549999237061,
      "sma50": 64.80499992370605,
      "trend_ok": true,
      "pole_bars": 10,
      "pole_gain_pct": 21.36862178729036,
      "pole_high": 76.69999694824219,
      "pole_range": 16.069995880126953,
      "flag_bars": 8,
      "flag_range": 5.1269989013671875,
      "pullback_from_pole_high_pct": 1.9035190906955004,
      "pullback_ok": true,
      "tight_ok": true,
      "flag_hold_ok": true,
      "near_breakout": true,
      "pattern": "bull_flag",
      "rank_score": 2.833757459730984
    },
    {
      "ticker": "FBIN",
      "tf": "1d",
      "bars_used": 320,
      "close": 58.36000061035156,
      "sma20": 55.77249984741211,
      "sma50": 52.08797729492188,
      "trend_ok": true,
      "pole_bars": 10,
      "pole_gain_pct": 16.34294254828058,
      "pole_high": 59.61000061035156,
      "pole_range": 9.790000915527344,
      "flag_bars": 8,
      "flag_range": 3.9000015258789062,
      "pullback_from_pole_high_pct": 2.0969635752409834,
      "pullback_ok": true,
      "tight_ok": true,
      "flag_hold_ok": true,
      "near_breakout": true,
      "pattern": "bull_flag",
      "rank_score": 2.4542162725475034
    },
    {
      "ticker": "COMP",
      "tf": "1d",
      "bars_used": 320,
      "close": 13.329999923706055,
      "sma20": 11.855000019073486,
      "sma50": 10.884800033569336,
      "trend_ok": true,
      "pole_bars": 10,
      "pole_gain_pct": 14.112151923351679,
      "pole_high": 13.529999732971191,
      "pole_range": 3.2799997329711914,
      "flag_bars": 8,
      "flag_range": 1.5850000381469727,
      "pullback_from_pole_high_pct": 1.478195219603428,
      "pullback_ok": true,
      "tight_ok": true,
      "flag_hold_ok": true,
      "near_breakout": true,
      "pattern": "bull_flag",
      "rank_score": 2.4074895924868818
    },
    {
      "ticker": "DRI",
      "tf": "1d",
      "bars_used": 320,
      "close": 206.1699981689453,
      "sma20": 199.2526657104492,
      "sma50": 186.25726745605468,
      "trend_ok": true,
      "pole_bars": 10,
      "pole_gain_pct": 12.8793714538469,
      "pole_high": 209.58999633789062,
      "pole_range": 27.60808234881341,
      "flag_bars": 8,
      "flag_range": 11.669998168945312,
      "pullback_from_pole_high_pct": 1.6317563952011147,
      "pullback_ok": true,
      "tight_ok": true,
      "flag_hold_ok": true,
      "near_breakout": true,
      "pattern": "bull_flag",
      "rank_score": 2.395546045909037
    },
    {
      "ticker": "CYD",
      "tf": "1d",
      "bars_used": 320,
      "close": 44.31999969482422,
      "sma20": 40.31999969482422,
      "sma50": 37.51299980163574,
      "trend_ok": true,
      "pole_bars": 10,
      "pole_gain_pct": 27.53868108475614,
      "pole_high": 45.93000030517578,
      "pole_range": 10.65999984741211,
      "flag_bars": 8,
      "flag_range": 4.55999755859375,
      "pullback_from_pole_high_pct": 3.505335509806504,
      "pullback_ok": true,
      "tight_ok": true,
      "flag_hold_ok": true,
      "near_breakout": false,
      "pattern": "bull_flag",
      "rank_score": 2.2870547805087815
    },
    {
      "ticker": "EAT",
      "tf": "1d",
      "bars_used": 320,
      "close": 162.77000427246094,
      "sma20": 156.65400009155275,
      "sma50": 145.57160034179688,
      "trend_ok": true,
      "pole_bars": 10,
      "pole_gain_pct": 17.020236476086563,
      "pole_high": 167.85000610351562,
      "pole_range": 26.70001220703125,
      "flag_bars": 8,
      "flag_range": 10.830001831054688,
      "pullback_from_pole_high_pct": 3.0265127472928266,
      "pullback_ok": true,
      "tight_ok": true,
      "flag_hold_ok": true,
      "near_breakout": false,
      "pattern": "bull_flag",
      "rank_score": 2.1749820560349904
    },
    {
      "ticker": "ECO",
      "tf": "1d",
      "bars_used": 320,
      "close": 37.9900016784668,
      "sma20": 36.45900039672851,
      "sma50": 36.37919990539551,
      "trend_ok": true,
      "pole_bars": 10,
      "pole_gain_pct": 15.544958669949866,
      "pole_high": 39.22999954223633,
      "pole_range": 7.479999542236328,
      "flag_bars": 8,
      "flag_range": 4.090000152587891,
      "pullback_from_pole_high_pct": 3.1608408825865726,
      "pullback_ok": true,
      "tight_ok": true,
      "flag_hold_ok": true,
      "near_breakout": false,
      "pattern": "bull_flag",
      "rank_score": 1.8659287706433991
    },
    {
      "ticker": "CHH",
      "tf": "1d",
      "bars_used": 320,
      "close": 104.79000091552734,
      "sma20": 102.8420482635498,
      "sma50": 95.80703231811523,
      "trend_ok": true,
      "pole_bars": 10,
      "pole_gain_pct": 11.093792068910489,
      "pole_high": 108.73999786376953,
      "pole_range": 15.509994506835938,
      "flag_bars": 8,
      "flag_range": 6.5,
      "pullback_from_pole_high_pct": 3.632515197573187,
      "pullback_ok": true,
      "tight_ok": true,
      "flag_hold_ok": true,
      "near_breakout": false,
      "pattern": "bull_flag",
      "rank_score": 1.8562152533380112
    },
    {
      "ticker": "EXP",
      "tf": "1d",
      "bars_used": 320,
      "close": 223.74000549316406,
      "sma20": 222.07749938964844,
      "sma50": 218.07303314208986,
      "trend_ok": true,
      "pole_bars": 10,
      "pole_gain_pct": 13.01688724446536,
      "pole_high": 242.52999877929688,
      "pole_range": 36.649993896484375,
      "flag_bars": 8,
      "flag_range": 21.30999755859375,
      "pullback_from_pole_high_pct": 7.747492425970681,
      "pullback_ok": true,
      "tight_ok": true,
      "flag_hold_ok": true,
      "near_breakout": false,
      "pattern": "bull_flag",
      "rank_score": 1.681767458746262
    }
  ]
}