{
  "updated_utc": "2026-01-28T20:22:16.194564+00:00",
  "tf": "1d",
  "params": {
    "pole_bars": 10,
    "flag_bars": 8,
    "min_pole_gain_pct": 10.0,
    "near_breakout_pct": 3.0,
    "flag_pullback_min_pct": 1.0,
    "flag_pullback_max_pct": 8.0,
    "tight_ratio": 0.6,
    "sma_fast": 20,
    "sma_slow": 50
  },
  "count": 12,
  "data": [
    {
      "ticker": "OSK",
      "tf": "1d",
      "bars_used": 320,
      "close": 150.38999938964844,
      "sma20": 145.44500160217285,
      "sma50": 134.6516262817383,
      "trend_ok": true,
      "pole_bars": 10,
      "pole_gain_pct": 20.011149859639907,
      "pole_high": 152.10000610351562,
      "pole_range": 26.590003967285156,
      "flag_bars": 8,
      "flag_range": 9.779998779296875,
      "pullback_from_pole_high_pct": 1.1242647240286092,
      "pullback_ok": true,
      "tight_ok": true,
      "flag_hold_ok": true,
      "near_breakout": true,
      "pattern": "bull_flag",
      "rank_score": 3.012232849286424
    },
    {
      "ticker": "RGR",
      "tf": "1d",
      "bars_used": 320,
      "close": 37.959999084472656,
      "sma20": 36.16850051879883,
      "sma50": 33.27761310577392,
      "trend_ok": true,
      "pole_bars": 10,
      "pole_gain_pct": 16.81469404960999,
      "pole_high": 38.47999954223633,
      "pole_range": 6.3899993896484375,
      "flag_bars": 8,
      "flag_range": 1.8400001525878906,
      "pullback_from_pole_high_pct": 1.3513525570417695,
      "pullback_ok": true,
      "tight_ok": true,
      "flag_hold_ok": true,
      "near_breakout": true,
      "pattern": "bull_flag",
      "rank_score": 2.910367228240023
    },
    {
      "ticker": "NRT",
      "tf": "1d",
      "bars_used": 320,
      "close": 8.960000038146973,
      "sma20": 8.102999901771545,
      "sma50": 6.936799983978272,
      "trend_ok": true,
      "pole_bars": 10,
      "pole_gain_pct": 35.25835443349861,
      "pole_high": 9.09000015258789,
      "pole_range": 2.5500001907348633,
      "flag_bars": 8,
      "flag_range": 1.4399995803833008,
      "pullback_from_pole_high_pct": 1.4301442492705283,
      "pullback_ok": true,
      "tight_ok": true,
      "flag_hold_ok": true,
      "near_breakout": true,
      "pattern": "bull_flag",
      "rank_score": 2.582109124312281
    },
    {
      "ticker": "PHIN",
      "tf": "1d",
      "bars_used": 320,
      "close": 69.08000183105469,
      "sma20": 67.52649974822998,
      "sma50": 60.6726131439209,
      "trend_ok": true,
      "pole_bars": 10,
      "pole_gain_pct": 11.357471826217749,
      "pole_high": 70.02999877929688,
      "pole_range": 7.719997406005859,
      "flag_bars": 8,
      "flag_range": 3.8149948120117188,
      "pullback_from_pole_high_pct": 1.356557139514098,
      "pullback_ok": true,
      "tight_ok": true,
      "flag_hold_ok": true,
      "near_breakout": true,
      "pattern": "bull_flag",
      "rank_score": 2.292070414001558
    },
    {
      "ticker": "NMG",
      "tf": "1d",
      "bars_used": 320,
      "close": 3.0799999237060547,
      "sma20": 2.8794999718666077,
      "sma50": 2.8391999912261965,
      "trend_ok": true,
      "pole_bars": 10,
      "pole_gain_pct": 24.596769774369502,
      "pole_high": 3.2300000190734863,
      "pole_range": 0.7799999713897705,
      "flag_bars": 8,
      "flag_range": 0.35000014305114746,
      "pullback_from_pole_high_pct": 4.643965773426175,
      "pullback_ok": true,
      "tight_ok": true,
      "flag_hold_ok": true,
      "near_breakout": false,
      "pattern": "bull_flag",
      "rank_score": 2.2521364190404345
    },
    {
      "ticker": "NSA",
      "tf": "1d",
      "bars_used": 320,
      "close": 31.989999771118164,
      "sma20": 31.066499996185303,
      "sma50": 29.592399978637694,
      "trend_ok": true,
      "pole_bars": 10,
      "pole_gain_pct": 16.164486073311966,
      "pole_high": 32.89500045776367,
      "pole_range": 5.465000152587891,
      "flag_bars": 8,
      "flag_range": 2.3050003051757812,
      "pullback_from_pole_high_pct": 2.7511800396765618,
      "pullback_ok": true,
      "tight_ok": true,
      "flag_hold_ok": true,
      "near_breakout": true,
      "pattern": "bull_flag",
      "rank_score": 2.188205998028358
    },
    {
      "ticker": "REVG",
      "tf": "1d",
      "bars_used": 320,
      "close": 67.91000366210938,
      "sma20": 65.99249992370605,
      "sma50": 60.00502761840821,
      "trend_ok": true,
      "pole_bars": 10,
      "pole_gain_pct": 12.070383139000826,
      "pole_high": 69.49500274658203,
      "pole_range": 9.062004089355469,
      "flag_bars": 8,
      "flag_range": 3.8199996948242188,
      "pullback_from_pole_high_pct": 2.280738214015843,
      "pullback_ok": true,
      "tight_ok": true,
      "flag_hold_ok": true,
      "near_breakout": true,
      "pattern": "bull_flag",
      "rank_score": 2.1407059608052417
    },
    {
      "ticker": "PKE",
      "tf": "1d",
      "bars_used": 320,
      "close": 23.770000457763672,
      "sma20": 23.525188636779784,
      "sma50": 21.279142456054686,
      "trend_ok": true,
      "pole_bars": 10,
      "pole_gain_pct": 20.1979722676995,
      "pole_high": 25.579999923706055,
      "pole_range": 4.770000457763672,
      "flag_bars": 8,
      "flag_range": 2.460000991821289,
      "pullback_from_pole_high_pct": 7.075838433701404,
      "pullback_ok": true,
      "tight_ok": true,
      "flag_hold_ok": true,
      "near_breakout": false,
      "pattern": "bull_flag",
      "rank_score": 2.1404609518721736
    },
    {
      "ticker": "NSP",
      "tf": "1d",
      "bars_used": 320,
      "close": 44.349998474121094,
      "sma20": 43.81400032043457,
      "sma50": 38.863620109558106,
      "trend_ok": true,
      "pole_bars": 10,
      "pole_gain_pct": 17.63945713076451,
      "pole_high": 46.099998474121094,
      "pole_range": 8.369998931884766,
      "flag_bars": 8,
      "flag_range": 3.970001220703125,
      "pullback_from_pole_high_pct": 3.7960955703336694,
      "pullback_ok": true,
      "tight_ok": true,
      "flag_hold_ok": true,
      "near_breakout": false,
      "pattern": "bull_flag",
      "rank_score": 2.0914508080865506
    },
    {
      "ticker": "MP",
      "tf": "1d",
      "bars_used": 320,
      "close": 66.7300033569336,
      "sma20": 62.35750026702881,
      "sma50": 59.44339996337891,
      "trend_ok": true,
      "pole_bars": 10,
      "pole_gain_pct": 37.17340147234325,
      "pole_high": 70.06999969482422,
      "pole_range": 20.310001373291016,
      "flag_bars": 8,
      "flag_range": 11.40999984741211,
      "pullback_from_pole_high_pct": 4.766656703920804,
      "pullback_ok": true,
      "tight_ok": true,
      "flag_hold_ok": true,
      "near_breakout": false,
      "pattern": "bull_flag",
      "rank_score": 2.0636797081972786
    },
    {
      "ticker": "MTUS",
      "tf": "1d",
      "bars_used": 320,
      "close": 19.639999389648438,
      "sma20": 19.145000076293947,
      "sma50": 17.975199966430665,
      "trend_ok": true,
      "pole_bars": 10,
      "pole_gain_pct": 17.832164878508785,
      "pole_high": 20.239999771118164,
      "pole_range": 3.270000457763672,
      "flag_bars": 8,
      "flag_range": 1.960000991821289,
      "pullback_from_pole_high_pct": 2.9644287957251265,
      "pullback_ok": true,
      "tight_ok": true,
      "flag_hold_ok": true,
      "near_breakout": true,
      "pattern": "bull_flag",
      "rank_score": 1.9044843143397123
    },
    {
      "ticker": "OC",
      "tf": "1d",
      "bars_used": 320,
      "close": 121.20999908447266,
      "sma20": 119.34704093933105,
      "sma50": 113.45266159057617,
      "trend_ok": true,
      "pole_bars": 10,
      "pole_gain_pct": 10.990630513196729,
      "pole_high": 124.81999969482422,
      "pole_range": 14.819999694824219,
      "flag_bars": 8,
      "flag_range": 7.0099945068359375,
      "pullback_from_pole_high_pct": 2.8921652132492794,
      "pullback_ok": true,
      "tight_ok": true,
      "flag_hold_ok": true,