{
  "updated_utc": "2026-01-24T20:05:05.039666+00:00",
  "tf": "1d",
  "params": {
    "pole_bars": 10,
    "flag_bars": 8,
    "min_pole_gain_pct": 10.0,
    "near_breakout_pct": 3.0,
    "flag_pullback_min_pct": 1.0,
    "flag_pullback_max_pct": 8.0,
    "tight_ratio": 0.6,
    "sma_fast": 20,
    "sma_slow": 50
  },
  "count": 11,
  "data": [
    {
      "ticker": "LPX",
      "tf": "1d",
      "bars_used": 320,
      "close": 91.25,
      "sma20": 87.3220001220703,
      "sma50": 83.59491607666016,
      "trend_ok": true,
      "pole_bars": 10,
      "pole_gain_pct": 11.547850703027487,
      "pole_high": 92.37000274658203,
      "pole_range": 14.5,
      "flag_bars": 8,
      "flag_range": 3.9800033569335938,
      "pullback_from_pole_high_pct": 1.2125178231885185,
      "pullback_ok": true,
      "tight_ok": true,
      "flag_hold_ok": true,
      "near_breakout": true,
      "pattern": "bull_flag",
      "rank_score": 2.7157482771996158
    },
    {
      "ticker": "MBC",
      "tf": "1d",
      "bars_used": 320,
      "close": 12.569999694824219,
      "sma20": 11.962499952316284,
      "sma50": 11.327199974060058,
      "trend_ok": true,
      "pole_bars": 10,
      "pole_gain_pct": 11.369735858683397,
      "pole_high": 12.720000267028809,
      "pole_range": 1.8100004196166992,
      "flag_bars": 8,
      "flag_range": 0.9700002670288086,
      "pullback_from_pole_high_pct": 1.1792497567268339,
      "pullback_ok": true,
      "tight_ok": true,
      "flag_hold_ok": true,
      "near_breakout": true,
      "pattern": "bull_flag",
      "rank_score": 2.2822174981952608
    },
    {
      "ticker": "HY",
      "tf": "1d",
      "bars_used": 320,
      "close": 33.540000915527344,
      "sma20": 32.28400001525879,
      "sma50": 31.237595558166504,
      "trend_ok": true,
      "pole_bars": 10,
      "pole_gain_pct": 12.437817428839605,
      "pole_high": 34.099998474121094,
      "pole_range": 5.269998550415039,
      "flag_bars": 8,
      "flag_range": 2.8100013732910156,
      "pullback_from_pole_high_pct": 1.6422216529386036,
      "pullback_ok": true,
      "tight_ok": true,
      "flag_hold_ok": true,
      "near_breakout": true,
      "pattern": "bull_flag",
      "rank_score": 2.185804923175852
    },
    {
      "ticker": "HE",
      "tf": "1d",
      "bars_used": 320,
      "close": 14.739999771118164,
      "sma20": 13.586000013351441,
      "sma50": 12.400999965667724,
      "trend_ok": true,
      "pole_bars": 10,
      "pole_gain_pct": 14.388490470041743,
      "pole_high": 15.050000190734863,
      "pole_range": 2.90000057220459,
      "flag_bars": 8,
      "flag_range": 1.5700006484985352,
      "pullback_from_pole_high_pct": 2.0598034264979135,
      "pullback_ok": true,
      "tight_ok": true,
      "flag_hold_ok": true,
      "near_breakout": true,
      "pattern": "bull_flag",
      "rank_score": 2.1305243360954598
    },
    {
      "ticker": "LEG",
      "tf": "1d",
      "bars_used": 320,
      "close": 12.149999618530273,
      "sma20": 11.81700005531311,
      "sma50": 10.970566158294679,
      "trend_ok": true,
      "pole_bars": 10,
      "pole_gain_pct": 11.171657735389944,
      "pole_high": 12.380000114440918,
      "pole_range": 1.6000003814697266,
      "flag_bars": 8,
      "flag_range": 0.8200006484985352,
      "pullback_from_pole_high_pct": 1.8578392066600669,
      "pullback_ok": true,
      "tight_ok": true,
      "flag_hold_ok": true,
      "near_breakout": true,
      "pattern": "bull_flag",
      "rank_score": 2.085136012679483
    },
    {
      "ticker": "HZO",
      "tf": "1d",
      "bars_used": 320,
      "close": 28.170000076293945,
      "sma20": 26.604999923706053,
      "sma50": 25.01379997253418,
      "trend_ok": true,
      "pole_bars": 10,
      "pole_gain_pct": 13.171928493760495,
      "pole_high": 28.700000762939453,
      "pole_range": 5.070001602172852,
      "flag_bars": 8,
      "flag_range": 2.9200000762939453,
      "pullback_from_pole_high_pct": 1.8466922388723488,
      "pullback_ok": true,
      "tight_ok": true,
      "flag_hold_ok": true,
      "near_breakout": true,
      "pattern": "bull_flag",
      "rank_score": 2.0831378172717407
    },
    {
      "ticker": "LPG",
      "tf": "1d",
      "bars_used": 320,
      "close": 27.520000457763672,
      "sma20": 26.83199996948242,
      "sma50": 25.689057846069336,
      "trend_ok": true,
      "pole_bars": 10,
      "pole_gain_pct": 16.71493171463066,
      "pole_high": 28.479999542236328,
      "pole_range": 4.619998931884766,
      "flag_bars": 8,
      "flag_range": 2.1000003814697266,
      "pullback_from_pole_high_pct": 3.3707833564005543,
      "pullback_ok": true,
      "tight_ok": true,
      "flag_hold_ok": true,
      "near_breakout": false,
      "pattern": "bull_flag",
      "rank_score": 2.0781705153935635
    },
    {
      "ticker": "IBP",
      "tf": "1d",
      "bars_used": 320,
      "close": 297.260009765625,
      "sma20": 286.0945053100586,
      "sma50": 272.41901611328126,
      "trend_ok": true,
      "pole_bars": 10,
      "pole_gain_pct": 13.684803459926126,
      "pole_high": 304.32000732421875,
      "pole_range": 52.32000732421875,
      "flag_bars": 8,
      "flag_range": 27.079986572265625,
      "pullback_from_pole_high_pct": 2.319925535185768,
      "pullback_ok": true,
      "tight_ok": true,
      "flag_hold_ok": true,
      "near_breakout": true,
      "pattern": "bull_flag",
      "rank_score": 2.048292046672633
    },
    {
      "ticker": "HBB",
      "tf": "1d",
      "bars_used": 320,
      "close": 18.979999542236328,
      "sma20": 17.79349994659424,
      "sma50": 16.411497592926025,
      "trend_ok": true,
      "pole_bars": 10,
      "pole_gain_pct": 15.202908504452694,
      "pole_high": 20.27899932861328,
      "pole_range": 4.408999443054199,
      "flag_bars": 8,
      "flag_range": 2.0249996185302734,
      "pullback_from_pole_high_pct": 6.405640462466455,
      "pullback_ok": true,
      "tight_ok": true,
      "flag_hold_ok": true,
      "near_breakout": false,
      "pattern": "bull_flag",
      "rank_score": 1.994665772115853
    },
    {
      "ticker": "GRBK",
      "tf": "1d",
      "bars_used": 320,
      "close": 69.94999694824219,
      "sma20": 68.23549976348878,
      "sma50": 66.365,
      "trend_ok": true,
      "pole_bars": 10,
      "pole_gain_pct": 14.220758652269463,
      "pole_high": 74.0199966430664,
      "pole_range": 12.019996643066406,
      "flag_bars": 8,
      "flag_range": 5.69000244140625,
      "pullback_from_pole_high_pct": 5.498513752236793,
      "pullback_ok": true,
      "tight_ok": true,
      "flag_hold_ok": true,
      "near_breakout": false,
      "pattern": "bull_flag",
      "rank_score": 1.9220745340409702
    },
    {
      "ticker": "MIR",
      "tf": "1d",
      "bars_used": 320,
      "close": 25.510000228881836,
      "sma20": 25.278500175476076,
      "sma50": 24.95480007171631,
      "trend_ok": true,
      "pole_bars": 10,
      "pole_gain_pct": 11.653346253339866,
      "pole_high": 27.100000381469727,
      "pole_range": 3.809999465942383,
      "flag_bars": 8,
      "flag_range": 2.229999542236328,
      "pullback_from_pole_high_pct": 5.867159152053338,
      "pullback_ok": true,
      "tight_ok": true,
      "flag_hold_ok": true,
      "near_breakout": false,
      "pattern": "bull_flag",
      "rank_score": 1.6071643140575391
    }
  ]
}