{
  "updated_utc": "2026-01-23T22:42:47.875086+00:00",
  "tf": "1d",
  "params": {
    "pole_bars": 10,
    "flag_bars": 8,
    "min_pole_gain_pct": 10.0,
    "near_breakout_pct": 3.0,
    "flag_pullback_min_pct": 1.0,
    "flag_pullback_max_pct": 8.0,
    "tight_ratio": 0.6,
    "sma_fast": 20,
    "sma_slow": 50
  },
  "count": 3,
  "data": [
    {
      "ticker": "VSCO",
      "tf": "1d",
      "bars_used": 320,
      "close": 62.290000915527344,
      "sma20": 59.06500015258789,
      "sma50": 49.960800094604494,
      "trend_ok": true,
      "pole_bars": 10,
      "pole_gain_pct": 22.467942471729522,
      "pole_high": 66.88899993896484,
      "pole_range": 14.859001159667969,
      "flag_bars": 8,
      "flag_range": 7.9199981689453125,
      "pullback_from_pole_high_pct": 6.875568520435368,
      "pullback_ok": true,
      "tight_ok": true,
      "flag_hold_ok": true,
      "near_breakout": false,
      "pattern": "bull_flag",
      "rank_score": 2.1116497800625282
    },
    {
      "ticker": "VLO",
      "tf": "1d",
      "bars_used": 320,
      "close": 186.88999938964844,
      "sma20": 177.34450073242186,
      "sma50": 175.0650213623047,
      "trend_ok": true,
      "pole_bars": 10,
      "pole_gain_pct": 12.96872445878559,
      "pole_high": 192.0,
      "pole_range": 31.029998779296875,
      "flag_bars": 8,
      "flag_range": 14.990005493164062,
      "pullback_from_pole_high_pct": 2.6614586512247724,
      "pullback_ok": true,
      "tight_ok": true,
      "flag_hold_ok": true,
      "near_breakout": true,
      "pattern": "bull_flag",
      "rank_score": 1.956148196708557
    },
    {
      "ticker": "SKY",
      "tf": "1d",
      "bars_used": 320,
      "close": 93.52999877929688,
      "sma20": 90.24599990844726,
      "sma50": 86.43799987792968,
      "trend_ok": true,
      "pole_bars": 10,
      "pole_gain_pct": 11.468315938272367,
      "pole_high": 95.62000274658203,
      "pole_range": 12.069999694824219,
      "flag_bars": 8,
      "flag_range": 6.80999755859375,
      "pullback_from_pole_high_pct": 2.1857392880694766,
      "pullback_ok": true,
      "tight_ok": true,
      "flag_hold_ok": true,
      "near_breakout": true,
      "pattern": "bull_flag",
      "rank_score": 1.9044883773919028
    }
  ]
}