{
  "updated_utc": "2026-01-27T18:13:43.975525+00:00",
  "tf": "1d",
  "params": {
    "pole_bars": 10,
    "flag_bars": 8,
    "min_pole_gain_pct": 10.0,
    "near_breakout_pct": 3.0,
    "flag_pullback_min_pct": 1.0,
    "flag_pullback_max_pct": 8.0,
    "tight_ratio": 0.6,
    "sma_fast": 20,
    "sma_slow": 50
  },
  "count": 12,
  "data": [
    {
      "ticker": "LHX",
      "tf": "1d",
      "bars_used": 320,
      "close": 354.20001220703125,
      "sma20": 327.49049987792966,
      "sma50": 301.345185546875,
      "trend_ok": true,
      "pole_bars": 10,
      "pole_gain_pct": 15.49057055693573,
      "pole_high": 361.5899963378906,
      "pole_range": 70.57998657226562,
      "flag_bars": 8,
      "flag_range": 27.79998779296875,
      "pullback_from_pole_high_pct": 2.043746841921408,
      "pullback_ok": true,
      "tight_ok": true,
      "flag_hold_ok": true,
      "near_breakout": true,
      "pattern": "bull_flag",
      "rank_score": 2.4368142673755373
    },
    {
      "ticker": "LPX",
      "tf": "1d",
      "bars_used": 320,
      "close": 90.61000061035156,
      "sma20": 87.725,
      "sma50": 83.85845260620117,
      "trend_ok": true,
      "pole_bars": 10,
      "pole_gain_pct": 10.957236001585564,
      "pole_high": 92.37000274658203,
      "pole_range": 14.5,
      "flag_bars": 8,
      "flag_range": 4.779998779296875,
      "pullback_from_pole_high_pct": 1.9053827908385488,
      "pullback_ok": true,
      "tight_ok": true,
      "flag_hold_ok": true,
      "near_breakout": true,
      "pattern": "bull_flag",
      "rank_score": 2.3633090560874774
    },
    {
      "ticker": "LPG",
      "tf": "1d",
      "bars_used": 320,
      "close": 27.280000686645508,
      "sma20": 26.989000034332275,
      "sma50": 25.71638000488281,
      "trend_ok": true,
      "pole_bars": 10,
      "pole_gain_pct": 19.93313997882389,
      "pole_high": 29.170000076293945,
      "pole_range": 5.309999465942383,
      "flag_bars": 8,
      "flag_range": 2.309999465942383,
      "pullback_from_pole_high_pct": 6.479257403857239,
      "pullback_ok": true,
      "tight_ok": true,
      "flag_hold_ok": true,
      "near_breakout": false,
      "pattern": "bull_flag",
      "rank_score": 2.2716100126660836
    },
    {
      "ticker": "LAR",
      "tf": "1d",
      "bars_used": 320,
      "close": 7.96999979019165,
      "sma20": 7.203999876976013,
      "sma50": 5.949599914550781,
      "trend_ok": true,
      "pole_bars": 10,
      "pole_gain_pct": 48.451729659550416,
      "pole_high": 8.359999656677246,
      "pole_range": 2.8999996185302734,
      "flag_bars": 8,
      "flag_range": 1.2699999809265137,
      "pullback_from_pole_high_pct": 4.665070364854591,
      "pullback_ok": true,
      "tight_ok": true,
      "flag_hold_ok": true,
      "near_breakout": false,
      "pattern": "bull_flag",
      "rank_score": 2.27011485748048
    },
    {
      "ticker": "LXU",
      "tf": "1d",
      "bars_used": 320,
      "close": 9.65999984741211,
      "sma20": 9.222499990463257,
      "sma50": 9.068199977874755,
      "trend_ok": true,
      "pole_bars": 10,
      "pole_gain_pct": 15.86539299177731,
      "pole_high": 9.84000015258789,
      "pole_range": 1.619999885559082,
      "flag_bars": 8,
      "flag_range": 0.9400005340576172,
      "pullback_from_pole_high_pct": 1.8292713656964905,
      "pullback_ok": true,
      "tight_ok": true,
      "flag_hold_ok": true,
      "near_breakout": true,
      "pattern": "bull_flag",
      "rank_score": 2.216433720630726
    },
    {
      "ticker": "IBP",
      "tf": "1d",
      "bars_used": 320,
      "close": 295.67999267578125,
      "sma20": 287.5875045776367,
      "sma50": 273.14866516113284,
      "trend_ok": true,
      "pole_bars": 10,
      "pole_gain_pct": 17.85457745784087,
      "pole_high": 312.3500061035156,
      "pole_range": 60.350006103515625,
      "flag_bars": 8,
      "flag_range": 27.079986572265625,
      "pullback_from_pole_high_pct": 5.336965936286802,
      "pullback_ok": true,
      "tight_ok": true,
      "flag_hold_ok": true,
      "near_breakout": false,
      "pattern": "bull_flag",
      "rank_score": 2.1448696120932804
    },
    {
      "ticker": "HXL",
      "tf": "1d",
      "bars_used": 320,
      "close": 82.0199966430664,
      "sma20": 79.9949993133545,
      "sma50": 76.29420013427735,
      "trend_ok": true,
      "pole_bars": 10,
      "pole_gain_pct": 10.153436851514162,
      "pole_high": 83.7300033569336,
      "pole_range": 10.010002136230469,
      "flag_bars": 8,
      "flag_range": 4.1399993896484375,
      "pullback_from_pole_high_pct": 2.0422866897276717,
      "pullback_ok": true,
      "tight_ok": true,
      "flag_hold_ok": true,
      "near_breakout": true,
      "pattern": "bull_flag",
      "rank_score": 2.1375991720849226
    },
    {
      "ticker": "HVT",
      "tf": "1d",
      "bars_used": 320,
      "close": 26.18000030517578,
      "sma20": 25.370999908447267,
      "sma50": 24.351966972351075,
      "trend_ok": true,
      "pole_bars": 10,
      "pole_gain_pct": 12.526454070873786,
      "pole_high": 26.649999618530273,
      "pole_range": 3.4300003051757812,
      "flag_bars": 8,
      "flag_range": 1.9399986267089844,
      "pullback_from_pole_high_pct": 1.763599700120417,
      "pullback_ok": true,
      "tight_ok": true,
      "flag_hold_ok": true,
      "near_breakout": true,
      "pattern": "bull_flag",
      "rank_score": 2.0957941086044194
    },
    {
      "ticker": "GRBK",
      "tf": "1d",
      "bars_used": 320,
      "close": 69.62000274658203,
      "sma20": 68.5394998550415,
      "sma50": 66.46900009155273,
      "trend_ok": true,
      "pole_bars": 10,
      "pole_gain_pct": 17.467111160423165,
      "pole_high": 74.31999969482422,
      "pole_range": 12.319999694824219,
      "flag_bars": 8,
      "flag_range": 5.769996643066406,
      "pullback_from_pole_high_pct": 6.324000225432595,
      "pullback_ok": true,
      "tight_ok": true,
      "flag_hold_ok": true,
      "near_breakout": false,
      "pattern": "bull_flag",
      "rank_score": 2.0927823997428003
    },
    {
      "ticker": "LEG",
      "tf": "1d",
      "bars_used": 320,
      "close": 12.09000015258789,
      "sma20": 11.87450008392334,
      "sma50": 11.033740100860596,
      "trend_ok": true,
      "pole_bars": 10,
      "pole_gain_pct": 12.522860071128067,
      "pole_high": 12.380000114440918,
      "pole_range": 1.6000003814697266,
      "flag_bars": 8,
      "flag_range": 0.8300008773803711,
      "pullback_from_pole_high_pct": 2.3424875538955012,
      "pullback_ok": true,
      "tight_ok": true,
      "flag_hold_ok": true,
      "near_breakout": true,
      "pattern": "bull_flag",
      "rank_score": 1.980729777786248
    },
    {
      "ticker": "HZO",
      "tf": "1d",
      "bars_used": 320,
      "close": 27.959999084472656,
      "sma20": 26.76349983215332,
      "sma50": 25.102399940490724,
      "trend_ok": true,
      "pole_bars": 10,
      "pole_gain_pct": 12.161047928990836,
      "pole_high": 28.700000762939453,
      "pole_range": 5.070001602172852,
      "flag_bars": 8,
      "flag_range": 2.9200000762939453,
      "pullback_from_pole_high_pct": 2.578402992317572,
      "pullback_ok": true,
      "tight_ok": true,
      "flag_hold_ok": true,
      "near_breakout": true,
      "pattern": "bull_flag",
      "rank_score": 1.788690204551517
    },
    {
      "ticker": "MIR",
      "tf": "1d",
      "bars_used": 320,
      "close": 25.489999771118164,
      "sma20": 25.354500198364256,
      "sma50": 24.928000068664552,
      "trend_ok": true,
      "pole_bars": 10,
      "pole_gain_pct": 12.61603238339863,
      "pole_high": 27.204999923706055,
      "pole_range": 3.914999008178711,
      "flag_bars": 8,
      "flag_range": 2.2449989318847656,
      "pullback_from_pole_high_pct": 6.303988816017101,
      "pullback_ok": true,
      "tight_ok": true,
      "flag_hold_ok": true,
      "near_breakout": false,
      "pattern": "bull_flag",