{
  "updated_utc": "2026-01-23T22:39:22.110603+00:00",
  "tf": "1d",
  "params": {
    "pole_bars": 10,
    "flag_bars": 8,
    "min_pole_gain_pct": 10.0,
    "near_breakout_pct": 3.0,
    "flag_pullback_min_pct": 1.0,
    "flag_pullback_max_pct": 8.0,
    "tight_ratio": 0.6,
    "sma_fast": 20,
    "sma_slow": 50
  },
  "count": 3,
  "data": [
    {
      "ticker": "COMP",
      "tf": "1d",
      "bars_used": 320,
      "close": 13.279999732971191,
      "sma20": 11.719500017166137,
      "sma50": 10.794000034332276,
      "trend_ok": true,
      "pole_bars": 10,
      "pole_gain_pct": 21.246458617379385,
      "pole_high": 13.529999732971191,
      "pole_range": 3.2799997329711914,
      "flag_bars": 8,
      "flag_range": 1.5850000381469727,
      "pullback_from_pole_high_pct": 1.8477457866519849,
      "pullback_ok": true,
      "tight_ok": true,
      "flag_hold_ok": true,
      "near_breakout": true,
      "pattern": "bull_flag",
      "rank_score": 2.578698473969779
    },
    {
      "ticker": "CHH",
      "tf": "1d",
      "bars_used": 320,
      "close": 105.58999633789062,
      "sma20": 102.3177490234375,
      "sma50": 95.68604370117187,
      "trend_ok": true,
      "pole_bars": 10,
      "pole_gain_pct": 13.088124293367159,
      "pole_high": 108.73999786376953,
      "pole_range": 15.509994506835938,
      "flag_bars": 8,
      "flag_range": 7.4199981689453125,
      "pullback_from_pole_high_pct": 2.8968195583609053,
      "pullback_ok": true,
      "tight_ok": true,
      "flag_hold_ok": true,
      "near_breakout": true,
      "pattern": "bull_flag",
      "rank_score": 1.8914645569296433
    },
    {
      "ticker": "CNC",
      "tf": "1d",
      "bars_used": 320,
      "close": 45.41999816894531,
      "sma20": 44.12249946594238,
      "sma50": 40.47539993286133,
      "trend_ok": true,
      "pole_bars": 10,
      "pole_gain_pct": 15.058016641723448,
      "pole_high": 47.470001220703125,
      "pole_range": 7.650001525878906,
      "flag_bars": 8,
      "flag_range": 4.400001525878906,
      "pullback_from_pole_high_pct": 4.318523275840455,
      "pullback_ok": true,
      "tight_ok": true,
      "flag_hold_ok": true,
      "near_breakout": false,
      "pattern": "bull_flag",
      "rank_score": 1.7942950263674184
    }
  ]
}