{
  "updated_utc": "2026-01-27T20:11:47.993322+00:00",
  "tf": "1d",
  "params": {
    "pole_bars": 10,
    "flag_bars": 8,
    "min_pole_gain_pct": 10.0,
    "near_breakout_pct": 3.0,
    "flag_pullback_min_pct": 1.0,
    "flag_pullback_max_pct": 8.0,
    "tight_ratio": 0.6,
    "sma_fast": 20,
    "sma_slow": 50
  },
  "count": 8,
  "data": [
    {
      "ticker": "DG",
      "tf": "1d",
      "bars_used": 320,
      "close": 150.3300018310547,
      "sma20": 143.91644821166992,
      "sma50": 128.44787780761717,
      "trend_ok": true,
      "pole_bars": 10,
      "pole_gain_pct": 11.835559197540329,
      "pole_high": 152.08999633789062,
      "pole_range": 20.082982447421585,
      "flag_bars": 8,
      "flag_range": 10.759994506835938,
      "pullback_from_pole_high_pct": 1.1572059630574565,
      "pullback_ok": true,
      "tight_ok": true,
      "flag_hold_ok": true,
      "near_breakout": true,
      "pattern": "bull_flag",
      "rank_score": 2.313081435261218
    },
    {
      "ticker": "CYD",
      "tf": "1d",
      "bars_used": 320,
      "close": 44.130001068115234,
      "sma20": 40.73549976348877,
      "sma50": 37.612999801635745,
      "trend_ok": true,
      "pole_bars": 10,
      "pole_gain_pct": 22.27877100955098,
      "pole_high": 45.93000030517578,
      "pole_range": 10.650001525878906,
      "flag_bars": 8,
      "flag_range": 4.55999755859375,
      "pullback_from_pole_high_pct": 3.919005497715417,
      "pullback_ok": true,
      "tight_ok": true,
      "flag_hold_ok": true,
      "near_breakout": false,
      "pattern": "bull_flag",
      "rank_score": 2.286385460835661
    },
    {
      "ticker": "FND",
      "tf": "1d",
      "bars_used": 320,
      "close": 70.98999786376953,
      "sma20": 69.63449993133545,
      "sma50": 65.0089998626709,
      "trend_ok": true,
      "pole_bars": 10,
      "pole_gain_pct": 24.938880900236242,
      "pole_high": 76.94999694824219,
      "pole_range": 16.319995880126953,
      "flag_bars": 8,
      "flag_range": 7.029998779296875,
      "pullback_from_pole_high_pct": 7.745288266198955,
      "pullback_ok": true,
      "tight_ok": true,
      "flag_hold_ok": true,
      "near_breakout": false,
      "pattern": "bull_flag",
      "rank_score": 2.2820669368900406
    },
    {
      "ticker": "ECO",
      "tf": "1d",
      "bars_used": 320,
      "close": 38.689998626708984,
      "sma20": 36.75950031280517,
      "sma50": 36.44799987792969,
      "trend_ok": true,
      "pole_bars": 10,
      "pole_gain_pct": 21.402875476665624,
      "pole_high": 40.54999923706055,
      "pole_range": 8.799999237060547,
      "flag_bars": 8,
      "flag_range": 4.090000152587891,
      "pullback_from_pole_high_pct": 4.586931307884269,
      "pullback_ok": true,
      "tight_ok": true,
      "flag_hold_ok": true,
      "near_breakout": false,
      "pattern": "bull_flag",
      "rank_score": 2.2253786918217076
    },
    {
      "ticker": "EHAB",
      "tf": "1d",
      "bars_used": 320,
      "close": 10.729999542236328,
      "sma20": 10.09249997138977,
      "sma50": 9.475399990081787,
      "trend_ok": true,
      "pole_bars": 10,
      "pole_gain_pct": 17.868674426571236,
      "pole_high": 11.270000457763672,
      "pole_range": 2.3350000381469727,
      "flag_bars": 8,
      "flag_range": 0.9850006103515625,
      "pullback_from_pole_high_pct": 4.7914897390740405,
      "pullback_ok": true,
      "tight_ok": true,
      "flag_hold_ok": true,
      "near_breakout": false,
      "pattern": "bull_flag",
      "rank_score": 2.1903640609005994
    },
    {
      "ticker": "EAT",
      "tf": "1d",
      "bars_used": 320,
      "close": 157.39999389648438,
      "sma20": 156.9759994506836,
      "sma50": 146.60340026855468,
      "trend_ok": true,
      "pole_bars": 10,
      "pole_gain_pct": 16.451888005317812,
      "pole_high": 168.16000366210938,
      "pole_range": 27.010009765625,
      "flag_bars": 8,
      "flag_range": 11.25,
      "pullback_from_pole_high_pct": 6.398673603293633,
      "pullback_ok": true,
      "tight_ok": true,
      "flag_hold_ok": true,
      "near_breakout": false,
      "pattern": "bull_flag",
      "rank_score": 2.128407313230377
    },
    {
      "ticker": "FBIN",
      "tf": "1d",
      "bars_used": 320,
      "close": 56.810001373291016,
      "sma20": 56.045999908447264,
      "sma50": 52.25425827026367,
      "trend_ok": true,
      "pole_bars": 10,
      "pole_gain_pct": 17.15242833507316,
      "pole_high": 60.130001068115234,
      "pole_range": 10.310001373291016,
      "flag_bars": 8,
      "flag_range": 5.650001525878906,
      "pullback_from_pole_high_pct": 5.521369758605733,
      "pullback_ok": true,
      "tight_ok": true,
      "flag_hold_ok": true,
      "near_breakout": false,
      "pattern": "bull_flag",
      "rank_score": 1.9442685597702531
    },
    {
      "ticker": "CHH",
      "tf": "1d",
      "bars_used": 320,
      "close": 105.66000366210938,
      "sma20": 103.37943954467774,
      "sma50": 95.97672607421875,
      "trend_ok": true,
      "pole_bars": 10,
      "pole_gain_pct": 12.907559434865115,
      "pole_high": 108.73999786376953,
      "pole_range": 15.509994506835938,
      "flag_bars": 8,
      "flag_range": 7.4799957275390625,
      "pullback_from_pole_high_pct": 2.8324390860470694,
      "pullback_ok": true,
      "tight_ok": true,
      "flag_hold_ok": true,
      "near_breakout": true,
      "pattern": "bull_flag",
      "rank_score": 1.89744927825067
    }
  ]
}