{
  "updated_utc": "2026-01-08T17:01:31.796248+00:00",
  "tf": "1d",
  "params": {
    "pole_bars": 10,
    "flag_bars": 8,
    "min_pole_gain_pct": 10.0,
    "near_breakout_pct": 3.0,
    "flag_pullback_min_pct": 1.0,
    "flag_pullback_max_pct": 8.0,
    "tight_ratio": 0.6,
    "sma_fast": 20,
    "sma_slow": 50
  },
  "count": 5,
  "data": [
    {
      "ticker": "GLIBA",
      "tf": "1d",
      "bars_used": 125,
      "close": 37.290000915527344,
      "sma20": 35.39975023269653,
      "sma50": 34.67830017089844,
      "trend_ok": true,
      "pole_bars": 10,
      "pole_gain_pct": 14.158197095969394,
      "pole_high": 37.79999923706055,
      "pole_range": 6.629999160766602,
      "flag_bars": 8,
      "flag_range": 2.3799972534179688,
      "pullback_from_pole_high_pct": 1.3492019360497276,
      "pullback_ok": true,
      "tight_ok": true,
      "flag_hold_ok": true,
      "near_breakout": true,
      "pattern": "bull_flag",
      "rank_score": 2.659885892535305
    },
    {
      "ticker": "LULU",
      "tf": "1d",
      "bars_used": 320,
      "close": 211.72000122070312,
      "sma20": 206.67949752807618,
      "sma50": 186.45479858398437,
      "trend_ok": true,
      "pole_bars": 10,
      "pole_gain_pct": 12.507352589004778,
      "pole_high": 225.97999572753906,
      "pole_range": 43.94000244140625,
      "flag_bars": 8,
      "flag_range": 9.729995727539062,
      "pullback_from_pole_high_pct": 6.310290634764422,
      "pullback_ok": true,
      "tight_ok": true,
      "flag_hold_ok": true,
      "near_breakout": false,
      "pattern": "bull_flag",
      "rank_score": 2.2563039370318494
    },
    {
      "ticker": "BMRN",
      "tf": "1d",
      "bars_used": 320,
      "close": 61.310001373291016,
      "sma20": 57.061000442504884,
      "sma50": 55.068000106811525,
      "trend_ok": true,
      "pole_bars": 10,
      "pole_gain_pct": 13.530850994214891,
      "pole_high": 63.88999938964844,
      "pole_range": 12.989997863769531,
      "flag_bars": 8,
      "flag_range": 3.5,
      "pullback_from_pole_high_pct": 4.038187573962377,
      "pullback_ok": true,
      "tight_ok": true,
      "flag_hold_ok": true,
      "near_breakout": false,
      "pattern": "bull_flag",
      "rank_score": 2.22747909377261
    },
    {
      "ticker": "MSGS",
      "tf": "1d",
      "bars_used": 320,
      "close": 255.77000427246094,
      "sma20": 247.47699890136718,
      "sma50": 231.3117999267578,
      "trend_ok": true,
      "pole_bars": 10,
      "pole_gain_pct": 10.109205414111134,
      "pole_high": 261.6499938964844,
      "pole_range": 38.6199951171875,
      "flag_bars": 8,
      "flag_range": 12.7449951171875,
      "pullback_from_pole_high_pct": 2.247272983445861,
      "pullback_ok": true,
      "tight_ok": true,
      "flag_hold_ok": true,
      "near_breakout": true,
      "pattern": "bull_flag",
      "rank_score": 2.206352155191073
    },
    {
      "ticker": "CCL",
      "tf": "1d",
      "bars_used": 320,
      "close": 32.11000061035156,
      "sma20": 29.812500286102296,
      "sma50": 27.852600173950194,
      "trend_ok": true,
      "pole_bars": 10,
      "pole_gain_pct": 12.248562603169132,
      "pole_high": 32.88999938964844,
      "pole_range": 6.519998550415039,
      "flag_bars": 8,
      "flag_range": 2.529998779296875,
      "pullback_from_pole_high_pct": 2.3715378345138136,
      "pullback_ok": true,
      "tight_ok": true,
      "flag_hold_ok": true,
      "near_breakout": true,
      "pattern": "bull_flag",
      "rank_score": 2.175187670548266
    }
  ]
}