{
  "updated_utc": "2026-01-23T23:06:13.724829+00:00",
  "tf": "1d",
  "params": {
    "n_down": 40,
    "n_up": 10,
    "n_corr": 8,
    "sma_slow": 50,
    "sma_fast": 20,
    "pivot_strength": 1,
    "min_hh_steps": 1,
    "min_hl_steps": 1,
    "corr_min_pct": 0.5,
    "corr_max_pct": 12.0,
    "near_resistance_pct": 6.0,
    "breakout_wiggle_pct": 0.2
  },
  "count": 21,
  "data": [
    {
      "ticker": "ONCY",
      "tf": "1d",
      "bars_used": 350,
      "close": 1.2699999809265137,
      "sma20": 0.9909999996423722,
      "sma50": 0.9999999988079071,
      "trend_ok": true,
      "prior_downtrend_ok": true,
      "down_slope": -0.0032392118762179117,
      "fresh_uptrend_ok": true,
      "up_slope": 0.02345454114856142,
      "up_hh_steps": 2,
      "up_hl_steps": 2,
      "up_pivot_highs": 3,
      "up_pivot_lows": 3,
      "resistance": 1.0800000429153442,
      "pullback_from_resistance_pct": -17.592586153819493,
      "state": "uptrend",
      "rank_score": 5.679754584456223
    },
    {
      "ticker": "NEOV",
      "tf": "1d",
      "bars_used": 350,
      "close": 5.800000190734863,
      "sma20": 3.750750017166138,
      "sma50": 3.9356999969482422,
      "trend_ok": true,
      "prior_downtrend_ok": true,
      "down_slope": -0.0457823631911072,
      "fresh_uptrend_ok": true,
      "up_slope": 0.22912122697541207,
      "up_hh_steps": 1,
      "up_hl_steps": 1,
      "up_pivot_highs": 2,
      "up_pivot_lows": 2,
      "resistance": 5.0,
      "pullback_from_resistance_pct": -16.000003814697266,
      "state": "uptrend",
      "rank_score": 5.20771683694205
    },
    {
      "ticker": "NFE",
      "tf": "1d",
      "bars_used": 350,
      "close": 1.7000000476837158,
      "sma20": 1.262499988079071,
      "sma50": 1.2533999967575074,
      "trend_ok": true,
      "prior_downtrend_ok": true,
      "down_slope": -0.000626642059877263,
      "fresh_uptrend_ok": true,
      "up_slope": 0.046000003814697266,
      "up_hh_steps": 1,
      "up_hl_steps": 2,
      "up_pivot_highs": 2,
      "up_pivot_lows": 3,
      "resistance": 1.4800000190734863,
      "pullback_from_resistance_pct": -14.864866606417648,
      "state": "uptrend",
      "rank_score": 5.127477767736275
    },
    {
      "ticker": "MKTW",
      "tf": "1d",
      "bars_used": 350,
      "close": 17.170000076293945,
      "sma20": 15.278000020980835,
      "sma50": 15.774480628967286,
      "trend_ok": true,
      "prior_downtrend_ok": true,
      "down_slope": -0.04700057171075474,
      "fresh_uptrend_ok": true,
      "up_slope": 0.1849393555612275,
      "up_hh_steps": 1,
      "up_hl_steps": 1,
      "up_pivot_highs": 2,
      "up_pivot_lows": 2,
      "resistance": 16.280000686645508,
      "pullback_from_resistance_pct": -5.466826487166579,
      "state": "uptrend",
      "rank_score": 3.458711289413926
    },
    {
      "ticker": "MSGM",
      "tf": "1d",
      "bars_used": 350,
      "close": 3.700000047683716,
      "sma20": 3.2274999976158143,
      "sma50": 3.0348000001907347,
      "trend_ok": true,
      "prior_downtrend_ok": true,
      "down_slope": -0.0010722320254256087,
      "fresh_uptrend_ok": true,
      "up_slope": 0.04284848588885683,
      "up_hh_steps": 1,
      "up_hl_steps": 2,
      "up_pivot_highs": 3,
      "up_pivot_lows": 4,
      "resistance": 3.5199999809265137,
      "pullback_from_resistance_pct": -5.11363828785657,
      "state": "uptrend",
      "rank_score": 3.4282884573220196
    },
    {
      "ticker": "LAES",
      "tf": "1d",
      "bars_used": 350,
      "close": 5.179999828338623,
      "sma20": 4.281999957561493,
      "sma50": 4.398899955749512,
      "trend_ok": true,
      "prior_downtrend_ok": true,
      "down_slope": -0.01902955016767777,
      "fresh_uptrend_ok": true,
      "up_slope": 0.08848483056733103,
      "up_hh_steps": 1,
      "up_hl_steps": 1,
      "up_pivot_highs": 2,
      "up_pivot_lows": 2,
      "resistance": 4.929999828338623,
      "pullback_from_resistance_pct": -5.070994091378059,
      "state": "uptrend",
      "rank_score": 3.3951656818963425
    },
    {
      "ticker": "LNT",
      "tf": "1d",
      "bars_used": 350,
      "close": 66.87000274658203,
      "sma20": 65.85149917602538,
      "sma50": 66.35539947509766,
      "trend_ok": true,
      "prior_downtrend_ok": true,
      "down_slope": -0.09618668690407702,
      "fresh_uptrend_ok": true,
      "up_slope": 0.26109110514322914,
      "up_hh_steps": 2,
      "up_hl_steps": 1,
      "up_pivot_highs": 3,
      "up_pivot_lows": 2,
      "resistance": 67.80000305175781,
      "pullback_from_resistance_pct": 1.3716818042999626,
      "state": "correction",
      "rank_score": 3.068106403278561
    },
    {
      "ticker": "NATH",
      "tf": "1d",
      "bars_used": 350,
      "close": 100.7699966430664,
      "sma20": 93.54650001525879,
      "sma50": 93.70267974853516,
      "trend_ok": true,
      "prior_downtrend_ok": true,
      "down_slope": -0.03520954554344879,
      "fresh_uptrend_ok": true,
      "up_slope": 0.9321818958629261,
      "up_hh_steps": 1,
      "up_hl_steps": 1,
      "up_pivot_highs": 2,
      "up_pivot_lows": 2,
      "resistance": 101.93000030517578,
      "pullback_from_resistance_pct": 1.1380394963566705,
      "state": "correction",
      "rank_score": 2.939141038176032
    },
    {
      "ticker": "MDLZ",
      "tf": "1d",
      "bars_used": 350,
      "close": 57.58000183105469,
      "sma20": 55.042860412597655,
      "sma50": 55.05795669555664,
      "trend_ok": true,
      "prior_downtrend_ok": true,
      "down_slope": -0.09007825332555718,
      "fresh_uptrend_ok": true,
      "up_slope": 0.40878797588926374,
      "up_hh_steps": 1,
      "up_hl_steps": 1,
      "up_pivot_highs": 2,
      "up_pivot_lows": 2,
      "resistance": 58.33000183105469,
      "pullback_from_resistance_pct": 1.28578771893798,
      "state": "correction",
      "rank_score": 2.93570204684367
    },
    {
      "ticker": "LTBR",
      "tf": "1d",
      "bars_used": 350,
      "close": 18.350000381469727,
      "sma20": 15.790000057220459,
      "sma50": 16.052400016784667,
      "trend_ok": true,
      "prior_downtrend_ok": true,
      "down_slope": -0.11000187857737014,
      "fresh_uptrend_ok": true,
      "up_slope": 0.22824237707889442,
      "up_hh_steps": 2,
      "up_hl_steps": 1,
      "up_pivot_highs": 3,
      "up_pivot_lows": 3,
      "resistance": 18.90999984741211,
      "pullback_from_resistance_pct": 2.9613932864151793,
      "state": "correction",
      "rank_score": 2.80402356558277
    },
    {
      "ticker": "ONEW",
      "tf": "1d",
      "bars_used": 350,
      "close": 14.479999542236328,
      "sma20": 12.27649998664856,
      "sma50": 12.061599979400635,
      "trend_ok": true,
      "prior_downtrend_ok": true,
      "down_slope": -0.07143714897628126,
      "fresh_uptrend_ok": true,
      "up_slope": 0.1497575297500148,
      "up_hh_steps": 1,
      "up_hl_steps": 1,
      "up_pivot_highs": 2,
      "up_pivot_lows": 2,
      "resistance": 14.295000076293945,
      "pullback_from_resistance_pct": -1.294155053900111,
      "state": "uptrend",
      "rank_score": 2.7546695194867215
    },
    {
      "ticker": "MASI",
      "tf": "1d",
      "bars_used": 350,
      "close": 143.92999267578125,
      "sma20": 135.95000038146972,
      "sma50": 139.7711994934082,
      "trend_ok": true,
      "prior_downtrend_ok": true,
      "down_slope": -0.46821941139550416,
      "fresh_uptrend_ok": true,
      "up_slope": 1.1859391645951705,
      "up_hh_steps": 2,
      "up_hl_steps": 1,
      "up_pivot_highs": 3,
      "up_pivot_lows": 2,
      "resistance": 148.75999450683594,
      "pullback_from_resistance_pct": 3.246841899306964,
      "state": "correction",
      "rank_score": 2.705567314892803
    },
    {
      "ticker": "LMAT",
      "tf": "1d",
      "bars_used": 350,
      "close": 85.73999786376953,
      "sma20": 84.22349967956544,
      "sma50": 84.80144348144532,
      "trend_ok": true,