{
  "updated_utc": "2026-01-21T20:57:28.162054+00:00",
  "tf": "1d",
  "params": {
    "n_down": 40,
    "n_up": 10,
    "n_corr": 8,
    "sma_slow": 50,
    "sma_fast": 20,
    "pivot_strength": 1,
    "min_hh_steps": 1,
    "min_hl_steps": 1,
    "corr_min_pct": 0.5,
    "corr_max_pct": 12.0,
    "near_resistance_pct": 6.0,
    "breakout_wiggle_pct": 0.2
  },
  "count": 14,
  "data": [
    {
      "ticker": "DAWN",
      "tf": "1d",
      "bars_used": 350,
      "close": 12.109999656677246,
      "sma20": 9.730999946594238,
      "sma50": 9.218000011444092,
      "trend_ok": true,
      "prior_downtrend_ok": true,
      "down_slope": -0.0057110651349037275,
      "fresh_uptrend_ok": true,
      "up_slope": 0.2785454258774266,
      "up_hh_steps": 1,
      "up_hl_steps": 1,
      "up_pivot_highs": 3,
      "up_pivot_lows": 2,
      "resistance": 11.180000305175781,
      "pullback_from_resistance_pct": -8.318419732698233,
      "state": "uptrend",
      "rank_score": 3.9054387904120627
    },
    {
      "ticker": "EDRY",
      "tf": "1d",
      "bars_used": 350,
      "close": 13.449999809265137,
      "sma20": 13.03430004119873,
      "sma50": 13.13774003982544,
      "trend_ok": true,
      "prior_downtrend_ok": true,
      "down_slope": -0.0036900544479685025,
      "fresh_uptrend_ok": true,
      "up_slope": 0.08261213591604522,
      "up_hh_steps": 1,
      "up_hl_steps": 1,
      "up_pivot_highs": 2,
      "up_pivot_lows": 2,
      "resistance": 13.75,
      "pullback_from_resistance_pct": 2.181819568980824,
      "state": "correction",
      "rank_score": 2.7621120414510036
    },
    {
      "ticker": "ESOA",
      "tf": "1d",
      "bars_used": 350,
      "close": 8.8100004196167,
      "sma20": 8.244438076019287,
      "sma50": 8.799466018676759,
      "trend_ok": true,
      "prior_downtrend_ok": true,
      "down_slope": -0.06561736103294043,
      "fresh_uptrend_ok": true,
      "up_slope": 0.07878787878787878,
      "up_hh_steps": 1,
      "up_hl_steps": 1,
      "up_pivot_highs": 2,
      "up_pivot_lows": 2,
      "resistance": 9.079999923706055,
      "pullback_from_resistance_pct": 2.9735628453524656,
      "state": "correction",
      "rank_score": 2.6544061924412556
    },
    {
      "ticker": "CSGS",
      "tf": "1d",
      "bars_used": 350,
      "close": 79.54000091552734,
      "sma20": 78.07900047302246,
      "sma50": 77.66764022827148,
      "trend_ok": true,
      "prior_downtrend_ok": true,
      "down_slope": -0.03990726793013639,
      "fresh_uptrend_ok": true,
      "up_slope": 0.1331515225497159,
      "up_hh_steps": 1,
      "up_hl_steps": 1,
      "up_pivot_highs": 2,
      "up_pivot_lows": 2,
      "resistance": 79.62999725341797,
      "pullback_from_resistance_pct": 0.11301813511837347,
      "state": "uptrend",
      "rank_score": 2.4284672942649848
    },
    {
      "ticker": "ELVN",
      "tf": "1d",
      "bars_used": 350,
      "close": 27.049999237060547,
      "sma20": 19.880999946594237,
      "sma50": 19.95999996185303,
      "trend_ok": true,
      "prior_downtrend_ok": true,
      "down_slope": -0.14918010257198483,
      "fresh_uptrend_ok": true,
      "up_slope": 1.1899392677075935,
      "up_hh_steps": 1,
      "up_hl_steps": 1,
      "up_pivot_highs": 3,
      "up_pivot_lows": 2,
      "resistance": 27.46299934387207,
      "pullback_from_resistance_pct": 1.5038419571010107,
      "state": "uptrend",
      "rank_score": 2.2796395724837377
    },
    {
      "ticker": "FEAM",
      "tf": "1d",
      "bars_used": 350,
      "close": 4.03000020980835,
      "sma20": 3.5422500371932983,
      "sma50": 3.8268000221252443,
      "trend_ok": true,
      "prior_downtrend_ok": true,
      "down_slope": -0.03187664150073426,
      "fresh_uptrend_ok": true,
      "up_slope": 0.03003031990744851,
      "up_hh_steps": 1,
      "up_hl_steps": 1,
      "up_pivot_highs": 2,
      "up_pivot_lows": 2,
      "resistance": 4.099999904632568,
      "pullback_from_resistance_pct": 1.707309669571613,
      "state": "uptrend",
      "rank_score": 2.176134028980664
    },
    {
      "ticker": "EOSE",
      "tf": "1d",
      "bars_used": 350,
      "close": 17.31999969482422,
      "sma20": 14.085499954223632,
      "sma50": 14.360000019073487,
      "trend_ok": true,
      "prior_downtrend_ok": true,
      "down_slope": -0.1031575929380492,
      "fresh_uptrend_ok": true,
      "up_slope": 0.44769698056307705,
      "up_hh_steps": 2,
      "up_hl_steps": 1,
      "up_pivot_highs": 3,
      "up_pivot_lows": 2,
      "resistance": 18.229999542236328,
      "pullback_from_resistance_pct": 4.991771093047856,
      "state": "uptrend",
      "rank_score": 1.868038151158691
    },
    {
      "ticker": "CRDO",
      "tf": "1d",
      "bars_used": 350,
      "close": 153.22000122070312,
      "sma20": 147.6715003967285,
      "sma50": 153.31000061035155,
      "trend_ok": true,
      "prior_downtrend_ok": true,
      "down_slope": -0.3485553390760583,
      "fresh_uptrend_ok": true,
      "up_slope": 1.9056971694483902,
      "up_hh_steps": 3,
      "up_hl_steps": 1,
      "up_pivot_highs": 4,
      "up_pivot_lows": 2,
      "resistance": 164.8000030517578,
      "pullback_from_resistance_pct": 7.026700010083023,
      "state": "uptrend",
      "rank_score": 1.7839240844481152
    },
    {
      "ticker": "CIFR",
      "tf": "1d",
      "bars_used": 350,
      "close": 17.920000076293945,
      "sma20": 16.687999868392943,
      "sma50": 17.09859983444214,
      "trend_ok": true,
      "prior_downtrend_ok": true,
      "down_slope": -0.05543058075108626,
      "fresh_uptrend_ok": true,
      "up_slope": 0.19624238447709516,
      "up_hh_steps": 2,
      "up_hl_steps": 2,
      "up_pivot_highs": 3,
      "up_pivot_lows": 3,
      "resistance": 19.695999145507812,
      "pullback_from_resistance_pct": 9.017054966815076,
      "state": "uptrend",
      "rank_score": 1.7427557168971344
    },
    {
      "ticker": "CRWV",
      "tf": "1d",
      "bars_used": 204,
      "close": 95.22000122070312,
      "sma20": 82.55050086975098,
      "sma50": 81.34000045776367,
      "trend_ok": true,
      "prior_downtrend_ok": true,
      "down_slope": -0.32097935345562045,
      "fresh_uptrend_ok": true,
      "up_slope": 2.6666669903379496,
      "up_hh_steps": 2,
      "up_hl_steps": 1,
      "up_pivot_highs": 3,
      "up_pivot_lows": 2,
      "resistance": 102.97899627685547,
      "pullback_from_resistance_pct": 7.534541349861825,
      "state": "uptrend",
      "rank_score": 1.7000000000000002
    },
    {
      "ticker": "CRML",
      "tf": "1d",
      "bars_used": 350,
      "close": 17.170000076293945,
      "sma20": 11.527500009536743,
      "sma50": 9.815199985504151,
      "trend_ok": true,
      "prior_downtrend_ok": true,
      "down_slope": -0.03893245961831614,
      "fresh_uptrend_ok": true,
      "up_slope": 0.6184847860625295,
      "up_hh_steps": 1,
      "up_hl_steps": 1,
      "up_pivot_highs": 2,
      "up_pivot_lows": 2,
      "resistance": 19.049999237060547,
      "pullback_from_resistance_pct": 9.868762394011986,
      "state": "uptrend",
      "rank_score": 1.55
    },
    {
      "ticker": "ELUT",
      "tf": "1d",
      "bars_used": 350,
      "close": 0.8420000076293945,
      "sma20": 0.6722500056028367,
      "sma50": 0.6812800002098084,
      "trend_ok": true,
      "prior_downtrend_ok": true,
      "down_slope": -0.0059891175150200305,
      "fresh_uptrend_ok": true,
      "up_slope": 0.02521212100982666,
      "up_hh_steps": 1,
      "up_hl_steps": 1,
      "up_pivot_highs": 2,
      "up_pivot_lows": 2,
      "resistance": 0.9110000133514404,
      "pullback_from_resistance_pct": 7.574094918857862,
      "state": "uptrend",
      "rank_score": 1.54910483850073
    },
    {
      "ticker": "CLSK",
      "tf": "1d",
      "bars_used": 350,
      "close": 12.760000228881836,
      "sma20": 11.86449999809265,
      "sma50": 12.524099922180175,
      "trend_ok": true,
      "prior_downtrend_ok": true,