{
  "updated_utc": "2026-01-23T23:05:28.910713+00:00",
  "tf": "1d",
  "params": {
    "n_down": 40,
    "n_up": 10,
    "n_corr": 8,
    "sma_slow": 50,
    "sma_fast": 20,
    "pivot_strength": 1,
    "min_hh_steps": 1,
    "min_hl_steps": 1,
    "corr_min_pct": 0.5,
    "corr_max_pct": 12.0,
    "near_resistance_pct": 6.0,
    "breakout_wiggle_pct": 0.2
  },
  "count": 18,
  "data": [
    {
      "ticker": "ELUT",
      "tf": "1d",
      "bars_used": 350,
      "close": 1.0099999904632568,
      "sma20": 0.7120500057935715,
      "sma50": 0.683140001296997,
      "trend_ok": true,
      "prior_downtrend_ok": true,
      "down_slope": -0.004063883077136571,
      "fresh_uptrend_ok": true,
      "up_slope": 0.029163638389471804,
      "up_hh_steps": 1,
      "up_hl_steps": 1,
      "up_pivot_highs": 2,
      "up_pivot_lows": 2,
      "resistance": 0.9110000133514404,
      "pullback_from_resistance_pct": -10.86717625256771,
      "state": "uptrend",
      "rank_score": 4.361196042094618
    },
    {
      "ticker": "DERM",
      "tf": "1d",
      "bars_used": 350,
      "close": 9.260000228881836,
      "sma20": 7.886499953269959,
      "sma50": 7.902199974060059,
      "trend_ok": true,
      "prior_downtrend_ok": true,
      "down_slope": -0.01633020592451543,
      "fresh_uptrend_ok": true,
      "up_slope": 0.2075757633556019,
      "up_hh_steps": 2,
      "up_hl_steps": 1,
      "up_pivot_highs": 3,
      "up_pivot_lows": 2,
      "resistance": 9.0,
      "pullback_from_resistance_pct": -2.8888914320203996,
      "state": "uptrend",
      "rank_score": 3.181481905336733
    },
    {
      "ticker": "ECBK",
      "tf": "1d",
      "bars_used": 350,
      "close": 17.399999618530273,
      "sma20": 17.264499950408936,
      "sma50": 17.242799911499024,
      "trend_ok": true,
      "prior_downtrend_ok": true,
      "down_slope": -0.004665109766804479,
      "fresh_uptrend_ok": true,
      "up_slope": 0.023818125869288588,
      "up_hh_steps": 1,
      "up_hl_steps": 1,
      "up_pivot_highs": 3,
      "up_pivot_lows": 2,
      "resistance": 17.489999771118164,
      "pullback_from_resistance_pct": 0.514580639026142,
      "state": "correction",
      "rank_score": 3.0501225151449347
    },
    {
      "ticker": "ENLV",
      "tf": "1d",
      "bars_used": 350,
      "close": 1.0499999523162842,
      "sma20": 0.8537000030279159,
      "sma50": 0.920440001487732,
      "trend_ok": true,
      "prior_downtrend_ok": true,
      "down_slope": -0.007345215503762408,
      "fresh_uptrend_ok": true,
      "up_slope": 0.016533331076304118,
      "up_hh_steps": 1,
      "up_hl_steps": 1,
      "up_pivot_highs": 2,
      "up_pivot_lows": 2,
      "resistance": 1.0299999713897705,
      "pullback_from_resistance_pct": -1.9417457749564655,
      "state": "uptrend",
      "rank_score": 2.870098149480345
    },
    {
      "ticker": "CPHC",
      "tf": "1d",
      "bars_used": 350,
      "close": 15.739999771118164,
      "sma20": 15.280456066131592,
      "sma50": 15.23714101791382,
      "trend_ok": true,
      "prior_downtrend_ok": true,
      "down_slope": -0.008687514077879026,
      "fresh_uptrend_ok": true,
      "up_slope": 0.0865454760464755,
      "up_hh_steps": 2,
      "up_hl_steps": 1,
      "up_pivot_highs": 3,
      "up_pivot_lows": 2,
      "resistance": 16.15999984741211,
      "pullback_from_resistance_pct": 2.599010397646785,
      "state": "correction",
      "rank_score": 2.858834236324316
    },
    {
      "ticker": "ESOA",
      "tf": "1d",
      "bars_used": 350,
      "close": 9.220000267028809,
      "sma20": 8.354949355125427,
      "sma50": 8.735876274108886,
      "trend_ok": true,
      "prior_downtrend_ok": true,
      "down_slope": -0.05669840800158302,
      "fresh_uptrend_ok": true,
      "up_slope": 0.10963633566191702,
      "up_hh_steps": 1,
      "up_hl_steps": 1,
      "up_pivot_highs": 2,
      "up_pivot_lows": 2,
      "resistance": 9.079999923706055,
      "pullback_from_resistance_pct": -1.5418540143072155,
      "state": "uptrend",
      "rank_score": 2.8069756690512024
    },
    {
      "ticker": "FIZZ",
      "tf": "1d",
      "bars_used": 350,
      "close": 33.61000061035156,
      "sma20": 32.691499614715575,
      "sma50": 33.30579982757568,
      "trend_ok": true,
      "prior_downtrend_ok": true,
      "down_slope": -0.04528801526182364,
      "fresh_uptrend_ok": true,
      "up_slope": 0.10218191435842804,
      "up_hh_steps": 1,
      "up_hl_steps": 2,
      "up_pivot_highs": 2,
      "up_pivot_lows": 3,
      "resistance": 34.0,
      "pullback_from_resistance_pct": 1.1470570283777575,
      "state": "uptrend",
      "rank_score": 2.456938459713076
    },
    {
      "ticker": "EOSE",
      "tf": "1d",
      "bars_used": 350,
      "close": 18.219999313354492,
      "sma20": 14.574999952316285,
      "sma50": 14.40400001525879,
      "trend_ok": true,
      "prior_downtrend_ok": true,
      "down_slope": -0.08062288747719484,
      "fresh_uptrend_ok": true,
      "up_slope": 0.3695151646931966,
      "up_hh_steps": 2,
      "up_hl_steps": 1,
      "up_pivot_highs": 3,
      "up_pivot_lows": 2,
      "resistance": 18.559999465942383,
      "pullback_from_resistance_pct": 1.831897426569388,
      "state": "uptrend",
      "rank_score": 2.394683762238435
    },
    {
      "ticker": "ELVN",
      "tf": "1d",
      "bars_used": 350,
      "close": 27.030000686645508,
      "sma20": 20.85274991989136,
      "sma50": 20.326100006103516,
      "trend_ok": true,
      "prior_downtrend_ok": true,
      "down_slope": -0.18447841783849203,
      "fresh_uptrend_ok": true,
      "up_slope": 0.33063634236653644,
      "up_hh_steps": 1,
      "up_hl_steps": 1,
      "up_pivot_highs": 3,
      "up_pivot_lows": 2,
      "resistance": 27.46299934387207,
      "pullback_from_resistance_pct": 1.5766619363197096,
      "state": "uptrend",
      "rank_score": 2.273707456538862
    },
    {
      "ticker": "CHAI",
      "tf": "1d",
      "bars_used": 350,
      "close": 2.4600000381469727,
      "sma20": 2.122749984264374,
      "sma50": 2.3938999938964844,
      "trend_ok": true,
      "prior_downtrend_ok": true,
      "down_slope": -0.025812852986534362,
      "fresh_uptrend_ok": true,
      "up_slope": 0.014424246007745917,
      "up_hh_steps": 1,
      "up_hl_steps": 1,
      "up_pivot_highs": 3,
      "up_pivot_lows": 2,
      "resistance": 2.490000009536743,
      "pullback_from_resistance_pct": 1.204818123488759,
      "state": "uptrend",
      "rank_score": 2.208135896103504
    },
    {
      "ticker": "EDRY",
      "tf": "1d",
      "bars_used": 350,
      "close": 13.25,
      "sma20": 13.07900004386902,
      "sma50": 13.169540042877196,
      "trend_ok": true,
      "prior_downtrend_ok": true,
      "down_slope": -0.009090809884706537,
      "fresh_uptrend_ok": true,
      "up_slope": 0.08621208306514856,
      "up_hh_steps": 1,
      "up_hl_steps": 1,
      "up_pivot_highs": 3,
      "up_pivot_lows": 2,
      "resistance": 13.699999809265137,
      "pullback_from_resistance_pct": 3.2846701863514447,
      "state": "uptrend",
      "rank_score": 1.9674989477410076
    },
    {
      "ticker": "EQIX",
      "tf": "1d",
      "bars_used": 350,
      "close": 792.760009765625,
      "sma20": 781.3109985351563,
      "sma50": 767.5325830078125,
      "trend_ok": true,
      "prior_downtrend_ok": true,
      "down_slope": -0.4226956823753371,
      "fresh_uptrend_ok": true,
      "up_slope": 0.42266845703125,
      "up_hh_steps": 1,
      "up_hl_steps": 1,
      "up_pivot_highs": 3,
      "up_pivot_lows": 2,
      "resistance": 809.5399780273438,
      "pullback_from_resistance_pct": 2.072778209497144,
      "state": "uptrend",
      "rank_score": 1.9595862458642377
    },
    {
      "ticker": "CLSK",
      "tf": "1d",
      "bars_used": 350,
      "close": 13.1899995803833,
      "sma20": 11.957999992370606,
      "sma50": 12.424699935913086,
      "trend_ok": true,
      "prior_downtrend_ok": true,