{
  "updated_utc": "2026-01-24T20:43:01.374390+00:00",
  "tf": "1d",
  "params": {
    "n_down": 40,
    "n_up": 10,
    "n_corr": 8,
    "sma_slow": 50,
    "sma_fast": 20,
    "pivot_strength": 1,
    "min_hh_steps": 1,
    "min_hl_steps": 1,
    "corr_min_pct": 0.5,
    "corr_max_pct": 12.0,
    "near_resistance_pct": 6.0,
    "breakout_wiggle_pct": 0.2
  },
  "count": 12,
  "data": [
    {
      "ticker": "CTNM",
      "tf": "1d",
      "bars_used": 350,
      "close": 12.989999771118164,
      "sma20": 11.199500036239623,
      "sma50": 11.360699996948242,
      "trend_ok": true,
      "prior_downtrend_ok": true,
      "down_slope": -0.005637425374358504,
      "fresh_uptrend_ok": true,
      "up_slope": 0.3879393664273349,
      "up_hh_steps": 1,
      "up_hl_steps": 1,
      "up_pivot_highs": 2,
      "up_pivot_lows": 2,
      "resistance": 12.289999961853027,
      "pullback_from_resistance_pct": -5.695686016581517,
      "state": "uptrend",
      "rank_score": 3.4992810027635857
    },
    {
      "ticker": "ENLV",
      "tf": "1d",
      "bars_used": 350,
      "close": 1.0800000429153442,
      "sma20": 0.8664000064134598,
      "sma50": 0.9220400023460388,
      "trend_ok": true,
      "prior_downtrend_ok": true,
      "down_slope": -0.007298498820184991,
      "fresh_uptrend_ok": true,
      "up_slope": 0.01700606057138154,
      "up_hh_steps": 1,
      "up_hl_steps": 1,
      "up_pivot_highs": 2,
      "up_pivot_lows": 2,
      "resistance": 1.0299999713897705,
      "pullback_from_resistance_pct": -4.854376011108917,
      "state": "uptrend",
      "rank_score": 3.3551596332723967
    },
    {
      "ticker": "ECBK",
      "tf": "1d",
      "bars_used": 350,
      "close": 17.399999618530273,
      "sma20": 17.273999977111817,
      "sma50": 17.2431999206543,
      "trend_ok": true,
      "prior_downtrend_ok": true,
      "down_slope": -0.004321771446356854,
      "fresh_uptrend_ok": true,
      "up_slope": 0.0252726699366714,
      "up_hh_steps": 1,
      "up_hl_steps": 1,
      "up_pivot_highs": 3,
      "up_pivot_lows": 2,
      "resistance": 17.489999771118164,
      "pullback_from_resistance_pct": 0.514580639026142,
      "state": "correction",
      "rank_score": 3.0566627718715473
    },
    {
      "ticker": "FIZZ",
      "tf": "1d",
      "bars_used": 350,
      "close": 33.7400016784668,
      "sma20": 32.78599967956543,
      "sma50": 33.3243998336792,
      "trend_ok": true,
      "prior_downtrend_ok": true,
      "down_slope": -0.04843904573966593,
      "fresh_uptrend_ok": true,
      "up_slope": 0.09539406516335228,
      "up_hh_steps": 1,
      "up_hl_steps": 2,
      "up_pivot_highs": 2,
      "up_pivot_lows": 3,
      "resistance": 34.22999954223633,
      "pullback_from_resistance_pct": 1.4314866208657815,
      "state": "correction",
      "rank_score": 3.0009911915916394
    },
    {
      "ticker": "CPHC",
      "tf": "1d",
      "bars_used": 350,
      "close": 15.90999984741211,
      "sma20": 15.325446796417236,
      "sma50": 15.241799335479737,
      "trend_ok": true,
      "prior_downtrend_ok": true,
      "down_slope": -0.007406432633104736,
      "fresh_uptrend_ok": true,
      "up_slope": 0.09915151307077119,
      "up_hh_steps": 1,
      "up_hl_steps": 1,
      "up_pivot_highs": 2,
      "up_pivot_lows": 2,
      "resistance": 16.15999984741211,
      "pullback_from_resistance_pct": 1.5470297175778465,
      "state": "correction",
      "rank_score": 2.8921617137370257
    },
    {
      "ticker": "EDRY",
      "tf": "1d",
      "bars_used": 350,
      "close": 13.430000305175781,
      "sma20": 13.100500059127807,
      "sma50": 13.168560047149658,
      "trend_ok": true,
      "prior_downtrend_ok": true,
      "down_slope": -0.008830677322330439,
      "fresh_uptrend_ok": true,
      "up_slope": 0.07579999981504498,
      "up_hh_steps": 1,
      "up_hl_steps": 1,
      "up_pivot_highs": 3,
      "up_pivot_lows": 3,
      "resistance": 13.699999809265137,
      "pullback_from_resistance_pct": 1.9707993273602693,
      "state": "uptrend",
      "rank_score": 2.1654080248817587
    },
    {
      "ticker": "DERM",
      "tf": "1d",
      "bars_used": 350,
      "close": 8.680000305175781,
      "sma20": 7.922499966621399,
      "sma50": 7.896799983978272,
      "trend_ok": true,
      "prior_downtrend_ok": true,
      "down_slope": -0.014022514430935343,
      "fresh_uptrend_ok": true,
      "up_slope": 0.18181820782748134,
      "up_hh_steps": 2,
      "up_hl_steps": 1,
      "up_pivot_highs": 3,
      "up_pivot_lows": 2,
      "resistance": 9.0,
      "pullback_from_resistance_pct": 3.5555521647135415,
      "state": "uptrend",
      "rank_score": 2.107407972547743
    },
    {
      "ticker": "EOSE",
      "tf": "1d",
      "bars_used": 350,
      "close": 17.110000610351562,
      "sma20": 14.832499980926514,
      "sma50": 14.362400016784669,
      "trend_ok": true,
      "prior_downtrend_ok": true,
      "down_slope": -0.05932175858159451,
      "fresh_uptrend_ok": true,
      "up_slope": 0.21381828423702356,
      "up_hh_steps": 3,
      "up_hl_steps": 1,
      "up_pivot_highs": 4,
      "up_pivot_lows": 2,
      "resistance": 18.739999771118164,
      "pullback_from_resistance_pct": 8.697967879800801,
      "state": "uptrend",
      "rank_score": 1.8274695521747524
    },
    {
      "ticker": "ECOR",
      "tf": "1d",
      "bars_used": 350,
      "close": 7.46999979019165,
      "sma20": 5.773250007629395,
      "sma50": 5.297100038528442,
      "trend_ok": true,
      "prior_downtrend_ok": true,
      "down_slope": -0.018927299730325954,
      "fresh_uptrend_ok": true,
      "up_slope": 0.17769695050788648,
      "up_hh_steps": 1,
      "up_hl_steps": 1,
      "up_pivot_highs": 2,
      "up_pivot_lows": 2,
      "resistance": 8.0,
      "pullback_from_resistance_pct": 6.62500262260437,
      "state": "uptrend",
      "rank_score": 1.55
    },
    {
      "ticker": "CJMB",
      "tf": "1d",
      "bars_used": 243,
      "close": 2.9700000286102295,
      "sma20": 1.8549999952316285,
      "sma50": 2.140199992656708,
      "trend_ok": true,
      "prior_downtrend_ok": true,
      "down_slope": -0.06983489663694857,
      "fresh_uptrend_ok": true,
      "up_slope": 0.2400000015894572,
      "up_hh_steps": 1,
      "up_hl_steps": 1,
      "up_pivot_highs": 3,
      "up_pivot_lows": 2,
      "resistance": 3.299999952316284,
      "pullback_from_resistance_pct": 9.999997832558341,
      "state": "uptrend",
      "rank_score": 1.4687940202938907
    },
    {
      "ticker": "CRWV",
      "tf": "1d",
      "bars_used": 207,
      "close": 92.9800033569336,
      "sma20": 84.08700103759766,
      "sma50": 80.58540054321288,
      "trend_ok": true,
      "prior_downtrend_ok": true,
      "down_slope": -0.036881790733695255,
      "fresh_uptrend_ok": true,
      "up_slope": 1.1146062677556818,
      "up_hh_steps": 1,
      "up_hl_steps": 1,
      "up_pivot_highs": 3,
      "up_pivot_lows": 2,
      "resistance": 99.47000122070312,
      "pullback_from_resistance_pct": 6.524578047777021,
      "state": "uptrend",
      "rank_score": 1.4608359756935902
    },
    {
      "ticker": "CIFR",
      "tf": "1d",
      "bars_used": 350,
      "close": 17.56999969482422,
      "sma20": 16.898999834060668,
      "sma50": 16.911199817657472,
      "trend_ok": true,
      "prior_downtrend_ok": true,
      "down_slope": -0.01344183721417111,
      "fresh_uptrend_ok": true,
      "up_slope": 0.02684846357865767,
      "up_hh_steps": 1,
      "up_hl_steps": 1,
      "up_pivot_highs": 3,
      "up_pivot_lows": 3,
      "resistance": 19.5,
      "pullback_from_resistance_pct": 9.897437462439903,
      "state": "uptrend",
      "rank_score": 1.2990208064947777
    }
  ]
}