{
  "updated_utc": "2026-01-19T20:52:18.111281+00:00",
  "tf": "1d",
  "params": {
    "n_down": 40,
    "n_up": 10,
    "n_corr": 8,
    "sma_slow": 50,
    "sma_fast": 20,
    "pivot_strength": 1,
    "min_hh_steps": 1,
    "min_hl_steps": 1,
    "corr_min_pct": 0.5,
    "corr_max_pct": 12.0,
    "near_resistance_pct": 6.0,
    "breakout_wiggle_pct": 0.2
  },
  "count": 11,
  "data": [
    {
      "ticker": "PCT",
      "tf": "1d",
      "bars_used": 350,
      "close": 11.760000228881836,
      "sma20": 9.623750019073487,
      "sma50": 9.213300018310546,
      "trend_ok": true,
      "prior_downtrend_ok": true,
      "down_slope": -0.020221391269905707,
      "fresh_uptrend_ok": true,
      "up_slope": 0.28821212884151576,
      "up_hh_steps": 1,
      "up_hl_steps": 2,
      "up_pivot_highs": 2,
      "up_pivot_lows": 3,
      "resistance": 10.65999984741211,
      "pullback_from_resistance_pct": -10.318953069560969,
      "state": "uptrend",
      "rank_score": 4.369825511593494
    },
    {
      "ticker": "OTTR",
      "tf": "1d",
      "bars_used": 350,
      "close": 87.8499984741211,
      "sma20": 83.58450012207031,
      "sma50": 83.17338470458985,
      "trend_ok": true,
      "prior_downtrend_ok": true,
      "down_slope": -0.012073242015731268,
      "fresh_uptrend_ok": true,
      "up_slope": 0.8041818329782197,
      "up_hh_steps": 1,
      "up_hl_steps": 2,
      "up_pivot_highs": 2,
      "up_pivot_lows": 3,
      "resistance": 88.47000122070312,
      "pullback_from_resistance_pct": 0.7008056267969651,
      "state": "correction",
      "rank_score": 3.133199062200506
    },
    {
      "ticker": "RWAY",
      "tf": "1d",
      "bars_used": 350,
      "close": 9.390000343322754,
      "sma20": 9.11550006866455,
      "sma50": 9.170880451202393,
      "trend_ok": true,
      "prior_downtrend_ok": true,
      "down_slope": -0.012946927122506146,
      "fresh_uptrend_ok": true,
      "up_slope": 0.0320000272808653,
      "up_hh_steps": 1,
      "up_hl_steps": 1,
      "up_pivot_highs": 2,
      "up_pivot_lows": 2,
      "resistance": 9.59000015258789,
      "pullback_from_resistance_pct": 2.085503713064761,
      "state": "correction",
      "rank_score": 2.7594111615205255
    },
    {
      "ticker": "RNAZ",
      "tf": "1d",
      "bars_used": 350,
      "close": 8.9399995803833,
      "sma20": 7.687749981880188,
      "sma50": 8.483959970474244,
      "trend_ok": true,
      "prior_downtrend_ok": true,
      "down_slope": -0.05618142576199759,
      "fresh_uptrend_ok": true,
      "up_slope": 0.20896968841552735,
      "up_hh_steps": 1,
      "up_hl_steps": 1,
      "up_pivot_highs": 3,
      "up_pivot_lows": 2,
      "resistance": 9.260000228881836,
      "pullback_from_resistance_pct": 3.455730459924361,
      "state": "correction",
      "rank_score": 2.57404492334594
    },
    {
      "ticker": "PAHC",
      "tf": "1d",
      "bars_used": 350,
      "close": 41.06999969482422,
      "sma20": 38.82399997711182,
      "sma50": 40.74579872131348,
      "trend_ok": true,
      "prior_downtrend_ok": true,
      "down_slope": -0.19159951093720226,
      "fresh_uptrend_ok": true,
      "up_slope": 0.1984848484848485,
      "up_hh_steps": 1,
      "up_hl_steps": 2,
      "up_pivot_highs": 2,
      "up_pivot_lows": 3,
      "resistance": 41.27299880981445,
      "pullback_from_resistance_pct": 0.4918448400748687,
      "state": "uptrend",
      "rank_score": 2.5638141342498137
    },
    {
      "ticker": "OS",
      "tf": "1d",
      "bars_used": 350,
      "close": 23.6200008392334,
      "sma20": 20.838999938964843,
      "sma50": 20.308199920654296,
      "trend_ok": true,
      "prior_downtrend_ok": true,
      "down_slope": -0.10555159549104787,
      "fresh_uptrend_ok": true,
      "up_slope": 0.2883030746922349,
      "up_hh_steps": 1,
      "up_hl_steps": 1,
      "up_pivot_highs": 3,
      "up_pivot_lows": 2,
      "resistance": 23.690000534057617,
      "pullback_from_resistance_pct": 0.2954820314317199,
      "state": "uptrend",
      "rank_score": 2.3845694854143367
    },
    {
      "ticker": "SMID",
      "tf": "1d",
      "bars_used": 350,
      "close": 36.65999984741211,
      "sma20": 35.52800045013428,
      "sma50": 35.20760040283203,
      "trend_ok": true,
      "prior_downtrend_ok": true,
      "down_slope": -0.03225984734397445,
      "fresh_uptrend_ok": true,
      "up_slope": 0.2798181476015033,
      "up_hh_steps": 1,
      "up_hl_steps": 1,
      "up_pivot_highs": 2,
      "up_pivot_lows": 2,
      "resistance": 36.97999954223633,
      "pullback_from_resistance_pct": 0.8653317976890031,
      "state": "uptrend",
      "rank_score": 2.3672618085851735
    },
    {
      "ticker": "OUST",
      "tf": "1d",
      "bars_used": 350,
      "close": 26.360000610351562,
      "sma20": 24.455000019073488,
      "sma50": 23.724799995422362,
      "trend_ok": true,
      "prior_downtrend_ok": true,
      "down_slope": -0.03012288811059204,
      "fresh_uptrend_ok": true,
      "up_slope": 0.20563636548591382,
      "up_hh_steps": 2,
      "up_hl_steps": 2,
      "up_pivot_highs": 4,
      "up_pivot_lows": 3,
      "resistance": 28.56999969482422,
      "pullback_from_resistance_pct": 7.735383647459482,
      "state": "uptrend",
      "rank_score": 1.7040879927100165
    },
    {
      "ticker": "PRZO",
      "tf": "1d",
      "bars_used": 350,
      "close": 1.3700000047683716,
      "sma20": 1.174799993634224,
      "sma50": 1.2657199966907502,
      "trend_ok": true,
      "prior_downtrend_ok": true,
      "down_slope": -0.009472232928419203,
      "fresh_uptrend_ok": true,
      "up_slope": 0.022909090013215037,
      "up_hh_steps": 1,
      "up_hl_steps": 2,
      "up_pivot_highs": 2,
      "up_pivot_lows": 3,
      "resistance": 1.5149999856948853,
      "pullback_from_resistance_pct": 9.570955927105604,
      "state": "uptrend",
      "rank_score": 1.5599700729858446
    },
    {
      "ticker": "PDYN",
      "tf": "1d",
      "bars_used": 350,
      "close": 6.75,
      "sma20": 5.453250074386597,
      "sma50": 5.580000019073486,
      "trend_ok": true,
      "prior_downtrend_ok": true,
      "down_slope": -0.06481003564473165,
      "fresh_uptrend_ok": true,
      "up_slope": 0.15324242331764915,
      "up_hh_steps": 1,
      "up_hl_steps": 1,
      "up_pivot_highs": 2,
      "up_pivot_lows": 2,
      "resistance": 7.650000095367432,
      "pullback_from_resistance_pct": 11.764706982323304,
      "state": "uptrend",
      "rank_score": 1.55
    },
    {
      "ticker": "RR",
      "tf": "1d",
      "bars_used": 350,
      "close": 3.880000114440918,
      "sma20": 3.594749999046326,
      "sma50": 3.6575,
      "trend_ok": true,
      "prior_downtrend_ok": true,
      "down_slope": -0.00036163285346684334,
      "fresh_uptrend_ok": true,
      "up_slope": 0.03290909853848544,
      "up_hh_steps": 1,
      "up_hl_steps": 2,
      "up_pivot_highs": 3,
      "up_pivot_lows": 3,
      "resistance": 4.125,
      "pullback_from_resistance_pct": 5.939391165068655,
      "state": "uptrend",
      "rank_score": 1.5483861563834451
    }
  ]
}