{
  "updated_utc": "2026-01-16T20:51:58.048878+00:00",
  "tf": "1d",
  "params": {
    "n_down": 40,
    "n_up": 10,
    "n_corr": 8,
    "sma_slow": 50,
    "sma_fast": 20,
    "pivot_strength": 1,
    "min_hh_steps": 1,
    "min_hl_steps": 1,
    "corr_min_pct": 0.5,
    "corr_max_pct": 12.0,
    "near_resistance_pct": 6.0,
    "breakout_wiggle_pct": 0.2
  },
  "count": 20,
  "data": [
    {
      "ticker": "EWCZ",
      "tf": "1d",
      "bars_used": 350,
      "close": 4.340000152587891,
      "sma20": 3.803500032424927,
      "sma50": 3.8348000335693357,
      "trend_ok": true,
      "prior_downtrend_ok": true,
      "down_slope": -0.0008724210633569542,
      "fresh_uptrend_ok": true,
      "up_slope": 0.06703032146800648,
      "up_hh_steps": 1,
      "up_hl_steps": 1,
      "up_pivot_highs": 3,
      "up_pivot_lows": 2,
      "resistance": 4.144999980926514,
      "pullback_from_resistance_pct": -4.704467371741445,
      "state": "uptrend",
      "rank_score": 3.3070091032406403
    },
    {
      "ticker": "CRWV",
      "tf": "1d",
      "bars_used": 202,
      "close": 95.01000213623047,
      "sma20": 79.33950080871583,
      "sma50": 82.01440032958985,
      "trend_ok": true,
      "prior_downtrend_ok": true,
      "down_slope": -0.557468087230346,
      "fresh_uptrend_ok": true,
      "up_slope": 1.9441821011629972,
      "up_hh_steps": 1,
      "up_hl_steps": 2,
      "up_pivot_highs": 3,
      "up_pivot_lows": 3,
      "resistance": 91.94000244140625,
      "pullback_from_resistance_pct": -3.3391337973704562,
      "state": "uptrend",
      "rank_score": 3.2065222995617426
    },
    {
      "ticker": "DERM",
      "tf": "1d",
      "bars_used": 350,
      "close": 8.359999656677246,
      "sma20": 7.72099997997284,
      "sma50": 7.927599964141845,
      "trend_ok": true,
      "prior_downtrend_ok": true,
      "down_slope": -0.023798307513653895,
      "fresh_uptrend_ok": true,
      "up_slope": 0.10793939937244762,
      "up_hh_steps": 1,
      "up_hl_steps": 1,
      "up_pivot_highs": 2,
      "up_pivot_lows": 2,
      "resistance": 8.109999656677246,
      "pullback_from_resistance_pct": -3.0826141872172124,
      "state": "uptrend",
      "rank_score": 3.051071902161152
    },
    {
      "ticker": "FGBI",
      "tf": "1d",
      "bars_used": 350,
      "close": 7.920000076293945,
      "sma20": 6.189960050582886,
      "sma50": 5.578394804000855,
      "trend_ok": true,
      "prior_downtrend_ok": true,
      "down_slope": -0.02099258434481737,
      "fresh_uptrend_ok": true,
      "up_slope": 0.19690908374208393,
      "up_hh_steps": 1,
      "up_hl_steps": 1,
      "up_pivot_highs": 2,
      "up_pivot_lows": 2,
      "resistance": 7.75,
      "pullback_from_resistance_pct": -2.193549371534778,
      "state": "uptrend",
      "rank_score": 2.8881937660249526
    },
    {
      "ticker": "DLPN",
      "tf": "1d",
      "bars_used": 350,
      "close": 1.659999966621399,
      "sma20": 1.539000004529953,
      "sma50": 1.5974000024795532,
      "trend_ok": true,
      "prior_downtrend_ok": true,
      "down_slope": -0.006143527071203121,
      "fresh_uptrend_ok": true,
      "up_slope": 0.0061818122863769535,
      "up_hh_steps": 1,
      "up_hl_steps": 1,
      "up_pivot_highs": 2,
      "up_pivot_lows": 2,
      "resistance": 1.6799999475479126,
      "pullback_from_resistance_pct": 1.1904750923180183,
      "state": "correction",
      "rank_score": 2.8752297260585484
    },
    {
      "ticker": "CRNT",
      "tf": "1d",
      "bars_used": 350,
      "close": 2.3399999141693115,
      "sma20": 2.152999985218048,
      "sma50": 2.1189999842643736,
      "trend_ok": true,
      "prior_downtrend_ok": true,
      "down_slope": -0.005208255437256918,
      "fresh_uptrend_ok": true,
      "up_slope": 0.014363624110366359,
      "up_hh_steps": 1,
      "up_hl_steps": 1,
      "up_pivot_highs": 2,
      "up_pivot_lows": 2,
      "resistance": 2.2899999618530273,
      "pullback_from_resistance_pct": -2.1834040676500757,
      "state": "uptrend",
      "rank_score": 2.8591868024530704
    },
    {
      "ticker": "ECOR",
      "tf": "1d",
      "bars_used": 350,
      "close": 6.789999961853027,
      "sma20": 5.145250034332276,
      "sma50": 5.126500034332276,
      "trend_ok": true,
      "prior_downtrend_ok": true,
      "down_slope": -0.0254939009056306,
      "fresh_uptrend_ok": true,
      "up_slope": 0.27296969384858105,
      "up_hh_steps": 1,
      "up_hl_steps": 1,
      "up_pivot_highs": 2,
      "up_pivot_lows": 2,
      "resistance": 6.670000076293945,
      "pullback_from_resistance_pct": -1.7990987134404595,
      "state": "uptrend",
      "rank_score": 2.8498497855734097
    },
    {
      "ticker": "DORM",
      "tf": "1d",
      "bars_used": 350,
      "close": 128.7899932861328,
      "sma20": 126.01349983215331,
      "sma50": 128.4547996520996,
      "trend_ok": true,
      "prior_downtrend_ok": true,
      "down_slope": -0.22852341900623313,
      "fresh_uptrend_ok": true,
      "up_slope": 0.34872709332090435,
      "up_hh_steps": 1,
      "up_hl_steps": 1,
      "up_pivot_highs": 2,
      "up_pivot_lows": 3,
      "resistance": 130.8000030517578,
      "pullback_from_resistance_pct": 1.5367046779269837,
      "state": "correction",
      "rank_score": 2.823236566875984
    },
    {
      "ticker": "CNDT",
      "tf": "1d",
      "bars_used": 350,
      "close": 2.069999933242798,
      "sma20": 1.9899999797344208,
      "sma50": 1.9823999881744385,
      "trend_ok": true,
      "prior_downtrend_ok": true,
      "down_slope": -0.0012617262733810167,
      "fresh_uptrend_ok": true,
      "up_slope": 0.009636360948736017,
      "up_hh_steps": 1,
      "up_hl_steps": 1,
      "up_pivot_highs": 2,
      "up_pivot_lows": 2,
      "resistance": 2.0999999046325684,
      "pullback_from_resistance_pct": 1.428570131055293,
      "state": "correction",
      "rank_score": 2.820746063152882
    },
    {
      "ticker": "EMBC",
      "tf": "1d",
      "bars_used": 350,
      "close": 12.600000381469727,
      "sma20": 12.178500032424926,
      "sma50": 12.627188034057617,
      "trend_ok": true,
      "prior_downtrend_ok": true,
      "down_slope": -0.07152144090319663,
      "fresh_uptrend_ok": true,
      "up_slope": 0.1137576016512784,
      "up_hh_steps": 1,
      "up_hl_steps": 1,
      "up_pivot_highs": 2,
      "up_pivot_lows": 2,
      "resistance": 13.029999732971191,
      "pullback_from_resistance_pct": 3.3000718366355133,
      "state": "correction",
      "rank_score": 2.5660806137714745
    },
    {
      "ticker": "CSGS",
      "tf": "1d",
      "bars_used": 350,
      "close": 79.4800033569336,
      "sma20": 77.78950691223145,
      "sma50": 77.60083847045898,
      "trend_ok": true,
      "prior_downtrend_ok": true,
      "down_slope": -0.042342466171865836,
      "fresh_uptrend_ok": true,
      "up_slope": 0.31266673694957386,
      "up_hh_steps": 1,
      "up_hl_steps": 1,
      "up_pivot_highs": 2,
      "up_pivot_lows": 2,
      "resistance": 79.62999725341797,
      "pullback_from_resistance_pct": 0.18836355853062245,
      "state": "uptrend",
      "rank_score": 2.5023650084825046
    },
    {
      "ticker": "CCOI",
      "tf": "1d",
      "bars_used": 350,
      "close": 23.209999084472656,
      "sma20": 22.1270001411438,
      "sma50": 21.67714630126953,
      "trend_ok": true,
      "prior_downtrend_ok": true,
      "down_slope": -0.04646531045996003,
      "fresh_uptrend_ok": true,
      "up_slope": 0.39466661395448627,
      "up_hh_steps": 1,
      "up_hl_steps": 1,
      "up_pivot_highs": 2,
      "up_pivot_lows": 2,
      "resistance": 24.229999542236328,
      "pullback_from_resistance_pct": 4.209659418216935,
      "state": "correction",
      "rank_score": 2.4483900969638444
    },
    {
      "ticker": "EQIX",
      "tf": "1d",
      "bars_used": 350,
      "close": 801.8200073242188,
      "sma20": 773.019497680664,
      "sma50": 769.5735803222656,
      "trend_ok": true,