{
  "updated_utc": "2026-01-28T14:06:32.725087+00:00",
  "tf": "1d",
  "params": {
    "n_down": 40,
    "n_up": 10,
    "n_corr": 8,
    "sma_slow": 50,
    "sma_fast": 20,
    "pivot_strength": 1,
    "min_hh_steps": 1,
    "min_hl_steps": 1,
    "corr_min_pct": 0.5,
    "corr_max_pct": 12.0,
    "near_resistance_pct": 6.0,
    "breakout_wiggle_pct": 0.2
  },
  "count": 13,
  "data": [
    {
      "ticker": "XHLD",
      "tf": "1d",
      "bars_used": 239,
      "close": 3.5199999809265137,
      "sma20": 1.4019999861717225,
      "sma50": 1.969300000667572,
      "trend_ok": true,
      "prior_downtrend_ok": true,
      "down_slope": -0.051544559628162775,
      "fresh_uptrend_ok": true,
      "up_slope": 0.12909090518951416,
      "up_hh_steps": 1,
      "up_hl_steps": 2,
      "up_pivot_highs": 2,
      "up_pivot_lows": 4,
      "resistance": 1.4500000476837158,
      "pullback_from_resistance_pct": -142.7586113910474,
      "state": "uptrend",
      "rank_score": 26.334281326573695
    },
    {
      "ticker": "XOS",
      "tf": "1d",
      "bars_used": 350,
      "close": 2.759999990463257,
      "sma20": 2.1869999945163725,
      "sma50": 2.2175999903678894,
      "trend_ok": true,
      "prior_downtrend_ok": true,
      "down_slope": -0.010166040940758882,
      "fresh_uptrend_ok": true,
      "up_slope": 0.056666658863876805,
      "up_hh_steps": 1,
      "up_hl_steps": 1,
      "up_pivot_highs": 2,
      "up_pivot_lows": 2,
      "resistance": 2.380000114440918,
      "pullback_from_resistance_pct": -15.966380577742283,
      "state": "uptrend",
      "rank_score": 5.155213213406819
    },
    {
      "ticker": "VRSN",
      "tf": "1d",
      "bars_used": 350,
      "close": 249.6300048828125,
      "sma20": 247.3504997253418,
      "sma50": 247.5621533203125,
      "trend_ok": true,
      "prior_downtrend_ok": true,
      "down_slope": -0.19676684581763748,
      "fresh_uptrend_ok": true,
      "up_slope": 0.3809701630563447,
      "up_hh_steps": 1,
      "up_hl_steps": 2,
      "up_pivot_highs": 2,
      "up_pivot_lows": 3,
      "resistance": 255.63999938964844,
      "pullback_from_resistance_pct": 2.3509601475453996,
      "state": "correction",
      "rank_score": 2.7750334439368727
    },
    {
      "ticker": "TLSA",
      "tf": "1d",
      "bars_used": 350,
      "close": 1.7000000476837158,
      "sma20": 1.5439999997615814,
      "sma50": 1.6190000009536742,
      "trend_ok": true,
      "prior_downtrend_ok": true,
      "down_slope": -0.008825516387624544,
      "fresh_uptrend_ok": true,
      "up_slope": 0.033878784468679715,
      "up_hh_steps": 1,
      "up_hl_steps": 2,
      "up_pivot_highs": 2,
      "up_pivot_lows": 3,
      "resistance": 1.7699999809265137,
      "pullback_from_resistance_pct": 3.954798530910498,
      "state": "correction",
      "rank_score": 2.576286735226282
    },
    {
      "ticker": "WENN",
      "tf": "1d",
      "bars_used": 142,
      "close": 10.170000076293945,
      "sma20": 10.125000047683717,
      "sma50": 10.125799942016602,
      "trend_ok": true,
      "prior_downtrend_ok": true,
      "down_slope": -0.0016754150390625,
      "fresh_uptrend_ok": true,
      "up_slope": 0.005757568821762547,
      "up_hh_steps": 1,
      "up_hl_steps": 1,
      "up_pivot_highs": 3,
      "up_pivot_lows": 2,
      "resistance": 10.1899995803833,
      "pullback_from_resistance_pct": 0.19626599522002317,
      "state": "uptrend",
      "rank_score": 2.5172890007966626
    },
    {
      "ticker": "UTSI",
      "tf": "1d",
      "bars_used": 350,
      "close": 2.5999999046325684,
      "sma20": 2.4769999980926514,
      "sma50": 2.442000002861023,
      "trend_ok": true,
      "prior_downtrend_ok": true,
      "down_slope": -0.0007166984157311759,
      "fresh_uptrend_ok": true,
      "up_slope": 0.009090898976181493,
      "up_hh_steps": 1,
      "up_hl_steps": 1,
      "up_pivot_highs": 2,
      "up_pivot_lows": 2,
      "resistance": 2.5899999141693115,
      "pullback_from_resistance_pct": -0.3861000306814344,
      "state": "uptrend",
      "rank_score": 2.434929716338812
    },
    {
      "ticker": "XP",
      "tf": "1d",
      "bars_used": 350,
      "close": 20.200000762939453,
      "sma20": 17.734500217437745,
      "sma50": 17.725014324188233,
      "trend_ok": true,
      "prior_downtrend_ok": true,
      "down_slope": -0.05938797167049787,
      "fresh_uptrend_ok": true,
      "up_slope": 0.4171515840472597,
      "up_hh_steps": 1,
      "up_hl_steps": 1,
      "up_pivot_highs": 2,
      "up_pivot_lows": 2,
      "resistance": 20.344999313354492,
      "pullback_from_resistance_pct": 0.7126987235623142,
      "state": "uptrend",
      "rank_score": 2.4312168794062807
    },
    {
      "ticker": "WYFI",
      "tf": "1d",
      "bars_used": 119,
      "close": 21.600000381469727,
      "sma20": 18.454500102996825,
      "sma50": 18.23050003051758,
      "trend_ok": true,
      "prior_downtrend_ok": true,
      "down_slope": -0.057302537599602965,
      "fresh_uptrend_ok": true,
      "up_slope": 0.22048487807765152,
      "up_hh_steps": 1,
      "up_hl_steps": 1,
      "up_pivot_highs": 3,
      "up_pivot_lows": 2,
      "resistance": 21.81999969482422,
      "pullback_from_resistance_pct": 1.0082461797956708,
      "state": "uptrend",
      "rank_score": 2.3085419012355533
    },
    {
      "ticker": "VERU",
      "tf": "1d",
      "bars_used": 350,
      "close": 2.680000066757202,
      "sma20": 2.427500009536743,
      "sma50": 2.422000012397766,
      "trend_ok": true,
      "prior_downtrend_ok": true,
      "down_slope": -0.005157599194188503,
      "fresh_uptrend_ok": true,
      "up_slope": 0.038787882255785396,
      "up_hh_steps": 1,
      "up_hl_steps": 1,
      "up_pivot_highs": 3,
      "up_pivot_lows": 2,
      "resistance": 2.8399999141693115,
      "pullback_from_resistance_pct": 5.633797614353404,
      "state": "correction",
      "rank_score": 2.1865461241669624
    },
    {
      "ticker": "USGO",
      "tf": "1d",
      "bars_used": 350,
      "close": 14.75,
      "sma20": 11.210500001907349,
      "sma50": 10.30500005722046,
      "trend_ok": true,
      "prior_downtrend_ok": true,
      "down_slope": -0.00439446889437162,
      "fresh_uptrend_ok": true,
      "up_slope": 0.5955454161672882,
      "up_hh_steps": 2,
      "up_hl_steps": 1,
      "up_pivot_highs": 3,
      "up_pivot_lows": 2,
      "resistance": 17.979999542236328,
      "pullback_from_resistance_pct": 17.964402805733247,
      "state": "uptrend",
      "rank_score": 1.7000000000000002
    },
    {
      "ticker": "SXTP",
      "tf": "1d",
      "bars_used": 350,
      "close": 4.820000171661377,
      "sma20": 2.6173000037670135,
      "sma50": 3.283799970149994,
      "trend_ok": true,
      "prior_downtrend_ok": true,
      "down_slope": -0.06683902226066947,
      "fresh_uptrend_ok": true,
      "up_slope": 0.40040001507961387,
      "up_hh_steps": 1,
      "up_hl_steps": 2,
      "up_pivot_highs": 3,
      "up_pivot_lows": 3,
      "resistance": 5.184999942779541,
      "pullback_from_resistance_pct": 7.039532789705246,
      "state": "uptrend",
      "rank_score": 1.6439933638443376
    },
    {
      "ticker": "VRAR",
      "tf": "1d",
      "bars_used": 350,
      "close": 1.0800000429153442,
      "sma20": 1.043150007724762,
      "sma50": 1.0425200033187867,
      "trend_ok": true,
      "prior_downtrend_ok": true,
      "down_slope": -0.0053105063219231466,
      "fresh_uptrend_ok": true,
      "up_slope": 0.0035757585005326705,
      "up_hh_steps": 1,
      "up_hl_steps": 1,
      "up_pivot_highs": 2,
      "up_pivot_lows": 3,
      "resistance": 1.2000000476837158,
      "pullback_from_resistance_pct": 10.0,
      "state": "uptrend",
      "rank_score": 1.3554861503039872
    },
    {
      "ticker": "STI",
      "tf": "1d",
      "bars_used": 350,
      "close": 8.75,
      "sma20": 8.267249965667725,
      "sma50": 8.521599998474121,
      "trend_ok": true,