{
  "updated_utc": "2026-01-16T20:44:05.013205+00:00",
  "tf": "1d",
  "params": {
    "n_down": 40,
    "n_up": 10,
    "n_corr": 8,
    "sma_slow": 50,
    "sma_fast": 20,
    "pivot_strength": 1,
    "min_hh_steps": 1,
    "min_hl_steps": 1,
    "corr_min_pct": 0.5,
    "corr_max_pct": 12.0,
    "near_resistance_pct": 6.0,
    "breakout_wiggle_pct": 0.2
  },
  "count": 19,
  "data": [
    {
      "ticker": "NFE",
      "tf": "1d",
      "bars_used": 350,
      "close": 1.399999976158142,
      "sma20": 1.204999989271164,
      "sma50": 1.244599997997284,
      "trend_ok": true,
      "prior_downtrend_ok": true,
      "down_slope": -0.002115385404894544,
      "fresh_uptrend_ok": true,
      "up_slope": 0.0242424184625799,
      "up_hh_steps": 1,
      "up_hl_steps": 2,
      "up_pivot_highs": 2,
      "up_pivot_lows": 3,
      "resistance": 1.3300000429153442,
      "pullback_from_resistance_pct": -5.263152705571259,
      "state": "uptrend",
      "rank_score": 3.5104596310545473
    },
    {
      "ticker": "MPAA",
      "tf": "1d",
      "bars_used": 350,
      "close": 13.600000381469727,
      "sma20": 12.709499931335449,
      "sma50": 13.270999946594237,
      "trend_ok": true,
      "prior_downtrend_ok": true,
      "down_slope": -0.07142213612067991,
      "fresh_uptrend_ok": true,
      "up_slope": 0.11884850588711825,
      "up_hh_steps": 1,
      "up_hl_steps": 2,
      "up_pivot_highs": 2,
      "up_pivot_lows": 3,
      "resistance": 12.979999542236328,
      "pullback_from_resistance_pct": -4.7765859868942515,
      "state": "uptrend",
      "rank_score": 3.4460976644823753
    },
    {
      "ticker": "MGIH",
      "tf": "1d",
      "bars_used": 350,
      "close": 1.5,
      "sma20": 1.3251999914646149,
      "sma50": 1.40831999540329,
      "trend_ok": true,
      "prior_downtrend_ok": true,
      "down_slope": -0.008061538605931551,
      "fresh_uptrend_ok": true,
      "up_slope": 0.014666675076340185,
      "up_hh_steps": 1,
      "up_hl_steps": 2,
      "up_pivot_highs": 3,
      "up_pivot_lows": 3,
      "resistance": 1.434999942779541,
      "pullback_from_resistance_pct": -4.529620892845216,
      "state": "uptrend",
      "rank_score": 3.316133254421605
    },
    {
      "ticker": "LE",
      "tf": "1d",
      "bars_used": 350,
      "close": 15.880000114440918,
      "sma20": 14.819999980926514,
      "sma50": 15.31879991531372,
      "trend_ok": true,
      "prior_downtrend_ok": true,
      "down_slope": -0.0350440830495523,
      "fresh_uptrend_ok": true,
      "up_slope": 0.09145456371885358,
      "up_hh_steps": 1,
      "up_hl_steps": 1,
      "up_pivot_highs": 2,
      "up_pivot_lows": 3,
      "resistance": 15.170000076293945,
      "pullback_from_resistance_pct": -4.680290274068521,
      "state": "uptrend",
      "rank_score": 3.295943169588007
    },
    {
      "ticker": "NKLR",
      "tf": "1d",
      "bars_used": 71,
      "close": 6.659999847412109,
      "sma20": 5.249999928474426,
      "sma50": 5.271999959945679,
      "trend_ok": true,
      "prior_downtrend_ok": true,
      "down_slope": -0.028102254420239305,
      "fresh_uptrend_ok": true,
      "up_slope": 0.1304848439765699,
      "up_hh_steps": 1,
      "up_hl_steps": 1,
      "up_pivot_highs": 2,
      "up_pivot_lows": 3,
      "resistance": 6.46999979019165,
      "pullback_from_resistance_pct": -2.9366315824073763,
      "state": "uptrend",
      "rank_score": 3.039438597067896
    },
    {
      "ticker": "NUAI",
      "tf": "1d",
      "bars_used": 350,
      "close": 4.550000190734863,
      "sma20": 3.7222500085830688,
      "sma50": 4.122000017166138,
      "trend_ok": true,
      "prior_downtrend_ok": true,
      "down_slope": -0.045754221814211044,
      "fresh_uptrend_ok": true,
      "up_slope": 0.12866666678226354,
      "up_hh_steps": 1,
      "up_hl_steps": 1,
      "up_pivot_highs": 2,
      "up_pivot_lows": 2,
      "resistance": 4.449999809265137,
      "pullback_from_resistance_pct": -2.24719967990831,
      "state": "uptrend",
      "rank_score": 2.91539184858558
    },
    {
      "ticker": "MYRG",
      "tf": "1d",
      "bars_used": 350,
      "close": 244.19000244140625,
      "sma20": 226.2495002746582,
      "sma50": 224.5477993774414,
      "trend_ok": true,
      "prior_downtrend_ok": true,
      "down_slope": -0.16019421947829943,
      "fresh_uptrend_ok": true,
      "up_slope": 0.5945457689689867,
      "up_hh_steps": 1,
      "up_hl_steps": 2,
      "up_pivot_highs": 3,
      "up_pivot_lows": 4,
      "resistance": 238.36000061035156,
      "pullback_from_resistance_pct": -2.4458809431642115,
      "state": "uptrend",
      "rank_score": 2.8482223854597892
    },
    {
      "ticker": "LNT",
      "tf": "1d",
      "bars_used": 350,
      "close": 67.05999755859375,
      "sma20": 65.44649925231934,
      "sma50": 66.32719924926758,
      "trend_ok": true,
      "prior_downtrend_ok": true,
      "down_slope": -0.0833057761415979,
      "fresh_uptrend_ok": true,
      "up_slope": 0.19442425352154355,
      "up_hh_steps": 1,
      "up_hl_steps": 2,
      "up_pivot_highs": 2,
      "up_pivot_lows": 3,
      "resistance": 66.08999633789062,
      "pullback_from_resistance_pct": -1.4676974950095516,
      "state": "uptrend",
      "rank_score": 2.8436037385041026
    },
    {
      "ticker": "MGEE",
      "tf": "1d",
      "bars_used": 350,
      "close": 79.94999694824219,
      "sma20": 78.82949981689453,
      "sma50": 80.27706283569336,
      "trend_ok": true,
      "prior_downtrend_ok": true,
      "down_slope": -0.1332432351461271,
      "fresh_uptrend_ok": true,
      "up_slope": 0.19878761985085228,
      "up_hh_steps": 2,
      "up_hl_steps": 1,
      "up_pivot_highs": 3,
      "up_pivot_lows": 2,
      "resistance": 79.26000213623047,
      "pullback_from_resistance_pct": -0.8705460426631957,
      "state": "uptrend",
      "rank_score": 2.840769708538948
    },
    {
      "ticker": "LOPE",
      "tf": "1d",
      "bars_used": 350,
      "close": 180.0,
      "sma20": 170.39150009155273,
      "sma50": 165.10940063476562,
      "trend_ok": true,
      "prior_downtrend_ok": true,
      "down_slope": -0.1055451670462374,
      "fresh_uptrend_ok": true,
      "up_slope": 1.303152373342803,
      "up_hh_steps": 1,
      "up_hl_steps": 1,
      "up_pivot_highs": 2,
      "up_pivot_lows": 2,
      "resistance": 178.3800048828125,
      "pullback_from_resistance_pct": -0.9081707998896864,
      "state": "uptrend",
      "rank_score": 2.701361799981614
    },
    {
      "ticker": "NXT",
      "tf": "1d",
      "bars_used": 350,
      "close": 98.6500015258789,
      "sma20": 91.3939998626709,
      "sma50": 92.18439971923829,
      "trend_ok": true,
      "prior_downtrend_ok": true,
      "down_slope": -0.34324667538755604,
      "fresh_uptrend_ok": true,
      "up_slope": 1.000060711484967,
      "up_hh_steps": 1,
      "up_hl_steps": 2,
      "up_pivot_highs": 3,
      "up_pivot_lows": 3,
      "resistance": 102.11000061035156,
      "pullback_from_resistance_pct": 3.388501678377126,
      "state": "correction",
      "rank_score": 2.6278547877273484
    },
    {
      "ticker": "OLLI",
      "tf": "1d",
      "bars_used": 350,
      "close": 117.30000305175781,
      "sma20": 112.82750015258789,
      "sma50": 117.67059982299804,
      "trend_ok": true,
      "prior_downtrend_ok": true,
      "down_slope": -0.49700743011417353,
      "fresh_uptrend_ok": true,
      "up_slope": 0.5016367594401042,
      "up_hh_steps": 1,
      "up_hl_steps": 1,
      "up_pivot_highs": 2,
      "up_pivot_lows": 2,
      "resistance": 121.0,
      "pullback_from_resistance_pct": 3.057848717555527,
      "state": "correction",
      "rank_score": 2.53471799072758
    },
    {
      "ticker": "MEDP",
      "tf": "1d",
      "bars_used": 350,
      "close": 618.0399780273438,
      "sma20": 584.1875061035156,
      "sma50": 583.0618041992187,
      "trend_ok": true,
      "prior_downtrend_ok": true,