{
  "updated_utc": "2026-01-28T14:10:47.692007+00:00",
  "tf": "1d",
  "params": {
    "n_down": 40,
    "n_up": 10,
    "n_corr": 8,
    "sma_slow": 50,
    "sma_fast": 20,
    "pivot_strength": 1,
    "min_hh_steps": 1,
    "min_hl_steps": 1,
    "corr_min_pct": 0.5,
    "corr_max_pct": 12.0,
    "near_resistance_pct": 6.0,
    "breakout_wiggle_pct": 0.2
  },
  "count": 10,
  "data": [
    {
      "ticker": "FLGC",
      "tf": "1d",
      "bars_used": 350,
      "close": 10.970000267028809,
      "sma20": 6.966650032997132,
      "sma50": 7.757540016174317,
      "trend_ok": true,
      "prior_downtrend_ok": true,
      "down_slope": -0.031111351276204464,
      "fresh_uptrend_ok": true,
      "up_slope": 0.26932121334653913,
      "up_hh_steps": 2,
      "up_hl_steps": 1,
      "up_pivot_highs": 3,
      "up_pivot_lows": 2,
      "resistance": 7.36299991607666,
      "pullback_from_resistance_pct": -48.988189488858794,
      "state": "uptrend",
      "rank_score": 10.765603462531985
    },
    {
      "ticker": "IDCC",
      "tf": "1d",
      "bars_used": 350,
      "close": 333.4700012207031,
      "sma20": 320.15440521240237,
      "sma50": 333.85705078125,
      "trend_ok": true,
      "prior_downtrend_ok": true,
      "down_slope": -0.8872206525104802,
      "fresh_uptrend_ok": true,
      "up_slope": 2.880422511245265,
      "up_hh_steps": 2,
      "up_hl_steps": 1,
      "up_pivot_highs": 3,
      "up_pivot_lows": 3,
      "resistance": 338.0,
      "pullback_from_resistance_pct": 1.3402363252357619,
      "state": "correction",
      "rank_score": 3.0741882032794976
    },
    {
      "ticker": "IMKTA",
      "tf": "1d",
      "bars_used": 350,
      "close": 72.25,
      "sma20": 70.3010066986084,
      "sma50": 72.17477142333985,
      "trend_ok": true,
      "prior_downtrend_ok": true,
      "down_slope": -0.18528591893180002,
      "fresh_uptrend_ok": true,
      "up_slope": 0.34539374149206914,
      "up_hh_steps": 1,
      "up_hl_steps": 2,
      "up_pivot_highs": 2,
      "up_pivot_lows": 3,
      "resistance": 73.04000091552734,
      "pullback_from_resistance_pct": 1.0816003636705869,
      "state": "correction",
      "rank_score": 3.0697332727215687
    },
    {
      "ticker": "GRRR",
      "tf": "1d",
      "bars_used": 350,
      "close": 14.75,
      "sma20": 13.106999921798707,
      "sma50": 13.17459991455078,
      "trend_ok": true,
      "prior_downtrend_ok": true,
      "down_slope": -0.04139681193439419,
      "fresh_uptrend_ok": true,
      "up_slope": 0.17078787485758465,
      "up_hh_steps": 1,
      "up_hl_steps": 1,
      "up_pivot_highs": 2,
      "up_pivot_lows": 2,
      "resistance": 14.90999984741211,
      "pullback_from_resistance_pct": 1.073104286046523,
      "state": "correction",
      "rank_score": 2.9180708568729457
    },
    {
      "ticker": "HYPR",
      "tf": "1d",
      "bars_used": 350,
      "close": 1.309999942779541,
      "sma20": 1.1063000023365022,
      "sma50": 1.0641200017929078,
      "trend_ok": true,
      "prior_downtrend_ok": true,
      "down_slope": -0.001995122052491494,
      "fresh_uptrend_ok": true,
      "up_slope": 0.00915151292627508,
      "up_hh_steps": 1,
      "up_hl_steps": 1,
      "up_pivot_highs": 2,
      "up_pivot_lows": 2,
      "resistance": 1.309999942779541,
      "pullback_from_resistance_pct": 0.0,
      "state": "uptrend",
      "rank_score": 2.4496505892635256
    },
    {
      "ticker": "FTNT",
      "tf": "1d",
      "bars_used": 350,
      "close": 81.70999908447266,
      "sma20": 78.62100028991699,
      "sma50": 80.36480010986328,
      "trend_ok": true,
      "prior_downtrend_ok": true,
      "down_slope": -0.05970824994915645,
      "fresh_uptrend_ok": true,
      "up_slope": 0.6714545047644412,
      "up_hh_steps": 1,
      "up_hl_steps": 1,
      "up_pivot_highs": 2,
      "up_pivot_lows": 3,
      "resistance": 85.05999755859375,
      "pullback_from_resistance_pct": 3.9383947452072765,
      "state": "correction",
      "rank_score": 2.4363878657070623
    },
    {
      "ticker": "FORA",
      "tf": "1d",
      "bars_used": 350,
      "close": 2.119999885559082,
      "sma20": 2.112499940395355,
      "sma50": 2.130499997138977,
      "trend_ok": true,
      "prior_downtrend_ok": true,
      "down_slope": -0.0015586339063089739,
      "fresh_uptrend_ok": true,
      "up_slope": 0.0027272730162649444,
      "up_hh_steps": 1,
      "up_hl_steps": 1,
      "up_pivot_highs": 3,
      "up_pivot_lows": 2,
      "resistance": 2.130000114440918,
      "pullback_from_resistance_pct": 0.4694942884761673,
      "state": "uptrend",
      "rank_score": 2.3603865990527164
    },
    {
      "ticker": "IMTE",
      "tf": "1d",
      "bars_used": 350,
      "close": 0.949999988079071,
      "sma20": 0.6732499957084656,
      "sma50": 0.7203400003910064,
      "trend_ok": true,
      "prior_downtrend_ok": true,
      "down_slope": -0.008043902709828533,
      "fresh_uptrend_ok": true,
      "up_slope": 0.04780000086986658,
      "up_hh_steps": 2,
      "up_hl_steps": 1,
      "up_pivot_highs": 3,
      "up_pivot_lows": 3,
      "resistance": 1.100000023841858,
      "pullback_from_resistance_pct": 13.636366591965793,
      "state": "uptrend",
      "rank_score": 1.7000000000000002
    },
    {
      "ticker": "JDZG",
      "tf": "1d",
      "bars_used": 350,
      "close": 1.4800000190734863,
      "sma20": 1.1293500065803528,
      "sma50": 1.2500200045108796,
      "trend_ok": true,
      "prior_downtrend_ok": true,
      "down_slope": -0.023005909885071903,
      "fresh_uptrend_ok": true,
      "up_slope": 0.05351514960780288,
      "up_hh_steps": 1,
      "up_hl_steps": 1,
      "up_pivot_highs": 2,
      "up_pivot_lows": 2,
      "resistance": 1.850000023841858,
      "pullback_from_resistance_pct": 20.0,
      "state": "uptrend",
      "rank_score": 1.5014654636934275
    },
    {
      "ticker": "IVF",
      "tf": "1d",
      "bars_used": 350,
      "close": 1.715000033378601,
      "sma20": 1.1298499912023545,
      "sma50": 1.5683799922466277,
      "trend_ok": true,
      "prior_downtrend_ok": true,
      "down_slope": -0.0698849902535469,
      "fresh_uptrend_ok": true,
      "up_slope": 0.10661212675499193,
      "up_hh_steps": 1,
      "up_hl_steps": 1,
      "up_pivot_highs": 2,
      "up_pivot_lows": 2,
      "resistance": 4.579999923706055,
      "pullback_from_resistance_pct": 62.55458380027977,
      "state": "uptrend",
      "rank_score": 1.4437585252956269
    }
  ]
}