{
  "updated_utc": "2026-01-27T18:15:18.056927+00:00",
  "tf": "1d",
  "params": {
    "n_down": 40,
    "n_up": 10,
    "n_corr": 8,
    "sma_slow": 50,
    "sma_fast": 20,
    "pivot_strength": 1,
    "min_hh_steps": 1,
    "min_hl_steps": 1,
    "corr_min_pct": 0.5,
    "corr_max_pct": 12.0,
    "near_resistance_pct": 6.0,
    "breakout_wiggle_pct": 0.2
  },
  "count": 11,
  "data": [
    {
      "ticker": "AKAM",
      "tf": "1d",
      "bars_used": 350,
      "close": 98.66000366210938,
      "sma20": 90.17649993896484,
      "sma50": 88.6961994934082,
      "trend_ok": true,
      "prior_downtrend_ok": true,
      "down_slope": -0.018043097948714896,
      "fresh_uptrend_ok": true,
      "up_slope": 0.8765458540482954,
      "up_hh_steps": 1,
      "up_hl_steps": 1,
      "up_pivot_highs": 2,
      "up_pivot_lows": 2,
      "resistance": 97.56999969482422,
      "pullback_from_resistance_pct": -1.11715073351894,
      "state": "uptrend",
      "rank_score": 2.724031019122195
    },
    {
      "ticker": "AMGN",
      "tf": "1d",
      "bars_used": 350,
      "close": 349.69000244140625,
      "sma20": 332.51500244140624,
      "sma50": 332.26526794433596,
      "trend_ok": true,
      "prior_downtrend_ok": true,
      "down_slope": -0.2979309024775006,
      "fresh_uptrend_ok": true,
      "up_slope": 2.983636844519413,
      "up_hh_steps": 1,
      "up_hl_steps": 2,
      "up_pivot_highs": 2,
      "up_pivot_lows": 3,
      "resistance": 349.9800109863281,
      "pullback_from_resistance_pct": 0.08286431676613785,
      "state": "uptrend",
      "rank_score": 2.636189280538977
    },
    {
      "ticker": "ALKS",
      "tf": "1d",
      "bars_used": 350,
      "close": 33.11000061035156,
      "sma20": 30.223000049591064,
      "sma50": 29.46040008544922,
      "trend_ok": true,
      "prior_downtrend_ok": true,
      "down_slope": -0.02978705805193416,
      "fresh_uptrend_ok": true,
      "up_slope": 0.5290303201386423,
      "up_hh_steps": 1,
      "up_hl_steps": 1,
      "up_pivot_highs": 2,
      "up_pivot_lows": 2,
      "resistance": 34.66999816894531,
      "pullback_from_resistance_pct": 4.499560545091331,
      "state": "correction",
      "rank_score": 2.4000732424847784
    },
    {
      "ticker": "AVO",
      "tf": "1d",
      "bars_used": 350,
      "close": 13.569999694824219,
      "sma20": 12.301500034332275,
      "sma50": 12.225400047302246,
      "trend_ok": true,
      "prior_downtrend_ok": true,
      "down_slope": -0.0024136965538726304,
      "fresh_uptrend_ok": true,
      "up_slope": 0.1347878427216501,
      "up_hh_steps": 1,
      "up_hl_steps": 1,
      "up_pivot_highs": 2,
      "up_pivot_lows": 2,
      "resistance": 14.229999542236328,
      "pullback_from_resistance_pct": 4.638087622231831,
      "state": "correction",
      "rank_score": 2.3692541712609336
    },
    {
      "ticker": "ALLR",
      "tf": "1d",
      "bars_used": 350,
      "close": 1.190000057220459,
      "sma20": 1.1495000004768372,
      "sma50": 1.1365599930286407,
      "trend_ok": true,
      "prior_downtrend_ok": true,
      "down_slope": -0.0023729830532986497,
      "fresh_uptrend_ok": true,
      "up_slope": 0.003090912645513361,
      "up_hh_steps": 1,
      "up_hl_steps": 1,
      "up_pivot_highs": 3,
      "up_pivot_lows": 2,
      "resistance": 1.2649999856948853,
      "pullback_from_resistance_pct": 5.9288481677908935,
      "state": "correction",
      "rank_score": 1.977935846100643
    },
    {
      "ticker": "AUID",
      "tf": "1d",
      "bars_used": 350,
      "close": 1.690000057220459,
      "sma20": 1.1971500039100647,
      "sma50": 1.2717799997329713,
      "trend_ok": true,
      "prior_downtrend_ok": true,
      "down_slope": -0.0256820823920377,
      "fresh_uptrend_ok": true,
      "up_slope": 0.08369697332382202,
      "up_hh_steps": 1,
      "up_hl_steps": 2,
      "up_pivot_highs": 3,
      "up_pivot_lows": 3,
      "resistance": 1.7999999523162842,
      "pullback_from_resistance_pct": 6.111105444990408,
      "state": "uptrend",
      "rank_score": 1.63667793603471
    },
    {
      "ticker": "ALT",
      "tf": "1d",
      "bars_used": 350,
      "close": 5.659999847412109,
      "sma20": 4.235999977588653,
      "sma50": 4.591000008583069,
      "trend_ok": true,
      "prior_downtrend_ok": true,
      "down_slope": -0.023399624793211917,
      "fresh_uptrend_ok": true,
      "up_slope": 0.1942424080588601,
      "up_hh_steps": 1,
      "up_hl_steps": 1,
      "up_pivot_highs": 2,
      "up_pivot_lows": 2,
      "resistance": 6.440000057220459,
      "pullback_from_resistance_pct": 12.111804392514278,
      "state": "uptrend",
      "rank_score": 1.55
    },
    {
      "ticker": "BNKK",
      "tf": "1d",
      "bars_used": 350,
      "close": 4.820000171661377,
      "sma20": 3.4985000014305117,
      "sma50": 4.4825,
      "trend_ok": true,
      "prior_downtrend_ok": true,
      "down_slope": -0.10375656679021038,
      "fresh_uptrend_ok": true,
      "up_slope": 0.37963637149695195,
      "up_hh_steps": 1,
      "up_hl_steps": 1,
      "up_pivot_highs": 2,
      "up_pivot_lows": 2,
      "resistance": 7.188000202178955,
      "pullback_from_resistance_pct": 32.94379471218918,
      "state": "uptrend",
      "rank_score": 1.55
    },
    {
      "ticker": "AREC",
      "tf": "1d",
      "bars_used": 350,
      "close": 3.7200000286102295,
      "sma20": 3.3884999990463256,
      "sma50": 3.0174999952316286,
      "trend_ok": true,
      "prior_downtrend_ok": true,
      "down_slope": -0.004813788464995309,
      "fresh_uptrend_ok": true,
      "up_slope": 0.08593939289902196,
      "up_hh_steps": 1,
      "up_hl_steps": 1,
      "up_pivot_highs": 2,
      "up_pivot_lows": 2,
      "resistance": 4.579999923706055,
      "pullback_from_resistance_pct": 18.777290598728406,
      "state": "uptrend",
      "rank_score": 1.4869493811252323
    },
    {
      "ticker": "BTBD",
      "tf": "1d",
      "bars_used": 350,
      "close": 1.5299999713897705,
      "sma20": 1.4795000016689301,
      "sma50": 1.4904599976539612,
      "trend_ok": true,
      "prior_downtrend_ok": true,
      "down_slope": -0.002654315450178079,
      "fresh_uptrend_ok": true,
      "up_slope": 0.008545451453237823,
      "up_hh_steps": 1,
      "up_hl_steps": 1,
      "up_pivot_highs": 2,
      "up_pivot_lows": 2,
      "resistance": 1.7000000476837158,
      "pullback_from_resistance_pct": 10.000004207386572,
      "state": "uptrend",
      "rank_score": 1.4657310692614205
    },
    {
      "ticker": "ABVE",
      "tf": "1d",
      "bars_used": 350,
      "close": 2.180000066757202,
      "sma20": 2.0252499878406525,
      "sma50": 2.170799994468689,
      "trend_ok": true,
      "prior_downtrend_ok": true,
      "down_slope": -0.015082551793354314,
      "fresh_uptrend_ok": true,
      "up_slope": 0.025818181760383373,
      "up_hh_steps": 1,
      "up_hl_steps": 1,
      "up_pivot_highs": 2,
      "up_pivot_lows": 2,
      "resistance": 2.4549999237060547,
      "pullback_from_resistance_pct": 11.201623849084045,
      "state": "uptrend",
      "rank_score": 1.4406230316312745
    }
  ]
}