{
  "updated_utc": "2026-01-25T20:47:31.481636+00:00",
  "tf": "1d",
  "params": {
    "n_down": 40,
    "n_up": 10,
    "n_corr": 8,
    "sma_slow": 50,
    "sma_fast": 20,
    "pivot_strength": 1,
    "min_hh_steps": 1,
    "min_hl_steps": 1,
    "corr_min_pct": 0.5,
    "corr_max_pct": 12.0,
    "near_resistance_pct": 6.0,
    "breakout_wiggle_pct": 0.2
  },
  "count": 19,
  "data": [
    {
      "ticker": "METCB",
      "tf": "1d",
      "bars_used": 350,
      "close": 14.5,
      "sma20": 12.59350004196167,
      "sma50": 12.516499996185303,
      "trend_ok": true,
      "prior_downtrend_ok": true,
      "down_slope": -0.08655205953859255,
      "fresh_uptrend_ok": true,
      "up_slope": 0.14472727342085404,
      "up_hh_steps": 1,
      "up_hl_steps": 1,
      "up_pivot_highs": 2,
      "up_pivot_lows": 2,
      "resistance": 13.989999771118164,
      "pullback_from_resistance_pct": -3.645462739282616,
      "state": "uptrend",
      "rank_score": 3.09392042292411
    },
    {
      "ticker": "NNOX",
      "tf": "1d",
      "bars_used": 350,
      "close": 3.299999952316284,
      "sma20": 2.9919999718666075,
      "sma50": 3.2915999937057494,
      "trend_ok": true,
      "prior_downtrend_ok": true,
      "down_slope": -0.019380864551322322,
      "fresh_uptrend_ok": true,
      "up_slope": 0.021999993468775892,
      "up_hh_steps": 1,
      "up_hl_steps": 1,
      "up_pivot_highs": 2,
      "up_pivot_lows": 3,
      "resistance": 3.200000047683716,
      "pullback_from_resistance_pct": -3.124996973201678,
      "state": "uptrend",
      "rank_score": 3.0053377465361537
    },
    {
      "ticker": "LNT",
      "tf": "1d",
      "bars_used": 350,
      "close": 66.83000183105469,
      "sma20": 65.9299991607666,
      "sma50": 66.3527995300293,
      "trend_ok": true,
      "prior_downtrend_ok": true,
      "down_slope": -0.09658160970090254,
      "fresh_uptrend_ok": true,
      "up_slope": 0.21866723262902463,
      "up_hh_steps": 1,
      "up_hl_steps": 1,
      "up_pivot_highs": 2,
      "up_pivot_lows": 2,
      "resistance": 67.80000305175781,
      "pullback_from_resistance_pct": 1.4306802021271832,
      "state": "correction",
      "rank_score": 2.8758209266950994
    },
    {
      "ticker": "ONCY",
      "tf": "1d",
      "bars_used": 350,
      "close": 1.2400000095367432,
      "sma20": 1.0055000007152557,
      "sma50": 1.0033999979496002,
      "trend_ok": true,
      "prior_downtrend_ok": true,
      "down_slope": -0.0029296431543679446,
      "fresh_uptrend_ok": true,
      "up_slope": 0.030909088163664847,
      "up_hh_steps": 3,
      "up_hl_steps": 2,
      "up_pivot_highs": 4,
      "up_pivot_lows": 3,
      "resistance": 1.2999999523162842,
      "pullback_from_resistance_pct": 4.61538038310199,
      "state": "correction",
      "rank_score": 2.762411603745935
    },
    {
      "ticker": "NTRB",
      "tf": "1d",
      "bars_used": 350,
      "close": 4.800000190734863,
      "sma20": 4.5389999628067015,
      "sma50": 4.781599988937378,
      "trend_ok": true,
      "prior_downtrend_ok": true,
      "down_slope": -0.02465478515088223,
      "fresh_uptrend_ok": true,
      "up_slope": 0.048848510510993724,
      "up_hh_steps": 1,
      "up_hl_steps": 1,
      "up_pivot_highs": 2,
      "up_pivot_lows": 2,
      "resistance": 4.739999771118164,
      "pullback_from_resistance_pct": -1.26583169860671,
      "state": "uptrend",
      "rank_score": 2.7441511422555775
    },
    {
      "ticker": "MGTX",
      "tf": "1d",
      "bars_used": 350,
      "close": 8.100000381469727,
      "sma20": 7.685500073432922,
      "sma50": 7.986600008010864,
      "trend_ok": true,
      "prior_downtrend_ok": true,
      "down_slope": -0.007574104725979059,
      "fresh_uptrend_ok": true,
      "up_slope": 0.08660612395315459,
      "up_hh_steps": 1,
      "up_hl_steps": 1,
      "up_pivot_highs": 2,
      "up_pivot_lows": 2,
      "resistance": 8.345000267028809,
      "pullback_from_resistance_pct": 2.9358882890283344,
      "state": "correction",
      "rank_score": 2.6206034854258258
    },
    {
      "ticker": "MDLZ",
      "tf": "1d",
      "bars_used": 350,
      "close": 58.400001525878906,
      "sma20": 55.2800594329834,
      "sma50": 55.11121948242187,
      "trend_ok": true,
      "prior_downtrend_ok": true,
      "down_slope": -0.08873812691579393,
      "fresh_uptrend_ok": true,
      "up_slope": 0.34957603685783617,
      "up_hh_steps": 1,
      "up_hl_steps": 1,
      "up_pivot_highs": 2,
      "up_pivot_lows": 2,
      "resistance": 58.33000183105469,
      "pullback_from_resistance_pct": -0.1200063305791826,
      "state": "uptrend",
      "rank_score": 2.5700010550965304
    },
    {
      "ticker": "LSE",
      "tf": "1d",
      "bars_used": 273,
      "close": 4.989999771118164,
      "sma20": 4.647599983215332,
      "sma50": 4.84253999710083,
      "trend_ok": true,
      "prior_downtrend_ok": true,
      "down_slope": -0.028543245009588703,
      "fresh_uptrend_ok": true,
      "up_slope": 0.04139390714240797,
      "up_hh_steps": 1,
      "up_hl_steps": 2,
      "up_pivot_highs": 2,
      "up_pivot_lows": 3,
      "resistance": 5.0,
      "pullback_from_resistance_pct": 0.20000457763671872,
      "state": "uptrend",
      "rank_score": 2.5635076713105276
    },
    {
      "ticker": "LKFN",
      "tf": "1d",
      "bars_used": 350,
      "close": 58.83000183105469,
      "sma20": 57.755049514770505,
      "sma50": 58.01707885742187,
      "trend_ok": true,
      "prior_downtrend_ok": true,
      "down_slope": -0.0006175740798463517,
      "fresh_uptrend_ok": true,
      "up_slope": 0.4049558466131037,
      "up_hh_steps": 1,
      "up_hl_steps": 1,
      "up_pivot_highs": 2,
      "up_pivot_lows": 2,
      "resistance": 61.965903188058874,
      "pullback_from_resistance_pct": 5.0606885329938835,
      "state": "correction",
      "rank_score": 2.290588536495671
    },
    {
      "ticker": "MASI",
      "tf": "1d",
      "bars_used": 350,
      "close": 141.4600067138672,
      "sma20": 136.32950096130372,
      "sma50": 139.71039962768555,
      "trend_ok": true,
      "prior_downtrend_ok": true,
      "down_slope": -0.4579013824462891,
      "fresh_uptrend_ok": true,
      "up_slope": 1.2224852590849906,
      "up_hh_steps": 1,
      "up_hl_steps": 1,
      "up_pivot_highs": 2,
      "up_pivot_lows": 2,
      "resistance": 148.75999450683594,
      "pullback_from_resistance_pct": 4.9072251025347375,
      "state": "correction",
      "rank_score": 2.285269532447214
    },
    {
      "ticker": "MLEC",
      "tf": "1d",
      "bars_used": 350,
      "close": 7.5,
      "sma20": 4.69724999666214,
      "sma50": 5.89799997806549,
      "trend_ok": true,
      "prior_downtrend_ok": true,
      "down_slope": -0.13623170691627945,
      "fresh_uptrend_ok": true,
      "up_slope": 0.33987879464120574,
      "up_hh_steps": 1,
      "up_hl_steps": 1,
      "up_pivot_highs": 3,
      "up_pivot_lows": 2,
      "resistance": 7.789999961853027,
      "pullback_from_resistance_pct": 3.722720966278982,
      "state": "uptrend",
      "rank_score": 1.8658524211431111
    },
    {
      "ticker": "LAES",
      "tf": "1d",
      "bars_used": 350,
      "close": 4.920000076293945,
      "sma20": 4.319999969005584,
      "sma50": 4.378099956512451,
      "trend_ok": true,
      "prior_downtrend_ok": true,
      "down_slope": -0.013860693792017495,
      "fresh_uptrend_ok": true,
      "up_slope": 0.08939394228386156,
      "up_hh_steps": 2,
      "up_hl_steps": 1,
      "up_pivot_highs": 3,
      "up_pivot_lows": 2,
      "resistance": 5.480000019073486,
      "pullback_from_resistance_pct": 10.218977022453025,
      "state": "uptrend",
      "rank_score": 1.7000000000000002
    },
    {
      "ticker": "MDXH",
      "tf": "1d",
      "bars_used": 350,
      "close": 3.7899999618530273,
      "sma20": 3.534499990940094,
      "sma50": 3.5083999967575075,
      "trend_ok": true,
      "prior_downtrend_ok": true,