{
  "updated_utc": "2026-01-10T16:10:21.969077+00:00",
  "tf": "1d",
  "params": {
    "n_down": 40,
    "n_up": 10,
    "n_corr": 8,
    "sma_slow": 50,
    "sma_fast": 20,
    "pivot_strength": 1,
    "min_hh_steps": 1,
    "min_hl_steps": 1,
    "corr_min_pct": 0.5,
    "corr_max_pct": 12.0,
    "near_resistance_pct": 6.0,
    "breakout_wiggle_pct": 0.2
  },
  "count": 5,
  "data": [
    {
      "ticker": "INTC",
      "tf": "1d",
      "bars_used": 350,
      "close": 45.54999923706055,
      "sma20": 38.26649990081787,
      "sma50": 38.29480010986328,
      "trend_ok": true,
      "prior_downtrend_ok": true,
      "down_slope": -0.008799286318093706,
      "fresh_uptrend_ok": true,
      "up_slope": 0.9164848096442945,
      "up_hh_steps": 2,
      "up_hl_steps": 1,
      "up_pivot_highs": 3,
      "up_pivot_lows": 2,
      "resistance": 44.56999969482422,
      "pullback_from_resistance_pct": -2.198787410694402,
      "state": "uptrend",
      "rank_score": 3.066464568449067
    },
    {
      "ticker": "HON",
      "tf": "1d",
      "bars_used": 350,
      "close": 207.3800048828125,
      "sma20": 198.43199996948243,
      "sma50": 195.7506509399414,
      "trend_ok": true,
      "prior_downtrend_ok": true,
      "down_slope": -0.038285607200178824,
      "fresh_uptrend_ok": true,
      "up_slope": 1.1978795831853692,
      "up_hh_steps": 1,
      "up_hl_steps": 1,
      "up_pivot_highs": 2,
      "up_pivot_lows": 2,
      "resistance": 206.0,
      "pullback_from_resistance_pct": -0.6699052829186893,
      "state": "uptrend",
      "rank_score": 2.6459984745877745
    },
    {
      "ticker": "PDD",
      "tf": "1d",
      "bars_used": 350,
      "close": 120.55000305175781,
      "sma20": 113.90450096130371,
      "sma50": 120.64319976806641,
      "trend_ok": true,
      "prior_downtrend_ok": true,
      "down_slope": -0.8228151045865458,
      "fresh_uptrend_ok": true,
      "up_slope": 1.0235757538766572,
      "up_hh_steps": 1,
      "up_hl_steps": 2,
      "up_pivot_highs": 2,
      "up_pivot_lows": 3,
      "resistance": 125.36000061035156,
      "pullback_from_resistance_pct": 3.836947618997192,
      "state": "correction",
      "rank_score": 2.6086885313052703
    },
    {
      "ticker": "CDNS",
      "tf": "1d",
      "bars_used": 350,
      "close": 327.30999755859375,
      "sma20": 317.47949981689453,
      "sma50": 320.09380004882814,
      "trend_ok": true,
      "prior_downtrend_ok": true,
      "down_slope": -0.17441279141138014,
      "fresh_uptrend_ok": true,
      "up_slope": 0.637029844341856,
      "up_hh_steps": 1,
      "up_hl_steps": 1,
      "up_pivot_highs": 2,
      "up_pivot_lows": 2,
      "resistance": 324.7099914550781,
      "pullback_from_resistance_pct": -0.8007163844464952,
      "state": "uptrend",
      "rank_score": 2.480528357746437
    },
    {
      "ticker": "MELI",
      "tf": "1d",
      "bars_used": 350,
      "close": 2178.409912109375,
      "sma20": 2034.3730041503907,
      "sma50": 2081.2371997070313,
      "trend_ok": true,
      "prior_downtrend_ok": true,
      "down_slope": -7.4011290015243905,
      "fresh_uptrend_ok": true,
      "up_slope": 24.909217418323863,
      "up_hh_steps": 1,
      "up_hl_steps": 1,
      "up_pivot_highs": 3,
      "up_pivot_lows": 3,
      "resistance": 2200.699951171875,
      "pullback_from_resistance_pct": 1.0128613421666381,
      "state": "uptrend",
      "rank_score": 2.3773082551482063
    }
  ]
}