{
  "updated_utc": "2026-01-19T23:57:32.558088+00:00",
  "tf": "1d",
  "params": {
    "n_down": 40,
    "n_up": 10,
    "n_corr": 8,
    "sma_slow": 50,
    "sma_fast": 20,
    "pivot_strength": 1,
    "min_hh_steps": 1,
    "min_hl_steps": 1,
    "corr_min_pct": 0.5,
    "corr_max_pct": 12.0,
    "near_resistance_pct": 6.0,
    "breakout_wiggle_pct": 0.2
  },
  "count": 23,
  "data": [
    {
      "ticker": "VERO",
      "tf": "1d",
      "bars_used": 350,
      "close": 8.0,
      "sma20": 1.9364999890327455,
      "sma50": 1.9085999941825866,
      "trend_ok": true,
      "prior_downtrend_ok": true,
      "down_slope": -0.006256097566343382,
      "fresh_uptrend_ok": true,
      "up_slope": 0.3444848530220263,
      "up_hh_steps": 1,
      "up_hl_steps": 1,
      "up_pivot_highs": 2,
      "up_pivot_lows": 3,
      "resistance": 1.600000023841858,
      "pullback_from_resistance_pct": -399.9999925494195,
      "state": "uptrend",
      "rank_score": 69.09327918540421
    },
    {
      "ticker": "VERU",
      "tf": "1d",
      "bars_used": 350,
      "close": 2.690000057220459,
      "sma20": 2.3269999980926515,
      "sma50": 2.4150000047683715,
      "trend_ok": true,
      "prior_downtrend_ok": true,
      "down_slope": -0.007732643776941926,
      "fresh_uptrend_ok": true,
      "up_slope": 0.02581819620999423,
      "up_hh_steps": 1,
      "up_hl_steps": 1,
      "up_pivot_highs": 2,
      "up_pivot_lows": 3,
      "resistance": 2.490000009536743,
      "pullback_from_resistance_pct": -8.032130398301694,
      "state": "uptrend",
      "rank_score": 3.8169247415628735
    },
    {
      "ticker": "XBIO",
      "tf": "1d",
      "bars_used": 350,
      "close": 2.4159998893737793,
      "sma20": 2.1834500074386596,
      "sma50": 2.3684400081634522,
      "trend_ok": true,
      "prior_downtrend_ok": true,
      "down_slope": -0.016065571791235547,
      "fresh_uptrend_ok": true,
      "up_slope": 0.021327271605982925,
      "up_hh_steps": 2,
      "up_hl_steps": 1,
      "up_pivot_highs": 3,
      "up_pivot_lows": 2,
      "resistance": 2.309999942779541,
      "pullback_from_resistance_pct": -4.588742390473495,
      "state": "uptrend",
      "rank_score": 3.4329859647741787
    },
    {
      "ticker": "STKL",
      "tf": "1d",
      "bars_used": 350,
      "close": 4.650000095367432,
      "sma20": 3.9299999713897704,
      "sma50": 3.864999976158142,
      "trend_ok": true,
      "prior_downtrend_ok": true,
      "down_slope": -0.0078114454339190224,
      "fresh_uptrend_ok": true,
      "up_slope": 0.13757575352986653,
      "up_hh_steps": 2,
      "up_hl_steps": 1,
      "up_pivot_highs": 3,
      "up_pivot_lows": 2,
      "resistance": 4.690000057220459,
      "pullback_from_resistance_pct": 0.852877641044922,
      "state": "correction",
      "rank_score": 3.1578537264925126
    },
    {
      "ticker": "VRSN",
      "tf": "1d",
      "bars_used": 350,
      "close": 249.47000122070312,
      "sma20": 245.72900009155273,
      "sma50": 246.83671997070311,
      "trend_ok": true,
      "prior_downtrend_ok": true,
      "down_slope": -0.1169049848087733,
      "fresh_uptrend_ok": true,
      "up_slope": 0.8370909719756155,
      "up_hh_steps": 2,
      "up_hl_steps": 1,
      "up_pivot_highs": 3,
      "up_pivot_lows": 3,
      "resistance": 252.0,
      "pullback_from_resistance_pct": 1.003967769562252,
      "state": "correction",
      "rank_score": 3.1055282017862718
    },
    {
      "ticker": "SPOK",
      "tf": "1d",
      "bars_used": 350,
      "close": 13.149999618530273,
      "sma20": 13.081999969482421,
      "sma50": 13.11310359954834,
      "trend_ok": true,
      "prior_downtrend_ok": true,
      "down_slope": -0.0019376391541443443,
      "fresh_uptrend_ok": true,
      "up_slope": 0.024242366443980822,
      "up_hh_steps": 1,
      "up_hl_steps": 1,
      "up_pivot_highs": 2,
      "up_pivot_lows": 2,
      "resistance": 13.350000381469727,
      "pullback_from_resistance_pct": 1.4981330129178219,
      "state": "correction",
      "rank_score": 2.8524506823588607
    },
    {
      "ticker": "TECH",
      "tf": "1d",
      "bars_used": 350,
      "close": 68.66999816894531,
      "sma20": 62.61999988555908,
      "sma50": 61.3270361328125,
      "trend_ok": true,
      "prior_downtrend_ok": true,
      "down_slope": -0.02763117491416144,
      "fresh_uptrend_ok": true,
      "up_slope": 0.6452726421934185,
      "up_hh_steps": 2,
      "up_hl_steps": 1,
      "up_pivot_highs": 3,
      "up_pivot_lows": 2,
      "resistance": 70.66000366210938,
      "pullback_from_resistance_pct": 2.816311052968683,
      "state": "correction",
      "rank_score": 2.8306148245052194
    },
    {
      "ticker": "STKS",
      "tf": "1d",
      "bars_used": 350,
      "close": 2.559999942779541,
      "sma20": 2.0207499861717224,
      "sma50": 1.9450999999046326,
      "trend_ok": true,
      "prior_downtrend_ok": true,
      "down_slope": -0.0022363983555985212,
      "fresh_uptrend_ok": true,
      "up_slope": 0.07075757257866137,
      "up_hh_steps": 1,
      "up_hl_steps": 1,
      "up_pivot_highs": 3,
      "up_pivot_lows": 2,
      "resistance": 2.5250000953674316,
      "pullback_from_resistance_pct": -1.386132518423382,
      "state": "uptrend",
      "rank_score": 2.7810220864038966
    },
    {
      "ticker": "VHC",
      "tf": "1d",
      "bars_used": 350,
      "close": 22.56999969482422,
      "sma20": 18.846000003814698,
      "sma50": 20.399199981689453,
      "trend_ok": true,
      "prior_downtrend_ok": true,
      "down_slope": -0.18949342945950565,
      "fresh_uptrend_ok": true,
      "up_slope": 0.5265453916607481,
      "up_hh_steps": 2,
      "up_hl_steps": 2,
      "up_pivot_highs": 3,
      "up_pivot_lows": 3,
      "resistance": 23.559999465942383,
      "pullback_from_resistance_pct": 4.2020364752099315,
      "state": "correction",
      "rank_score": 2.6996605874650115
    },
    {
      "ticker": "TLS",
      "tf": "1d",
      "bars_used": 350,
      "close": 5.659999847412109,
      "sma20": 5.307499957084656,
      "sma50": 5.6728999805450435,
      "trend_ok": true,
      "prior_downtrend_ok": true,
      "down_slope": -0.03796857548475713,
      "fresh_uptrend_ok": true,
      "up_slope": 0.0703636342828924,
      "up_hh_steps": 2,
      "up_hl_steps": 1,
      "up_pivot_highs": 3,
      "up_pivot_lows": 2,
      "resistance": 5.883999824523926,
      "pullback_from_resistance_pct": 3.8069337830060226,
      "state": "correction",
      "rank_score": 2.665511036165663
    },
    {
      "ticker": "SWIM",
      "tf": "1d",
      "bars_used": 350,
      "close": 6.670000076293945,
      "sma20": 6.411500000953675,
      "sma50": 6.644499979019165,
      "trend_ok": true,
      "prior_downtrend_ok": true,
      "down_slope": -0.010678706473302215,
      "fresh_uptrend_ok": true,
      "up_slope": 0.0611515102964459,
      "up_hh_steps": 1,
      "up_hl_steps": 1,
      "up_pivot_highs": 2,
      "up_pivot_lows": 2,
      "resistance": 6.909999847412109,
      "pullback_from_resistance_pct": 3.4732239713152424,
      "state": "correction",
      "rank_score": 2.5529561584276177
    },
    {
      "ticker": "WENN",
      "tf": "1d",
      "bars_used": 136,
      "close": 10.130000114440918,
      "sma20": 10.11050009727478,
      "sma50": 10.135199928283692,
      "trend_ok": true,
      "prior_downtrend_ok": true,
      "down_slope": -0.003576914678147765,
      "fresh_uptrend_ok": true,
      "up_slope": 0.002484853339917732,
      "up_hh_steps": 1,
      "up_hl_steps": 1,
      "up_pivot_highs": 2,
      "up_pivot_lows": 2,
      "resistance": 10.145000457763672,
      "pullback_from_resistance_pct": 0.1478594642277673,
      "state": "uptrend",
      "rank_score": 2.488722100458842
    },
    {
      "ticker": "UFPT",
      "tf": "1d",
      "bars_used": 350,
      "close": 260.5199890136719,
      "sma20": 242.0604995727539,
      "sma50": 230.58260070800782,
      "trend_ok": true,