{
  "updated_utc": "2026-01-28T14:13:53.772166+00:00",
  "tf": "1d",
  "params": {
    "n_down": 40,
    "n_up": 10,
    "n_corr": 8,
    "sma_slow": 50,
    "sma_fast": 20,
    "pivot_strength": 1,
    "min_hh_steps": 1,
    "min_hl_steps": 1,
    "corr_min_pct": 0.5,
    "corr_max_pct": 12.0,
    "near_resistance_pct": 6.0,
    "breakout_wiggle_pct": 0.2
  },
  "count": 16,
  "data": [
    {
      "ticker": "MVBF",
      "tf": "1d",
      "bars_used": 350,
      "close": 28.3799991607666,
      "sma20": 26.750999641418456,
      "sma50": 26.794266548156738,
      "trend_ok": true,
      "prior_downtrend_ok": true,
      "down_slope": -0.0011536039957186072,
      "fresh_uptrend_ok": true,
      "up_slope": 0.2586060032700047,
      "up_hh_steps": 1,
      "up_hl_steps": 2,
      "up_pivot_highs": 2,
      "up_pivot_lows": 3,
      "resistance": 28.834999084472656,
      "pullback_from_resistance_pct": 1.577943256988232,
      "state": "correction",
      "rank_score": 2.987009457168628
    },
    {
      "ticker": "NGNE",
      "tf": "1d",
      "bars_used": 350,
      "close": 19.8700008392334,
      "sma20": 18.811000061035156,
      "sma50": 19.966400032043456,
      "trend_ok": true,
      "prior_downtrend_ok": true,
      "down_slope": -0.0843320740991417,
      "fresh_uptrend_ok": true,
      "up_slope": 0.21139401522549717,
      "up_hh_steps": 1,
      "up_hl_steps": 1,
      "up_pivot_highs": 2,
      "up_pivot_lows": 2,
      "resistance": 19.400999069213867,
      "pullback_from_resistance_pct": -2.4174104042082987,
      "state": "uptrend",
      "rank_score": 2.907545673281255
    },
    {
      "ticker": "MDLZ",
      "tf": "1d",
      "bars_used": 350,
      "close": 59.02000045776367,
      "sma20": 55.74439544677735,
      "sma50": 55.20044235229492,
      "trend_ok": true,
      "prior_downtrend_ok": true,
      "down_slope": -0.07148043648610643,
      "fresh_uptrend_ok": true,
      "up_slope": 0.2587879990086411,
      "up_hh_steps": 1,
      "up_hl_steps": 1,
      "up_pivot_highs": 2,
      "up_pivot_lows": 2,
      "resistance": 58.33000183105469,
      "pullback_from_resistance_pct": -1.1829223470753116,
      "state": "uptrend",
      "rank_score": 2.747153724512552
    },
    {
      "ticker": "MGTX",
      "tf": "1d",
      "bars_used": 350,
      "close": 8.010000228881836,
      "sma20": 7.674000072479248,
      "sma50": 7.955600023269653,
      "trend_ok": true,
      "prior_downtrend_ok": true,
      "down_slope": -0.007501875437222995,
      "fresh_uptrend_ok": true,
      "up_slope": 0.08818184823700875,
      "up_hh_steps": 1,
      "up_hl_steps": 1,
      "up_pivot_highs": 2,
      "up_pivot_lows": 2,
      "resistance": 8.345000267028809,
      "pullback_from_resistance_pct": 4.014380196853458,
      "state": "correction",
      "rank_score": 2.446658259945232
    },
    {
      "ticker": "LARK",
      "tf": "1d",
      "bars_used": 350,
      "close": 26.979999542236328,
      "sma20": 26.179500102996826,
      "sma50": 27.012942962646484,
      "trend_ok": true,
      "prior_downtrend_ok": true,
      "down_slope": -0.005507460588809472,
      "fresh_uptrend_ok": true,
      "up_slope": 0.1926666259765625,
      "up_hh_steps": 1,
      "up_hl_steps": 1,
      "up_pivot_highs": 3,
      "up_pivot_lows": 3,
      "resistance": 27.110000610351562,
      "pullback_from_resistance_pct": 0.4795317786366827,
      "state": "uptrend",
      "rank_score": 2.436229147628816
    },
    {
      "ticker": "LE",
      "tf": "1d",
      "bars_used": 350,
      "close": 19.149999618530273,
      "sma20": 15.329500007629395,
      "sma50": 15.32819995880127,
      "trend_ok": true,
      "prior_downtrend_ok": true,
      "down_slope": -0.02813883606085858,
      "fresh_uptrend_ok": true,
      "up_slope": 0.31060606638590493,
      "up_hh_steps": 1,
      "up_hl_steps": 1,
      "up_pivot_highs": 3,
      "up_pivot_lows": 3,
      "resistance": 20.040000915527344,
      "pullback_from_resistance_pct": 4.441124033619588,
      "state": "correction",
      "rank_score": 2.3036513647299675
    },
    {
      "ticker": "LKFN",
      "tf": "1d",
      "bars_used": 350,
      "close": 60.02000045776367,
      "sma20": 57.978408622741696,
      "sma50": 58.12208740234375,
      "trend_ok": true,
      "prior_downtrend_ok": true,
      "down_slope": -0.009609472550325949,
      "fresh_uptrend_ok": true,
      "up_slope": 0.33727368441495026,
      "up_hh_steps": 1,
      "up_hl_steps": 1,
      "up_pivot_highs": 2,
      "up_pivot_lows": 2,
      "resistance": 61.965903188058874,
      "pullback_from_resistance_pct": 3.140279783205334,
      "state": "uptrend",
      "rank_score": 1.9859314442385756
    },
    {
      "ticker": "ORIC",
      "tf": "1d",
      "bars_used": 350,
      "close": 12.109999656677246,
      "sma20": 10.084999990463256,
      "sma50": 10.254699954986572,
      "trend_ok": true,
      "prior_downtrend_ok": true,
      "down_slope": -0.11980534226093686,
      "fresh_uptrend_ok": true,
      "up_slope": 0.1666666146480676,
      "up_hh_steps": 1,
      "up_hl_steps": 1,
      "up_pivot_highs": 3,
      "up_pivot_lows": 2,
      "resistance": 12.609999656677246,
      "pullback_from_resistance_pct": 3.9651071658454806,
      "state": "uptrend",
      "rank_score": 1.858738112153745
    },
    {
      "ticker": "ONCY",
      "tf": "1d",
      "bars_used": 350,
      "close": 1.159999966621399,
      "sma20": 1.023999997973442,
      "sma50": 1.004799996614456,
      "trend_ok": true,
      "prior_downtrend_ok": true,
      "down_slope": -0.002025327679140259,
      "fresh_uptrend_ok": true,
      "up_slope": 0.02612121105194092,
      "up_hh_steps": 2,
      "up_hl_steps": 1,
      "up_pivot_highs": 3,
      "up_pivot_lows": 2,
      "resistance": 1.2999999523162842,
      "pullback_from_resistance_pct": 10.769230063850333,
      "state": "uptrend",
      "rank_score": 1.6519446397557955
    },
    {
      "ticker": "NAMM",
      "tf": "1d",
      "bars_used": 161,
      "close": 4.710000038146973,
      "sma20": 1.651650008559227,
      "sma50": 1.4448600041866302,
      "trend_ok": true,
      "prior_downtrend_ok": true,
      "down_slope": -0.018425797555057463,
      "fresh_uptrend_ok": true,
      "up_slope": 0.46867879556887077,
      "up_hh_steps": 1,
      "up_hl_steps": 1,
      "up_pivot_highs": 2,
      "up_pivot_lows": 2,
      "resistance": 5.679999828338623,
      "pullback_from_resistance_pct": 17.07746161103972,
      "state": "uptrend",
      "rank_score": 1.55
    },
    {
      "ticker": "LSH",
      "tf": "1d",
      "bars_used": 350,
      "close": 1.2000000476837158,
      "sma20": 0.9425499916076661,
      "sma50": 0.8905199944972992,
      "trend_ok": true,
      "prior_downtrend_ok": true,
      "down_slope": -0.0020846154575723643,
      "fresh_uptrend_ok": true,
      "up_slope": 0.047842426733537155,
      "up_hh_steps": 1,
      "up_hl_steps": 1,
      "up_pivot_highs": 2,
      "up_pivot_lows": 2,
      "resistance": 1.3200000524520874,
      "pullback_from_resistance_pct": 9.090909090909092,
      "state": "uptrend",
      "rank_score": 1.5496986973638203
    },
    {
      "ticker": "MOVE",
      "tf": "1d",
      "bars_used": 350,
      "close": 20.520000457763672,
      "sma20": 9.214350080490112,
      "sma50": 9.251340055465699,
      "trend_ok": true,
      "prior_downtrend_ok": true,
      "down_slope": -0.09253517838848464,
      "fresh_uptrend_ok": true,
      "up_slope": 1.561212158203125,
      "up_hh_steps": 1,
      "up_hl_steps": 1,
      "up_pivot_highs": 2,
      "up_pivot_lows": 2,
      "resistance": 23.899999618530273,
      "pullback_from_resistance_pct": 14.142256128514758,
      "state": "uptrend",
      "rank_score": 1.53298836841123
    },
    {
      "ticker": "MLEC",
      "tf": "1d",
      "bars_used": 350,
      "close": 6.690000057220459,
      "sma20": 5.038999998569489,
      "sma50": 5.808199973106384,
      "trend_ok": true,