{
  "updated_utc": "2026-01-26T20:54:17.456089+00:00",
  "tf": "1d",
  "params": {
    "n_down": 40,
    "n_up": 10,
    "n_corr": 8,
    "sma_slow": 50,
    "sma_fast": 20,
    "pivot_strength": 1,
    "min_hh_steps": 1,
    "min_hl_steps": 1,
    "corr_min_pct": 0.5,
    "corr_max_pct": 12.0,
    "near_resistance_pct": 6.0,
    "breakout_wiggle_pct": 0.2
  },
  "count": 9,
  "data": [
    {
      "ticker": "SDST",
      "tf": "1d",
      "bars_used": 350,
      "close": 4.630000114440918,
      "sma20": 3.6630000114440917,
      "sma50": 3.563400001525879,
      "trend_ok": true,
      "prior_downtrend_ok": true,
      "down_slope": -0.007565666251513569,
      "fresh_uptrend_ok": true,
      "up_slope": 0.09242426120873654,
      "up_hh_steps": 2,
      "up_hl_steps": 1,
      "up_pivot_highs": 3,
      "up_pivot_lows": 2,
      "resistance": 4.539999961853027,
      "pullback_from_resistance_pct": -1.9823822322491063,
      "state": "uptrend",
      "rank_score": 3.0085592275346658
    },
    {
      "ticker": "SFBC",
      "tf": "1d",
      "bars_used": 350,
      "close": 44.38999938964844,
      "sma20": 43.76150035858154,
      "sma50": 44.143000259399415,
      "trend_ok": true,
      "prior_downtrend_ok": true,
      "down_slope": -0.03566510162926078,
      "fresh_uptrend_ok": true,
      "up_slope": 0.08024227257930872,
      "up_hh_steps": 1,
      "up_hl_steps": 3,
      "up_pivot_highs": 2,
      "up_pivot_lows": 4,
      "resistance": 44.2400016784668,
      "pullback_from_resistance_pct": -0.3390544879989232,
      "state": "uptrend",
      "rank_score": 2.8065090813331537
    },
    {
      "ticker": "OTTR",
      "tf": "1d",
      "bars_used": 350,
      "close": 86.7300033569336,
      "sma20": 84.62299995422363,
      "sma50": 83.54729461669922,
      "trend_ok": true,
      "prior_downtrend_ok": true,
      "down_slope": -0.008551228650291686,
      "fresh_uptrend_ok": true,
      "up_slope": 0.37581833348129734,
      "up_hh_steps": 2,
      "up_hl_steps": 1,
      "up_pivot_highs": 3,
      "up_pivot_lows": 2,
      "resistance": 90.11000061035156,
      "pullback_from_resistance_pct": 3.7509679619619103,
      "state": "correction",
      "rank_score": 2.624286434498443
    },
    {
      "ticker": "SENEA",
      "tf": "1d",
      "bars_used": 350,
      "close": 115.63999938964844,
      "sma20": 113.44350090026856,
      "sma50": 115.41960021972656,
      "trend_ok": true,
      "prior_downtrend_ok": true,
      "down_slope": -0.368663194523967,
      "fresh_uptrend_ok": true,
      "up_slope": 0.5292725071762547,
      "up_hh_steps": 1,
      "up_hl_steps": 1,
      "up_pivot_highs": 2,
      "up_pivot_lows": 2,
      "resistance": 119.8499984741211,
      "pullback_from_resistance_pct": 3.512723519459794,
      "state": "correction",
      "rank_score": 2.4876552643866283
    },
    {
      "ticker": "RUN",
      "tf": "1d",
      "bars_used": 350,
      "close": 19.5,
      "sma20": 18.642999935150147,
      "sma50": 18.553999977111815,
      "trend_ok": true,
      "prior_downtrend_ok": true,
      "down_slope": -0.0026838715930817053,
      "fresh_uptrend_ok": true,
      "up_slope": 0.019939399488044508,
      "up_hh_steps": 1,
      "up_hl_steps": 1,
      "up_pivot_highs": 2,
      "up_pivot_lows": 3,
      "resistance": 20.15999984741211,
      "pullback_from_resistance_pct": 3.273808791704093,
      "state": "correction",
      "rank_score": 2.3336780201793816
    },
    {
      "ticker": "QETA",
      "tf": "1d",
      "bars_used": 350,
      "close": 11.5,
      "sma20": 11.387249946594238,
      "sma50": 11.378120021820068,
      "trend_ok": true,
      "prior_downtrend_ok": true,
      "down_slope": -0.004577015130649588,
      "fresh_uptrend_ok": true,
      "up_slope": 0.02275761113022313,
      "up_hh_steps": 1,
      "up_hl_steps": 1,
      "up_pivot_highs": 3,
      "up_pivot_lows": 3,
      "resistance": 11.979999542236328,
      "pullback_from_resistance_pct": 4.006674128359155,
      "state": "uptrend",
      "rank_score": 1.786652369600063
    },
    {
      "ticker": "PSNL",
      "tf": "1d",
      "bars_used": 350,
      "close": 10.170000076293945,
      "sma20": 8.893250012397766,
      "sma50": 8.952600002288818,
      "trend_ok": true,
      "prior_downtrend_ok": true,
      "down_slope": -0.014454967577506632,
      "fresh_uptrend_ok": true,
      "up_slope": 0.2563030300718365,
      "up_hh_steps": 1,
      "up_hl_steps": 1,
      "up_pivot_highs": 2,
      "up_pivot_lows": 2,
      "resistance": 11.5,
      "pullback_from_resistance_pct": 11.565216727878736,
      "state": "uptrend",
      "rank_score": 1.55
    },
    {
      "ticker": "RIOT",
      "tf": "1d",
      "bars_used": 350,
      "close": 17.280000686645508,
      "sma20": 15.580999994277954,
      "sma50": 14.942399978637695,
      "trend_ok": true,
      "prior_downtrend_ok": true,
      "down_slope": -0.011800185556036,
      "fresh_uptrend_ok": true,
      "up_slope": 0.17933336893717447,
      "up_hh_steps": 1,
      "up_hl_steps": 1,
      "up_pivot_highs": 2,
      "up_pivot_lows": 2,
      "resistance": 19.389999389648438,
      "pullback_from_resistance_pct": 10.88189153904448,
      "state": "uptrend",
      "rank_score": 1.4324519443586188
    },
    {
      "ticker": "PDYN",
      "tf": "1d",
      "bars_used": 350,
      "close": 6.610000133514404,
      "sma20": 5.893250060081482,
      "sma50": 5.557000017166137,
      "trend_ok": true,
      "prior_downtrend_ok": true,
      "down_slope": -0.029574574672706133,
      "fresh_uptrend_ok": true,
      "up_slope": 0.028757566394227923,
      "up_hh_steps": 1,
      "up_hl_steps": 1,
      "up_pivot_highs": 3,
      "up_pivot_lows": 3,
      "resistance": 7.440000057220459,
      "pullback_from_resistance_pct": 11.155912867239115,
      "state": "uptrend",
      "rank_score": 1.356815601189968
    }
  ]
}