{
  "updated_utc": "2026-01-19T22:51:22.538787+00:00",
  "tf": "1d",
  "params": {
    "n_down": 40,
    "n_up": 10,
    "n_corr": 8,
    "sma_slow": 50,
    "sma_fast": 20,
    "pivot_strength": 1,
    "min_hh_steps": 1,
    "min_hl_steps": 1,
    "corr_min_pct": 0.5,
    "corr_max_pct": 12.0,
    "near_resistance_pct": 6.0,
    "breakout_wiggle_pct": 0.2
  },
  "count": 21,
  "data": [
    {
      "ticker": "NEOV",
      "tf": "1d",
      "bars_used": 350,
      "close": 4.590000152587891,
      "sma20": 3.4675000071525575,
      "sma50": 3.8691999912261963,
      "trend_ok": true,
      "prior_downtrend_ok": true,
      "down_slope": -0.04516791657703679,
      "fresh_uptrend_ok": true,
      "up_slope": 0.06490909981005119,
      "up_hh_steps": 1,
      "up_hl_steps": 1,
      "up_pivot_highs": 2,
      "up_pivot_lows": 2,
      "resistance": 4.199999809265137,
      "pullback_from_resistance_pct": -9.285722881758684,
      "state": "uptrend",
      "rank_score": 3.9904493466205353
    },
    {
      "ticker": "NFE",
      "tf": "1d",
      "bars_used": 350,
      "close": 1.4199999570846558,
      "sma20": 1.2109999895095824,
      "sma50": 1.2459999966621398,
      "trend_ok": true,
      "prior_downtrend_ok": true,
      "down_slope": -0.002222327096824575,
      "fresh_uptrend_ok": true,
      "up_slope": 0.02612120599457712,
      "up_hh_steps": 1,
      "up_hl_steps": 2,
      "up_pivot_highs": 2,
      "up_pivot_lows": 3,
      "resistance": 1.3300000429153442,
      "pullback_from_resistance_pct": -6.766910621448761,
      "state": "uptrend",
      "rank_score": 3.764792249050683
    },
    {
      "ticker": "MYRG",
      "tf": "1d",
      "bars_used": 350,
      "close": 250.3699951171875,
      "sma20": 228.16050033569337,
      "sma50": 224.95239929199218,
      "trend_ok": true,
      "prior_downtrend_ok": true,
      "down_slope": -0.11898595441349452,
      "fresh_uptrend_ok": true,
      "up_slope": 1.3885454582445549,
      "up_hh_steps": 1,
      "up_hl_steps": 2,
      "up_pivot_highs": 2,
      "up_pivot_lows": 4,
      "resistance": 238.36000061035156,
      "pullback_from_resistance_pct": -5.038594762578787,
      "state": "uptrend",
      "rank_score": 3.3511034651286864
    },
    {
      "ticker": "LE",
      "tf": "1d",
      "bars_used": 350,
      "close": 15.779999732971191,
      "sma20": 14.849499988555909,
      "sma50": 15.337799911499024,
      "trend_ok": true,
      "prior_downtrend_ok": true,
      "down_slope": -0.04023169934414118,
      "fresh_uptrend_ok": true,
      "up_slope": 0.10945456533720999,
      "up_hh_steps": 2,
      "up_hl_steps": 1,
      "up_pivot_highs": 3,
      "up_pivot_lows": 3,
      "resistance": 15.979999542236328,
      "pullback_from_resistance_pct": 1.2515632978369138,
      "state": "correction",
      "rank_score": 3.0706443745403322
    },
    {
      "ticker": "LNT",
      "tf": "1d",
      "bars_used": 350,
      "close": 67.33999633789062,
      "sma20": 65.53949890136718,
      "sma50": 66.34219924926758,
      "trend_ok": true,
      "prior_downtrend_ok": true,
      "down_slope": -0.08630017035450319,
      "fresh_uptrend_ok": true,
      "up_slope": 0.28503001819957385,
      "up_hh_steps": 1,
      "up_hl_steps": 1,
      "up_pivot_highs": 2,
      "up_pivot_lows": 2,
      "resistance": 66.08999633789062,
      "pullback_from_resistance_pct": -1.8913603711055917,
      "state": "uptrend",
      "rank_score": 2.865226728517598
    },
    {
      "ticker": "LOPE",
      "tf": "1d",
      "bars_used": 350,
      "close": 178.2899932861328,
      "sma20": 171.01149978637696,
      "sma50": 164.97800048828125,
      "trend_ok": true,
      "prior_downtrend_ok": true,
      "down_slope": -0.01245229982300952,
      "fresh_uptrend_ok": true,
      "up_slope": 1.0004851370146781,
      "up_hh_steps": 1,
      "up_hl_steps": 1,
      "up_pivot_highs": 2,
      "up_pivot_lows": 2,
      "resistance": 181.3000030517578,
      "pullback_from_resistance_pct": 1.660237018730605,
      "state": "correction",
      "rank_score": 2.8649272556990617
    },
    {
      "ticker": "LGO",
      "tf": "1d",
      "bars_used": 350,
      "close": 1.3300000429153442,
      "sma20": 1.099000009894371,
      "sma50": 1.0437999999523162,
      "trend_ok": true,
      "prior_downtrend_ok": true,
      "down_slope": -0.0021594748991291698,
      "fresh_uptrend_ok": true,
      "up_slope": 0.022969693848581024,
      "up_hh_steps": 1,
      "up_hl_steps": 1,
      "up_pivot_highs": 2,
      "up_pivot_lows": 2,
      "resistance": 1.3799999952316284,
      "pullback_from_resistance_pct": 3.6231849629747175,
      "state": "correction",
      "rank_score": 2.5350420612597397
    },
    {
      "ticker": "LTBR",
      "tf": "1d",
      "bars_used": 350,
      "close": 17.59000015258789,
      "sma20": 15.225000047683716,
      "sma50": 16.179200019836426,
      "trend_ok": true,
      "prior_downtrend_ok": true,
      "down_slope": -0.15893527499730323,
      "fresh_uptrend_ok": true,
      "up_slope": 0.21630303931958747,
      "up_hh_steps": 2,
      "up_hl_steps": 1,
      "up_pivot_highs": 3,
      "up_pivot_lows": 3,
      "resistance": 18.479999542236328,
      "pullback_from_resistance_pct": 4.816014132545457,
      "state": "correction",
      "rank_score": 2.4952785370414445
    },
    {
      "ticker": "MEDP",
      "tf": "1d",
      "bars_used": 350,
      "close": 610.9000244140625,
      "sma20": 586.8790069580078,
      "sma50": 583.3892041015625,
      "trend_ok": true,
      "prior_downtrend_ok": true,
      "down_slope": -1.1108892558886903,
      "fresh_uptrend_ok": true,
      "up_slope": 1.9813313802083334,
      "up_hh_steps": 1,
      "up_hl_steps": 1,
      "up_pivot_highs": 2,
      "up_pivot_lows": 2,
      "resistance": 619.2999877929688,
      "pullback_from_resistance_pct": 1.3563642086998309,
      "state": "uptrend",
      "rank_score": 2.231403877694472
    },
    {
      "ticker": "LGIH",
      "tf": "1d",
      "bars_used": 350,
      "close": 53.79999923706055,
      "sma20": 46.5894998550415,
      "sma50": 47.82080001831055,
      "trend_ok": true,
      "prior_downtrend_ok": true,
      "down_slope": -0.11654785399589038,
      "fresh_uptrend_ok": true,
      "up_slope": 1.4849695379083807,
      "up_hh_steps": 2,
      "up_hl_steps": 1,
      "up_pivot_highs": 3,
      "up_pivot_lows": 2,
      "resistance": 55.43000030517578,
      "pullback_from_resistance_pct": 2.9406477704150995,
      "state": "uptrend",
      "rank_score": 2.20989203826415
    },
    {
      "ticker": "NXT",
      "tf": "1d",
      "bars_used": 350,
      "close": 96.36000061035156,
      "sma20": 91.92049980163574,
      "sma50": 92.11539978027344,
      "trend_ok": true,
      "prior_downtrend_ok": true,
      "down_slope": -0.30912567410639036,
      "fresh_uptrend_ok": true,
      "up_slope": 1.0987273707534329,
      "up_hh_steps": 1,
      "up_hl_steps": 1,
      "up_pivot_highs": 3,
      "up_pivot_lows": 2,
      "resistance": 100.94000244140625,
      "pullback_from_resistance_pct": 4.537350624410071,
      "state": "uptrend",
      "rank_score": 1.7558587937281878
    },
    {
      "ticker": "LBGJ",
      "tf": "1d",
      "bars_used": 309,
      "close": 0.75,
      "sma20": 0.6553499966859817,
      "sma50": 0.6686799955368042,
      "trend_ok": true,
      "prior_downtrend_ok": true,
      "down_slope": -0.0024140711181830287,
      "fresh_uptrend_ok": true,
      "up_slope": 0.012278786933783328,
      "up_hh_steps": 2,
      "up_hl_steps": 1,
      "up_pivot_highs": 3,
      "up_pivot_lows": 2,
      "resistance": 0.7950000166893005,
      "pullback_from_resistance_pct": 5.660379338946266,
      "state": "uptrend",
      "rank_score": 1.7188836785221135
    },
    {
      "ticker": "NKLR",
      "tf": "1d",
      "bars_used": 72,
      "close": 6.650000095367432,
      "sma20": 5.3429999351501465,
      "sma50": 5.273799962997437,
      "trend_ok": true,