{
  "updated_utc": "2026-01-26T20:54:15.620102+00:00",
  "tf": "1d",
  "params": {
    "n_down": 40,
    "n_up": 10,
    "n_corr": 8,
    "sma_slow": 50,
    "sma_fast": 20,
    "pivot_strength": 1,
    "min_hh_steps": 1,
    "min_hl_steps": 1,
    "corr_min_pct": 0.5,
    "corr_max_pct": 12.0,
    "near_resistance_pct": 6.0,
    "breakout_wiggle_pct": 0.2
  },
  "count": 14,
  "data": [
    {
      "ticker": "ZKIN",
      "tf": "1d",
      "bars_used": 350,
      "close": 2.059999942779541,
      "sma20": 1.6687499940395356,
      "sma50": 1.9841599941253663,
      "trend_ok": true,
      "prior_downtrend_ok": true,
      "down_slope": -0.03326191439190233,
      "fresh_uptrend_ok": true,
      "up_slope": 0.03327272299564246,
      "up_hh_steps": 1,
      "up_hl_steps": 1,
      "up_pivot_highs": 2,
      "up_pivot_lows": 3,
      "resistance": 1.9299999475479126,
      "pullback_from_resistance_pct": -6.73575123133008,
      "state": "uptrend",
      "rank_score": 3.5863104589167474
    },
    {
      "ticker": "VERU",
      "tf": "1d",
      "bars_used": 350,
      "close": 2.799999952316284,
      "sma20": 2.3990000009536745,
      "sma50": 2.422800006866455,
      "trend_ok": true,
      "prior_downtrend_ok": true,
      "down_slope": -0.006807692815841474,
      "fresh_uptrend_ok": true,
      "up_slope": 0.0510908993807706,
      "up_hh_steps": 2,
      "up_hl_steps": 2,
      "up_pivot_highs": 3,
      "up_pivot_lows": 3,
      "resistance": 2.8399999141693115,
      "pullback_from_resistance_pct": 1.408449403588351,
      "state": "correction",
      "rank_score": 3.165258432735275
    },
    {
      "ticker": "YYAI",
      "tf": "1d",
      "bars_used": 350,
      "close": 1.5399999618530273,
      "sma20": 1.1428999871015548,
      "sma50": 1.087439991235733,
      "trend_ok": true,
      "prior_downtrend_ok": true,
      "down_slope": -0.004240338412055826,
      "fresh_uptrend_ok": true,
      "up_slope": 0.006727267756606594,
      "up_hh_steps": 1,
      "up_hl_steps": 1,
      "up_pivot_highs": 3,
      "up_pivot_lows": 2,
      "resistance": 1.4700000286102295,
      "pullback_from_resistance_pct": -4.761900127918864,
      "state": "uptrend",
      "rank_score": 3.102518107764669
    },
    {
      "ticker": "XP",
      "tf": "1d",
      "bars_used": 350,
      "close": 20.190000534057617,
      "sma20": 17.37150020599365,
      "sma50": 17.69483819961548,
      "trend_ok": true,
      "prior_downtrend_ok": true,
      "down_slope": -0.06991111073663937,
      "fresh_uptrend_ok": true,
      "up_slope": 0.36054548783735796,
      "up_hh_steps": 1,
      "up_hl_steps": 1,
      "up_pivot_highs": 2,
      "up_pivot_lows": 2,
      "resistance": 20.344999313354492,
      "pullback_from_resistance_pct": 0.7618519760535629,
      "state": "correction",
      "rank_score": 3.0230246706577395
    },
    {
      "ticker": "VRSN",
      "tf": "1d",
      "bars_used": 350,
      "close": 250.60000610351562,
      "sma20": 246.89550018310547,
      "sma50": 247.4914273071289,
      "trend_ok": true,
      "prior_downtrend_ok": true,
      "down_slope": -0.22385555646656602,
      "fresh_uptrend_ok": true,
      "up_slope": 0.3857578161991004,
      "up_hh_steps": 1,
      "up_hl_steps": 1,
      "up_pivot_highs": 2,
      "up_pivot_lows": 3,
      "resistance": 255.63999938964844,
      "pullback_from_resistance_pct": 1.971519831859652,
      "state": "correction",
      "rank_score": 2.748223354469524
    },
    {
      "ticker": "WENN",
      "tf": "1d",
      "bars_used": 140,
      "close": 10.149999618530273,
      "sma20": 10.118000078201295,
      "sma50": 10.12779993057251,
      "trend_ok": true,
      "prior_downtrend_ok": true,
      "down_slope": -0.0023564643752507822,
      "fresh_uptrend_ok": true,
      "up_slope": 0.003575746940843987,
      "up_hh_steps": 1,
      "up_hl_steps": 2,
      "up_pivot_highs": 2,
      "up_pivot_lows": 3,
      "resistance": 10.1899995803833,
      "pullback_from_resistance_pct": 0.39254134936404705,
      "state": "uptrend",
      "rank_score": 2.5845764417726587
    },
    {
      "ticker": "SPOK",
      "tf": "1d",
      "bars_used": 350,
      "close": 13.359999656677246,
      "sma20": 13.172499942779542,
      "sma50": 13.13934492111206,
      "trend_ok": true,
      "prior_downtrend_ok": true,
      "down_slope": -0.0020428419560473594,
      "fresh_uptrend_ok": true,
      "up_slope": 0.06345457019227924,
      "up_hh_steps": 1,
      "up_hl_steps": 1,
      "up_pivot_highs": 2,
      "up_pivot_lows": 2,
      "resistance": 13.850000381469727,
      "pullback_from_resistance_pct": 3.5379112728983393,
      "state": "correction",
      "rank_score": 2.5436683406276095
    },
    {
      "ticker": "TLF",
      "tf": "1d",
      "bars_used": 350,
      "close": 2.809999942779541,
      "sma20": 2.781499981880188,
      "sma50": 2.732200012207031,
      "trend_ok": true,
      "prior_downtrend_ok": true,
      "down_slope": -0.0009371483079935328,
      "fresh_uptrend_ok": true,
      "up_slope": 0.006666661753798976,
      "up_hh_steps": 1,
      "up_hl_steps": 1,
      "up_pivot_highs": 2,
      "up_pivot_lows": 2,
      "resistance": 2.940000057220459,
      "pullback_from_resistance_pct": 4.421772513971409,
      "state": "correction",
      "rank_score": 2.282040225247222
    },
    {
      "ticker": "VHC",
      "tf": "1d",
      "bars_used": 350,
      "close": 22.31999969482422,
      "sma20": 19.705000019073488,
      "sma50": 20.29180000305176,
      "trend_ok": true,
      "prior_downtrend_ok": true,
      "down_slope": -0.16731425369434463,
      "fresh_uptrend_ok": true,
      "up_slope": 0.24533334211869673,
      "up_hh_steps": 1,
      "up_hl_steps": 1,
      "up_pivot_highs": 3,
      "up_pivot_lows": 2,
      "resistance": 22.670000076293945,
      "pullback_from_resistance_pct": 1.5438922818342753,
      "state": "uptrend",
      "rank_score": 2.2291224017260234
    },
    {
      "ticker": "TNXP",
      "tf": "1d",
      "bars_used": 350,
      "close": 18.31999969482422,
      "sma20": 16.403000020980834,
      "sma50": 16.936000003814698,
      "trend_ok": true,
      "prior_downtrend_ok": true,
      "down_slope": -0.002947461806363505,
      "fresh_uptrend_ok": true,
      "up_slope": 0.3793939590454102,
      "up_hh_steps": 2,
      "up_hl_steps": 1,
      "up_pivot_highs": 3,
      "up_pivot_lows": 2,
      "resistance": 19.950000762939453,
      "pullback_from_resistance_pct": 8.170431106665625,
      "state": "uptrend",
      "rank_score": 1.7000000000000002
    },
    {
      "ticker": "SXTP",
      "tf": "1d",
      "bars_used": 350,
      "close": 4.539999961853027,
      "sma20": 2.4112999856472017,
      "sma50": 3.2905999636650085,
      "trend_ok": true,
      "prior_downtrend_ok": true,
      "down_slope": -0.0700446514430234,
      "fresh_uptrend_ok": true,
      "up_slope": 0.2517454501354333,
      "up_hh_steps": 2,
      "up_hl_steps": 1,
      "up_pivot_highs": 3,
      "up_pivot_lows": 2,
      "resistance": 8.619999885559082,
      "pullback_from_resistance_pct": 47.33178628622953,
      "state": "uptrend",
      "rank_score": 1.6293683024296837
    },
    {
      "ticker": "TEAD",
      "tf": "1d",
      "bars_used": 350,
      "close": 0.7210000157356262,
      "sma20": 0.7049500048160553,
      "sma50": 0.7016400027275086,
      "trend_ok": true,
      "prior_downtrend_ok": true,
      "down_slope": -0.0005576919939012509,
      "fresh_uptrend_ok": true,
      "up_slope": 0.008187879576827541,
      "up_hh_steps": 1,
      "up_hl_steps": 1,
      "up_pivot_highs": 3,
      "up_pivot_lows": 2,
      "resistance": 0.7710000276565552,
      "pullback_from_resistance_pct": 6.485085619633939,
      "state": "uptrend",
      "rank_score": 1.4662743826614528
    },
    {
      "ticker": "VSME",
      "tf": "1d",
      "bars_used": 350,
      "close": 1.7799999713897705,
      "sma20": 0.8065999981015921,
      "sma50": 0.39919999897480013,