{
  "updated_utc": "2026-01-22T20:50:09.974630+00:00",
  "tf": "1d",
  "params": {
    "n_down": 40,
    "n_up": 10,
    "n_corr": 8,
    "sma_slow": 50,
    "sma_fast": 20,
    "pivot_strength": 1,
    "min_hh_steps": 1,
    "min_hl_steps": 1,
    "corr_min_pct": 0.5,
    "corr_max_pct": 12.0,
    "near_resistance_pct": 6.0,
    "breakout_wiggle_pct": 0.2
  },
  "count": 14,
  "data": [
    {
      "ticker": "PAHC",
      "tf": "1d",
      "bars_used": 350,
      "close": 41.95000076293945,
      "sma20": 39.09250011444092,
      "sma50": 40.72715667724609,
      "trend_ok": true,
      "prior_downtrend_ok": true,
      "down_slope": -0.19832804967941084,
      "fresh_uptrend_ok": true,
      "up_slope": 0.24515158913352272,
      "up_hh_steps": 1,
      "up_hl_steps": 2,
      "up_pivot_highs": 2,
      "up_pivot_lows": 3,
      "resistance": 42.220001220703125,
      "pullback_from_resistance_pct": 0.6395084082358427,
      "state": "correction",
      "rank_score": 3.1434152652940264
    },
    {
      "ticker": "RNAZ",
      "tf": "1d",
      "bars_used": 350,
      "close": 9.380000114440918,
      "sma20": 7.805249977111816,
      "sma50": 8.46915997505188,
      "trend_ok": true,
      "prior_downtrend_ok": true,
      "down_slope": -0.05819287107764668,
      "fresh_uptrend_ok": true,
      "up_slope": 0.18563636432994496,
      "up_hh_steps": 1,
      "up_hl_steps": 1,
      "up_pivot_highs": 3,
      "up_pivot_lows": 2,
      "resistance": 9.1899995803833,
      "pullback_from_resistance_pct": -2.067470541165058,
      "state": "uptrend",
      "rank_score": 2.894578423527509
    },
    {
      "ticker": "OTTR",
      "tf": "1d",
      "bars_used": 350,
      "close": 89.63999938964844,
      "sma20": 84.10849990844727,
      "sma50": 83.3971957397461,
      "trend_ok": true,
      "prior_downtrend_ok": true,
      "down_slope": -0.01943533791833702,
      "fresh_uptrend_ok": true,
      "up_slope": 0.7307877511689157,
      "up_hh_steps": 1,
      "up_hl_steps": 2,
      "up_pivot_highs": 2,
      "up_pivot_lows": 3,
      "resistance": 88.47000122070312,
      "pullback_from_resistance_pct": -1.3224801094176066,
      "state": "uptrend",
      "rank_score": 2.8704133515696006
    },
    {
      "ticker": "SMID",
      "tf": "1d",
      "bars_used": 350,
      "close": 37.45000076293945,
      "sma20": 35.64500045776367,
      "sma50": 35.18640037536621,
      "trend_ok": true,
      "prior_downtrend_ok": true,
      "down_slope": -0.015148219740189485,
      "fresh_uptrend_ok": true,
      "up_slope": 0.37466647986209756,
      "up_hh_steps": 2,
      "up_hl_steps": 2,
      "up_pivot_highs": 3,
      "up_pivot_lows": 3,
      "resistance": 38.709999084472656,
      "pullback_from_resistance_pct": 3.2549686162059692,
      "state": "correction",
      "rank_score": 2.8575052306323383
    },
    {
      "ticker": "PTLO",
      "tf": "1d",
      "bars_used": 350,
      "close": 5.940000057220459,
      "sma20": 4.978999996185303,
      "sma50": 4.883899993896485,
      "trend_ok": true,
      "prior_downtrend_ok": true,
      "down_slope": -0.0058278602685982025,
      "fresh_uptrend_ok": true,
      "up_slope": 0.1580605882586855,
      "up_hh_steps": 2,
      "up_hl_steps": 1,
      "up_pivot_highs": 3,
      "up_pivot_lows": 2,
      "resistance": 5.894999980926514,
      "pullback_from_resistance_pct": -0.7633600753103426,
      "state": "uptrend",
      "rank_score": 2.82722667921839
    },
    {
      "ticker": "SMPL",
      "tf": "1d",
      "bars_used": 350,
      "close": 21.18000030517578,
      "sma20": 20.25349998474121,
      "sma50": 19.729599990844726,
      "trend_ok": true,
      "prior_downtrend_ok": true,
      "down_slope": -0.004178239167519403,
      "fresh_uptrend_ok": true,
      "up_slope": 0.10703031366521662,
      "up_hh_steps": 1,
      "up_hl_steps": 1,
      "up_pivot_highs": 3,
      "up_pivot_lows": 2,
      "resistance": 21.56999969482422,
      "pullback_from_resistance_pct": 1.808063955337092,
      "state": "correction",
      "rank_score": 2.744503336749064
    },
    {
      "ticker": "SFBC",
      "tf": "1d",
      "bars_used": 350,
      "close": 44.31999969482422,
      "sma20": 43.66800041198731,
      "sma50": 44.16480026245117,
      "trend_ok": true,
      "prior_downtrend_ok": true,
      "down_slope": -0.034754219198316394,
      "fresh_uptrend_ok": true,
      "up_slope": 0.08945448904326468,
      "up_hh_steps": 1,
      "up_hl_steps": 2,
      "up_pivot_highs": 2,
      "up_pivot_lows": 3,
      "resistance": 44.2400016784668,
      "pullback_from_resistance_pct": -0.18082733571947351,
      "state": "uptrend",
      "rank_score": 2.680137889286579
    },
    {
      "ticker": "OSIS",
      "tf": "1d",
      "bars_used": 350,
      "close": 289.67999267578125,
      "sma20": 275.27199935913086,
      "sma50": 269.48400024414065,
      "trend_ok": true,
      "prior_downtrend_ok": true,
      "down_slope": -0.08688351056812851,
      "fresh_uptrend_ok": true,
      "up_slope": 2.0363628965435607,
      "up_hh_steps": 1,
      "up_hl_steps": 1,
      "up_pivot_highs": 2,
      "up_pivot_lows": 3,
      "resistance": 293.42999267578125,
      "pullback_from_resistance_pct": 1.2779879676933628,
      "state": "uptrend",
      "rank_score": 2.3043337338124337
    },
    {
      "ticker": "QETA",
      "tf": "1d",
      "bars_used": 350,
      "close": 11.529999732971191,
      "sma20": 11.371249961853028,
      "sma50": 11.376120014190674,
      "trend_ok": true,
      "prior_downtrend_ok": true,
      "down_slope": -0.005131982280881499,
      "fresh_uptrend_ok": true,
      "up_slope": 0.030878829956054687,
      "up_hh_steps": 1,
      "up_hl_steps": 1,
      "up_pivot_highs": 3,
      "up_pivot_lows": 3,
      "resistance": 11.729999542236328,
      "pullback_from_resistance_pct": 1.7050282785177902,
      "state": "uptrend",
      "rank_score": 2.2206819714275223
    },
    {
      "ticker": "SDST",
      "tf": "1d",
      "bars_used": 350,
      "close": 4.019999980926514,
      "sma20": 3.5202499985694886,
      "sma50": 3.555999994277954,
      "trend_ok": true,
      "prior_downtrend_ok": true,
      "down_slope": -0.016180112997094417,
      "fresh_uptrend_ok": true,
      "up_slope": 0.025515153191306376,
      "up_hh_steps": 2,
      "up_hl_steps": 1,
      "up_pivot_highs": 3,
      "up_pivot_lows": 2,
      "resistance": 4.539999961853027,
      "pullback_from_resistance_pct": 11.45374416951036,
      "state": "uptrend",
      "rank_score": 1.6016566778128873
    },
    {
      "ticker": "PCT",
      "tf": "1d",
      "bars_used": 350,
      "close": 11.369999885559082,
      "sma20": 9.875750017166137,
      "sma50": 9.271100025177002,
      "trend_ok": true,
      "prior_downtrend_ok": true,
      "down_slope": -0.009153853214256758,
      "fresh_uptrend_ok": true,
      "up_slope": 0.25251509926535864,
      "up_hh_steps": 1,
      "up_hl_steps": 1,
      "up_pivot_highs": 2,
      "up_pivot_lows": 2,
      "resistance": 12.128999710083008,
      "pullback_from_resistance_pct": 6.257728111683922,
      "state": "uptrend",
      "rank_score": 1.55
    },
    {
      "ticker": "RIOT",
      "tf": "1d",
      "bars_used": 350,
      "close": 17.25,
      "sma20": 15.266499948501586,
      "sma50": 14.941799964904785,
      "trend_ok": true,
      "prior_downtrend_ok": true,
      "down_slope": -0.03786116371011645,
      "fresh_uptrend_ok": true,
      "up_slope": 0.3583636023781516,
      "up_hh_steps": 1,
      "up_hl_steps": 1,
      "up_pivot_highs": 2,
      "up_pivot_lows": 2,
      "resistance": 19.389999389648438,
      "pullback_from_resistance_pct": 11.036614012432096,
      "state": "uptrend",
      "rank_score": 1.5372234231879123
    },
    {
      "ticker": "PRFX",
      "tf": "1d",
      "bars_used": 350,
      "close": 0.9459999799728394,
      "sma20": 0.8163500040769577,
      "sma50": 0.8839800035953522,
      "trend_ok": true,