{
  "updated_utc": "2026-01-22T20:50:58.110489+00:00",
  "tf": "1d",
  "params": {
    "n_down": 40,
    "n_up": 10,
    "n_corr": 8,
    "sma_slow": 50,
    "sma_fast": 20,
    "pivot_strength": 1,
    "min_hh_steps": 1,
    "min_hl_steps": 1,
    "corr_min_pct": 0.5,
    "corr_max_pct": 12.0,
    "near_resistance_pct": 6.0,
    "breakout_wiggle_pct": 0.2
  },
  "count": 17,
  "data": [
    {
      "ticker": "AREC",
      "tf": "1d",
      "bars_used": 350,
      "close": 4.349999904632568,
      "sma20": 3.1635000109672546,
      "sma50": 3.0119000005722047,
      "trend_ok": true,
      "prior_downtrend_ok": true,
      "down_slope": -0.02423968042262723,
      "fresh_uptrend_ok": true,
      "up_slope": 0.06042423392787124,
      "up_hh_steps": 1,
      "up_hl_steps": 2,
      "up_pivot_highs": 2,
      "up_pivot_lows": 3,
      "resistance": 3.759999990463257,
      "pullback_from_resistance_pct": -15.691487118770434,
      "state": "uptrend",
      "rank_score": 5.18419126293535
    },
    {
      "ticker": "BFRI",
      "tf": "1d",
      "bars_used": 350,
      "close": 0.9990000128746033,
      "sma20": 0.7788500010967254,
      "sma50": 0.8100200009346008,
      "trend_ok": true,
      "prior_downtrend_ok": true,
      "down_slope": -0.005926922684986193,
      "fresh_uptrend_ok": true,
      "up_slope": 0.012424243580211292,
      "up_hh_steps": 1,
      "up_hl_steps": 1,
      "up_pivot_highs": 3,
      "up_pivot_lows": 2,
      "resistance": 0.8619999885559082,
      "pullback_from_resistance_pct": -15.89327449391369,
      "state": "uptrend",
      "rank_score": 5.119611878299831
    },
    {
      "ticker": "BDSX",
      "tf": "1d",
      "bars_used": 350,
      "close": 10.920000076293945,
      "sma20": 7.295000052452087,
      "sma50": 7.535600032806396,
      "trend_ok": true,
      "prior_downtrend_ok": true,
      "down_slope": -0.03194371280705951,
      "fresh_uptrend_ok": true,
      "up_slope": 0.4823030414003314,
      "up_hh_steps": 1,
      "up_hl_steps": 1,
      "up_pivot_highs": 2,
      "up_pivot_lows": 2,
      "resistance": 10.0,
      "pullback_from_resistance_pct": -9.200000762939453,
      "state": "uptrend",
      "rank_score": 4.062543171719216
    },
    {
      "ticker": "ALKS",
      "tf": "1d",
      "bars_used": 350,
      "close": 33.849998474121094,
      "sma20": 29.471499919891357,
      "sma50": 29.434000091552733,
      "trend_ok": true,
      "prior_downtrend_ok": true,
      "down_slope": -0.0821613630255436,
      "fresh_uptrend_ok": true,
      "up_slope": 0.433818007960464,
      "up_hh_steps": 1,
      "up_hl_steps": 1,
      "up_pivot_highs": 2,
      "up_pivot_lows": 2,
      "resistance": 31.959999084472656,
      "pullback_from_resistance_pct": -5.913640312232264,
      "state": "uptrend",
      "rank_score": 3.5356067187053775
    },
    {
      "ticker": "BANF",
      "tf": "1d",
      "bars_used": 350,
      "close": 115.94000244140625,
      "sma20": 109.87348136901855,
      "sma50": 110.22190811157226,
      "trend_ok": true,
      "prior_downtrend_ok": true,
      "down_slope": -0.036596769150381465,
      "fresh_uptrend_ok": true,
      "up_slope": 0.5715152624881629,
      "up_hh_steps": 1,
      "up_hl_steps": 3,
      "up_pivot_highs": 2,
      "up_pivot_lows": 4,
      "resistance": 114.94999694824219,
      "pullback_from_resistance_pct": -0.8612488207457945,
      "state": "uptrend",
      "rank_score": 2.837953690062856
    },
    {
      "ticker": "ANIP",
      "tf": "1d",
      "bars_used": 350,
      "close": 85.5199966430664,
      "sma20": 81.51050033569337,
      "sma50": 82.41879989624023,
      "trend_ok": true,
      "prior_downtrend_ok": true,
      "down_slope": -0.1593883364106656,
      "fresh_uptrend_ok": true,
      "up_slope": 0.8235148574366714,
      "up_hh_steps": 1,
      "up_hl_steps": 1,
      "up_pivot_highs": 2,
      "up_pivot_lows": 2,
      "resistance": 87.06999969482422,
      "pullback_from_resistance_pct": 1.7801803803726794,
      "state": "correction",
      "rank_score": 2.826992820078129
    },
    {
      "ticker": "AMSC",
      "tf": "1d",
      "bars_used": 350,
      "close": 31.809999465942383,
      "sma20": 30.978999900817872,
      "sma50": 31.691000022888183,
      "trend_ok": true,
      "prior_downtrend_ok": true,
      "down_slope": -0.09840619890595914,
      "fresh_uptrend_ok": true,
      "up_slope": 0.13769690773703835,
      "up_hh_steps": 2,
      "up_hl_steps": 1,
      "up_pivot_highs": 3,
      "up_pivot_lows": 2,
      "resistance": 32.70000076293945,
      "pullback_from_resistance_pct": 2.721716441076519,
      "state": "correction",
      "rank_score": 2.803054209639876
    },
    {
      "ticker": "ARTNA",
      "tf": "1d",
      "bars_used": 350,
      "close": 32.83000183105469,
      "sma20": 32.21550016403198,
      "sma50": 31.890448875427246,
      "trend_ok": true,
      "prior_downtrend_ok": true,
      "down_slope": -0.0039394702517740274,
      "fresh_uptrend_ok": true,
      "up_slope": 0.1561212481874408,
      "up_hh_steps": 2,
      "up_hl_steps": 1,
      "up_pivot_highs": 3,
      "up_pivot_lows": 2,
      "resistance": 34.11000061035156,
      "pullback_from_resistance_pct": 3.7525615842657776,
      "state": "correction",
      "rank_score": 2.6093218848833426
    },
    {
      "ticker": "BNKK",
      "tf": "1d",
      "bars_used": 350,
      "close": 4.840000152587891,
      "sma20": 3.1635000109672546,
      "sma50": 4.548000001907349,
      "trend_ok": true,
      "prior_downtrend_ok": true,
      "down_slope": -0.10675140766891708,
      "fresh_uptrend_ok": true,
      "up_slope": 0.19648485906196364,
      "up_hh_steps": 1,
      "up_hl_steps": 1,
      "up_pivot_highs": 2,
      "up_pivot_lows": 3,
      "resistance": 5.050000190734863,
      "pullback_from_resistance_pct": 4.158416439909361,
      "state": "correction",
      "rank_score": 2.438949714071439
    },
    {
      "ticker": "APYX",
      "tf": "1d",
      "bars_used": 350,
      "close": 3.990000009536743,
      "sma20": 3.6535000085830687,
      "sma50": 3.827800030708313,
      "trend_ok": true,
      "prior_downtrend_ok": true,
      "down_slope": -0.016196061120024318,
      "fresh_uptrend_ok": true,
      "up_slope": 0.057696959466645215,
      "up_hh_steps": 1,
      "up_hl_steps": 1,
      "up_pivot_highs": 2,
      "up_pivot_lows": 2,
      "resistance": 4.050000190734863,
      "pullback_from_resistance_pct": 1.4814858857385194,
      "state": "uptrend",
      "rank_score": 2.272873147557799
    },
    {
      "ticker": "AVNW",
      "tf": "1d",
      "bars_used": 350,
      "close": 21.65999984741211,
      "sma20": 21.624499988555907,
      "sma50": 21.565600051879883,
      "trend_ok": true,
      "prior_downtrend_ok": true,
      "down_slope": -0.021798314028340926,
      "fresh_uptrend_ok": true,
      "up_slope": 0.026242331302527226,
      "up_hh_steps": 1,
      "up_hl_steps": 1,
      "up_pivot_highs": 2,
      "up_pivot_lows": 3,
      "resistance": 22.739999771118164,
      "pullback_from_resistance_pct": 4.749340081690552,
      "state": "correction",
      "rank_score": 2.1243751518284757
    },
    {
      "ticker": "BWIN",
      "tf": "1d",
      "bars_used": 350,
      "close": 26.209999084472656,
      "sma20": 25.404000091552735,
      "sma50": 25.629399948120117,
      "trend_ok": true,
      "prior_downtrend_ok": true,
      "down_slope": -0.1076735314016718,
      "fresh_uptrend_ok": true,
      "up_slope": 0.10721205509070195,
      "up_hh_steps": 1,
      "up_hl_steps": 1,
      "up_pivot_highs": 3,
      "up_pivot_lows": 2,
      "resistance": 26.809999465942383,
      "pullback_from_resistance_pct": 2.2379723738224113,
      "state": "uptrend",
      "rank_score": 2.0896157153200563
    },
    {
      "ticker": "ALLR",
      "tf": "1d",
      "bars_used": 350,
      "close": 1.1799999475479126,
      "sma20": 1.121999990940094,
      "sma50": 1.1357599914073944,
      "trend_ok": true,