{
  "updated_utc": "2026-01-15T22:10:04.300368+00:00",
  "tf": "1d",
  "params": {
    "n_down": 40,
    "n_up": 10,
    "n_corr": 8,
    "sma_slow": 50,
    "sma_fast": 20,
    "pivot_strength": 1,
    "min_hh_steps": 1,
    "min_hl_steps": 1,
    "corr_min_pct": 0.5,
    "corr_max_pct": 12.0,
    "near_resistance_pct": 6.0,
    "breakout_wiggle_pct": 0.2
  },
  "count": 14,
  "data": [
    {
      "ticker": "FORR",
      "tf": "1d",
      "bars_used": 350,
      "close": 8.3100004196167,
      "sma20": 7.74949996471405,
      "sma50": 7.451799974441529,
      "trend_ok": true,
      "prior_downtrend_ok": true,
      "down_slope": -0.010272981212465667,
      "fresh_uptrend_ok": true,
      "up_slope": 0.014666742267030658,
      "up_hh_steps": 2,
      "up_hl_steps": 2,
      "up_pivot_highs": 3,
      "up_pivot_lows": 3,
      "resistance": 8.4399995803833,
      "pullback_from_resistance_pct": 1.5402744932446748,
      "state": "correction",
      "rank_score": 3.0691666716021166
    },
    {
      "ticker": "FRPH",
      "tf": "1d",
      "bars_used": 350,
      "close": 24.299999237060547,
      "sma20": 23.084000015258788,
      "sma50": 23.246799926757813,
      "trend_ok": true,
      "prior_downtrend_ok": true,
      "down_slope": -0.021597564690108595,
      "fresh_uptrend_ok": true,
      "up_slope": 0.15763629566539417,
      "up_hh_steps": 1,
      "up_hl_steps": 1,
      "up_pivot_highs": 2,
      "up_pivot_lows": 2,
      "resistance": 23.6200008392334,
      "pullback_from_resistance_pct": -2.878909287325911,
      "state": "uptrend",
      "rank_score": 3.029818214554318
    },
    {
      "ticker": "HNNA",
      "tf": "1d",
      "bars_used": 350,
      "close": 10.289999961853027,
      "sma20": 9.594999980926513,
      "sma50": 9.831290340423584,
      "trend_ok": true,
      "prior_downtrend_ok": true,
      "down_slope": -0.011903468037188388,
      "fresh_uptrend_ok": true,
      "up_slope": 0.04957571318655303,
      "up_hh_steps": 1,
      "up_hl_steps": 2,
      "up_pivot_highs": 2,
      "up_pivot_lows": 3,
      "resistance": 10.09000015258789,
      "pullback_from_resistance_pct": -1.9821586346937827,
      "state": "uptrend",
      "rank_score": 2.9219644542678123
    },
    {
      "ticker": "IDXX",
      "tf": "1d",
      "bars_used": 350,
      "close": 710.47998046875,
      "sma20": 697.13349609375,
      "sma50": 707.5075964355469,
      "trend_ok": true,
      "prior_downtrend_ok": true,
      "down_slope": -0.6083049266020755,
      "fresh_uptrend_ok": true,
      "up_slope": 5.11484559955019,
      "up_hh_steps": 1,
      "up_hl_steps": 2,
      "up_pivot_highs": 2,
      "up_pivot_lows": 3,
      "resistance": 726.4099731445312,
      "pullback_from_resistance_pct": 2.192975491074613,
      "state": "correction",
      "rank_score": 2.869806703780131
    },
    {
      "ticker": "IPAR",
      "tf": "1d",
      "bars_used": 350,
      "close": 90.79000091552734,
      "sma20": 85.95550003051758,
      "sma50": 84.37679428100586,
      "trend_ok": true,
      "prior_downtrend_ok": true,
      "down_slope": -0.08229669925195862,
      "fresh_uptrend_ok": true,
      "up_slope": 0.560302919330019,
      "up_hh_steps": 1,
      "up_hl_steps": 2,
      "up_pivot_highs": 2,
      "up_pivot_lows": 3,
      "resistance": 90.01000213623047,
      "pullback_from_resistance_pct": -0.8665690043161469,
      "state": "uptrend",
      "rank_score": 2.7944281673860245
    },
    {
      "ticker": "KELYA",
      "tf": "1d",
      "bars_used": 350,
      "close": 10.319999694824219,
      "sma20": 8.982500076293945,
      "sma50": 8.942122039794922,
      "trend_ok": true,
      "prior_downtrend_ok": true,
      "down_slope": -0.023816090542648348,
      "fresh_uptrend_ok": true,
      "up_slope": 0.17757574717203775,
      "up_hh_steps": 1,
      "up_hl_steps": 1,
      "up_pivot_highs": 2,
      "up_pivot_lows": 2,
      "resistance": 10.859999656677246,
      "pullback_from_resistance_pct": 4.972375496540735,
      "state": "correction",
      "rank_score": 2.3212707505765438
    },
    {
      "ticker": "HAIN",
      "tf": "1d",
      "bars_used": 350,
      "close": 1.159999966621399,
      "sma20": 1.1419999957084657,
      "sma50": 1.1436000061035156,
      "trend_ok": true,
      "prior_downtrend_ok": true,
      "down_slope": -0.0026341470388265755,
      "fresh_uptrend_ok": true,
      "up_slope": 0.014181814049229477,
      "up_hh_steps": 1,
      "up_hl_steps": 1,
      "up_pivot_highs": 2,
      "up_pivot_lows": 2,
      "resistance": 1.2300000190734863,
      "pullback_from_resistance_pct": 5.691061086715743,
      "state": "correction",
      "rank_score": 2.1785490697611856
    },
    {
      "ticker": "INTZ",
      "tf": "1d",
      "bars_used": 350,
      "close": 1.4299999475479126,
      "sma20": 1.2650000035762787,
      "sma50": 1.4030000019073485,
      "trend_ok": true,
      "prior_downtrend_ok": true,
      "down_slope": -0.012202626142448153,
      "fresh_uptrend_ok": true,
      "up_slope": 0.029757570497917406,
      "up_hh_steps": 1,
      "up_hl_steps": 1,
      "up_pivot_highs": 2,
      "up_pivot_lows": 2,
      "resistance": 1.5199999809265137,
      "pullback_from_resistance_pct": 5.921054901838992,
      "state": "correction",
      "rank_score": 2.1527189926217964
    },
    {
      "ticker": "JLHL",
      "tf": "1d",
      "bars_used": 140,
      "close": 4.360000133514404,
      "sma20": 3.7987499952316286,
      "sma50": 3.8558400154113768,
      "trend_ok": true,
      "prior_downtrend_ok": true,
      "down_slope": -0.004867731182928604,
      "fresh_uptrend_ok": true,
      "up_slope": 0.0348484891833681,
      "up_hh_steps": 1,
      "up_hl_steps": 2,
      "up_pivot_highs": 2,
      "up_pivot_lows": 3,
      "resistance": 4.5,
      "pullback_from_resistance_pct": 3.1111081441243487,
      "state": "uptrend",
      "rank_score": 2.0299550771948947
    },
    {
      "ticker": "GEOS",
      "tf": "1d",
      "bars_used": 350,
      "close": 22.639999389648438,
      "sma20": 18.18200001716614,
      "sma50": 18.588800029754637,
      "trend_ok": true,
      "prior_downtrend_ok": true,
      "down_slope": -0.29767729891621375,
      "fresh_uptrend_ok": true,
      "up_slope": 0.7224241776899858,
      "up_hh_steps": 1,
      "up_hl_steps": 1,
      "up_pivot_highs": 2,
      "up_pivot_lows": 2,
      "resistance": 23.610000610351562,
      "pullback_from_resistance_pct": 4.108433696006928,
      "state": "uptrend",
      "rank_score": 1.865261050665512
    },
    {
      "ticker": "HIVE",
      "tf": "1d",
      "bars_used": 350,
      "close": 3.430000066757202,
      "sma20": 2.921499991416931,
      "sma50": 3.3437999868392945,
      "trend_ok": true,
      "prior_downtrend_ok": true,
      "down_slope": -0.05438086214924395,
      "fresh_uptrend_ok": true,
      "up_slope": 0.09024242921309038,
      "up_hh_steps": 1,
      "up_hl_steps": 2,
      "up_pivot_highs": 2,
      "up_pivot_lows": 3,
      "resistance": 3.680000066757202,
      "pullback_from_resistance_pct": 6.793478137632175,
      "state": "uptrend",
      "rank_score": 1.65
    },
    {
      "ticker": "HGBL",
      "tf": "1d",
      "bars_used": 350,
      "close": 1.399999976158142,
      "sma20": 1.2839999973773957,
      "sma50": 1.3069999957084655,
      "trend_ok": true,
      "prior_downtrend_ok": true,
      "down_slope": -0.002705440322185323,
      "fresh_uptrend_ok": true,
      "up_slope": 0.020666667186852658,
      "up_hh_steps": 1,
      "up_hl_steps": 1,
      "up_pivot_highs": 2,
      "up_pivot_lows": 2,
      "resistance": 1.5499999523162842,
      "pullback_from_resistance_pct": 9.677418114367397,
      "state": "uptrend",
      "rank_score": 1.55
    },
    {
      "ticker": "HOVR",
      "tf": "1d",
      "bars_used": 350,
      "close": 2.0899999141693115,
      "sma20": 1.7895000159740448,
      "sma50": 1.7740000009536743,
      "trend_ok": true,
      "prior_downtrend_ok": true,