{
  "updated_utc": "2026-01-23T20:54:25.701188+00:00",
  "tf": "1d",
  "params": {
    "n_down": 40,
    "n_up": 10,
    "n_corr": 8,
    "sma_slow": 50,
    "sma_fast": 20,
    "pivot_strength": 1,
    "min_hh_steps": 1,
    "min_hl_steps": 1,
    "corr_min_pct": 0.5,
    "corr_max_pct": 12.0,
    "near_resistance_pct": 6.0,
    "breakout_wiggle_pct": 0.2
  },
  "count": 12,
  "data": [
    {
      "ticker": "SXTP",
      "tf": "1d",
      "bars_used": 350,
      "close": 5.039999961853027,
      "sma20": 2.3318999826908113,
      "sma50": 3.3021999621391296,
      "trend_ok": true,
      "prior_downtrend_ok": true,
      "down_slope": -0.07073470781265459,
      "fresh_uptrend_ok": true,
      "up_slope": 0.15596363110975786,
      "up_hh_steps": 1,
      "up_hl_steps": 1,
      "up_pivot_highs": 2,
      "up_pivot_lows": 2,
      "resistance": 2.7079999446868896,
      "pullback_from_resistance_pct": -86.11521657308504,
      "state": "uptrend",
      "rank_score": 16.77567584507792
    },
    {
      "ticker": "ZENA",
      "tf": "1d",
      "bars_used": 328,
      "close": 5.03000020980835,
      "sma20": 3.7920000195503234,
      "sma50": 3.5368000078201294,
      "trend_ok": true,
      "prior_downtrend_ok": true,
      "down_slope": -0.004975609126278875,
      "fresh_uptrend_ok": true,
      "up_slope": 0.09139395482612378,
      "up_hh_steps": 1,
      "up_hl_steps": 1,
      "up_pivot_highs": 3,
      "up_pivot_lows": 3,
      "resistance": 4.320000171661377,
      "pullback_from_resistance_pct": -16.43518541514137,
      "state": "uptrend",
      "rank_score": 5.231359799638746
    },
    {
      "ticker": "XP",
      "tf": "1d",
      "bars_used": 350,
      "close": 19.829999923706055,
      "sma20": 17.1810001373291,
      "sma50": 17.665666751861572,
      "trend_ok": true,
      "prior_downtrend_ok": true,
      "down_slope": -0.07239721514717946,
      "fresh_uptrend_ok": true,
      "up_slope": 0.27187880313757695,
      "up_hh_steps": 1,
      "up_hl_steps": 1,
      "up_pivot_highs": 2,
      "up_pivot_lows": 2,
      "resistance": 17.559999465942383,
      "pullback_from_resistance_pct": -12.927110061514169,
      "state": "uptrend",
      "rank_score": 4.699319026352733
    },
    {
      "ticker": "SPOK",
      "tf": "1d",
      "bars_used": 350,
      "close": 13.760000228881836,
      "sma20": 13.150999975204467,
      "sma50": 13.135824069976806,
      "trend_ok": true,
      "prior_downtrend_ok": true,
      "down_slope": -0.0026131838392361465,
      "fresh_uptrend_ok": true,
      "up_slope": 0.06272728659889915,
      "up_hh_steps": 1,
      "up_hl_steps": 1,
      "up_pivot_highs": 2,
      "up_pivot_lows": 2,
      "resistance": 13.350000381469727,
      "pullback_from_resistance_pct": -3.0711598179517936,
      "state": "uptrend",
      "rank_score": 3.0425378924022537
    },
    {
      "ticker": "VRSN",
      "tf": "1d",
      "bars_used": 350,
      "close": 251.5,
      "sma20": 246.61949996948243,
      "sma50": 247.41718322753906,
      "trend_ok": true,
      "prior_downtrend_ok": true,
      "down_slope": -0.22401238275066326,
      "fresh_uptrend_ok": true,
      "up_slope": 0.4408481482303504,
      "up_hh_steps": 2,
      "up_hl_steps": 1,
      "up_pivot_highs": 3,
      "up_pivot_lows": 3,
      "resistance": 255.63999938964844,
      "pullback_from_resistance_pct": 1.6194646375891353,
      "state": "correction",
      "rank_score": 2.976218320338917
    },
    {
      "ticker": "VERU",
      "tf": "1d",
      "bars_used": 350,
      "close": 2.690000057220459,
      "sma20": 2.375,
      "sma50": 2.4188000059127805,
      "trend_ok": true,
      "prior_downtrend_ok": true,
      "down_slope": -0.007195121843864055,
      "fresh_uptrend_ok": true,
      "up_slope": 0.043272725018587976,
      "up_hh_steps": 2,
      "up_hl_steps": 2,
      "up_pivot_highs": 3,
      "up_pivot_lows": 3,
      "resistance": 2.7200000286102295,
      "pullback_from_resistance_pct": 1.1029401130226768,
      "state": "uptrend",
      "rank_score": 2.6130649470326976
    },
    {
      "ticker": "TLF",
      "tf": "1d",
      "bars_used": 350,
      "close": 2.8499999046325684,
      "sma20": 2.7734999895095824,
      "sma50": 2.7352000141143797,
      "trend_ok": true,
      "prior_downtrend_ok": true,
      "down_slope": -0.0023536582377793416,
      "fresh_uptrend_ok": true,
      "up_slope": 0.006484846635298296,
      "up_hh_steps": 1,
      "up_hl_steps": 1,
      "up_pivot_highs": 2,
      "up_pivot_lows": 2,
      "resistance": 2.940000057220459,
      "pullback_from_resistance_pct": 3.0612296202803058,
      "state": "correction",
      "rank_score": 2.503714937068027
    },
    {
      "ticker": "WENN",
      "tf": "1d",
      "bars_used": 139,
      "close": 10.149999618530273,
      "sma20": 10.115500116348267,
      "sma50": 10.129599933624268,
      "trend_ok": true,
      "prior_downtrend_ok": true,
      "down_slope": -0.0027814176248117414,
      "fresh_uptrend_ok": true,
      "up_slope": 0.0023636384443803267,
      "up_hh_steps": 1,
      "up_hl_steps": 1,
      "up_pivot_highs": 2,
      "up_pivot_lows": 2,
      "resistance": 10.1899995803833,
      "pullback_from_resistance_pct": 0.39254134936404705,
      "state": "uptrend",
      "rank_score": 2.435094964186085
    },
    {
      "ticker": "VHC",
      "tf": "1d",
      "bars_used": 350,
      "close": 22.40999984741211,
      "sma20": 19.454500007629395,
      "sma50": 20.309599990844728,
      "trend_ok": true,
      "prior_downtrend_ok": true,
      "down_slope": -0.1782326392340168,
      "fresh_uptrend_ok": true,
      "up_slope": 0.2808484626538826,
      "up_hh_steps": 1,
      "up_hl_steps": 1,
      "up_pivot_highs": 3,
      "up_pivot_lows": 2,
      "resistance": 22.670000076293945,
      "pullback_from_resistance_pct": 1.1468911689758599,
      "state": "uptrend",
      "rank_score": 2.3125478887665687
    },
    {
      "ticker": "ZVRA",
      "tf": "1d",
      "bars_used": 350,
      "close": 9.079999923706055,
      "sma20": 8.738500070571899,
      "sma50": 8.711800060272218,
      "trend_ok": true,
      "prior_downtrend_ok": true,
      "down_slope": -0.02043339584379214,
      "fresh_uptrend_ok": true,
      "up_slope": 0.06612121697628137,
      "up_hh_steps": 1,
      "up_hl_steps": 1,
      "up_pivot_highs": 2,
      "up_pivot_lows": 2,
      "resistance": 9.239999771118164,
      "pullback_from_resistance_pct": 1.7316001231106875,
      "state": "uptrend",
      "rank_score": 2.220188884303189
    },
    {
      "ticker": "VSME",
      "tf": "1d",
      "bars_used": 350,
      "close": 1.840000033378601,
      "sma20": 0.7215999994426966,
      "sma50": 0.3685999995470047,
      "trend_ok": true,
      "prior_downtrend_ok": true,
      "down_slope": -0.003272044982963834,
      "fresh_uptrend_ok": true,
      "up_slope": 0.1593454602992896,
      "up_hh_steps": 1,
      "up_hl_steps": 1,
      "up_pivot_highs": 3,
      "up_pivot_lows": 2,
      "resistance": 1.909999966621399,
      "pullback_from_resistance_pct": 3.6649180348741477,
      "state": "uptrend",
      "rank_score": 1.888360296082996
    },
    {
      "ticker": "SPHL",
      "tf": "1d",
      "bars_used": 315,
      "close": 6.940000057220459,
      "sma20": 3.802749991416931,
      "sma50": 3.602899990081787,
      "trend_ok": true,
      "prior_downtrend_ok": true,
      "down_slope": -0.04004324674606323,
      "fresh_uptrend_ok": true,
      "up_slope": 0.6984848268104322,
      "up_hh_steps": 1,
      "up_hl_steps": 1,
      "up_pivot_highs": 2,
      "up_pivot_lows": 2,
      "resistance": 25.110000610351562,
      "pullback_from_resistance_pct": 72.36160936467897,
      "state": "uptrend",
      "rank_score": 1.4055482189377595
    }
  ]
}