{
  "updated_utc": "2026-01-06T19:52:42.185179+00:00",
  "tf": "1d",
  "params": {
    "n_down": 40,
    "n_up": 10,
    "n_corr": 8,
    "sma_slow": 50,
    "sma_fast": 20,
    "pivot_strength": 1,
    "min_hh_steps": 1,
    "min_hl_steps": 1,
    "corr_min_pct": 0.5,
    "corr_max_pct": 12.0,
    "near_resistance_pct": 6.0,
    "breakout_wiggle_pct": 0.2
  },
  "count": 2,
  "data": [
    {
      "ticker": "INTC",
      "tf": "1d",
      "bars_used": 350,
      "close": 39.369998931884766,
      "sma20": 37.949499702453615,
      "sma50": 38.058400039672854,
      "trend_ok": true,
      "prior_downtrend_ok": true,
      "down_slope": -0.0004643699688938277,
      "fresh_uptrend_ok": true,
      "up_slope": 0.30709103670987214,
      "up_hh_steps": 1,
      "up_hl_steps": 1,
      "up_pivot_highs": 2,
      "up_pivot_lows": 2,
      "resistance": 38.2599983215332,
      "pullback_from_resistance_pct": -2.9012040226014344,
      "state": "uptrend",
      "rank_score": 2.9983558879787493
    },
    {
      "ticker": "NVDA",
      "tf": "1d",
      "bars_used": 350,
      "close": 188.1199951171875,
      "sma20": 183.20050048828125,
      "sma50": 186.66189239501952,
      "trend_ok": true,
      "prior_downtrend_ok": true,
      "down_slope": -0.606272712120643,
      "fresh_uptrend_ok": true,
      "up_slope": 0.4922416918205492,
      "up_hh_steps": 1,
      "up_hl_steps": 1,
      "up_pivot_highs": 2,
      "up_pivot_lows": 2,
      "resistance": 192.69000244140625,
      "pullback_from_resistance_pct": 2.371688861028694,
      "state": "uptrend",
      "rank_score": 2.036644559914133
    }
  ]
}