{
  "updated_utc": "2026-01-27T18:17:25.872910+00:00",
  "tf": "1d",
  "params": {
    "n_down": 40,
    "n_up": 10,
    "n_corr": 8,
    "sma_slow": 50,
    "sma_fast": 20,
    "pivot_strength": 1,
    "min_hh_steps": 1,
    "min_hl_steps": 1,
    "corr_min_pct": 0.5,
    "corr_max_pct": 12.0,
    "near_resistance_pct": 6.0,
    "breakout_wiggle_pct": 0.2
  },
  "count": 12,
  "data": [
    {
      "ticker": "XOS",
      "tf": "1d",
      "bars_used": 350,
      "close": 2.8499999046325684,
      "sma20": 2.1499999940395353,
      "sma50": 2.212199990749359,
      "trend_ok": true,
      "prior_downtrend_ok": true,
      "down_slope": -0.011537523240577883,
      "fresh_uptrend_ok": true,
      "up_slope": 0.034909083626487036,
      "up_hh_steps": 1,
      "up_hl_steps": 1,
      "up_pivot_highs": 2,
      "up_pivot_lows": 2,
      "resistance": 2.380000114440918,
      "pullback_from_resistance_pct": -19.747889394621197,
      "state": "uptrend",
      "rank_score": 5.726435760857362
    },
    {
      "ticker": "ZKIN",
      "tf": "1d",
      "bars_used": 350,
      "close": 2.0899999141693115,
      "sma20": 1.695249992609024,
      "sma50": 1.9711999940872191,
      "trend_ok": true,
      "prior_downtrend_ok": true,
      "down_slope": -0.03188743038875301,
      "fresh_uptrend_ok": true,
      "up_slope": 0.048424236702196526,
      "up_hh_steps": 1,
      "up_hl_steps": 1,
      "up_pivot_highs": 2,
      "up_pivot_lows": 3,
      "resistance": 1.9299999475479126,
      "pullback_from_resistance_pct": -8.290153936256877,
      "state": "uptrend",
      "rank_score": 3.8933671494790967
    },
    {
      "ticker": "USGO",
      "tf": "1d",
      "bars_used": 350,
      "close": 15.630000114440918,
      "sma20": 10.974000024795533,
      "sma50": 10.221800060272217,
      "trend_ok": true,
      "prior_downtrend_ok": true,
      "down_slope": -0.008671202758016102,
      "fresh_uptrend_ok": true,
      "up_slope": 0.6823939352324515,
      "up_hh_steps": 1,
      "up_hl_steps": 1,
      "up_pivot_highs": 2,
      "up_pivot_lows": 2,
      "resistance": 14.779999732971191,
      "pullback_from_resistance_pct": -5.751017569868743,
      "state": "uptrend",
      "rank_score": 3.508502928311457
    },
    {
      "ticker": "VRSN",
      "tf": "1d",
      "bars_used": 350,
      "close": 251.5399932861328,
      "sma20": 247.18499984741212,
      "sma50": 247.56393463134765,
      "trend_ok": true,
      "prior_downtrend_ok": true,
      "down_slope": -0.21317290257781352,
      "fresh_uptrend_ok": true,
      "up_slope": 0.4605453953598485,
      "up_hh_steps": 1,
      "up_hl_steps": 2,
      "up_pivot_highs": 2,
      "up_pivot_lows": 4,
      "resistance": 255.63999938964844,
      "pullback_from_resistance_pct": 1.6038202602505738,
      "state": "correction",
      "rank_score": 2.9396060109168998
    },
    {
      "ticker": "SPOK",
      "tf": "1d",
      "bars_used": 350,
      "close": 13.529999732971191,
      "sma20": 13.19749994277954,
      "sma50": 13.13942964553833,
      "trend_ok": true,
      "prior_downtrend_ok": true,
      "down_slope": -0.0008522415697910102,
      "fresh_uptrend_ok": true,
      "up_slope": 0.058606072628136836,
      "up_hh_steps": 1,
      "up_hl_steps": 1,
      "up_pivot_highs": 2,
      "up_pivot_lows": 2,
      "resistance": 13.850000381469727,
      "pullback_from_resistance_pct": 2.310473932742069,
      "state": "correction",
      "rank_score": 2.738645256683098
    },
    {
      "ticker": "WENN",
      "tf": "1d",
      "bars_used": 141,
      "close": 10.170000076293945,
      "sma20": 10.121500062942506,
      "sma50": 10.12699993133545,
      "trend_ok": true,
      "prior_downtrend_ok": true,
      "down_slope": -0.002062843082993384,
      "fresh_uptrend_ok": true,
      "up_slope": 0.004969689340302438,
      "up_hh_steps": 1,
      "up_hl_steps": 2,
      "up_pivot_highs": 2,
      "up_pivot_lows": 3,
      "resistance": 10.1899995803833,
      "pullback_from_resistance_pct": 0.19626599522002317,
      "state": "uptrend",
      "rank_score": 2.6172890007966627
    },
    {
      "ticker": "SPCB",
      "tf": "1d",
      "bars_used": 350,
      "close": 9.09000015258789,
      "sma20": 8.650499868392945,
      "sma50": 8.979199981689453,
      "trend_ok": true,
      "prior_downtrend_ok": true,
      "down_slope": -0.0019718632689112794,
      "fresh_uptrend_ok": true,
      "up_slope": 0.08642427271062678,
      "up_hh_steps": 1,
      "up_hl_steps": 1,
      "up_pivot_highs": 2,
      "up_pivot_lows": 2,
      "resistance": 9.149999618530273,
      "pullback_from_resistance_pct": 0.6557318955606719,
      "state": "uptrend",
      "rank_score": 2.386715080930012
    },
    {
      "ticker": "XP",
      "tf": "1d",
      "bars_used": 350,
      "close": 19.93000030517578,
      "sma20": 17.546500205993652,
      "sma50": 17.70138505935669,
      "trend_ok": true,
      "prior_downtrend_ok": true,
      "down_slope": -0.06399880806455917,
      "fresh_uptrend_ok": true,
      "up_slope": 0.39430309642444955,
      "up_hh_steps": 1,
      "up_hl_steps": 2,
      "up_pivot_highs": 2,
      "up_pivot_lows": 3,
      "resistance": 20.344999313354492,
      "pullback_from_resistance_pct": 2.0398084157530785,
      "state": "uptrend",
      "rank_score": 2.31003193070782
    },
    {
      "ticker": "WYFI",
      "tf": "1d",
      "bars_used": 118,
      "close": 20.530000686645508,
      "sma20": 18.20300006866455,
      "sma50": 18.253300018310547,
      "trend_ok": true,
      "prior_downtrend_ok": true,
      "down_slope": -0.07859053066031794,
      "fresh_uptrend_ok": true,
      "up_slope": 0.16909092989834873,
      "up_hh_steps": 1,
      "up_hl_steps": 1,
      "up_pivot_highs": 3,
      "up_pivot_lows": 2,
      "resistance": 21.81999969482422,
      "pullback_from_resistance_pct": 5.912002869939101,
      "state": "correction",
      "rank_score": 2.066872269781954
    },
    {
      "ticker": "VERU",
      "tf": "1d",
      "bars_used": 350,
      "close": 2.630000114440918,
      "sma20": 2.4135000109672546,
      "sma50": 2.423000011444092,
      "trend_ok": true,
      "prior_downtrend_ok": true,
      "down_slope": -0.00599624826581572,
      "fresh_uptrend_ok": true,
      "up_slope": 0.04903030540003921,
      "up_hh_steps": 2,
      "up_hl_steps": 1,
      "up_pivot_highs": 3,
      "up_pivot_lows": 2,
      "resistance": 2.8399999141693115,
      "pullback_from_resistance_pct": 7.394359368838842,
      "state": "uptrend",
      "rank_score": 1.6997837911263372
    },
    {
      "ticker": "SXTP",
      "tf": "1d",
      "bars_used": 350,
      "close": 4.840000152587891,
      "sma20": 2.5154999911785128,
      "sma50": 3.285799968242645,
      "trend_ok": true,
      "prior_downtrend_ok": true,
      "down_slope": -0.06874258728456765,
      "fresh_uptrend_ok": true,
      "up_slope": 0.33720001090656626,
      "up_hh_steps": 1,
      "up_hl_steps": 1,
      "up_pivot_highs": 2,
      "up_pivot_lows": 2,
      "resistance": 8.619999885559082,
      "pullback_from_resistance_pct": 43.85150560504938,
      "state": "uptrend",
      "rank_score": 1.517382184562217
    },
    {
      "ticker": "VHC",
      "tf": "1d",
      "bars_used": 350,
      "close": 21.280000686645508,
      "sma20": 19.847500038146972,
      "sma50": 20.25060001373291,
      "trend_ok": true,
      "prior_downtrend_ok": true,
      "down_slope": -0.15397185492023516,
      "fresh_uptrend_ok": true,
      "up_slope": 0.14563636779785155,
      "up_hh_steps": 1,
      "up_hl_steps": 1,
      "up_pivot_highs": 3,
      "up_pivot_lows": 2,
      "resistance": 22.670000076293945,
      "pullback_from_resistance_pct": 6.131448544201647,
      "state": "uptrend",
      "rank_score": 1.404592685685933
    }
  ]
}