{
  "updated_utc": "2026-01-27T18:18:22.917142+00:00",
  "tf": "1d",
  "params": {
    "n_down": 40,
    "n_up": 10,
    "n_corr": 8,
    "sma_slow": 50,
    "sma_fast": 20,
    "pivot_strength": 1,
    "min_hh_steps": 1,
    "min_hl_steps": 1,
    "corr_min_pct": 0.5,
    "corr_max_pct": 12.0,
    "near_resistance_pct": 6.0,
    "breakout_wiggle_pct": 0.2
  },
  "count": 8,
  "data": [
    {
      "ticker": "CRVL",
      "tf": "1d",
      "bars_used": 350,
      "close": 70.66000366210938,
      "sma20": 69.24900016784667,
      "sma50": 70.48919998168945,
      "trend_ok": true,
      "prior_downtrend_ok": true,
      "down_slope": -0.14745308695322576,
      "fresh_uptrend_ok": true,
      "up_slope": 0.2165454286517519,
      "up_hh_steps": 1,
      "up_hl_steps": 2,
      "up_pivot_highs": 2,
      "up_pivot_lows": 3,
      "resistance": 71.29000091552734,
      "pullback_from_resistance_pct": 0.8837105419096045,
      "state": "correction",
      "rank_score": 2.9778471312540797
    },
    {
      "ticker": "ECOR",
      "tf": "1d",
      "bars_used": 350,
      "close": 8.149999618530273,
      "sma20": 5.936749982833862,
      "sma50": 5.33410002708435,
      "trend_ok": true,
      "prior_downtrend_ok": true,
      "down_slope": -0.011088649819536906,
      "fresh_uptrend_ok": true,
      "up_slope": 0.17696966691450638,
      "up_hh_steps": 1,
      "up_hl_steps": 1,
      "up_pivot_highs": 2,
      "up_pivot_lows": 2,
      "resistance": 8.0,
      "pullback_from_resistance_pct": -1.874995231628418,
      "state": "uptrend",
      "rank_score": 2.862499205271403
    },
    {
      "ticker": "EPSN",
      "tf": "1d",
      "bars_used": 350,
      "close": 4.679999828338623,
      "sma20": 4.520999932289124,
      "sma50": 4.6699064922332765,
      "trend_ok": true,
      "prior_downtrend_ok": true,
      "down_slope": -0.006917852532349205,
      "fresh_uptrend_ok": true,
      "up_slope": 0.03999997919256037,
      "up_hh_steps": 1,
      "up_hl_steps": 1,
      "up_pivot_highs": 3,
      "up_pivot_lows": 2,
      "resistance": 4.800000190734863,
      "pullback_from_resistance_pct": 2.5000074505803007,
      "state": "correction",
      "rank_score": 2.7333320915699497
    },
    {
      "ticker": "CPHC",
      "tf": "1d",
      "bars_used": 350,
      "close": 15.670000076293945,
      "sma20": 15.358437538146973,
      "sma50": 15.240861377716065,
      "trend_ok": true,
      "prior_downtrend_ok": true,
      "down_slope": -0.005565638300625513,
      "fresh_uptrend_ok": true,
      "up_slope": 0.09381816170432351,
      "up_hh_steps": 1,
      "up_hl_steps": 1,
      "up_pivot_highs": 2,
      "up_pivot_lows": 2,
      "resistance": 16.15999984741211,
      "pullback_from_resistance_pct": 3.032176830104571,
      "state": "correction",
      "rank_score": 2.640223706021195
    },
    {
      "ticker": "ECBK",
      "tf": "1d",
      "bars_used": 350,
      "close": 17.399999618530273,
      "sma20": 17.28149995803833,
      "sma50": 17.242599906921388,
      "trend_ok": true,
      "prior_downtrend_ok": true,
      "down_slope": -0.003858356404259773,
      "fresh_uptrend_ok": true,
      "up_slope": 0.022060509883996212,
      "up_hh_steps": 1,
      "up_hl_steps": 2,
      "up_pivot_highs": 2,
      "up_pivot_lows": 3,
      "resistance": 17.489999771118164,
      "pullback_from_resistance_pct": 0.514580639026142,
      "state": "uptrend",
      "rank_score": 2.5456771314172846
    },
    {
      "ticker": "DNTH",
      "tf": "1d",
      "bars_used": 350,
      "close": 51.16999816894531,
      "sma20": 43.1024995803833,
      "sma50": 42.58219985961914,
      "trend_ok": true,
      "prior_downtrend_ok": true,
      "down_slope": -0.05134052541421457,
      "fresh_uptrend_ok": true,
      "up_slope": 1.2586665760387075,
      "up_hh_steps": 1,
      "up_hl_steps": 1,
      "up_pivot_highs": 2,
      "up_pivot_lows": 2,
      "resistance": 54.0,
      "pullback_from_resistance_pct": 5.240744131582755,
      "state": "correction",
      "rank_score": 2.2765426447362076
    },
    {
      "ticker": "EOSE",
      "tf": "1d",
      "bars_used": 350,
      "close": 16.190000534057617,
      "sma20": 15.04099998474121,
      "sma50": 14.315800018310547,
      "trend_ok": true,
      "prior_downtrend_ok": true,
      "down_slope": -0.03501781835788634,
      "fresh_uptrend_ok": true,
      "up_slope": 0.054484985813950046,
      "up_hh_steps": 3,
      "up_hl_steps": 1,
      "up_pivot_highs": 4,
      "up_pivot_lows": 2,
      "resistance": 18.739999771118164,
      "pullback_from_resistance_pct": 13.60725329885314,
      "state": "uptrend",
      "rank_score": 1.6414989081945297
    },
    {
      "ticker": "DTSS",
      "tf": "1d",
      "bars_used": 350,
      "close": 1.1799999475479126,
      "sma20": 0.8819999933242798,
      "sma50": 1.079080001115799,
      "trend_ok": true,
      "prior_downtrend_ok": true,
      "down_slope": -0.020298406258085655,
      "fresh_uptrend_ok": true,
      "up_slope": 0.04749696760466605,
      "up_hh_steps": 1,
      "up_hl_steps": 1,
      "up_pivot_highs": 2,
      "up_pivot_lows": 2,
      "resistance": 1.3300000429153442,
      "pullback_from_resistance_pct": 11.278202295289647,
      "state": "uptrend",
      "rank_score": 1.55
    }
  ]
}