{
  "updated_utc": "2026-01-28T14:06:35.233020+00:00",
  "tf": "1d",
  "params": {
    "n_down": 40,
    "n_up": 10,
    "n_corr": 8,
    "sma_slow": 50,
    "sma_fast": 20,
    "pivot_strength": 1,
    "min_hh_steps": 1,
    "min_hl_steps": 1,
    "corr_min_pct": 0.5,
    "corr_max_pct": 12.0,
    "near_resistance_pct": 6.0,
    "breakout_wiggle_pct": 0.2
  },
  "count": 7,
  "data": [
    {
      "ticker": "CALM",
      "tf": "1d",
      "bars_used": 350,
      "close": 83.48999786376953,
      "sma20": 78.28150024414063,
      "sma50": 82.64720001220704,
      "trend_ok": true,
      "prior_downtrend_ok": true,
      "down_slope": -0.2778386658172894,
      "fresh_uptrend_ok": true,
      "up_slope": 1.1530907833214963,
      "up_hh_steps": 1,
      "up_hl_steps": 2,
      "up_pivot_highs": 2,
      "up_pivot_lows": 3,
      "resistance": 82.80000305175781,
      "pullback_from_resistance_pct": -0.8333270369330866,
      "state": "uptrend",
      "rank_score": 2.7888878394888477
    },
    {
      "ticker": "APYX",
      "tf": "1d",
      "bars_used": 350,
      "close": 4.190000057220459,
      "sma20": 3.7400000214576723,
      "sma50": 3.821400036811829,
      "trend_ok": true,
      "prior_downtrend_ok": true,
      "down_slope": -0.01546060236041586,
      "fresh_uptrend_ok": true,
      "up_slope": 0.024121203567042494,
      "up_hh_steps": 1,
      "up_hl_steps": 2,
      "up_pivot_highs": 2,
      "up_pivot_lows": 3,
      "resistance": 4.14900016784668,
      "pullback_from_resistance_pct": -0.9881872189717971,
      "state": "uptrend",
      "rank_score": 2.7352223033345373
    },
    {
      "ticker": "BLBD",
      "tf": "1d",
      "bars_used": 350,
      "close": 50.61000061035156,
      "sma20": 48.62325019836426,
      "sma50": 50.30820007324219,
      "trend_ok": true,
      "prior_downtrend_ok": true,
      "down_slope": -0.1032199823833988,
      "fresh_uptrend_ok": true,
      "up_slope": 0.1623941132516572,
      "up_hh_steps": 1,
      "up_hl_steps": 2,
      "up_pivot_highs": 3,
      "up_pivot_lows": 4,
      "resistance": 50.4900016784668,
      "pullback_from_resistance_pct": -0.2376687025065862,
      "state": "uptrend",
      "rank_score": 2.6829865420135643
    },
    {
      "ticker": "AMGN",
      "tf": "1d",
      "bars_used": 350,
      "close": 351.32000732421875,
      "sma20": 333.43450317382815,
      "sma50": 332.6136981201172,
      "trend_ok": true,
      "prior_downtrend_ok": true,
      "down_slope": -0.3101173930499165,
      "fresh_uptrend_ok": true,
      "up_slope": 3.178183075875947,
      "up_hh_steps": 1,
      "up_hl_steps": 1,
      "up_pivot_highs": 2,
      "up_pivot_lows": 2,
      "resistance": 349.9800109863281,
      "pullback_from_resistance_pct": -0.38287796326258516,
      "state": "uptrend",
      "rank_score": 2.6138129938770973
    },
    {
      "ticker": "ALT",
      "tf": "1d",
      "bars_used": 350,
      "close": 6.179999828338623,
      "sma20": 4.351999974250793,
      "sma50": 4.630000004768371,
      "trend_ok": true,
      "prior_downtrend_ok": true,
      "down_slope": -0.026729830545958615,
      "fresh_uptrend_ok": true,
      "up_slope": 0.24242423375447592,
      "up_hh_steps": 1,
      "up_hl_steps": 1,
      "up_pivot_highs": 2,
      "up_pivot_lows": 2,
      "resistance": 6.440000057220459,
      "pullback_from_resistance_pct": 4.037270598939304,
      "state": "correction",
      "rank_score": 2.4771215668434494
    },
    {
      "ticker": "CCEP",
      "tf": "1d",
      "bars_used": 350,
      "close": 90.7699966430664,
      "sma20": 89.11049957275391,
      "sma50": 90.20759994506835,
      "trend_ok": true,
      "prior_downtrend_ok": true,
      "down_slope": -0.05090435736622193,
      "fresh_uptrend_ok": true,
      "up_slope": 0.12157583525686554,
      "up_hh_steps": 1,
      "up_hl_steps": 1,
      "up_pivot_highs": 2,
      "up_pivot_lows": 2,
      "resistance": 90.94999694824219,
      "pullback_from_resistance_pct": 0.19791128226009264,
      "state": "uptrend",
      "rank_score": 2.450546510005975
    },
    {
      "ticker": "AMOD",
      "tf": "1d",
      "bars_used": 350,
      "close": 0.9340000152587891,
      "sma20": 0.688100004196167,
      "sma50": 0.699600002169609,
      "trend_ok": true,
      "prior_downtrend_ok": true,
      "down_slope": -0.00967270130567658,
      "fresh_uptrend_ok": true,
      "up_slope": 0.035763637947313714,
      "up_hh_steps": 1,
      "up_hl_steps": 1,
      "up_pivot_highs": 2,
      "up_pivot_lows": 2,
      "resistance": 1.0299999713897705,
      "pullback_from_resistance_pct": 9.320384349278136,
      "state": "uptrend",
      "rank_score": 1.55
    }
  ]
}