{
  "updated_utc": "2026-01-08T04:14:51.584898+00:00",
  "tf": "1d",
  "params": {
    "n_down": 40,
    "n_up": 10,
    "n_corr": 8,
    "sma_slow": 50,
    "sma_fast": 20,
    "pivot_strength": 1,
    "min_hh_steps": 1,
    "min_hl_steps": 1,
    "corr_min_pct": 0.5,
    "corr_max_pct": 12.0,
    "near_resistance_pct": 6.0,
    "breakout_wiggle_pct": 0.2
  },
  "count": 2,
  "data": [
    {
      "ticker": "INTC",
      "tf": "1d",
      "bars_used": 350,
      "close": 42.630001068115234,
      "sma20": 37.99749984741211,
      "sma50": 38.18300010681153,
      "trend_ok": true,
      "prior_downtrend_ok": true,
      "down_slope": -0.013075075632635692,
      "fresh_uptrend_ok": true,
      "up_slope": 0.6498789469401042,
      "up_hh_steps": 1,
      "up_hl_steps": 2,
      "up_pivot_highs": 2,
      "up_pivot_lows": 3,
      "resistance": 42.099998474121094,
      "pullback_from_resistance_pct": -1.258913570554958,
      "state": "uptrend",
      "rank_score": 2.859818928425826
    },
    {
      "ticker": "PDD",
      "tf": "1d",
      "bars_used": 350,
      "close": 120.97000122070312,
      "sma20": 113.41800079345703,
      "sma50": 121.31599960327148,
      "trend_ok": true,
      "prior_downtrend_ok": true,
      "down_slope": -0.8726846963334933,
      "fresh_uptrend_ok": true,
      "up_slope": 1.0281214396158853,
      "up_hh_steps": 1,
      "up_hl_steps": 1,
      "up_pivot_highs": 3,
      "up_pivot_lows": 3,
      "resistance": 125.36000061035156,
      "pullback_from_resistance_pct": 3.5019139823503918,
      "state": "correction",
      "rank_score": 2.566347669608268
    }
  ]
}