{
  "updated_utc": "2026-01-27T20:13:35.848229+00:00",
  "tf": "1d",
  "params": {
    "n_down": 40,
    "n_up": 10,
    "n_corr": 8,
    "sma_slow": 50,
    "sma_fast": 20,
    "pivot_strength": 1,
    "min_hh_steps": 1,
    "min_hl_steps": 1,
    "corr_min_pct": 0.5,
    "corr_max_pct": 12.0,
    "near_resistance_pct": 6.0,
    "breakout_wiggle_pct": 0.2
  },
  "count": 8,
  "data": [
    {
      "ticker": "SFBC",
      "tf": "1d",
      "bars_used": 350,
      "close": 44.02000045776367,
      "sma20": 43.775000381469724,
      "sma50": 44.11780029296875,
      "trend_ok": true,
      "prior_downtrend_ok": true,
      "down_slope": -0.033158538846987495,
      "fresh_uptrend_ok": true,
      "up_slope": 0.0598786787553267,
      "up_hh_steps": 1,
      "up_hl_steps": 3,
      "up_pivot_highs": 2,
      "up_pivot_lows": 4,
      "resistance": 44.5,
      "pullback_from_resistance_pct": 1.0786506567108496,
      "state": "correction",
      "rank_score": 3.1272263554772897
    },
    {
      "ticker": "PCYO",
      "tf": "1d",
      "bars_used": 350,
      "close": 11.819999694824219,
      "sma20": 11.294000005722046,
      "sma50": 11.340999946594238,
      "trend_ok": true,
      "prior_downtrend_ok": true,
      "down_slope": -0.003654780217898943,
      "fresh_uptrend_ok": true,
      "up_slope": 0.05303026835123698,
      "up_hh_steps": 2,
      "up_hl_steps": 1,
      "up_pivot_highs": 3,
      "up_pivot_lows": 2,
      "resistance": 11.989999771118164,
      "pullback_from_resistance_pct": 1.417848870218047,
      "state": "correction",
      "rank_score": 3.0316400449661436
    },
    {
      "ticker": "QURE",
      "tf": "1d",
      "bars_used": 350,
      "close": 25.270000457763672,
      "sma20": 23.292499923706053,
      "sma50": 24.435599937438965,
      "trend_ok": true,
      "prior_downtrend_ok": true,
      "down_slope": -0.17085272268327495,
      "fresh_uptrend_ok": true,
      "up_slope": 0.27678785613088897,
      "up_hh_steps": 1,
      "up_hl_steps": 1,
      "up_pivot_highs": 2,
      "up_pivot_lows": 2,
      "resistance": 25.799999237060547,
      "pullback_from_resistance_pct": 2.054258895231111,
      "state": "correction",
      "rank_score": 2.732573142137967
    },
    {
      "ticker": "QETA",
      "tf": "1d",
      "bars_used": 350,
      "close": 11.5,
      "sma20": 11.395249938964843,
      "sma50": 11.379120025634766,
      "trend_ok": true,
      "prior_downtrend_ok": true,
      "down_slope": -0.004339869161036851,
      "fresh_uptrend_ok": true,
      "up_slope": 0.0143333608453924,
      "up_hh_steps": 1,
      "up_hl_steps": 1,
      "up_pivot_highs": 3,
      "up_pivot_lows": 3,
      "resistance": 11.979999542236328,
      "pullback_from_resistance_pct": 4.006674128359155,
      "state": "correction",
      "rank_score": 2.3263462196716276
    },
    {
      "ticker": "RPID",
      "tf": "1d",
      "bars_used": 350,
      "close": 4.21999979019165,
      "sma20": 3.500249993801117,
      "sma50": 3.720700011253357,
      "trend_ok": true,
      "prior_downtrend_ok": true,
      "down_slope": -0.03945450299676319,
      "fresh_uptrend_ok": true,
      "up_slope": 0.15309089458349978,
      "up_hh_steps": 1,
      "up_hl_steps": 1,
      "up_pivot_highs": 2,
      "up_pivot_lows": 2,
      "resistance": 4.880000114440918,
      "pullback_from_resistance_pct": 13.524596491221214,
      "state": "uptrend",
      "rank_score": 1.5333282355823596
    },
    {
      "ticker": "PMN",
      "tf": "1d",
      "bars_used": 350,
      "close": 8.970000267028809,
      "sma20": 8.042499995231628,
      "sma50": 8.366000032424926,
      "trend_ok": true,
      "prior_downtrend_ok": true,
      "down_slope": -0.04142964423038275,
      "fresh_uptrend_ok": true,
      "up_slope": 0.13066669232917555,
      "up_hh_steps": 1,
      "up_hl_steps": 1,
      "up_pivot_highs": 2,
      "up_pivot_lows": 2,
      "resistance": 10.180000305175781,
      "pullback_from_resistance_pct": 11.886051098955043,
      "state": "uptrend",
      "rank_score": 1.5178625201517175
    },
    {
      "ticker": "SLGB",
      "tf": "1d",
      "bars_used": 70,
      "close": 2.4800000190734863,
      "sma20": 1.3330000042915344,
      "sma50": 1.5817199993133544,
      "trend_ok": true,
      "prior_downtrend_ok": true,
      "down_slope": -0.02982439028612892,
      "fresh_uptrend_ok": true,
      "up_slope": 0.1031515208157626,
      "up_hh_steps": 1,
      "up_hl_steps": 1,
      "up_pivot_highs": 2,
      "up_pivot_lows": 2,
      "resistance": 3.890000104904175,
      "pullback_from_resistance_pct": 36.24678786134434,
      "state": "uptrend",
      "rank_score": 1.49409734338102
    },
    {
      "ticker": "ROMA",
      "tf": "1d",
      "bars_used": 350,
      "close": 2.75,
      "sma20": 1.8552500128746032,
      "sma50": 2.24538001537323,
      "trend_ok": true,
      "prior_downtrend_ok": true,
      "down_slope": -0.03593133112055723,
      "fresh_uptrend_ok": true,
      "up_slope": 0.08318182410615864,
      "up_hh_steps": 1,
      "up_hl_steps": 1,
      "up_pivot_highs": 2,
      "up_pivot_lows": 2,
      "resistance": 3.2699999809265137,
      "pullback_from_resistance_pct": 15.902140182250953,
      "state": "uptrend",
      "rank_score": 1.459504714593684
    }
  ]
}