{
  "updated_utc": "2026-01-16T03:50:02.048322+00:00",
  "tf": "1d",
  "params": {
    "n_down": 40,
    "n_up": 10,
    "n_corr": 8,
    "sma_slow": 50,
    "sma_fast": 20,
    "pivot_strength": 1,
    "min_hh_steps": 1,
    "min_hl_steps": 1,
    "corr_min_pct": 0.5,
    "corr_max_pct": 12.0,
    "near_resistance_pct": 6.0,
    "breakout_wiggle_pct": 0.2
  },
  "count": 13,
  "data": [
    {
      "ticker": "AEC",
      "tf": "1d",
      "bars_used": 350,
      "close": 7.429999828338623,
      "sma20": 5.634000039100647,
      "sma50": 6.078800029754639,
      "trend_ok": true,
      "prior_downtrend_ok": true,
      "down_slope": -0.061013131338480936,
      "fresh_uptrend_ok": true,
      "up_slope": 0.11103029251098633,
      "up_hh_steps": 1,
      "up_hl_steps": 1,
      "up_pivot_highs": 2,
      "up_pivot_lows": 2,
      "resistance": 6.699999809265137,
      "pullback_from_resistance_pct": -10.895522982911151,
      "state": "uptrend",
      "rank_score": 4.33570346605074
    },
    {
      "ticker": "AMLX",
      "tf": "1d",
      "bars_used": 350,
      "close": 13.520000457763672,
      "sma20": 12.225500059127807,
      "sma50": 13.01599998474121,
      "trend_ok": true,
      "prior_downtrend_ok": true,
      "down_slope": -0.030125701181436794,
      "fresh_uptrend_ok": true,
      "up_slope": 0.27478789127234254,
      "up_hh_steps": 1,
      "up_hl_steps": 1,
      "up_pivot_highs": 2,
      "up_pivot_lows": 2,
      "resistance": 12.5,
      "pullback_from_resistance_pct": -8.160003662109375,
      "state": "uptrend",
      "rank_score": 3.9100006103515623
    },
    {
      "ticker": "AISP",
      "tf": "1d",
      "bars_used": 350,
      "close": 3.5999999046325684,
      "sma20": 3.0509999871253966,
      "sma50": 3.349300003051758,
      "trend_ok": true,
      "prior_downtrend_ok": true,
      "down_slope": -0.028521107553764757,
      "fresh_uptrend_ok": true,
      "up_slope": 0.022363651160037877,
      "up_hh_steps": 1,
      "up_hl_steps": 1,
      "up_pivot_highs": 2,
      "up_pivot_lows": 2,
      "resistance": 3.3350000381469727,
      "pullback_from_resistance_pct": -7.946022892186762,
      "state": "uptrend",
      "rank_score": 3.7251495576157323
    },
    {
      "ticker": "AAON",
      "tf": "1d",
      "bars_used": 350,
      "close": 90.04000091552734,
      "sma20": 79.33749961853027,
      "sma50": 86.28224029541016,
      "trend_ok": true,
      "prior_downtrend_ok": true,
      "down_slope": -0.7319628030229465,
      "fresh_uptrend_ok": true,
      "up_slope": 1.1097573020241478,
      "up_hh_steps": 1,
      "up_hl_steps": 2,
      "up_pivot_highs": 2,
      "up_pivot_lows": 3,
      "resistance": 86.48999786376953,
      "pullback_from_resistance_pct": -4.104524383674313,
      "state": "uptrend",
      "rank_score": 3.33205713158923
    },
    {
      "ticker": "ARTNA",
      "tf": "1d",
      "bars_used": 350,
      "close": 33.5099983215332,
      "sma20": 32.05099992752075,
      "sma50": 31.82458354949951,
      "trend_ok": true,
      "prior_downtrend_ok": true,
      "down_slope": -0.005693032728127199,
      "fresh_uptrend_ok": true,
      "up_slope": 0.22921208468350499,
      "up_hh_steps": 1,
      "up_hl_steps": 2,
      "up_pivot_highs": 2,
      "up_pivot_lows": 3,
      "resistance": 32.63999938964844,
      "pullback_from_resistance_pct": -2.665437953901066,
      "state": "uptrend",
      "rank_score": 3.094239658983511
    },
    {
      "ticker": "AOSL",
      "tf": "1d",
      "bars_used": 350,
      "close": 22.489999771118164,
      "sma20": 21.033999729156495,
      "sma50": 20.674799842834474,
      "trend_ok": true,
      "prior_downtrend_ok": true,
      "down_slope": -0.009019703355112846,
      "fresh_uptrend_ok": true,
      "up_slope": 0.11884844230883049,
      "up_hh_steps": 1,
      "up_hl_steps": 2,
      "up_pivot_highs": 3,
      "up_pivot_lows": 3,
      "resistance": 22.559999465942383,
      "pullback_from_resistance_pct": 0.31028234255897713,
      "state": "uptrend",
      "rank_score": 2.5194135019156345
    },
    {
      "ticker": "ARCT",
      "tf": "1d",
      "bars_used": 350,
      "close": 7.610000133514404,
      "sma20": 6.685000038146972,
      "sma50": 7.043400039672852,
      "trend_ok": true,
      "prior_downtrend_ok": true,
      "down_slope": -0.046479365749609626,
      "fresh_uptrend_ok": true,
      "up_slope": 0.17357577410611238,
      "up_hh_steps": 1,
      "up_hl_steps": 1,
      "up_pivot_highs": 2,
      "up_pivot_lows": 2,
      "resistance": 7.929999828338623,
      "pullback_from_resistance_pct": 4.035305192323824,
      "state": "correction",
      "rank_score": 2.477449134612696
    },
    {
      "ticker": "BWMN",
      "tf": "1d",
      "bars_used": 350,
      "close": 36.150001525878906,
      "sma20": 34.7295000076294,
      "sma50": 34.998199996948244,
      "trend_ok": true,
      "prior_downtrend_ok": true,
      "down_slope": -0.05184051628184364,
      "fresh_uptrend_ok": true,
      "up_slope": 0.22224252874200995,
      "up_hh_steps": 1,
      "up_hl_steps": 2,
      "up_pivot_highs": 2,
      "up_pivot_lows": 3,
      "resistance": 36.599998474121094,
      "pullback_from_resistance_pct": 1.2294999098438997,
      "state": "uptrend",
      "rank_score": 2.44508334835935
    },
    {
      "ticker": "AREC",
      "tf": "1d",
      "bars_used": 350,
      "close": 3.559999942779541,
      "sma20": 2.921000027656555,
      "sma50": 3.0089000034332276,
      "trend_ok": true,
      "prior_downtrend_ok": true,
      "down_slope": -0.03598639712324733,
      "fresh_uptrend_ok": true,
      "up_slope": 0.06709090290647564,
      "up_hh_steps": 2,
      "up_hl_steps": 1,
      "up_pivot_highs": 3,
      "up_pivot_lows": 2,
      "resistance": 3.759999990463257,
      "pullback_from_resistance_pct": 5.319150217845466,
      "state": "correction",
      "rank_score": 2.383307228042025
    },
    {
      "ticker": "BOSC",
      "tf": "1d",
      "bars_used": 350,
      "close": 4.880000114440918,
      "sma20": 4.677999997138977,
      "sma50": 4.773400020599365,
      "trend_ok": true,
      "prior_downtrend_ok": true,
      "down_slope": -0.030907132656891843,
      "fresh_uptrend_ok": true,
      "up_slope": 0.030545468763871625,
      "up_hh_steps": 1,
      "up_hl_steps": 1,
      "up_pivot_highs": 2,
      "up_pivot_lows": 2,
      "resistance": 5.179999828338623,
      "pullback_from_resistance_pct": 5.791500460221516,
      "state": "correction",
      "rank_score": 2.108959762180739
    },
    {
      "ticker": "ASPI",
      "tf": "1d",
      "bars_used": 350,
      "close": 7.480000019073486,
      "sma20": 6.300000023841858,
      "sma50": 6.673399991989136,
      "trend_ok": true,
      "prior_downtrend_ok": true,
      "down_slope": -0.07897466951194893,
      "fresh_uptrend_ok": true,
      "up_slope": 0.1718787771282774,
      "up_hh_steps": 1,
      "up_hl_steps": 1,
      "up_pivot_highs": 3,
      "up_pivot_lows": 3,
      "resistance": 7.690000057220459,
      "pullback_from_resistance_pct": 2.73081972151346,
      "state": "uptrend",
      "rank_score": 2.0835803025998914
    },
    {
      "ticker": "ABAT",
      "tf": "1d",
      "bars_used": 350,
      "close": 4.864999771118164,
      "sma20": 4.232249987125397,
      "sma50": 4.01840000629425,
      "trend_ok": true,
      "prior_downtrend_ok": true,
      "down_slope": -0.002226546870834607,
      "fresh_uptrend_ok": true,
      "up_slope": 0.1170000004045891,
      "up_hh_steps": 2,
      "up_hl_steps": 1,
      "up_pivot_highs": 3,
      "up_pivot_lows": 2,
      "resistance": 5.329999923706055,
      "pullback_from_resistance_pct": 8.72420561433267,
      "state": "uptrend",
      "rank_score": 1.675010999214403
    },
    {
      "ticker": "AEHR",
      "tf": "1d",
      "bars_used": 350,
      "close": 26.530000686645508,
      "sma20": 23.19049997329712,
      "sma50": 23.041599960327147,
      "trend_ok": true,
      "prior_downtrend_ok": true,