{
  "updated_utc": "2026-01-07T15:47:27.281327+00:00",
  "tf": "1d",
  "params": {
    "n_down": 40,
    "n_up": 10,
    "n_corr": 8,
    "sma_slow": 50,
    "sma_fast": 20,
    "pivot_strength": 1,
    "min_hh_steps": 1,
    "min_hl_steps": 1,
    "corr_min_pct": 0.5,
    "corr_max_pct": 12.0,
    "near_resistance_pct": 6.0,
    "breakout_wiggle_pct": 0.2
  },
  "count": 4,
  "data": [
    {
      "ticker": "CHTR",
      "tf": "1d",
      "bars_used": 350,
      "close": 210.6199951171875,
      "sma20": 208.39599990844727,
      "sma50": 211.06620025634766,
      "trend_ok": true,
      "prior_downtrend_ok": true,
      "down_slope": -0.834695109641127,
      "fresh_uptrend_ok": true,
      "up_slope": 0.5087263627485795,
      "up_hh_steps": 1,
      "up_hl_steps": 1,
      "up_pivot_highs": 2,
      "up_pivot_lows": 2,
      "resistance": 215.64999389648438,
      "pullback_from_resistance_pct": 2.3324826903131557,
      "state": "correction",
      "rank_score": 2.7612528849478073
    },
    {
      "ticker": "NVDA",
      "tf": "1d",
      "bars_used": 350,
      "close": 187.24000549316406,
      "sma20": 183.44200057983397,
      "sma50": 186.76369537353514,
      "trend_ok": true,
      "prior_downtrend_ok": true,
      "down_slope": -0.6433191367430267,
      "fresh_uptrend_ok": true,
      "up_slope": 0.07727254231770833,
      "up_hh_steps": 2,
      "up_hl_steps": 1,
      "up_pivot_highs": 3,
      "up_pivot_lows": 3,
      "resistance": 193.6300048828125,
      "pullback_from_resistance_pct": 3.3001080558334706,
      "state": "correction",
      "rank_score": 2.4942893751567676
    },
    {
      "ticker": "MRVL",
      "tf": "1d",
      "bars_used": 350,
      "close": 88.2300033569336,
      "sma20": 86.82400054931641,
      "sma50": 87.8884001159668,
      "trend_ok": true,
      "prior_downtrend_ok": true,
      "down_slope": -0.042155708470442955,
      "fresh_uptrend_ok": true,
      "up_slope": 0.36448516845703127,
      "up_hh_steps": 1,
      "up_hl_steps": 1,
      "up_pivot_highs": 2,
      "up_pivot_lows": 3,
      "resistance": 88.0999984741211,
      "pullback_from_resistance_pct": -0.1475651362816859,
      "state": "uptrend",
      "rank_score": 2.487572047510449
    },
    {
      "ticker": "INTC",
      "tf": "1d",
      "bars_used": 350,
      "close": 40.040000915527344,
      "sma20": 37.88099975585938,
      "sma50": 38.096000061035156,
      "trend_ok": true,
      "prior_downtrend_ok": true,
      "down_slope": -0.00630302142917998,
      "fresh_uptrend_ok": true,
      "up_slope": 0.442363808371804,
      "up_hh_steps": 1,
      "up_hl_steps": 1,
      "up_pivot_highs": 2,
      "up_pivot_lows": 2,
      "resistance": 42.099998474121094,
      "pullback_from_resistance_pct": 4.893106017236634,
      "state": "correction",
      "rank_score": 2.3344823304605606
    }
  ]
}