{
  "updated_utc": "2026-01-25T20:46:34.599606+00:00",
  "tf": "1d",
  "params": {
    "n_down": 40,
    "n_up": 10,
    "n_corr": 8,
    "sma_slow": 50,
    "sma_fast": 20,
    "pivot_strength": 1,
    "min_hh_steps": 1,
    "min_hl_steps": 1,
    "corr_min_pct": 0.5,
    "corr_max_pct": 12.0,
    "near_resistance_pct": 6.0,
    "breakout_wiggle_pct": 0.2
  },
  "count": 11,
  "data": [
    {
      "ticker": "CCEP",
      "tf": "1d",
      "bars_used": 350,
      "close": 89.8499984741211,
      "sma20": 89.25549964904785,
      "sma50": 90.27221405029297,
      "trend_ok": true,
      "prior_downtrend_ok": true,
      "down_slope": -0.044983050434048134,
      "fresh_uptrend_ok": true,
      "up_slope": 0.1643033114346591,
      "up_hh_steps": 2,
      "up_hl_steps": 1,
      "up_pivot_highs": 3,
      "up_pivot_lows": 2,
      "resistance": 90.94999694824219,
      "pullback_from_resistance_pct": 1.209454107785271,
      "state": "correction",
      "rank_score": 3.0578893362120416
    },
    {
      "ticker": "AMGN",
      "tf": "1d",
      "bars_used": 350,
      "close": 344.75,
      "sma20": 331.72850189208987,
      "sma50": 331.9925311279297,
      "trend_ok": true,
      "prior_downtrend_ok": true,
      "down_slope": -0.29421296540165487,
      "fresh_uptrend_ok": true,
      "up_slope": 2.554727450284091,
      "up_hh_steps": 1,
      "up_hl_steps": 1,
      "up_pivot_highs": 2,
      "up_pivot_lows": 2,
      "resistance": 349.9800109863281,
      "pullback_from_resistance_pct": 1.4943741991403143,
      "state": "correction",
      "rank_score": 2.900937633476614
    },
    {
      "ticker": "AKAM",
      "tf": "1d",
      "bars_used": 350,
      "close": 95.08000183105469,
      "sma20": 89.68449974060059,
      "sma50": 88.53519943237305,
      "trend_ok": true,
      "prior_downtrend_ok": true,
      "down_slope": -0.030882702625267502,
      "fresh_uptrend_ok": true,
      "up_slope": 0.7640606042110558,
      "up_hh_steps": 2,
      "up_hl_steps": 1,
      "up_pivot_highs": 3,
      "up_pivot_lows": 2,
      "resistance": 97.56999969482422,
      "pullback_from_resistance_pct": 2.552011757259048,
      "state": "correction",
      "rank_score": 2.857120022092374
    },
    {
      "ticker": "AMSC",
      "tf": "1d",
      "bars_used": 350,
      "close": 33.279998779296875,
      "sma20": 31.11649971008301,
      "sma50": 31.503199958801268,
      "trend_ok": true,
      "prior_downtrend_ok": true,
      "down_slope": -0.05876830031232137,
      "fresh_uptrend_ok": true,
      "up_slope": 0.2666059436220111,
      "up_hh_steps": 1,
      "up_hl_steps": 1,
      "up_pivot_highs": 2,
      "up_pivot_lows": 3,
      "resistance": 32.70000076293945,
      "pullback_from_resistance_pct": -1.7736941982422296,
      "state": "uptrend",
      "rank_score": 2.8407169181064598
    },
    {
      "ticker": "ALKS",
      "tf": "1d",
      "bars_used": 350,
      "close": 33.61000061035156,
      "sma20": 29.99350004196167,
      "sma50": 29.474400100708007,
      "trend_ok": true,
      "prior_downtrend_ok": true,
      "down_slope": -0.05095310300644522,
      "fresh_uptrend_ok": true,
      "up_slope": 0.5646060481215969,
      "up_hh_steps": 1,
      "up_hl_steps": 1,
      "up_pivot_highs": 2,
      "up_pivot_lows": 2,
      "resistance": 34.66999816894531,
      "pullback_from_resistance_pct": 3.0573914467154872,
      "state": "correction",
      "rank_score": 2.640434758880752
    },
    {
      "ticker": "AMOD",
      "tf": "1d",
      "bars_used": 350,
      "close": 0.953000009059906,
      "sma20": 0.6445500031113625,
      "sma50": 0.7031200009584427,
      "trend_ok": true,
      "prior_downtrend_ok": true,
      "down_slope": -0.012076641211031079,
      "fresh_uptrend_ok": true,
      "up_slope": 0.03730302940715443,
      "up_hh_steps": 1,
      "up_hl_steps": 1,
      "up_pivot_highs": 2,
      "up_pivot_lows": 2,
      "resistance": 0.9480000138282776,
      "pullback_from_resistance_pct": -0.5274256496513222,
      "state": "uptrend",
      "rank_score": 2.637904274941887
    },
    {
      "ticker": "AREC",
      "tf": "1d",
      "bars_used": 350,
      "close": 4.369999885559082,
      "sma20": 3.3384999990463258,
      "sma50": 3.01989999294281,
      "trend_ok": true,
      "prior_downtrend_ok": true,
      "down_slope": -0.010601780204343528,
      "fresh_uptrend_ok": true,
      "up_slope": 0.11181818210717404,
      "up_hh_steps": 1,
      "up_hl_steps": 2,
      "up_pivot_highs": 2,
      "up_pivot_lows": 3,
      "resistance": 4.579999923706055,
      "pullback_from_resistance_pct": 4.585153747711077,
      "state": "correction",
      "rank_score": 2.4779596593302164
    },
    {
      "ticker": "APYX",
      "tf": "1d",
      "bars_used": 350,
      "close": 3.9700000286102295,
      "sma20": 3.6890000224113466,
      "sma50": 3.8268000364303587,
      "trend_ok": true,
      "prior_downtrend_ok": true,
      "down_slope": -0.017787994542220298,
      "fresh_uptrend_ok": true,
      "up_slope": 0.029212109247843423,
      "up_hh_steps": 1,
      "up_hl_steps": 1,
      "up_pivot_highs": 2,
      "up_pivot_lows": 2,
      "resistance": 4.14900016784668,
      "pullback_from_resistance_pct": 4.314295781996818,
      "state": "correction",
      "rank_score": 2.3272027710151844
    },
    {
      "ticker": "ALLR",
      "tf": "1d",
      "bars_used": 350,
      "close": 1.2000000476837158,
      "sma20": 1.1424999952316284,
      "sma50": 1.1371599924564362,
      "trend_ok": true,
      "prior_downtrend_ok": true,
      "down_slope": -0.002905253224480219,
      "fresh_uptrend_ok": true,
      "up_slope": 0.004060607967954694,
      "up_hh_steps": 1,
      "up_hl_steps": 1,
      "up_pivot_highs": 3,
      "up_pivot_lows": 2,
      "resistance": 1.215000033378601,
      "pullback_from_resistance_pct": 1.2345666899427294,
      "state": "uptrend",
      "rank_score": 2.193403439810372
    },
    {
      "ticker": "AUID",
      "tf": "1d",
      "bars_used": 350,
      "close": 1.7400000095367432,
      "sma20": 1.1641499996185303,
      "sma50": 1.2885799980163575,
      "trend_ok": true,
      "prior_downtrend_ok": true,
      "down_slope": -0.029383395603852693,
      "fresh_uptrend_ok": true,
      "up_slope": 0.08960000095945415,
      "up_hh_steps": 1,
      "up_hl_steps": 2,
      "up_pivot_highs": 2,
      "up_pivot_lows": 3,
      "resistance": 2.450000047683716,
      "pullback_from_resistance_pct": 28.979592829731672,
      "state": "uptrend",
      "rank_score": 1.6449701709814515
    },
    {
      "ticker": "AUUD",
      "tf": "1d",
      "bars_used": 350,
      "close": 1.0800000429153442,
      "sma20": 1.005149993300438,
      "sma50": 1.0438399946689605,
      "trend_ok": true,
      "prior_downtrend_ok": true,
      "down_slope": -0.002399062495294252,
      "fresh_uptrend_ok": true,
      "up_slope": 0.010327274510354707,
      "up_hh_steps": 1,
      "up_hl_steps": 1,
      "up_pivot_highs": 2,
      "up_pivot_lows": 4,
      "resistance": 1.2200000286102295,
      "pullback_from_resistance_pct": 11.475408394405292,
      "state": "uptrend",
      "rank_score": 1.4079956627329213
    }
  ]
}