{
  "updated_utc": "2026-01-21T20:55:55.730304+00:00",
  "tf": "1d",
  "params": {
    "n_down": 40,
    "n_up": 10,
    "n_corr": 8,
    "sma_slow": 50,
    "sma_fast": 20,
    "pivot_strength": 1,
    "min_hh_steps": 1,
    "min_hl_steps": 1,
    "corr_min_pct": 0.5,
    "corr_max_pct": 12.0,
    "near_resistance_pct": 6.0,
    "breakout_wiggle_pct": 0.2
  },
  "count": 12,
  "data": [
    {
      "ticker": "AEC",
      "tf": "1d",
      "bars_used": 350,
      "close": 8.0,
      "sma20": 5.915500020980835,
      "sma50": 6.089000024795532,
      "trend_ok": true,
      "prior_downtrend_ok": true,
      "down_slope": -0.05046810365752029,
      "fresh_uptrend_ok": true,
      "up_slope": 0.1858181635538737,
      "up_hh_steps": 1,
      "up_hl_steps": 1,
      "up_pivot_highs": 2,
      "up_pivot_lows": 2,
      "resistance": 6.699999809265137,
      "pullback_from_resistance_pct": -19.402988473778013,
      "state": "uptrend",
      "rank_score": 5.78201956093131
    },
    {
      "ticker": "ACDC",
      "tf": "1d",
      "bars_used": 350,
      "close": 4.679999828338623,
      "sma20": 4.08699997663498,
      "sma50": 4.011399989128113,
      "trend_ok": true,
      "prior_downtrend_ok": true,
      "down_slope": -0.0013386493999559923,
      "fresh_uptrend_ok": true,
      "up_slope": 0.05054543524077444,
      "up_hh_steps": 1,
      "up_hl_steps": 1,
      "up_pivot_highs": 2,
      "up_pivot_lows": 3,
      "resistance": 4.75,
      "pullback_from_resistance_pct": 1.473687824450041,
      "state": "correction",
      "rank_score": 2.882711756490873
    },
    {
      "ticker": "BANF",
      "tf": "1d",
      "bars_used": 350,
      "close": 111.55999755859375,
      "sma20": 109.68095169067382,
      "sma50": 110.06306900024414,
      "trend_ok": true,
      "prior_downtrend_ok": true,
      "down_slope": -0.02431655225342255,
      "fresh_uptrend_ok": true,
      "up_slope": 0.43830321340849904,
      "up_hh_steps": 1,
      "up_hl_steps": 2,
      "up_pivot_highs": 2,
      "up_pivot_lows": 3,
      "resistance": 114.94999694824219,
      "pullback_from_resistance_pct": 2.949107855283225,
      "state": "correction",
      "rank_score": 2.682244557502092
    },
    {
      "ticker": "BWIN",
      "tf": "1d",
      "bars_used": 350,
      "close": 26.260000228881836,
      "sma20": 25.278000164031983,
      "sma50": 25.62099998474121,
      "trend_ok": true,
      "prior_downtrend_ok": true,
      "down_slope": -0.10631706334412881,
      "fresh_uptrend_ok": true,
      "up_slope": 0.15484844554554333,
      "up_hh_steps": 1,
      "up_hl_steps": 1,
      "up_pivot_highs": 2,
      "up_pivot_lows": 2,
      "resistance": 27.010000228881836,
      "pullback_from_resistance_pct": 2.776749328561737,
      "state": "correction",
      "rank_score": 2.647140586961973
    },
    {
      "ticker": "ARTNA",
      "tf": "1d",
      "bars_used": 350,
      "close": 32.810001373291016,
      "sma20": 32.15950002670288,
      "sma50": 31.875572700500488,
      "trend_ok": true,
      "prior_downtrend_ok": true,
      "down_slope": -0.004631459914273661,
      "fresh_uptrend_ok": true,
      "up_slope": 0.2223636280406605,
      "up_hh_steps": 1,
      "up_hl_steps": 1,
      "up_pivot_highs": 2,
      "up_pivot_lows": 2,
      "resistance": 32.63999938964844,
      "pullback_from_resistance_pct": -0.5208394204090983,
      "state": "uptrend",
      "rank_score": 2.6257997598078813
    },
    {
      "ticker": "ADUR",
      "tf": "1d",
      "bars_used": 350,
      "close": 13.800000190734863,
      "sma20": 12.282000017166137,
      "sma50": 12.226400032043458,
      "trend_ok": true,
      "prior_downtrend_ok": true,
      "down_slope": -0.0006257099237495695,
      "fresh_uptrend_ok": true,
      "up_slope": 0.2779394149780273,
      "up_hh_steps": 2,
      "up_hl_steps": 1,
      "up_pivot_highs": 3,
      "up_pivot_lows": 3,
      "resistance": 14.949999809265137,
      "pullback_from_resistance_pct": 7.692305238810578,
      "state": "uptrend",
      "rank_score": 1.6953351600099336
    },
    {
      "ticker": "AREC",
      "tf": "1d",
      "bars_used": 350,
      "close": 3.5,
      "sma20": 3.060000014305115,
      "sma50": 2.9971000003814696,
      "trend_ok": true,
      "prior_downtrend_ok": true,
      "down_slope": -0.028323169743142477,
      "fresh_uptrend_ok": true,
      "up_slope": 0.027575751506921018,
      "up_hh_steps": 1,
      "up_hl_steps": 2,
      "up_pivot_highs": 2,
      "up_pivot_lows": 3,
      "resistance": 3.759999990463257,
      "pullback_from_resistance_pct": 6.914893380923203,
      "state": "uptrend",
      "rank_score": 1.5717711399340832
    },
    {
      "ticker": "ASPI",
      "tf": "1d",
      "bars_used": 350,
      "close": 7.269999980926514,
      "sma20": 6.473000001907349,
      "sma50": 6.640599975585937,
      "trend_ok": true,
      "prior_downtrend_ok": true,
      "down_slope": -0.06955440406727746,
      "fresh_uptrend_ok": true,
      "up_slope": 0.1239999771118164,
      "up_hh_steps": 1,
      "up_hl_steps": 1,
      "up_pivot_highs": 3,
      "up_pivot_lows": 3,
      "resistance": 7.926000118255615,
      "pullback_from_resistance_pct": 8.276559772162564,
      "state": "uptrend",
      "rank_score": 1.5077405670829558
    },
    {
      "ticker": "AQB",
      "tf": "1d",
      "bars_used": 350,
      "close": 0.9700000286102295,
      "sma20": 0.9266499966382981,
      "sma50": 0.9542599952220917,
      "trend_ok": true,
      "prior_downtrend_ok": true,
      "down_slope": -0.004098217359850599,
      "fresh_uptrend_ok": true,
      "up_slope": 0.01509091095490889,
      "up_hh_steps": 1,
      "up_hl_steps": 1,
      "up_pivot_highs": 2,
      "up_pivot_lows": 3,
      "resistance": 1.090000033378601,
      "pullback_from_resistance_pct": 11.009174412262675,
      "state": "uptrend",
      "rank_score": 1.491618130681119
    },
    {
      "ticker": "ANPA",
      "tf": "1d",
      "bars_used": 136,
      "close": 71.08999633789062,
      "sma20": 51.54670009613037,
      "sma50": 35.48556007385254,
      "trend_ok": true,
      "prior_downtrend_ok": true,
      "down_slope": -0.2706765461146943,
      "fresh_uptrend_ok": true,
      "up_slope": 10.790727372602984,
      "up_hh_steps": 1,
      "up_hl_steps": 1,
      "up_pivot_highs": 2,
      "up_pivot_lows": 2,
      "resistance": 180.63900756835938,
      "pullback_from_resistance_pct": 60.64526854146496,
      "state": "uptrend",
      "rank_score": 1.4905804505498168
    },
    {
      "ticker": "AUID",
      "tf": "1d",
      "bars_used": 350,
      "close": 1.4199999570846558,
      "sma20": 1.0601499944925308,
      "sma50": 1.3353799986839294,
      "trend_ok": true,
      "prior_downtrend_ok": true,
      "down_slope": -0.03837748571363667,
      "fresh_uptrend_ok": true,
      "up_slope": 0.057848484588391855,
      "up_hh_steps": 1,
      "up_hl_steps": 1,
      "up_pivot_highs": 2,
      "up_pivot_lows": 3,
      "resistance": 2.450000047683716,
      "pullback_from_resistance_pct": 42.04081920622185,
      "state": "uptrend",
      "rank_score": 1.4781882299444076
    },
    {
      "ticker": "ARCT",
      "tf": "1d",
      "bars_used": 350,
      "close": 7.099999904632568,
      "sma20": 6.757000041007996,
      "sma50": 6.979800024032593,
      "trend_ok": true,
      "prior_downtrend_ok": true,
      "down_slope": -0.03808630586341443,
      "fresh_uptrend_ok": true,
      "up_slope": 0.08878785913640802,
      "up_hh_steps": 1,
      "up_hl_steps": 1,
      "up_pivot_highs": 3,
      "up_pivot_lows": 2,
      "resistance": 7.820000171661377,
      "pullback_from_resistance_pct": 9.20716433789851,
      "state": "uptrend",
      "rank_score": 1.475592869675968
    }
  ]
}