{
  "updated_utc": "2026-01-21T20:57:35.795133+00:00",
  "tf": "1d",
  "params": {
    "n_down": 40,
    "n_up": 10,
    "n_corr": 8,
    "sma_slow": 50,
    "sma_fast": 20,
    "pivot_strength": 1,
    "min_hh_steps": 1,
    "min_hl_steps": 1,
    "corr_min_pct": 0.5,
    "corr_max_pct": 12.0,
    "near_resistance_pct": 6.0,
    "breakout_wiggle_pct": 0.2
  },
  "count": 9,
  "data": [
    {
      "ticker": "OTTR",
      "tf": "1d",
      "bars_used": 350,
      "close": 87.38999938964844,
      "sma20": 83.73250007629395,
      "sma50": 83.27938705444336,
      "trend_ok": true,
      "prior_downtrend_ok": true,
      "down_slope": -0.020040733952906967,
      "fresh_uptrend_ok": true,
      "up_slope": 0.7241210012724906,
      "up_hh_steps": 1,
      "up_hl_steps": 1,
      "up_pivot_highs": 2,
      "up_pivot_lows": 2,
      "resistance": 88.47000122070312,
      "pullback_from_resistance_pct": 1.2207548504045382,
      "state": "correction",
      "rank_score": 2.94654085826591
    },
    {
      "ticker": "PWP",
      "tf": "1d",
      "bars_used": 350,
      "close": 21.600000381469727,
      "sma20": 18.752499961853026,
      "sma50": 18.3719274520874,
      "trend_ok": true,
      "prior_downtrend_ok": true,
      "down_slope": -0.021342395438933237,
      "fresh_uptrend_ok": true,
      "up_slope": 0.3764848651308002,
      "up_hh_steps": 1,
      "up_hl_steps": 1,
      "up_pivot_highs": 2,
      "up_pivot_lows": 3,
      "resistance": 22.264999389648438,
      "pullback_from_resistance_pct": 2.986746132532507,
      "state": "correction",
      "rank_score": 2.6522089779112488
    },
    {
      "ticker": "PAHC",
      "tf": "1d",
      "bars_used": 350,
      "close": 41.08000183105469,
      "sma20": 38.857500076293945,
      "sma50": 40.74662651062012,
      "trend_ok": true,
      "prior_downtrend_ok": true,
      "down_slope": -0.20097913616817395,
      "fresh_uptrend_ok": true,
      "up_slope": 0.1755151690858783,
      "up_hh_steps": 1,
      "up_hl_steps": 2,
      "up_pivot_highs": 2,
      "up_pivot_lows": 3,
      "resistance": 41.27299880981445,
      "pullback_from_resistance_pct": 0.4676107487345266,
      "state": "uptrend",
      "rank_score": 2.569770083833084
    },
    {
      "ticker": "OS",
      "tf": "1d",
      "bars_used": 350,
      "close": 23.6200008392334,
      "sma20": 21.110999965667723,
      "sma50": 20.378399925231932,
      "trend_ok": true,
      "prior_downtrend_ok": true,
      "down_slope": -0.1081031892357803,
      "fresh_uptrend_ok": true,
      "up_slope": 0.003272767500443892,
      "up_hh_steps": 1,
      "up_hl_steps": 1,
      "up_pivot_highs": 3,
      "up_pivot_lows": 2,
      "resistance": 23.65999984741211,
      "pullback_from_resistance_pct": 0.16905751663851326,
      "state": "uptrend",
      "rank_score": 2.4120409482536633
    },
    {
      "ticker": "PCT",
      "tf": "1d",
      "bars_used": 350,
      "close": 11.449999809265137,
      "sma20": 9.75125002861023,
      "sma50": 9.235900020599365,
      "trend_ok": true,
      "prior_downtrend_ok": true,
      "down_slope": -0.013845221589251262,
      "fresh_uptrend_ok": true,
      "up_slope": 0.2783332940303918,
      "up_hh_steps": 1,
      "up_hl_steps": 2,
      "up_pivot_highs": 2,
      "up_pivot_lows": 3,
      "resistance": 12.128999710083008,
      "pullback_from_resistance_pct": 5.598152502661938,
      "state": "correction",
      "rank_score": 2.316974582889677
    },
    {
      "ticker": "SMID",
      "tf": "1d",
      "bars_used": 350,
      "close": 36.38999938964844,
      "sma20": 35.53550033569336,
      "sma50": 35.18140037536621,
      "trend_ok": true,
      "prior_downtrend_ok": true,
      "down_slope": -0.020986867264108856,
      "fresh_uptrend_ok": true,
      "up_slope": 0.339090751879143,
      "up_hh_steps": 2,
      "up_hl_steps": 1,
      "up_pivot_highs": 3,
      "up_pivot_lows": 2,
      "resistance": 38.709999084472656,
      "pullback_from_resistance_pct": 5.993282742687577,
      "state": "correction",
      "rank_score": 2.3011195428854037
    },
    {
      "ticker": "SDST",
      "tf": "1d",
      "bars_used": 350,
      "close": 3.940000057220459,
      "sma20": 3.4817499995231627,
      "sma50": 3.5535999965667724,
      "trend_ok": true,
      "prior_downtrend_ok": true,
      "down_slope": -0.018125703969994807,
      "fresh_uptrend_ok": true,
      "up_slope": 0.01957576780608206,
      "up_hh_steps": 1,
      "up_hl_steps": 1,
      "up_pivot_highs": 2,
      "up_pivot_lows": 2,
      "resistance": 4.059999942779541,
      "pullback_from_resistance_pct": 2.955662247544964,
      "state": "uptrend",
      "rank_score": 1.935430423496809
    },
    {
      "ticker": "RIOT",
      "tf": "1d",
      "bars_used": 350,
      "close": 18.100000381469727,
      "sma20": 15.128999948501587,
      "sma50": 14.943599967956542,
      "trend_ok": true,
      "prior_downtrend_ok": true,
      "down_slope": -0.05015384582820127,
      "fresh_uptrend_ok": true,
      "up_slope": 0.420242419387355,
      "up_hh_steps": 1,
      "up_hl_steps": 1,
      "up_pivot_highs": 2,
      "up_pivot_lows": 2,
      "resistance": 19.389999389648438,
      "pullback_from_resistance_pct": 6.652908967430865,
      "state": "uptrend",
      "rank_score": 1.55
    },
    {
      "ticker": "PDYN",
      "tf": "1d",
      "bars_used": 350,
      "close": 6.739999771118164,
      "sma20": 5.576250052452087,
      "sma50": 5.56520001411438,
      "trend_ok": true,
      "prior_downtrend_ok": true,
      "down_slope": -0.05578189258503869,
      "fresh_uptrend_ok": true,
      "up_slope": 0.12051513556278114,
      "up_hh_steps": 1,
      "up_hl_steps": 1,
      "up_pivot_highs": 2,
      "up_pivot_lows": 2,
      "resistance": 7.650000095367432,
      "pullback_from_resistance_pct": 11.89542892686147,
      "state": "uptrend",
      "rank_score": 1.5241153685456252
    }
  ]
}