{
  "updated_utc": "2026-01-16T16:53:47.202509+00:00",
  "tf": "1d",
  "params": {
    "n_down": 40,
    "n_up": 10,
    "n_corr": 8,
    "sma_slow": 50,
    "sma_fast": 20,
    "pivot_strength": 1,
    "min_hh_steps": 1,
    "min_hl_steps": 1,
    "corr_min_pct": 0.5,
    "corr_max_pct": 12.0,
    "near_resistance_pct": 6.0,
    "breakout_wiggle_pct": 0.2
  },
  "count": 18,
  "data": [
    {
      "ticker": "INSG",
      "tf": "1d",
      "bars_used": 350,
      "close": 11.680000305175781,
      "sma20": 10.626000022888183,
      "sma50": 11.259599990844727,
      "trend_ok": true,
      "prior_downtrend_ok": true,
      "down_slope": -0.058575041343302485,
      "fresh_uptrend_ok": true,
      "up_slope": 0.11666674758448745,
      "up_hh_steps": 1,
      "up_hl_steps": 1,
      "up_pivot_highs": 2,
      "up_pivot_lows": 2,
      "resistance": 11.010000228881836,
      "pullback_from_resistance_pct": -6.0853774965088245,
      "state": "uptrend",
      "rank_score": 3.5294620930624174
    },
    {
      "ticker": "GLNG",
      "tf": "1d",
      "bars_used": 350,
      "close": 39.529998779296875,
      "sma20": 38.040499687194824,
      "sma50": 37.78723960876465,
      "trend_ok": true,
      "prior_downtrend_ok": true,
      "down_slope": -0.028602691707646868,
      "fresh_uptrend_ok": true,
      "up_slope": 0.2203029054583925,
      "up_hh_steps": 1,
      "up_hl_steps": 1,
      "up_pivot_highs": 2,
      "up_pivot_lows": 2,
      "resistance": 40.150001525878906,
      "pullback_from_resistance_pct": 1.5442159975570737,
      "state": "correction",
      "rank_score": 2.885927573670304
    },
    {
      "ticker": "IDXX",
      "tf": "1d",
      "bars_used": 350,
      "close": 712.1199951171875,
      "sma20": 698.0804962158203,
      "sma50": 707.2911962890626,
      "trend_ok": true,
      "prior_downtrend_ok": true,
      "down_slope": -0.6716490611350111,
      "fresh_uptrend_ok": true,
      "up_slope": 3.906423487807765,
      "up_hh_steps": 1,
      "up_hl_steps": 1,
      "up_pivot_highs": 2,
      "up_pivot_lows": 3,
      "resistance": 726.4099731445312,
      "pullback_from_resistance_pct": 1.9672056491025796,
      "state": "correction",
      "rank_score": 2.768977716684368
    },
    {
      "ticker": "IPAR",
      "tf": "1d",
      "bars_used": 350,
      "close": 90.41999816894531,
      "sma20": 86.29899978637695,
      "sma50": 84.39080657958985,
      "trend_ok": true,
      "prior_downtrend_ok": true,
      "down_slope": -0.05445004261009689,
      "fresh_uptrend_ok": true,
      "up_slope": 0.5557574647845644,
      "up_hh_steps": 1,
      "up_hl_steps": 2,
      "up_pivot_highs": 2,
      "up_pivot_lows": 3,
      "resistance": 90.01000213623047,
      "pullback_from_resistance_pct": -0.4555005254797275,
      "state": "uptrend",
      "rank_score": 2.725916754246621
    },
    {
      "ticker": "ITRI",
      "tf": "1d",
      "bars_used": 350,
      "close": 100.91000366210938,
      "sma20": 96.56250076293945,
      "sma50": 97.98280029296875,
      "trend_ok": true,
      "prior_downtrend_ok": true,
      "down_slope": -0.23348778443756962,
      "fresh_uptrend_ok": true,
      "up_slope": 0.47854540275804924,
      "up_hh_steps": 1,
      "up_hl_steps": 1,
      "up_pivot_highs": 2,
      "up_pivot_lows": 2,
      "resistance": 100.18000030517578,
      "pullback_from_resistance_pct": -0.7286917096324647,
      "state": "uptrend",
      "rank_score": 2.661525861110776
    },
    {
      "ticker": "INTZ",
      "tf": "1d",
      "bars_used": 350,
      "close": 1.4700000286102295,
      "sma20": 1.272000002861023,
      "sma50": 1.395400002002716,
      "trend_ok": true,
      "prior_downtrend_ok": true,
      "down_slope": -0.011645402894905763,
      "fresh_uptrend_ok": true,
      "up_slope": 0.031818176760818016,
      "up_hh_steps": 1,
      "up_hl_steps": 1,
      "up_pivot_highs": 2,
      "up_pivot_lows": 2,
      "resistance": 1.5199999809265137,
      "pullback_from_resistance_pct": 3.2894705884013753,
      "state": "correction",
      "rank_score": 2.5965545707094058
    },
    {
      "ticker": "GEOS",
      "tf": "1d",
      "bars_used": 350,
      "close": 22.959999084472656,
      "sma20": 18.559499979019165,
      "sma50": 18.525000019073488,
      "trend_ok": true,
      "prior_downtrend_ok": true,
      "down_slope": -0.2718949370715229,
      "fresh_uptrend_ok": true,
      "up_slope": 0.6652725913307883,
      "up_hh_steps": 2,
      "up_hl_steps": 1,
      "up_pivot_highs": 3,
      "up_pivot_lows": 2,
      "resistance": 24.010000228881836,
      "pullback_from_resistance_pct": 4.373182567262638,
      "state": "correction",
      "rank_score": 2.57113623878956
    },
    {
      "ticker": "HAIN",
      "tf": "1d",
      "bars_used": 350,
      "close": 1.190000057220459,
      "sma20": 1.1459999978542328,
      "sma50": 1.1452000069618224,
      "trend_ok": true,
      "prior_downtrend_ok": true,
      "down_slope": -0.003039400136940475,
      "fresh_uptrend_ok": true,
      "up_slope": 0.012242427016749527,
      "up_hh_steps": 1,
      "up_hl_steps": 1,
      "up_pivot_highs": 2,
      "up_pivot_lows": 3,
      "resistance": 1.2300000190734863,
      "pullback_from_resistance_pct": 3.2520293685164203,
      "state": "correction",
      "rank_score": 2.566889297189426
    },
    {
      "ticker": "FWRG",
      "tf": "1d",
      "bars_used": 350,
      "close": 16.719999313354492,
      "sma20": 15.912999868392944,
      "sma50": 16.640399990081786,
      "trend_ok": true,
      "prior_downtrend_ok": true,
      "down_slope": -0.04302157711580144,
      "fresh_uptrend_ok": true,
      "up_slope": 0.12878784988865707,
      "up_hh_steps": 1,
      "up_hl_steps": 1,
      "up_pivot_highs": 2,
      "up_pivot_lows": 2,
      "resistance": 16.719999313354492,
      "pullback_from_resistance_pct": 0.0,
      "state": "uptrend",
      "rank_score": 2.502539845097827
    },
    {
      "ticker": "HURC",
      "tf": "1d",
      "bars_used": 350,
      "close": 17.15999984741211,
      "sma20": 16.01350016593933,
      "sma50": 16.00400012969971,
      "trend_ok": true,
      "prior_downtrend_ok": true,
      "down_slope": -0.04848218044688957,
      "fresh_uptrend_ok": true,
      "up_slope": 0.08169694380326704,
      "up_hh_steps": 1,
      "up_hl_steps": 1,
      "up_pivot_highs": 2,
      "up_pivot_lows": 2,
      "resistance": 17.8700008392334,
      "pullback_from_resistance_pct": 3.9731447032866916,
      "state": "correction",
      "rank_score": 2.4172219214039607
    },
    {
      "ticker": "GBLI",
      "tf": "1d",
      "bars_used": 350,
      "close": 28.889999389648438,
      "sma20": 28.282832431793214,
      "sma50": 27.95612720489502,
      "trend_ok": true,
      "prior_downtrend_ok": true,
      "down_slope": -0.0025758934736699137,
      "fresh_uptrend_ok": true,
      "up_slope": 0.09369694102894176,
      "up_hh_steps": 1,
      "up_hl_steps": 1,
      "up_pivot_highs": 2,
      "up_pivot_lows": 3,
      "resistance": 28.979999542236328,
      "pullback_from_resistance_pct": 0.3105595376449944,
      "state": "uptrend",
      "rank_score": 2.3937661001595893
    },
    {
      "ticker": "HOVR",
      "tf": "1d",
      "bars_used": 350,
      "close": 2.319999933242798,
      "sma20": 1.817500013113022,
      "sma50": 1.7757999992370606,
      "trend_ok": true,
      "prior_downtrend_ok": true,
      "down_slope": -0.010255158797437658,
      "fresh_uptrend_ok": true,
      "up_slope": 0.04927271640661991,
      "up_hh_steps": 1,
      "up_hl_steps": 1,
      "up_pivot_highs": 3,
      "up_pivot_lows": 2,
      "resistance": 2.3910000324249268,
      "pullback_from_resistance_pct": 2.9694729493634244,
      "state": "uptrend",
      "rank_score": 1.995567321131405
    },
    {
      "ticker": "HWH",
      "tf": "1d",
      "bars_used": 350,
      "close": 1.8899999856948853,
      "sma20": 1.6394499957561492,
      "sma50": 1.732719988822937,
      "trend_ok": true,