{
  "updated_utc": "2026-01-21T20:56:41.359191+00:00",
  "tf": "1d",
  "params": {
    "n_down": 40,
    "n_up": 10,
    "n_corr": 8,
    "sma_slow": 50,
    "sma_fast": 20,
    "pivot_strength": 1,
    "min_hh_steps": 1,
    "min_hl_steps": 1,
    "corr_min_pct": 0.5,
    "corr_max_pct": 12.0,
    "near_resistance_pct": 6.0,
    "breakout_wiggle_pct": 0.2
  },
  "count": 16,
  "data": [
    {
      "ticker": "XBIO",
      "tf": "1d",
      "bars_used": 350,
      "close": 2.5,
      "sma20": 2.205450010299683,
      "sma50": 2.363040008544922,
      "trend_ok": true,
      "prior_downtrend_ok": true,
      "down_slope": -0.015419324522394176,
      "fresh_uptrend_ok": true,
      "up_slope": 0.03397575147224195,
      "up_hh_steps": 1,
      "up_hl_steps": 1,
      "up_pivot_highs": 2,
      "up_pivot_lows": 2,
      "resistance": 2.309999942779541,
      "pullback_from_resistance_pct": -8.225110905926632,
      "state": "uptrend",
      "rank_score": 3.9208518176544387
    },
    {
      "ticker": "XP",
      "tf": "1d",
      "bars_used": 350,
      "close": 18.31999969482422,
      "sma20": 16.844500064849854,
      "sma50": 17.624241466522218,
      "trend_ok": true,
      "prior_downtrend_ok": true,
      "down_slope": -0.07269161584006018,
      "fresh_uptrend_ok": true,
      "up_slope": 0.10363636594830138,
      "up_hh_steps": 1,
      "up_hl_steps": 2,
      "up_pivot_highs": 2,
      "up_pivot_lows": 3,
      "resistance": 17.559999465942383,
      "pullback_from_resistance_pct": -4.328019658291313,
      "state": "uptrend",
      "rank_score": 3.340286468800575
    },
    {
      "ticker": "TUSK",
      "tf": "1d",
      "bars_used": 350,
      "close": 2.309999942779541,
      "sma20": 2.000499999523163,
      "sma50": 1.943199999332428,
      "trend_ok": true,
      "prior_downtrend_ok": true,
      "down_slope": -0.001201688415784997,
      "fresh_uptrend_ok": true,
      "up_slope": 0.047030299360101877,
      "up_hh_steps": 1,
      "up_hl_steps": 1,
      "up_pivot_highs": 2,
      "up_pivot_lows": 2,
      "resistance": 2.369999885559082,
      "pullback_from_resistance_pct": 2.5316432775011317,
      "state": "correction",
      "rank_score": 2.728059453749811
    },
    {
      "ticker": "XEL",
      "tf": "1d",
      "bars_used": 350,
      "close": 76.20999908447266,
      "sma20": 74.23717155456544,
      "sma50": 76.41050064086915,
      "trend_ok": true,
      "prior_downtrend_ok": true,
      "down_slope": -0.22876920360114292,
      "fresh_uptrend_ok": true,
      "up_slope": 0.29945447517163826,
      "up_hh_steps": 2,
      "up_hl_steps": 1,
      "up_pivot_highs": 3,
      "up_pivot_lows": 2,
      "resistance": 76.38999938964844,
      "pullback_from_resistance_pct": 0.23563333762792643,
      "state": "uptrend",
      "rank_score": 2.652916682837797
    },
    {
      "ticker": "WENN",
      "tf": "1d",
      "bars_used": 137,
      "close": 10.130000114440918,
      "sma20": 10.111500120162964,
      "sma50": 10.133399925231934,
      "trend_ok": true,
      "prior_downtrend_ok": true,
      "down_slope": -0.0034099322993580887,
      "fresh_uptrend_ok": true,
      "up_slope": 0.0018182234330610795,
      "up_hh_steps": 1,
      "up_hl_steps": 1,
      "up_pivot_highs": 2,
      "up_pivot_lows": 2,
      "resistance": 10.145000457763672,
      "pullback_from_resistance_pct": 0.1478594642277673,
      "state": "uptrend",
      "rank_score": 2.4682890588854867
    },
    {
      "ticker": "USAR",
      "tf": "1d",
      "bars_used": 350,
      "close": 19.200000762939453,
      "sma20": 15.59000015258789,
      "sma50": 15.282300128936768,
      "trend_ok": true,
      "prior_downtrend_ok": true,
      "down_slope": -0.04016182212400168,
      "fresh_uptrend_ok": true,
      "up_slope": 0.12636369647401752,
      "up_hh_steps": 1,
      "up_hl_steps": 1,
      "up_pivot_highs": 2,
      "up_pivot_lows": 3,
      "resistance": 19.18000030517578,
      "pullback_from_resistance_pct": -0.1042776717697689,
      "state": "uptrend",
      "rank_score": 2.4374269761492036
    },
    {
      "ticker": "VHC",
      "tf": "1d",
      "bars_used": 350,
      "close": 21.030000686645508,
      "sma20": 19.007000064849855,
      "sma50": 20.34119998931885,
      "trend_ok": true,
      "prior_downtrend_ok": true,
      "down_slope": -0.18495121163230452,
      "fresh_uptrend_ok": true,
      "up_slope": 0.4269091057054924,
      "up_hh_steps": 2,
      "up_hl_steps": 1,
      "up_pivot_highs": 3,
      "up_pivot_lows": 2,
      "resistance": 23.559999465942383,
      "pullback_from_resistance_pct": 10.738534960300674,
      "state": "uptrend",
      "rank_score": 1.6961564082945935
    },
    {
      "ticker": "TRMD",
      "tf": "1d",
      "bars_used": 350,
      "close": 22.09000015258789,
      "sma20": 21.03099994659424,
      "sma50": 21.30582332611084,
      "trend_ok": true,
      "prior_downtrend_ok": true,
      "down_slope": -0.0922191102777592,
      "fresh_uptrend_ok": true,
      "up_slope": 0.13048491044477983,
      "up_hh_steps": 1,
      "up_hl_steps": 1,
      "up_pivot_highs": 3,
      "up_pivot_lows": 2,
      "resistance": 23.094999313354492,
      "pullback_from_resistance_pct": 4.351587749065094,
      "state": "uptrend",
      "rank_score": 1.6915594601902053
    },
    {
      "ticker": "STKS",
      "tf": "1d",
      "bars_used": 350,
      "close": 2.3450000286102295,
      "sma20": 2.042999988794327,
      "sma50": 1.9500000023841857,
      "trend_ok": true,
      "prior_downtrend_ok": true,
      "down_slope": -0.0011369613836227617,
      "fresh_uptrend_ok": true,
      "up_slope": 0.05848485195275509,
      "up_hh_steps": 2,
      "up_hl_steps": 1,
      "up_pivot_highs": 3,
      "up_pivot_lows": 2,
      "resistance": 2.6500000953674316,
      "pullback_from_resistance_pct": 11.509436067205607,
      "state": "uptrend",
      "rank_score": 1.6895097847342209
    },
    {
      "ticker": "ULBI",
      "tf": "1d",
      "bars_used": 350,
      "close": 6.510000228881836,
      "sma20": 6.025000023841858,
      "sma50": 5.825199995040894,
      "trend_ok": true,
      "prior_downtrend_ok": true,
      "down_slope": -0.0025187594805604744,
      "fresh_uptrend_ok": true,
      "up_slope": 0.09981819499622692,
      "up_hh_steps": 2,
      "up_hl_steps": 1,
      "up_pivot_highs": 3,
      "up_pivot_lows": 2,
      "resistance": 7.329999923706055,
      "pullback_from_resistance_pct": 11.186899090847822,
      "state": "uptrend",
      "rank_score": 1.6812620417960302
    },
    {
      "ticker": "VERU",
      "tf": "1d",
      "bars_used": 350,
      "close": 2.549999952316284,
      "sma20": 2.341499996185303,
      "sma50": 2.4148000049591065,
      "trend_ok": true,
      "prior_downtrend_ok": true,
      "down_slope": -0.007694182655377415,
      "fresh_uptrend_ok": true,
      "up_slope": 0.028848494905414003,
      "up_hh_steps": 2,
      "up_hl_steps": 1,
      "up_pivot_highs": 3,
      "up_pivot_lows": 2,
      "resistance": 2.7200000286102295,
      "pullback_from_resistance_pct": 6.250002739184015,
      "state": "uptrend",
      "rank_score": 1.642980518773793
    },
    {
      "ticker": "YYAI",
      "tf": "1d",
      "bars_used": 350,
      "close": 1.2549999952316284,
      "sma20": 1.0973499894142151,
      "sma50": 1.0887399923801422,
      "trend_ok": true,
      "prior_downtrend_ok": true,
      "down_slope": -0.008408536746622697,
      "fresh_uptrend_ok": true,
      "up_slope": 0.030060614961566347,
      "up_hh_steps": 2,
      "up_hl_steps": 1,
      "up_pivot_highs": 4,
      "up_pivot_lows": 2,
      "resistance": 1.4700000286102295,
      "pullback_from_resistance_pct": 14.62585232613001,
      "state": "uptrend",
      "rank_score": 1.641762842684624
    },
    {
      "ticker": "XAIR",
      "tf": "1d",
      "bars_used": 350,
      "close": 1.9500000476837158,
      "sma20": 1.0887000054121017,
      "sma50": 1.1967600035667418,
      "trend_ok": true,