{
  "updated_utc": "2026-01-28T14:11:10.686688+00:00",
  "tf": "1d",
  "params": {
    "n_down": 40,
    "n_up": 10,
    "n_corr": 8,
    "sma_slow": 50,
    "sma_fast": 20,
    "pivot_strength": 1,
    "min_hh_steps": 1,
    "min_hl_steps": 1,
    "corr_min_pct": 0.5,
    "corr_max_pct": 12.0,
    "near_resistance_pct": 6.0,
    "breakout_wiggle_pct": 0.2
  },
  "count": 7,
  "data": [
    {
      "ticker": "ROMA",
      "tf": "1d",
      "bars_used": 350,
      "close": 3.9700000286102295,
      "sma20": 1.9542500138282777,
      "sma50": 2.268780016899109,
      "trend_ok": true,
      "prior_downtrend_ok": true,
      "down_slope": -0.036702719861973515,
      "fresh_uptrend_ok": true,
      "up_slope": 0.14357576370239258,
      "up_hh_steps": 1,
      "up_hl_steps": 1,
      "up_pivot_highs": 2,
      "up_pivot_lows": 2,
      "resistance": 3.2699999809265137,
      "pullback_from_resistance_pct": -21.40672941182647,
      "state": "uptrend",
      "rank_score": 6.044156578252201
    },
    {
      "ticker": "PMN",
      "tf": "1d",
      "bars_used": 350,
      "close": 10.65999984741211,
      "sma20": 8.192499995231628,
      "sma50": 8.374200029373169,
      "trend_ok": true,
      "prior_downtrend_ok": true,
      "down_slope": -0.03452157674542511,
      "fresh_uptrend_ok": true,
      "up_slope": 0.2303636493104877,
      "up_hh_steps": 1,
      "up_hl_steps": 2,
      "up_pivot_highs": 2,
      "up_pivot_lows": 3,
      "resistance": 10.180000305175781,
      "pullback_from_resistance_pct": -4.715123063329219,
      "state": "uptrend",
      "rank_score": 3.423586711282001
    },
    {
      "ticker": "SFBC",
      "tf": "1d",
      "bars_used": 350,
      "close": 43.970001220703125,
      "sma20": 43.79300041198731,
      "sma50": 44.10100028991699,
      "trend_ok": true,
      "prior_downtrend_ok": true,
      "down_slope": -0.031614451381547365,
      "fresh_uptrend_ok": true,
      "up_slope": 0.042908917051373105,
      "up_hh_steps": 1,
      "up_hl_steps": 2,
      "up_pivot_highs": 2,
      "up_pivot_lows": 3,
      "resistance": 44.5,
      "pullback_from_resistance_pct": 1.1910084928019662,
      "state": "correction",
      "rank_score": 2.941644066015009
    },
    {
      "ticker": "SNYR",
      "tf": "1d",
      "bars_used": 315,
      "close": 2.0399999618530273,
      "sma20": 1.8502499997615813,
      "sma50": 1.914360008239746,
      "trend_ok": true,
      "prior_downtrend_ok": true,
      "down_slope": -0.008966135721492945,
      "fresh_uptrend_ok": true,
      "up_slope": 0.021363630439295914,
      "up_hh_steps": 1,
      "up_hl_steps": 1,
      "up_pivot_highs": 2,
      "up_pivot_lows": 2,
      "resistance": 2.1500000953674316,
      "pullback_from_resistance_pct": 5.11628505279696,
      "state": "correction",
      "rank_score": 2.283372855222865
    },
    {
      "ticker": "QURE",
      "tf": "1d",
      "bars_used": 350,
      "close": 24.3700008392334,
      "sma20": 23.270499992370606,
      "sma50": 24.320599937438963,
      "trend_ok": true,
      "prior_downtrend_ok": true,
      "down_slope": -0.15699718056655512,
      "fresh_uptrend_ok": true,
      "up_slope": 0.36763643206972063,
      "up_hh_steps": 1,
      "up_hl_steps": 1,
      "up_pivot_highs": 2,
      "up_pivot_lows": 2,
      "resistance": 25.799999237060547,
      "pullback_from_resistance_pct": 5.542629612845181,
      "state": "correction",
      "rank_score": 2.2070912755733287
    },
    {
      "ticker": "SEDG",
      "tf": "1d",
      "bars_used": 350,
      "close": 34.810001373291016,
      "sma20": 32.52300024032593,
      "sma50": 32.2814001083374,
      "trend_ok": true,
      "prior_downtrend_ok": true,
      "down_slope": -0.12544652230296752,
      "fresh_uptrend_ok": true,
      "up_slope": 0.051212125835996686,
      "up_hh_steps": 1,
      "up_hl_steps": 1,
      "up_pivot_highs": 2,
      "up_pivot_lows": 2,
      "resistance": 36.0,
      "pullback_from_resistance_pct": 3.3055517408582897,
      "state": "uptrend",
      "rank_score": 1.772811858247634
    },
    {
      "ticker": "SLGB",
      "tf": "1d",
      "bars_used": 71,
      "close": 2.009999990463257,
      "sma20": 1.3780000030994415,
      "sma50": 1.5775199985504151,
      "trend_ok": true,
      "prior_downtrend_ok": true,
      "down_slope": -0.029108818107429633,
      "fresh_uptrend_ok": true,
      "up_slope": 0.11715151541160815,
      "up_hh_steps": 1,
      "up_hl_steps": 1,
      "up_pivot_highs": 3,
      "up_pivot_lows": 2,
      "resistance": 3.200000047683716,
      "pullback_from_resistance_pct": 37.18750123400239,
      "state": "uptrend",
      "rank_score": 1.5134448934105993
    }
  ]
}