{
  "updated_utc": "2026-01-27T18:15:02.785144+00:00",
  "tf": "1d",
  "params": {
    "n_down": 40,
    "n_up": 10,
    "n_corr": 8,
    "sma_slow": 50,
    "sma_fast": 20,
    "pivot_strength": 1,
    "min_hh_steps": 1,
    "min_hl_steps": 1,
    "corr_min_pct": 0.5,
    "corr_max_pct": 12.0,
    "near_resistance_pct": 6.0,
    "breakout_wiggle_pct": 0.2
  },
  "count": 15,
  "data": [
    {
      "ticker": "NTRB",
      "tf": "1d",
      "bars_used": 350,
      "close": 4.809999942779541,
      "sma20": 4.542499971389771,
      "sma50": 4.755999984741211,
      "trend_ok": true,
      "prior_downtrend_ok": true,
      "down_slope": -0.02181050732703862,
      "fresh_uptrend_ok": true,
      "up_slope": 0.06703032580288974,
      "up_hh_steps": 2,
      "up_hl_steps": 1,
      "up_pivot_highs": 3,
      "up_pivot_lows": 2,
      "resistance": 4.849999904632568,
      "pullback_from_resistance_pct": 0.8247414977229304,
      "state": "correction",
      "rank_score": 3.1625430837128445
    },
    {
      "ticker": "LKFN",
      "tf": "1d",
      "bars_used": 350,
      "close": 61.29999923706055,
      "sma20": 57.88980598449707,
      "sma50": 58.07831817626953,
      "trend_ok": true,
      "prior_downtrend_ok": true,
      "down_slope": -0.004028135661112658,
      "fresh_uptrend_ok": true,
      "up_slope": 0.44251750599254264,
      "up_hh_steps": 1,
      "up_hl_steps": 1,
      "up_pivot_highs": 2,
      "up_pivot_lows": 2,
      "resistance": 61.965903188058874,
      "pullback_from_resistance_pct": 1.0746296216766034,
      "state": "correction",
      "rank_score": 2.961336318686255
    },
    {
      "ticker": "LSE",
      "tf": "1d",
      "bars_used": 274,
      "close": 5.054999828338623,
      "sma20": 4.684849977493286,
      "sma50": 4.838439989089966,
      "trend_ok": true,
      "prior_downtrend_ok": true,
      "down_slope": -0.02797138605958749,
      "fresh_uptrend_ok": true,
      "up_slope": 0.037181787779836946,
      "up_hh_steps": 1,
      "up_hl_steps": 2,
      "up_pivot_highs": 2,
      "up_pivot_lows": 3,
      "resistance": 5.0,
      "pullback_from_resistance_pct": -1.099996566772461,
      "state": "uptrend",
      "rank_score": 2.7696731259564222
    },
    {
      "ticker": "MDLZ",
      "tf": "1d",
      "bars_used": 350,
      "close": 58.529998779296875,
      "sma20": 55.50047283172607,
      "sma50": 55.149840927124025,
      "trend_ok": true,
      "prior_downtrend_ok": true,
      "down_slope": -0.07973024250195129,
      "fresh_uptrend_ok": true,
      "up_slope": 0.31733354510683004,
      "up_hh_steps": 1,
      "up_hl_steps": 1,
      "up_pivot_highs": 2,
      "up_pivot_lows": 2,
      "resistance": 58.33000183105469,
      "pullback_from_resistance_pct": -0.342871493166506,
      "state": "uptrend",
      "rank_score": 2.607145248861084
    },
    {
      "ticker": "ORIC",
      "tf": "1d",
      "bars_used": 350,
      "close": 12.25,
      "sma20": 9.892000007629395,
      "sma50": 10.262099952697755,
      "trend_ok": true,
      "prior_downtrend_ok": true,
      "down_slope": -0.12646575233502416,
      "fresh_uptrend_ok": true,
      "up_slope": 0.28206060004956796,
      "up_hh_steps": 1,
      "up_hl_steps": 1,
      "up_pivot_highs": 2,
      "up_pivot_lows": 2,
      "resistance": 12.699999809265137,
      "pullback_from_resistance_pct": 3.5433056379799677,
      "state": "correction",
      "rank_score": 2.549481102924807
    },
    {
      "ticker": "LMAT",
      "tf": "1d",
      "bars_used": 350,
      "close": 85.27999877929688,
      "sma20": 84.28299980163574,
      "sma50": 84.63645339965821,
      "trend_ok": true,
      "prior_downtrend_ok": true,
      "down_slope": -0.10350648761913879,
      "fresh_uptrend_ok": true,
      "up_slope": 0.11884848854758523,
      "up_hh_steps": 1,
      "up_hl_steps": 1,
      "up_pivot_highs": 3,
      "up_pivot_lows": 3,
      "resistance": 88.20999908447266,
      "pullback_from_resistance_pct": 3.3216192445143564,
      "state": "correction",
      "rank_score": 2.3800907901833126
    },
    {
      "ticker": "MASI",
      "tf": "1d",
      "bars_used": 350,
      "close": 140.1999969482422,
      "sma20": 136.67550086975098,
      "sma50": 139.58079971313475,
      "trend_ok": true,
      "prior_downtrend_ok": true,
      "down_slope": -0.43426726736673493,
      "fresh_uptrend_ok": true,
      "up_slope": 1.2146061752781723,
      "up_hh_steps": 1,
      "up_hl_steps": 1,
      "up_pivot_highs": 2,
      "up_pivot_lows": 2,
      "resistance": 148.75999450683594,
      "pullback_from_resistance_pct": 5.754233580722802,
      "state": "correction",
      "rank_score": 2.1425597046334293
    },
    {
      "ticker": "ONCY",
      "tf": "1d",
      "bars_used": 350,
      "close": 1.1299999952316284,
      "sma20": 1.0134999990463256,
      "sma50": 1.0043999969959259,
      "trend_ok": true,
      "prior_downtrend_ok": true,
      "down_slope": -0.0026397742037477905,
      "fresh_uptrend_ok": true,
      "up_slope": 0.02799999930641868,
      "up_hh_steps": 2,
      "up_hl_steps": 1,
      "up_pivot_highs": 3,
      "up_pivot_lows": 2,
      "resistance": 1.2999999523162842,
      "pullback_from_resistance_pct": 13.076920255401328,
      "state": "uptrend",
      "rank_score": 1.6636795392708805
    },
    {
      "ticker": "MLEC",
      "tf": "1d",
      "bars_used": 350,
      "close": 7.119999885559082,
      "sma20": 4.884499990940094,
      "sma50": 5.854399971961975,
      "trend_ok": true,
      "prior_downtrend_ok": true,
      "down_slope": -0.1301332067593401,
      "fresh_uptrend_ok": true,
      "up_slope": 0.3463636383865819,
      "up_hh_steps": 2,
      "up_hl_steps": 1,
      "up_pivot_highs": 4,
      "up_pivot_lows": 2,
      "resistance": 8.0,
      "pullback_from_resistance_pct": 11.000001430511475,
      "state": "uptrend",
      "rank_score": 1.639022504956165
    },
    {
      "ticker": "NAMM",
      "tf": "1d",
      "bars_used": 160,
      "close": 4.070000171661377,
      "sma20": 1.4651500076055526,
      "sma50": 1.3788600027561189,
      "trend_ok": true,
      "prior_downtrend_ok": true,
      "down_slope": -0.01816876172795752,
      "fresh_uptrend_ok": true,
      "up_slope": 0.3798666755358378,
      "up_hh_steps": 1,
      "up_hl_steps": 1,
      "up_pivot_highs": 2,
      "up_pivot_lows": 2,
      "resistance": 5.679999828338623,
      "pullback_from_resistance_pct": 28.34506523476717,
      "state": "uptrend",
      "rank_score": 1.5442501666775956
    },
    {
      "ticker": "ONEW",
      "tf": "1d",
      "bars_used": 350,
      "close": 13.84000015258789,
      "sma20": 12.644000005722045,
      "sma50": 12.022600002288819,
      "trend_ok": true,
      "prior_downtrend_ok": true,
      "down_slope": -0.03545497389716457,
      "fresh_uptrend_ok": true,
      "up_slope": 0.12236363382050486,
      "up_hh_steps": 1,
      "up_hl_steps": 1,
      "up_pivot_highs": 2,
      "up_pivot_lows": 2,
      "resistance": 15.25,
      "pullback_from_resistance_pct": 9.24590063876793,
      "state": "uptrend",
      "rank_score": 1.5019339534622247
    },
    {
      "ticker": "MOVE",
      "tf": "1d",
      "bars_used": 350,
      "close": 19.540000915527344,
      "sma20": 8.59510006904602,
      "sma50": 9.080940046310424,
      "trend_ok": true,
      "prior_downtrend_ok": true,
      "down_slope": -0.09639268243514128,
      "fresh_uptrend_ok": true,
      "up_slope": 1.0993030576994924,
      "up_hh_steps": 1,
      "up_hl_steps": 1,
      "up_pivot_highs": 2,
      "up_pivot_lows": 2,
      "resistance": 23.899999618530273,
      "pullback_from_resistance_pct": 18.242672688674492,
      "state": "uptrend",
      "rank_score": 1.4951225072929213
    },
    {
      "ticker": "NCTY",
      "tf": "1d",
      "bars_used": 350,
      "close": 7.110000133514404,
      "sma20": 6.753499984741211,
      "sma50": 6.983200006484985,
      "trend_ok": true,
      "prior_downtrend_ok": true,