{
  "updated_utc": "2026-01-16T03:49:45.391621+00:00",
  "tf": "1d",
  "params": {
    "n_down": 40,
    "n_up": 10,
    "n_corr": 8,
    "sma_slow": 50,
    "sma_fast": 20,
    "pivot_strength": 1,
    "min_hh_steps": 1,
    "min_hl_steps": 1,
    "corr_min_pct": 0.5,
    "corr_max_pct": 12.0,
    "near_resistance_pct": 6.0,
    "breakout_wiggle_pct": 0.2
  },
  "count": 13,
  "data": [
    {
      "ticker": "PCT",
      "tf": "1d",
      "bars_used": 350,
      "close": 11.104999542236328,
      "sma20": 9.408249998092652,
      "sma50": 9.180500011444092,
      "trend_ok": true,
      "prior_downtrend_ok": true,
      "down_slope": -0.02458442943852122,
      "fresh_uptrend_ok": true,
      "up_slope": 0.2657878875732422,
      "up_hh_steps": 1,
      "up_hl_steps": 2,
      "up_pivot_highs": 2,
      "up_pivot_lows": 3,
      "resistance": 10.65999984741211,
      "pullback_from_resistance_pct": -4.174481249474406,
      "state": "uptrend",
      "rank_score": 3.345746874912401
    },
    {
      "ticker": "OTTR",
      "tf": "1d",
      "bars_used": 350,
      "close": 88.29000091552734,
      "sma20": 83.49400024414062,
      "sma50": 83.0462565612793,
      "trend_ok": true,
      "prior_downtrend_ok": true,
      "down_slope": -0.0022065869415454973,
      "fresh_uptrend_ok": true,
      "up_slope": 0.774242655436198,
      "up_hh_steps": 1,
      "up_hl_steps": 2,
      "up_pivot_highs": 2,
      "up_pivot_lows": 3,
      "resistance": 86.86000061035156,
      "pullback_from_resistance_pct": -1.6463277632136704,
      "state": "uptrend",
      "rank_score": 2.924387960535612
    },
    {
      "ticker": "RCAT",
      "tf": "1d",
      "bars_used": 350,
      "close": 14.029999732971191,
      "sma20": 9.949999952316285,
      "sma50": 8.68119997024536,
      "trend_ok": true,
      "prior_downtrend_ok": true,
      "down_slope": -0.0019014953448669549,
      "fresh_uptrend_ok": true,
      "up_slope": 0.47690911148533677,
      "up_hh_steps": 2,
      "up_hl_steps": 1,
      "up_pivot_highs": 3,
      "up_pivot_lows": 2,
      "resistance": 13.899999618530273,
      "pullback_from_resistance_pct": -0.9352526475440553,
      "state": "uptrend",
      "rank_score": 2.8558754412573424
    },
    {
      "ticker": "PSIX",
      "tf": "1d",
      "bars_used": 350,
      "close": 75.47000122070312,
      "sma20": 66.19199924468994,
      "sma50": 63.28599967956543,
      "trend_ok": true,
      "prior_downtrend_ok": true,
      "down_slope": -0.07944934587317605,
      "fresh_uptrend_ok": true,
      "up_slope": 1.1670911384351326,
      "up_hh_steps": 1,
      "up_hl_steps": 1,
      "up_pivot_highs": 2,
      "up_pivot_lows": 2,
      "resistance": 74.48999786376953,
      "pullback_from_resistance_pct": -1.3156173782228662,
      "state": "uptrend",
      "rank_score": 2.7437344859920976
    },
    {
      "ticker": "PRTH",
      "tf": "1d",
      "bars_used": 350,
      "close": 5.809999942779541,
      "sma20": 5.623500037193298,
      "sma50": 5.6228000259399415,
      "trend_ok": true,
      "prior_downtrend_ok": true,
      "down_slope": -0.0012589116481186986,
      "fresh_uptrend_ok": true,
      "up_slope": 0.04812120957808061,
      "up_hh_steps": 1,
      "up_hl_steps": 1,
      "up_pivot_highs": 2,
      "up_pivot_lows": 2,
      "resistance": 5.985000133514404,
      "pullback_from_resistance_pct": 2.9239797298400863,
      "state": "correction",
      "rank_score": 2.6317584434889767
    },
    {
      "ticker": "SCSC",
      "tf": "1d",
      "bars_used": 350,
      "close": 42.040000915527344,
      "sma20": 40.31150016784668,
      "sma50": 40.623000106811524,
      "trend_ok": true,
      "prior_downtrend_ok": true,
      "down_slope": -0.005744819569542976,
      "fresh_uptrend_ok": true,
      "up_slope": 0.3316967819676255,
      "up_hh_steps": 1,
      "up_hl_steps": 1,
      "up_pivot_highs": 2,
      "up_pivot_lows": 2,
      "resistance": 41.900001525878906,
      "pullback_from_resistance_pct": -0.33412740942734565,
      "state": "uptrend",
      "rank_score": 2.6056879015712244
    },
    {
      "ticker": "SMID",
      "tf": "1d",
      "bars_used": 350,
      "close": 37.5099983215332,
      "sma20": 35.49450054168701,
      "sma50": 35.20900039672851,
      "trend_ok": true,
      "prior_downtrend_ok": true,
      "down_slope": -0.04704221292463521,
      "fresh_uptrend_ok": true,
      "up_slope": 0.08654537778912169,
      "up_hh_steps": 1,
      "up_hl_steps": 1,
      "up_pivot_highs": 3,
      "up_pivot_lows": 2,
      "resistance": 36.97999954223633,
      "pullback_from_resistance_pct": -1.4332038557532762,
      "state": "uptrend",
      "rank_score": 2.561755863809328
    },
    {
      "ticker": "RNAZ",
      "tf": "1d",
      "bars_used": 350,
      "close": 8.829999923706055,
      "sma20": 7.663750004768372,
      "sma50": 8.495159978866576,
      "trend_ok": true,
      "prior_downtrend_ok": true,
      "down_slope": -0.05507673590983951,
      "fresh_uptrend_ok": true,
      "up_slope": 0.19551516157208068,
      "up_hh_steps": 1,
      "up_hl_steps": 1,
      "up_pivot_highs": 3,
      "up_pivot_lows": 2,
      "resistance": 9.260000228881836,
      "pullback_from_resistance_pct": 4.643631690576154,
      "state": "correction",
      "rank_score": 2.376061384903974
    },
    {
      "ticker": "PTON",
      "tf": "1d",
      "bars_used": 350,
      "close": 6.699999809265137,
      "sma20": 6.383499979972839,
      "sma50": 6.6519999694824214,
      "trend_ok": true,
      "prior_downtrend_ok": true,
      "down_slope": -0.03323452119308386,
      "fresh_uptrend_ok": true,
      "up_slope": 0.05951517278497869,
      "up_hh_steps": 1,
      "up_hl_steps": 1,
      "up_pivot_highs": 2,
      "up_pivot_lows": 3,
      "resistance": 7.019999980926514,
      "pullback_from_resistance_pct": 4.558407016108605,
      "state": "correction",
      "rank_score": 2.3297161214280933
    },
    {
      "ticker": "OUST",
      "tf": "1d",
      "bars_used": 350,
      "close": 27.399999618530273,
      "sma20": 24.176500034332275,
      "sma50": 23.75119998931885,
      "trend_ok": true,
      "prior_downtrend_ok": true,
      "down_slope": -0.04893996612663341,
      "fresh_uptrend_ok": true,
      "up_slope": 0.4183029752789122,
      "up_hh_steps": 1,
      "up_hl_steps": 2,
      "up_pivot_highs": 3,
      "up_pivot_lows": 3,
      "resistance": 28.280000686645508,
      "pullback_from_resistance_pct": 3.1117434467771843,
      "state": "uptrend",
      "rank_score": 2.122509234099766
    },
    {
      "ticker": "PRZO",
      "tf": "1d",
      "bars_used": 350,
      "close": 1.350000023841858,
      "sma20": 1.1632999926805496,
      "sma50": 1.2645199954509736,
      "trend_ok": true,
      "prior_downtrend_ok": true,
      "down_slope": -0.009432645312617017,
      "fresh_uptrend_ok": true,
      "up_slope": 0.02890909296093565,
      "up_hh_steps": 2,
      "up_hl_steps": 2,
      "up_pivot_highs": 3,
      "up_pivot_lows": 3,
      "resistance": 1.5149999856948853,
      "pullback_from_resistance_pct": 10.891086693796026,
      "state": "uptrend",
      "rank_score": 1.746222285435351
    },
    {
      "ticker": "RR",
      "tf": "1d",
      "bars_used": 350,
      "close": 3.7899999618530273,
      "sma20": 3.5722499966621397,
      "sma50": 3.660900001525879,
      "trend_ok": true,
      "prior_downtrend_ok": true,
      "down_slope": -0.0014029094470598468,
      "fresh_uptrend_ok": true,
      "up_slope": 0.046363636941620795,
      "up_hh_steps": 2,
      "up_hl_steps": 2,
      "up_pivot_highs": 3,
      "up_pivot_lows": 3,
      "resistance": 4.199999809265137,
      "pullback_from_resistance_pct": 9.761901572177594,
      "state": "uptrend",
      "rank_score": 1.7334895430885584
    },
    {
      "ticker": "PDYN",
      "tf": "1d",
      "bars_used": 350,
      "close": 7.025000095367432,
      "sma20": 5.323250079154969,
      "sma50": 5.586800022125244,
      "trend_ok": true,