{
  "updated_utc": "2026-01-15T04:10:15.928829+00:00",
  "tf": "1d",
  "params": {
    "n_down": 40,
    "n_up": 10,
    "n_corr": 8,
    "sma_slow": 50,
    "sma_fast": 20,
    "pivot_strength": 1,
    "min_hh_steps": 1,
    "min_hl_steps": 1,
    "corr_min_pct": 0.5,
    "corr_max_pct": 12.0,
    "near_resistance_pct": 6.0,
    "breakout_wiggle_pct": 0.2
  },
  "count": 12,
  "data": [
    {
      "ticker": "RFIL",
      "tf": "1d",
      "bars_used": 350,
      "close": 7.210000038146973,
      "sma20": 6.0235000371932985,
      "sma50": 6.266399993896484,
      "trend_ok": true,
      "prior_downtrend_ok": true,
      "down_slope": -0.03577579780993721,
      "fresh_uptrend_ok": true,
      "up_slope": 0.1512121027166193,
      "up_hh_steps": 1,
      "up_hl_steps": 1,
      "up_pivot_highs": 2,
      "up_pivot_lows": 2,
      "resistance": 6.329999923706055,
      "pullback_from_resistance_pct": -13.902055687951734,
      "state": "uptrend",
      "rank_score": 4.867009281325289
    },
    {
      "ticker": "PCT",
      "tf": "1d",
      "bars_used": 350,
      "close": 11.460000038146973,
      "sma20": 9.24500002861023,
      "sma50": 9.176400012969971,
      "trend_ok": true,
      "prior_downtrend_ok": true,
      "down_slope": -0.030196998893208173,
      "fresh_uptrend_ok": true,
      "up_slope": 0.27260609251080137,
      "up_hh_steps": 1,
      "up_hl_steps": 1,
      "up_pivot_highs": 2,
      "up_pivot_lows": 2,
      "resistance": 10.65999984741211,
      "pullback_from_resistance_pct": -7.504692328199954,
      "state": "uptrend",
      "rank_score": 3.8007820546999924
    },
    {
      "ticker": "RCAT",
      "tf": "1d",
      "bars_used": 350,
      "close": 13.65999984741211,
      "sma20": 9.616999959945678,
      "sma50": 8.605799980163575,
      "trend_ok": true,
      "prior_downtrend_ok": true,
      "down_slope": -0.01055534163290743,
      "fresh_uptrend_ok": true,
      "up_slope": 0.5338788148128625,
      "up_hh_steps": 2,
      "up_hl_steps": 1,
      "up_pivot_highs": 3,
      "up_pivot_lows": 2,
      "resistance": 13.899999618530273,
      "pullback_from_resistance_pct": 1.726617105789105,
      "state": "correction",
      "rank_score": 3.0122304823684822
    },
    {
      "ticker": "RR",
      "tf": "1d",
      "bars_used": 350,
      "close": 4.079999923706055,
      "sma20": 3.5642500042915346,
      "sma50": 3.6739000034332276,
      "trend_ok": true,
      "prior_downtrend_ok": true,
      "down_slope": -0.002802534488083945,
      "fresh_uptrend_ok": true,
      "up_slope": 0.07460606314919212,
      "up_hh_steps": 2,
      "up_hl_steps": 1,
      "up_pivot_highs": 3,
      "up_pivot_lows": 2,
      "resistance": 4.199999809265137,
      "pullback_from_resistance_pct": 2.857140262110586,
      "state": "correction",
      "rank_score": 2.815263217637471
    },
    {
      "ticker": "PRZO",
      "tf": "1d",
      "bars_used": 350,
      "close": 1.5,
      "sma20": 1.157799991965294,
      "sma50": 1.2661199939250947,
      "trend_ok": true,
      "prior_downtrend_ok": true,
      "down_slope": -0.008403845900218886,
      "fresh_uptrend_ok": true,
      "up_slope": 0.053848485151926674,
      "up_hh_steps": 1,
      "up_hl_steps": 1,
      "up_pivot_highs": 2,
      "up_pivot_lows": 2,
      "resistance": 1.4900000095367432,
      "pullback_from_resistance_pct": -0.671140295251806,
      "state": "uptrend",
      "rank_score": 2.6464523013329884
    },
    {
      "ticker": "SEER",
      "tf": "1d",
      "bars_used": 350,
      "close": 1.9199999570846558,
      "sma20": 1.8520000219345092,
      "sma50": 1.9248000073432923,
      "trend_ok": true,
      "prior_downtrend_ok": true,
      "down_slope": -0.010006565638375774,
      "fresh_uptrend_ok": true,
      "up_slope": 0.014121204434019147,
      "up_hh_steps": 1,
      "up_hl_steps": 1,
      "up_pivot_highs": 2,
      "up_pivot_lows": 2,
      "resistance": 1.9900000095367432,
      "pullback_from_resistance_pct": 3.5175905586243132,
      "state": "correction",
      "rank_score": 2.560180824863587
    },
    {
      "ticker": "PRTH",
      "tf": "1d",
      "bars_used": 350,
      "close": 5.760000228881836,
      "sma20": 5.609000039100647,
      "sma50": 5.64580002784729,
      "trend_ok": true,
      "prior_downtrend_ok": true,
      "down_slope": -0.00561256945468695,
      "fresh_uptrend_ok": true,
      "up_slope": 0.05321213982321999,
      "up_hh_steps": 1,
      "up_hl_steps": 1,
      "up_pivot_highs": 2,
      "up_pivot_lows": 2,
      "resistance": 5.985000133514404,
      "pullback_from_resistance_pct": 3.7593968189345377,
      "state": "correction",
      "rank_score": 2.5078469453823446
    },
    {
      "ticker": "OUST",
      "tf": "1d",
      "bars_used": 350,
      "close": 27.75,
      "sma20": 23.931500053405763,
      "sma50": 23.83759998321533,
      "trend_ok": true,
      "prior_downtrend_ok": true,
      "down_slope": -0.0750750462959676,
      "fresh_uptrend_ok": true,
      "up_slope": 0.6197576118238044,
      "up_hh_steps": 1,
      "up_hl_steps": 1,
      "up_pivot_highs": 3,
      "up_pivot_lows": 2,
      "resistance": 28.280000686645508,
      "pullback_from_resistance_pct": 1.874118365547943,
      "state": "uptrend",
      "rank_score": 2.2376469390753426
    },
    {
      "ticker": "RMCO",
      "tf": "1d",
      "bars_used": 350,
      "close": 3.5899999141693115,
      "sma20": 3.004897880554199,
      "sma50": 2.8511792278289794,
      "trend_ok": true,
      "prior_downtrend_ok": true,
      "down_slope": -0.021482484738777546,
      "fresh_uptrend_ok": true,
      "up_slope": 0.06269091403845585,
      "up_hh_steps": 1,
      "up_hl_steps": 1,
      "up_pivot_highs": 2,
      "up_pivot_lows": 2,
      "resistance": 3.9000000953674316,
      "pullback_from_resistance_pct": 7.9487224004519925,
      "state": "uptrend",
      "rank_score": 1.5211423307767453
    },
    {
      "ticker": "PGY",
      "tf": "1d",
      "bars_used": 350,
      "close": 23.709999084472656,
      "sma20": 23.111750030517577,
      "sma50": 23.696699981689452,
      "trend_ok": true,
      "prior_downtrend_ok": true,
      "down_slope": -0.07417308152504755,
      "fresh_uptrend_ok": true,
      "up_slope": 0.29848479068640504,
      "up_hh_steps": 1,
      "up_hl_steps": 1,
      "up_pivot_highs": 2,
      "up_pivot_lows": 2,
      "resistance": 26.799999237060547,
      "pullback_from_resistance_pct": 11.529851643857006,
      "state": "uptrend",
      "rank_score": 1.4690333146302932
    },
    {
      "ticker": "RNAC",
      "tf": "1d",
      "bars_used": 350,
      "close": 7.639999866485596,
      "sma20": 7.2434999465942385,
      "sma50": 7.396799993515015,
      "trend_ok": true,
      "prior_downtrend_ok": true,
      "down_slope": -0.012483116430815792,
      "fresh_uptrend_ok": true,
      "up_slope": 0.09581815546209162,
      "up_hh_steps": 1,
      "up_hl_steps": 1,
      "up_pivot_highs": 2,
      "up_pivot_lows": 2,
      "resistance": 8.34000015258789,
      "pullback_from_resistance_pct": 8.393288648622937,
      "state": "uptrend",
      "rank_score": 1.453683217995276
    },
    {
      "ticker": "SHLS",
      "tf": "1d",
      "bars_used": 350,
      "close": 9.140000343322754,
      "sma20": 8.957499980926514,
      "sma50": 8.655700044631958,
      "trend_ok": true,
      "prior_downtrend_ok": true,
      "down_slope": -0.0011383708377716473,
      "fresh_uptrend_ok": true,
      "up_slope": 0.0687878637602835,
      "up_hh_steps": 1,
      "up_hl_steps": 1,
      "up_pivot_highs": 2,
      "up_pivot_lows": 3,
      "resistance": 10.055000305175781,
      "pullback_from_resistance_pct": 9.099949617923272,
      "state": "uptrend",
      "rank_score": 1.4306322867093373
    }
  ]
}