{
  "updated_utc": "2026-01-15T04:10:14.396459+00:00",
  "tf": "1d",
  "params": {
    "n_down": 40,
    "n_up": 10,
    "n_corr": 8,
    "sma_slow": 50,
    "sma_fast": 20,
    "pivot_strength": 1,
    "min_hh_steps": 1,
    "min_hl_steps": 1,
    "corr_min_pct": 0.5,
    "corr_max_pct": 12.0,
    "near_resistance_pct": 6.0,
    "breakout_wiggle_pct": 0.2
  },
  "count": 13,
  "data": [
    {
      "ticker": "DFDV",
      "tf": "1d",
      "bars_used": 350,
      "close": 8.130000114440918,
      "sma20": 6.022500061988831,
      "sma50": 6.701400032043457,
      "trend_ok": true,
      "prior_downtrend_ok": true,
      "down_slope": -0.09908442989299265,
      "fresh_uptrend_ok": true,
      "up_slope": 0.2834545366691821,
      "up_hh_steps": 1,
      "up_hl_steps": 1,
      "up_pivot_highs": 2,
      "up_pivot_lows": 2,
      "resistance": 7.329999923706055,
      "pullback_from_resistance_pct": -10.914054557457382,
      "state": "uptrend",
      "rank_score": 4.369009092909564
    },
    {
      "ticker": "CRWS",
      "tf": "1d",
      "bars_used": 350,
      "close": 2.9100000858306885,
      "sma20": 2.7319999814033507,
      "sma50": 2.6928889989852904,
      "trend_ok": true,
      "prior_downtrend_ok": true,
      "down_slope": -0.0015201028024054378,
      "fresh_uptrend_ok": true,
      "up_slope": 0.01393939798528498,
      "up_hh_steps": 1,
      "up_hl_steps": 1,
      "up_pivot_highs": 2,
      "up_pivot_lows": 2,
      "resistance": 2.930000066757202,
      "pullback_from_resistance_pct": 0.6825931901308381,
      "state": "correction",
      "rank_score": 3.007318955260008
    },
    {
      "ticker": "EQIX",
      "tf": "1d",
      "bars_used": 350,
      "close": 799.02001953125,
      "sma20": 770.8359985351562,
      "sma50": 770.0937194824219,
      "trend_ok": true,
      "prior_downtrend_ok": true,
      "down_slope": -1.6848772231454474,
      "fresh_uptrend_ok": true,
      "up_slope": 3.985092625473485,
      "up_hh_steps": 1,
      "up_hl_steps": 1,
      "up_pivot_highs": 2,
      "up_pivot_lows": 3,
      "resistance": 808.8499755859375,
      "pullback_from_resistance_pct": 1.2153002845263856,
      "state": "correction",
      "rank_score": 2.9474499525789355
    },
    {
      "ticker": "EVRG",
      "tf": "1d",
      "bars_used": 350,
      "close": 75.26000213623047,
      "sma20": 73.07299995422363,
      "sma50": 74.40057067871093,
      "trend_ok": true,
      "prior_downtrend_ok": true,
      "down_slope": -0.10513767149390243,
      "fresh_uptrend_ok": true,
      "up_slope": 0.21648513331557764,
      "up_hh_steps": 1,
      "up_hl_steps": 2,
      "up_pivot_highs": 2,
      "up_pivot_lows": 3,
      "resistance": 73.94999694824219,
      "pullback_from_resistance_pct": -1.7714742962128283,
      "state": "uptrend",
      "rank_score": 2.9076407713988184
    },
    {
      "ticker": "FGBI",
      "tf": "1d",
      "bars_used": 350,
      "close": 7.610000133514404,
      "sma20": 6.044957065582276,
      "sma50": 5.543946409225464,
      "trend_ok": true,
      "prior_downtrend_ok": true,
      "down_slope": -0.025586969767457772,
      "fresh_uptrend_ok": true,
      "up_slope": 0.2544242396499171,
      "up_hh_steps": 1,
      "up_hl_steps": 1,
      "up_pivot_highs": 2,
      "up_pivot_lows": 2,
      "resistance": 7.75,
      "pullback_from_resistance_pct": 1.8064498901367188,
      "state": "correction",
      "rank_score": 2.8400508042254398
    },
    {
      "ticker": "EMBC",
      "tf": "1d",
      "bars_used": 350,
      "close": 12.75,
      "sma20": 12.143000030517578,
      "sma50": 12.640141105651855,
      "trend_ok": true,
      "prior_downtrend_ok": true,
      "down_slope": -0.07059458424852669,
      "fresh_uptrend_ok": true,
      "up_slope": 0.13545455354632754,
      "up_hh_steps": 1,
      "up_hl_steps": 1,
      "up_pivot_highs": 2,
      "up_pivot_lows": 2,
      "resistance": 13.029999732971191,
      "pullback_from_resistance_pct": 2.148885178122286,
      "state": "correction",
      "rank_score": 2.78847001689903
    },
    {
      "ticker": "CSGS",
      "tf": "1d",
      "bars_used": 350,
      "close": 79.45999908447266,
      "sma20": 77.65050468444824,
      "sma50": 77.57093032836914,
      "trend_ok": true,
      "prior_downtrend_ok": true,
      "down_slope": -0.0424086493801668,
      "fresh_uptrend_ok": true,
      "up_slope": 0.3769694472804214,
      "up_hh_steps": 1,
      "up_hl_steps": 1,
      "up_pivot_highs": 2,
      "up_pivot_lows": 2,
      "resistance": 79.62999725341797,
      "pullback_from_resistance_pct": 0.21348508703862307,
      "state": "uptrend",
      "rank_score": 2.5144191521602295
    },
    {
      "ticker": "CIFR",
      "tf": "1d",
      "bars_used": 350,
      "close": 18.1299991607666,
      "sma20": 16.202499866485596,
      "sma50": 17.413399829864503,
      "trend_ok": true,
      "prior_downtrend_ok": true,
      "down_slope": -0.11409287542160636,
      "fresh_uptrend_ok": true,
      "up_slope": 0.242545341722893,
      "up_hh_steps": 1,
      "up_hl_steps": 1,
      "up_pivot_highs": 3,
      "up_pivot_lows": 2,
      "resistance": 19.049999237060547,
      "pullback_from_resistance_pct": 4.829396919366507,
      "state": "correction",
      "rank_score": 2.268548488980714
    },
    {
      "ticker": "CERT",
      "tf": "1d",
      "bars_used": 350,
      "close": 9.319999694824219,
      "sma20": 9.078499937057495,
      "sma50": 9.126999988555909,
      "trend_ok": true,
      "prior_downtrend_ok": true,
      "down_slope": -0.024208255109375458,
      "fresh_uptrend_ok": true,
      "up_slope": 0.05254542610862038,
      "up_hh_steps": 1,
      "up_hl_steps": 1,
      "up_pivot_highs": 3,
      "up_pivot_lows": 2,
      "resistance": 9.449999809265137,
      "pullback_from_resistance_pct": 1.3756626144421817,
      "state": "uptrend",
      "rank_score": 2.198349148600632
    },
    {
      "ticker": "CRWV",
      "tf": "1d",
      "bars_used": 201,
      "close": 89.80000305175781,
      "sma20": 78.06400070190429,
      "sma50": 82.64060028076172,
      "trend_ok": true,
      "prior_downtrend_ok": true,
      "down_slope": -0.6815346909285039,
      "fresh_uptrend_ok": true,
      "up_slope": 1.7738789876302083,
      "up_hh_steps": 1,
      "up_hl_steps": 1,
      "up_pivot_highs": 3,
      "up_pivot_lows": 2,
      "resistance": 91.94000244140625,
      "pullback_from_resistance_pct": 2.3276042340898,
      "state": "uptrend",
      "rank_score": 2.162065960985033
    },
    {
      "ticker": "EWCZ",
      "tf": "1d",
      "bars_used": 350,
      "close": 4.010000228881836,
      "sma20": 3.7725000262260435,
      "sma50": 3.8240000295639036,
      "trend_ok": true,
      "prior_downtrend_ok": true,
      "down_slope": -5.440908793436877e-05,
      "fresh_uptrend_ok": true,
      "up_slope": 0.05987881024678548,
      "up_hh_steps": 1,
      "up_hl_steps": 1,
      "up_pivot_highs": 3,
      "up_pivot_lows": 2,
      "resistance": 4.144999980926514,
      "pullback_from_resistance_pct": 3.256930100503929,
      "state": "uptrend",
      "rank_score": 1.9708197428722334
    },
    {
      "ticker": "FBLG",
      "tf": "1d",
      "bars_used": 350,
      "close": 0.3400000035762787,
      "sma20": 0.2782499991357327,
      "sma50": 0.30060000032186507,
      "trend_ok": true,
      "prior_downtrend_ok": true,
      "down_slope": -0.002898499169727651,
      "fresh_uptrend_ok": true,
      "up_slope": 0.016036364165219395,
      "up_hh_steps": 1,
      "up_hl_steps": 1,
      "up_pivot_highs": 2,
      "up_pivot_lows": 2,
      "resistance": 0.4300000071525574,
      "pullback_from_resistance_pct": 20.930233041681802,
      "state": "uptrend",
      "rank_score": 1.55
    },
    {
      "ticker": "CLPT",
      "tf": "1d",
      "bars_used": 350,
      "close": 15.40999984741211,
      "sma20": 14.407999944686889,
      "sma50": 14.640999965667724,
      "trend_ok": true,
      "prior_downtrend_ok": true,