{
  "updated_utc": "2026-01-19T20:53:02.324910+00:00",
  "tf": "1d",
  "params": {
    "n_down": 40,
    "n_up": 10,
    "n_corr": 8,
    "sma_slow": 50,
    "sma_fast": 20,
    "pivot_strength": 1,
    "min_hh_steps": 1,
    "min_hl_steps": 1,
    "corr_min_pct": 0.5,
    "corr_max_pct": 12.0,
    "near_resistance_pct": 6.0,
    "breakout_wiggle_pct": 0.2
  },
  "count": 15,
  "data": [
    {
      "ticker": "CRWV",
      "tf": "1d",
      "bars_used": 203,
      "close": 101.2300033569336,
      "sma20": 81.1735008239746,
      "sma50": 81.72400039672851,
      "trend_ok": true,
      "prior_downtrend_ok": true,
      "down_slope": -0.43558347462265834,
      "fresh_uptrend_ok": true,
      "up_slope": 2.6841215653852983,
      "up_hh_steps": 1,
      "up_hl_steps": 2,
      "up_pivot_highs": 2,
      "up_pivot_lows": 3,
      "resistance": 91.94000244140625,
      "pullback_from_resistance_pct": -10.104416650900026,
      "state": "uptrend",
      "rank_score": 4.334069441816671
    },
    {
      "ticker": "ECOR",
      "tf": "1d",
      "bars_used": 350,
      "close": 7.139999866485596,
      "sma20": 5.263250017166138,
      "sma50": 5.170300035476685,
      "trend_ok": true,
      "prior_downtrend_ok": true,
      "down_slope": -0.027464820520068198,
      "fresh_uptrend_ok": true,
      "up_slope": 0.29157575549501363,
      "up_hh_steps": 1,
      "up_hl_steps": 1,
      "up_pivot_highs": 2,
      "up_pivot_lows": 2,
      "resistance": 6.670000076293945,
      "pullback_from_resistance_pct": -7.046473535466532,
      "state": "uptrend",
      "rank_score": 3.7244122559110884
    },
    {
      "ticker": "FGBI",
      "tf": "1d",
      "bars_used": 350,
      "close": 8.039999961853027,
      "sma20": 6.338967037200928,
      "sma50": 5.623227205276489,
      "trend_ok": true,
      "prior_downtrend_ok": true,
      "down_slope": -0.017741730647060257,
      "fresh_uptrend_ok": true,
      "up_slope": 0.11569696484190045,
      "up_hh_steps": 1,
      "up_hl_steps": 2,
      "up_pivot_highs": 2,
      "up_pivot_lows": 3,
      "resistance": 7.75,
      "pullback_from_resistance_pct": -3.7419349916519655,
      "state": "uptrend",
      "rank_score": 3.258204730146417
    },
    {
      "ticker": "CHAC",
      "tf": "1d",
      "bars_used": 168,
      "close": 11.289999961853027,
      "sma20": 10.99800009727478,
      "sma50": 11.31709997177124,
      "trend_ok": true,
      "prior_downtrend_ok": true,
      "down_slope": -0.04510458513227681,
      "fresh_uptrend_ok": true,
      "up_slope": 0.04448481473055753,
      "up_hh_steps": 2,
      "up_hl_steps": 1,
      "up_pivot_highs": 3,
      "up_pivot_lows": 3,
      "resistance": 11.449999809265137,
      "pullback_from_resistance_pct": 1.3973786032960485,
      "state": "correction",
      "rank_score": 3.067103566117325
    },
    {
      "ticker": "CRNT",
      "tf": "1d",
      "bars_used": 350,
      "close": 2.359999895095825,
      "sma20": 2.1699999809265136,
      "sma50": 2.1177999806404113,
      "trend_ok": true,
      "prior_downtrend_ok": true,
      "down_slope": -0.0035994367684477036,
      "fresh_uptrend_ok": true,
      "up_slope": 0.019878773255781693,
      "up_hh_steps": 1,
      "up_hl_steps": 1,
      "up_pivot_highs": 2,
      "up_pivot_lows": 2,
      "resistance": 2.2899999618530273,
      "pullback_from_resistance_pct": -3.056765694710106,
      "state": "uptrend",
      "rank_score": 3.041262517724304
    },
    {
      "ticker": "EDRY",
      "tf": "1d",
      "bars_used": 350,
      "close": 13.600000381469727,
      "sma20": 13.02180004119873,
      "sma50": 13.125340042114258,
      "trend_ok": true,
      "prior_downtrend_ok": true,
      "down_slope": -0.0012401491347665404,
      "fresh_uptrend_ok": true,
      "up_slope": 0.07556969613739939,
      "up_hh_steps": 1,
      "up_hl_steps": 1,
      "up_pivot_highs": 2,
      "up_pivot_lows": 3,
      "resistance": 13.75,
      "pullback_from_resistance_pct": 1.0909063165838067,
      "state": "correction",
      "rank_score": 2.931571853846802
    },
    {
      "ticker": "EOSE",
      "tf": "1d",
      "bars_used": 350,
      "close": 17.450000762939453,
      "sma20": 13.834999990463256,
      "sma50": 14.310800018310546,
      "trend_ok": true,
      "prior_downtrend_ok": true,
      "down_slope": -0.10447654044203195,
      "fresh_uptrend_ok": true,
      "up_slope": 0.49012120564778644,
      "up_hh_steps": 2,
      "up_hl_steps": 1,
      "up_pivot_highs": 3,
      "up_pivot_lows": 2,
      "resistance": 18.229999542236328,
      "pullback_from_resistance_pct": 4.278654958217241,
      "state": "correction",
      "rank_score": 2.5868908402971265
    },
    {
      "ticker": "CLSK",
      "tf": "1d",
      "bars_used": 350,
      "close": 13.369999885559082,
      "sma20": 11.786499977111816,
      "sma50": 12.60049991607666,
      "trend_ok": true,
      "prior_downtrend_ok": true,
      "down_slope": -0.06047888866732313,
      "fresh_uptrend_ok": true,
      "up_slope": 0.14478785774924538,
      "up_hh_steps": 1,
      "up_hl_steps": 2,
      "up_pivot_highs": 3,
      "up_pivot_lows": 3,
      "resistance": 14.010000228881836,
      "pullback_from_resistance_pct": 4.568167971927531,
      "state": "correction",
      "rank_score": 2.4393400683355315
    },
    {
      "ticker": "CIFR",
      "tf": "1d",
      "bars_used": 350,
      "close": 18.799999237060547,
      "sma20": 16.549499845504762,
      "sma50": 17.234399814605712,
      "trend_ok": true,
      "prior_downtrend_ok": true,
      "down_slope": -0.08813132855055704,
      "fresh_uptrend_ok": true,
      "up_slope": 0.1334544904304273,
      "up_hh_steps": 1,
      "up_hl_steps": 2,
      "up_pivot_highs": 2,
      "up_pivot_lows": 3,
      "resistance": 19.049999237060547,
      "pullback_from_resistance_pct": 1.3123360105634079,
      "state": "uptrend",
      "rank_score": 2.2933095064415117
    },
    {
      "ticker": "DFDV",
      "tf": "1d",
      "bars_used": 350,
      "close": 7.949999809265137,
      "sma20": 6.274000072479248,
      "sma50": 6.642400026321411,
      "trend_ok": true,
      "prior_downtrend_ok": true,
      "down_slope": -0.0904868668060589,
      "fresh_uptrend_ok": true,
      "up_slope": 0.14103029135501746,
      "up_hh_steps": 2,
      "up_hl_steps": 1,
      "up_pivot_highs": 3,
      "up_pivot_lows": 2,
      "resistance": 8.449999809265137,
      "pullback_from_resistance_pct": 5.917159896876767,
      "state": "correction",
      "rank_score": 2.283968723790505
    },
    {
      "ticker": "CNTY",
      "tf": "1d",
      "bars_used": 350,
      "close": 1.6200000047683716,
      "sma20": 1.4760000109672546,
      "sma50": 1.4856000113487244,
      "trend_ok": true,
      "prior_downtrend_ok": true,
      "down_slope": -0.010181050553330784,
      "fresh_uptrend_ok": true,
      "up_slope": 0.01799999439355099,
      "up_hh_steps": 1,
      "up_hl_steps": 1,
      "up_pivot_highs": 2,
      "up_pivot_lows": 2,
      "resistance": 1.7200000286102295,
      "pullback_from_resistance_pct": 5.813954777818146,
      "state": "correction",
      "rank_score": 2.1810075370303093
    },
    {
      "ticker": "CENN",
      "tf": "1d",
      "bars_used": 350,
      "close": 0.15850000083446503,
      "sma20": 0.15113000050187111,
      "sma50": 0.15779600083827972,
      "trend_ok": true,
      "prior_downtrend_ok": true,
      "down_slope": -0.0005706004155397863,
      "fresh_uptrend_ok": true,
      "up_slope": 6.909054337125837e-05,
      "up_hh_steps": 1,
      "up_hl_steps": 2,
      "up_pivot_highs": 3,
      "up_pivot_lows": 3,
      "resistance": 0.164000004529953,
      "pullback_from_resistance_pct": 3.353660697298001,
      "state": "uptrend",
      "rank_score": 1.8164016074324703
    },
    {
      "ticker": "EWCZ",
      "tf": "1d",
      "bars_used": 350,
      "close": 4.039999961853027,
      "sma20": 3.818500030040741,
      "sma50": 3.8404000329971315,
      "trend_ok": true,