{
  "updated_utc": "2026-01-23T22:40:23.758773+00:00",
  "tf": "1d",
  "params": {
    "n_down": 40,
    "n_up": 10,
    "n_corr": 8,
    "sma_slow": 50,
    "sma_fast": 20,
    "pivot_strength": 1,
    "min_hh_steps": 1,
    "min_hl_steps": 1,
    "corr_min_pct": 0.5,
    "corr_max_pct": 12.0,
    "near_resistance_pct": 6.0,
    "breakout_wiggle_pct": 0.2
  },
  "count": 16,
  "data": [
    {
      "ticker": "PTLO",
      "tf": "1d",
      "bars_used": 350,
      "close": 6.019999980926514,
      "sma20": 5.04449999332428,
      "sma50": 4.905499992370605,
      "trend_ok": true,
      "prior_downtrend_ok": true,
      "down_slope": -0.006250936900026132,
      "fresh_uptrend_ok": true,
      "up_slope": 0.14496967720262932,
      "up_hh_steps": 2,
      "up_hl_steps": 1,
      "up_pivot_highs": 3,
      "up_pivot_lows": 2,
      "resistance": 5.894999980926514,
      "pullback_from_resistance_pct": -2.1204410585995257,
      "state": "uptrend",
      "rank_score": 3.053406843099921
    },
    {
      "ticker": "PCYO",
      "tf": "1d",
      "bars_used": 350,
      "close": 11.9399995803833,
      "sma20": 11.225500011444092,
      "sma50": 11.310399951934814,
      "trend_ok": true,
      "prior_downtrend_ok": true,
      "down_slope": -0.0009343315468049183,
      "fresh_uptrend_ok": true,
      "up_slope": 0.07709088758988814,
      "up_hh_steps": 1,
      "up_hl_steps": 1,
      "up_pivot_highs": 2,
      "up_pivot_lows": 2,
      "resistance": 11.774999618530273,
      "pullback_from_resistance_pct": -1.401273606780993,
      "state": "uptrend",
      "rank_score": 2.776905629274192
    },
    {
      "ticker": "SENEA",
      "tf": "1d",
      "bars_used": 350,
      "close": 117.04000091552734,
      "sma20": 113.20500106811524,
      "sma50": 115.39320022583007,
      "trend_ok": true,
      "prior_downtrend_ok": true,
      "down_slope": -0.3561913424092878,
      "fresh_uptrend_ok": true,
      "up_slope": 0.7534543586499763,
      "up_hh_steps": 1,
      "up_hl_steps": 1,
      "up_pivot_highs": 2,
      "up_pivot_lows": 2,
      "resistance": 119.8499984741211,
      "pullback_from_resistance_pct": 2.344595406232321,
      "state": "correction",
      "rank_score": 2.751037856868416
    },
    {
      "ticker": "SFBC",
      "tf": "1d",
      "bars_used": 350,
      "close": 44.439998626708984,
      "sma20": 43.71400032043457,
      "sma50": 44.1544002532959,
      "trend_ok": true,
      "prior_downtrend_ok": true,
      "down_slope": -0.03624296456743137,
      "fresh_uptrend_ok": true,
      "up_slope": 0.07860588304924243,
      "up_hh_steps": 1,
      "up_hl_steps": 2,
      "up_pivot_highs": 2,
      "up_pivot_lows": 3,
      "resistance": 44.2400016784668,
      "pullback_from_resistance_pct": -0.45207265066523095,
      "state": "uptrend",
      "rank_score": 2.7253454417775385
    },
    {
      "ticker": "SBGI",
      "tf": "1d",
      "bars_used": 350,
      "close": 15.4399995803833,
      "sma20": 15.162500095367431,
      "sma50": 15.493039150238037,
      "trend_ok": true,
      "prior_downtrend_ok": true,
      "down_slope": -0.019322188218136443,
      "fresh_uptrend_ok": true,
      "up_slope": 0.041818133267489344,
      "up_hh_steps": 2,
      "up_hl_steps": 1,
      "up_pivot_highs": 3,
      "up_pivot_lows": 2,
      "resistance": 15.420000076293945,
      "pullback_from_resistance_pct": -0.12969846945786895,
      "state": "uptrend",
      "rank_score": 2.6998833849313404
    },
    {
      "ticker": "SMID",
      "tf": "1d",
      "bars_used": 350,
      "close": 37.529998779296875,
      "sma20": 35.799000358581544,
      "sma50": 35.17700035095215,
      "trend_ok": true,
      "prior_downtrend_ok": true,
      "down_slope": -0.0090150074484648,
      "fresh_uptrend_ok": true,
      "up_slope": 0.31860587380149147,
      "up_hh_steps": 1,
      "up_hl_steps": 1,
      "up_pivot_highs": 2,
      "up_pivot_lows": 2,
      "resistance": 38.709999084472656,
      "pullback_from_resistance_pct": 3.0483087912267677,
      "state": "correction",
      "rank_score": 2.6419485347955387
    },
    {
      "ticker": "OTTR",
      "tf": "1d",
      "bars_used": 350,
      "close": 88.93000030517578,
      "sma20": 84.41949996948242,
      "sma50": 83.49623275756836,
      "trend_ok": true,
      "prior_downtrend_ok": true,
      "down_slope": -0.01961596777023115,
      "fresh_uptrend_ok": true,
      "up_slope": 0.5682422522342566,
      "up_hh_steps": 1,
      "up_hl_steps": 1,
      "up_pivot_highs": 2,
      "up_pivot_lows": 2,
      "resistance": 88.47000122070312,
      "pullback_from_resistance_pct": -0.519949223607573,
      "state": "uptrend",
      "rank_score": 2.636658203934595
    },
    {
      "ticker": "SDST",
      "tf": "1d",
      "bars_used": 350,
      "close": 4.53000020980835,
      "sma20": 3.5835000038146974,
      "sma50": 3.5635999965667726,
      "trend_ok": true,
      "prior_downtrend_ok": true,
      "down_slope": -0.012818011177413683,
      "fresh_uptrend_ok": true,
      "up_slope": 0.06175758910901619,
      "up_hh_steps": 2,
      "up_hl_steps": 1,
      "up_pivot_highs": 3,
      "up_pivot_lows": 2,
      "resistance": 4.539999961853027,
      "pullback_from_resistance_pct": 0.22025885746034846,
      "state": "uptrend",
      "rank_score": 2.6076959659904406
    },
    {
      "ticker": "RCKY",
      "tf": "1d",
      "bars_used": 350,
      "close": 33.529998779296875,
      "sma20": 30.7564998626709,
      "sma50": 30.28858699798584,
      "trend_ok": true,
      "prior_downtrend_ok": true,
      "down_slope": -0.0036125462229658917,
      "fresh_uptrend_ok": true,
      "up_slope": 0.37351498459324695,
      "up_hh_steps": 1,
      "up_hl_steps": 1,
      "up_pivot_highs": 2,
      "up_pivot_lows": 2,
      "resistance": 33.529998779296875,
      "pullback_from_resistance_pct": 0.0,
      "state": "uptrend",
      "rank_score": 2.55
    },
    {
      "ticker": "PWP",
      "tf": "1d",
      "bars_used": 350,
      "close": 22.030000686645508,
      "sma20": 19.21800003051758,
      "sma50": 18.51848773956299,
      "trend_ok": true,
      "prior_downtrend_ok": true,
      "down_slope": -0.012904794667943557,
      "fresh_uptrend_ok": true,
      "up_slope": 0.4050909100156842,
      "up_hh_steps": 1,
      "up_hl_steps": 2,
      "up_pivot_highs": 2,
      "up_pivot_lows": 3,
      "resistance": 22.264999389648438,
      "pullback_from_resistance_pct": 1.0554624273297153,
      "state": "uptrend",
      "rank_score": 2.4740895954450473
    },
    {
      "ticker": "PCT",
      "tf": "1d",
      "bars_used": 350,
      "close": 11.989999771118164,
      "sma20": 10.014249992370605,
      "sma50": 9.300100021362304,
      "trend_ok": true,
      "prior_downtrend_ok": true,
      "down_slope": -0.0024671726334162085,
      "fresh_uptrend_ok": true,
      "up_slope": 0.20803026141542377,
      "up_hh_steps": 1,
      "up_hl_steps": 2,
      "up_pivot_highs": 2,
      "up_pivot_lows": 3,
      "resistance": 12.128999710083008,
      "pullback_from_resistance_pct": 1.146013210382808,
      "state": "uptrend",
      "rank_score": 2.458997798269532
    },
    {
      "ticker": "PAHC",
      "tf": "1d",
      "bars_used": 350,
      "close": 41.61000061035156,
      "sma20": 39.281500053405765,
      "sma50": 40.68652587890625,
      "trend_ok": true,
      "prior_downtrend_ok": true,
      "down_slope": -0.19268287959286687,
      "fresh_uptrend_ok": true,
      "up_slope": 0.25969705292672823,
      "up_hh_steps": 1,
      "up_hl_steps": 1,
      "up_pivot_highs": 2,
      "up_pivot_lows": 2,
      "resistance": 42.220001220703125,
      "pullback_from_resistance_pct": 1.4448142887604674,
      "state": "uptrend",
      "rank_score": 2.309197618539922
    },
    {
      "ticker": "PDYN",
      "tf": "1d",
      "bars_used": 350,
      "close": 7.019999980926514,
      "sma20": 5.797250056266785,
      "sma50": 5.5634000110626225,
      "trend_ok": true,
      "prior_downtrend_ok": true,