{
  "updated_utc": "2026-01-15T22:10:04.891764+00:00",
  "tf": "1d",
  "params": {
    "n_down": 40,
    "n_up": 10,
    "n_corr": 8,
    "sma_slow": 50,
    "sma_fast": 20,
    "pivot_strength": 1,
    "min_hh_steps": 1,
    "min_hl_steps": 1,
    "corr_min_pct": 0.5,
    "corr_max_pct": 12.0,
    "near_resistance_pct": 6.0,
    "breakout_wiggle_pct": 0.2
  },
  "count": 16,
  "data": [
    {
      "ticker": "LOPE",
      "tf": "1d",
      "bars_used": 350,
      "close": 177.32000732421875,
      "sma20": 169.6529998779297,
      "sma50": 165.17460052490233,
      "trend_ok": true,
      "prior_downtrend_ok": true,
      "down_slope": -0.19266989960232106,
      "fresh_uptrend_ok": true,
      "up_slope": 1.2852738813920455,
      "up_hh_steps": 1,
      "up_hl_steps": 2,
      "up_pivot_highs": 2,
      "up_pivot_lows": 3,
      "resistance": 178.3800048828125,
      "pullback_from_resistance_pct": 0.5942356371669122,
      "state": "correction",
      "rank_score": 3.150960727138848
    },
    {
      "ticker": "METCB",
      "tf": "1d",
      "bars_used": 350,
      "close": 13.619999885559082,
      "sma20": 11.651500034332276,
      "sma50": 12.730499992370605,
      "trend_ok": true,
      "prior_downtrend_ok": true,
      "down_slope": -0.14054361740598983,
      "fresh_uptrend_ok": true,
      "up_slope": 0.13460603193803267,
      "up_hh_steps": 1,
      "up_hl_steps": 1,
      "up_pivot_highs": 2,
      "up_pivot_lows": 2,
      "resistance": 13.390000343322754,
      "pullback_from_resistance_pct": -1.717696313211993,
      "state": "uptrend",
      "rank_score": 2.817628124376685
    },
    {
      "ticker": "LTRN",
      "tf": "1d",
      "bars_used": 350,
      "close": 3.5399999618530273,
      "sma20": 3.334999990463257,
      "sma50": 3.4533999824523924,
      "trend_ok": true,
      "prior_downtrend_ok": true,
      "down_slope": -0.001919325028754086,
      "fresh_uptrend_ok": true,
      "up_slope": 0.038121211890018346,
      "up_hh_steps": 1,
      "up_hl_steps": 1,
      "up_pivot_highs": 2,
      "up_pivot_lows": 3,
      "resistance": 3.5999999046325684,
      "pullback_from_resistance_pct": 1.6666651213610204,
      "state": "correction",
      "rank_score": 2.8159225969682087
    },
    {
      "ticker": "OPXS",
      "tf": "1d",
      "bars_used": 350,
      "close": 15.380000114440918,
      "sma20": 14.07000002861023,
      "sma50": 14.375799980163574,
      "trend_ok": true,
      "prior_downtrend_ok": true,
      "down_slope": -0.041658537562300514,
      "fresh_uptrend_ok": true,
      "up_slope": 0.24090903889049184,
      "up_hh_steps": 1,
      "up_hl_steps": 2,
      "up_pivot_highs": 2,
      "up_pivot_lows": 3,
      "resistance": 15.800000190734863,
      "pullback_from_resistance_pct": 2.658228298884666,
      "state": "correction",
      "rank_score": 2.786754821994184
    },
    {
      "ticker": "LMB",
      "tf": "1d",
      "bars_used": 350,
      "close": 83.9000015258789,
      "sma20": 79.84025039672852,
      "sma50": 76.67289993286133,
      "trend_ok": true,
      "prior_downtrend_ok": true,
      "down_slope": -0.00016560652913564142,
      "fresh_uptrend_ok": true,
      "up_slope": 0.35745456579959756,
      "up_hh_steps": 1,
      "up_hl_steps": 1,
      "up_pivot_highs": 2,
      "up_pivot_lows": 2,
      "resistance": 85.01000213623047,
      "pullback_from_resistance_pct": 1.3057294229598548,
      "state": "correction",
      "rank_score": 2.767691119116364
    },
    {
      "ticker": "LNT",
      "tf": "1d",
      "bars_used": 350,
      "close": 66.86000061035156,
      "sma20": 65.35649948120117,
      "sma50": 66.31539932250976,
      "trend_ok": true,
      "prior_downtrend_ok": true,
      "down_slope": -0.07745401121214675,
      "fresh_uptrend_ok": true,
      "up_slope": 0.13290900028113162,
      "up_hh_steps": 1,
      "up_hl_steps": 2,
      "up_pivot_highs": 3,
      "up_pivot_lows": 3,
      "resistance": 66.08999633789062,
      "pullback_from_resistance_pct": -1.165084453211688,
      "state": "uptrend",
      "rank_score": 2.7538919412559957
    },
    {
      "ticker": "LTBR",
      "tf": "1d",
      "bars_used": 350,
      "close": 18.010000228881836,
      "sma20": 14.84350004196167,
      "sma50": 16.424200019836427,
      "trend_ok": true,
      "prior_downtrend_ok": true,
      "down_slope": -0.19276079057976184,
      "fresh_uptrend_ok": true,
      "up_slope": 0.41781822551380504,
      "up_hh_steps": 1,
      "up_hl_steps": 1,
      "up_pivot_highs": 2,
      "up_pivot_lows": 2,
      "resistance": 17.8700008392334,
      "pullback_from_resistance_pct": -0.7834324738310605,
      "state": "uptrend",
      "rank_score": 2.678084712709776
    },
    {
      "ticker": "NFE",
      "tf": "1d",
      "bars_used": 350,
      "close": 1.2899999618530273,
      "sma20": 1.1934999883174897,
      "sma50": 1.2401999974250792,
      "trend_ok": true,
      "prior_downtrend_ok": true,
      "down_slope": -0.001456848575295024,
      "fresh_uptrend_ok": true,
      "up_slope": 0.01830302585255016,
      "up_hh_steps": 1,
      "up_hl_steps": 1,
      "up_pivot_highs": 2,
      "up_pivot_lows": 2,
      "resistance": 1.3300000429153442,
      "pullback_from_resistance_pct": 3.0075247948591937,
      "state": "correction",
      "rank_score": 2.613586444808421
    },
    {
      "ticker": "MEDP",
      "tf": "1d",
      "bars_used": 350,
      "close": 616.4500122070312,
      "sma20": 581.2225067138672,
      "sma50": 582.5814050292969,
      "trend_ok": true,
      "prior_downtrend_ok": true,
      "down_slope": -1.1386100153538343,
      "fresh_uptrend_ok": true,
      "up_slope": 4.619573789654356,
      "up_hh_steps": 1,
      "up_hl_steps": 2,
      "up_pivot_highs": 2,
      "up_pivot_lows": 3,
      "resistance": 619.2999877929688,
      "pullback_from_resistance_pct": 0.46019306347705646,
      "state": "uptrend",
      "rank_score": 2.5424288484324093
    },
    {
      "ticker": "MKTW",
      "tf": "1d",
      "bars_used": 350,
      "close": 16.0,
      "sma20": 15.107999992370605,
      "sma50": 15.78553092956543,
      "trend_ok": true,
      "prior_downtrend_ok": true,
      "down_slope": -0.03979173261273869,
      "fresh_uptrend_ok": true,
      "up_slope": 0.08775752096465139,
      "up_hh_steps": 1,
      "up_hl_steps": 1,
      "up_pivot_highs": 2,
      "up_pivot_lows": 2,
      "resistance": 15.954999923706055,
      "pullback_from_resistance_pct": -0.2820437261618778,
      "state": "uptrend",
      "rank_score": 2.5280868536792496
    },
    {
      "ticker": "NTWK",
      "tf": "1d",
      "bars_used": 350,
      "close": 3.130000114440918,
      "sma20": 3.0444999814033507,
      "sma50": 3.1410000133514404,
      "trend_ok": true,
      "prior_downtrend_ok": true,
      "down_slope": -0.021742966362951397,
      "fresh_uptrend_ok": true,
      "up_slope": 0.014606061126246597,
      "up_hh_steps": 1,
      "up_hl_steps": 1,
      "up_pivot_highs": 2,
      "up_pivot_lows": 2,
      "resistance": 3.240000009536743,
      "pullback_from_resistance_pct": 3.39505848061874,
      "state": "correction",
      "rank_score": 2.4655859641293203
    },
    {
      "ticker": "MYRG",
      "tf": "1d",
      "bars_used": 350,
      "close": 229.5,
      "sma20": 224.94899978637696,
      "sma50": 224.21319946289063,
      "trend_ok": true,
      "prior_downtrend_ok": true,
      "down_slope": -0.159340593291492,
      "fresh_uptrend_ok": true,
      "up_slope": 0.37424270167495266,
      "up_hh_steps": 1,
      "up_hl_steps": 1,
      "up_pivot_highs": 3,
      "up_pivot_lows": 3,
      "resistance": 238.36000061035156,
      "pullback_from_resistance_pct": 3.7170668684613135,
      "state": "correction",
      "rank_score": 2.2949092669665743
    },
    {
      "ticker": "MPWR",
      "tf": "1d",
      "bars_used": 350,
      "close": 983.5999755859375,
      "sma20": 948.5432373046875,
      "sma50": 942.3152453613282,
      "trend_ok": true,