{
  "updated_utc": "2026-01-24T20:07:33.624336+00:00",
  "tf": "1d",
  "params": {
    "n_down": 40,
    "n_up": 10,
    "n_corr": 8,
    "sma_slow": 50,
    "sma_fast": 20,
    "pivot_strength": 1,
    "min_hh_steps": 1,
    "min_hl_steps": 1,
    "corr_min_pct": 0.5,
    "corr_max_pct": 12.0,
    "near_resistance_pct": 6.0,
    "breakout_wiggle_pct": 0.2
  },
  "count": 10,
  "data": [
    {
      "ticker": "KMB",
      "tf": "1d",
      "bars_used": 350,
      "close": 102.2300033569336,
      "sma20": 99.94150047302246,
      "sma50": 101.8794302368164,
      "trend_ok": true,
      "prior_downtrend_ok": true,
      "down_slope": -0.12349014926359309,
      "fresh_uptrend_ok": true,
      "up_slope": 0.47624275901100854,
      "up_hh_steps": 1,
      "up_hl_steps": 1,
      "up_pivot_highs": 2,
      "up_pivot_lows": 2,
      "resistance": 101.16999816894531,
      "pullback_from_resistance_pct": -1.047746572277448,
      "state": "uptrend",
      "rank_score": 2.7246244287129078
    },
    {
      "ticker": "KEQU",
      "tf": "1d",
      "bars_used": 350,
      "close": 40.09000015258789,
      "sma20": 38.092000007629395,
      "sma50": 38.57219985961914,
      "trend_ok": true,
      "prior_downtrend_ok": true,
      "down_slope": -0.06056283195738944,
      "fresh_uptrend_ok": true,
      "up_slope": 0.3195758472789418,
      "up_hh_steps": 1,
      "up_hl_steps": 1,
      "up_pivot_highs": 2,
      "up_pivot_lows": 2,
      "resistance": 41.20000076293945,
      "pullback_from_resistance_pct": 2.6941761888267703,
      "state": "correction",
      "rank_score": 2.6859466561807515
    },
    {
      "ticker": "GRRR",
      "tf": "1d",
      "bars_used": 350,
      "close": 14.25,
      "sma20": 12.823499917984009,
      "sma50": 13.155599918365478,
      "trend_ok": true,
      "prior_downtrend_ok": true,
      "down_slope": -0.043309569940334414,
      "fresh_uptrend_ok": true,
      "up_slope": 0.24315152601762252,
      "up_hh_steps": 2,
      "up_hl_steps": 1,
      "up_pivot_highs": 3,
      "up_pivot_lows": 2,
      "resistance": 14.90999984741211,
      "pullback_from_resistance_pct": 4.426558378044946,
      "state": "correction",
      "rank_score": 2.560950943956909
    },
    {
      "ticker": "GIGM",
      "tf": "1d",
      "bars_used": 350,
      "close": 1.5099999904632568,
      "sma20": 1.493500006198883,
      "sma50": 1.5121999955177308,
      "trend_ok": true,
      "prior_downtrend_ok": true,
      "down_slope": -0.001206378138311361,
      "fresh_uptrend_ok": true,
      "up_slope": 0.005151510238647461,
      "up_hh_steps": 1,
      "up_hl_steps": 1,
      "up_pivot_highs": 3,
      "up_pivot_lows": 2,
      "resistance": 1.5099999904632568,
      "pullback_from_resistance_pct": 0.0,
      "state": "uptrend",
      "rank_score": 2.5430427871746875
    },
    {
      "ticker": "INSG",
      "tf": "1d",
      "bars_used": 350,
      "close": 11.380000114440918,
      "sma20": 10.892999982833862,
      "sma50": 11.038600006103515,
      "trend_ok": true,
      "prior_downtrend_ok": true,
      "down_slope": -0.02106285444120081,
      "fresh_uptrend_ok": true,
      "up_slope": 0.16618178974498402,
      "up_hh_steps": 2,
      "up_hl_steps": 1,
      "up_pivot_highs": 3,
      "up_pivot_lows": 2,
      "resistance": 12.710000038146973,
      "pullback_from_resistance_pct": 10.464200784534059,
      "state": "uptrend",
      "rank_score": 1.6658254989904837
    },
    {
      "ticker": "IMTE",
      "tf": "1d",
      "bars_used": 350,
      "close": 0.9629999995231628,
      "sma20": 0.6431999981403351,
      "sma50": 0.7176600003242493,
      "trend_ok": true,
      "prior_downtrend_ok": true,
      "down_slope": -0.008177767540232101,
      "fresh_uptrend_ok": true,
      "up_slope": 0.04253333481875333,
      "up_hh_steps": 1,
      "up_hl_steps": 1,
      "up_pivot_highs": 2,
      "up_pivot_lows": 3,
      "resistance": 1.0700000524520874,
      "pullback_from_resistance_pct": 10.000004456421822,
      "state": "uptrend",
      "rank_score": 1.55
    },
    {
      "ticker": "HNRG",
      "tf": "1d",
      "bars_used": 350,
      "close": 20.0,
      "sma20": 19.510000228881836,
      "sma50": 20.055800094604493,
      "trend_ok": true,
      "prior_downtrend_ok": true,
      "down_slope": -0.059087235126889,
      "fresh_uptrend_ok": true,
      "up_slope": 0.04242419618548769,
      "up_hh_steps": 1,
      "up_hl_steps": 1,
      "up_pivot_highs": 3,
      "up_pivot_lows": 2,
      "resistance": 21.0049991607666,
      "pullback_from_resistance_pct": 4.784571296930835,
      "state": "uptrend",
      "rank_score": 1.5339183819883238
    },
    {
      "ticker": "GELS",
      "tf": "1d",
      "bars_used": 309,
      "close": 1.0499999523162842,
      "sma20": 0.9304499953985215,
      "sma50": 0.9769800007343292,
      "trend_ok": true,
      "prior_downtrend_ok": true,
      "down_slope": -0.005793808246866624,
      "fresh_uptrend_ok": true,
      "up_slope": 0.032636361772363835,
      "up_hh_steps": 1,
      "up_hl_steps": 1,
      "up_pivot_highs": 3,
      "up_pivot_lows": 2,
      "resistance": 1.2000000476837158,
      "pullback_from_resistance_pct": 12.5000074505803,
      "state": "uptrend",
      "rank_score": 1.468536953973425
    },
    {
      "ticker": "GNPX",
      "tf": "1d",
      "bars_used": 350,
      "close": 2.8399999141693115,
      "sma20": 2.303999978303909,
      "sma50": 2.7767999839782713,
      "trend_ok": true,
      "prior_downtrend_ok": true,
      "down_slope": -0.06286397720590989,
      "fresh_uptrend_ok": true,
      "up_slope": 0.05921211676164107,
      "up_hh_steps": 1,
      "up_hl_steps": 1,
      "up_pivot_highs": 3,
      "up_pivot_lows": 2,
      "resistance": 3.0399999618530273,
      "pullback_from_resistance_pct": 6.578949019519266,
      "state": "uptrend",
      "rank_score": 1.4507137660626472
    },
    {
      "ticker": "GSIT",
      "tf": "1d",
      "bars_used": 350,
      "close": 8.34000015258789,
      "sma20": 7.502999997138977,
      "sma50": 6.921800003051758,
      "trend_ok": true,
      "prior_downtrend_ok": true,
      "down_slope": -0.011315197926748536,
      "fresh_uptrend_ok": true,
      "up_slope": 0.05933334755175042,
      "up_hh_steps": 1,
      "up_hl_steps": 1,
      "up_pivot_highs": 2,
      "up_pivot_lows": 3,
      "resistance": 9.199999809265137,
      "pullback_from_resistance_pct": 9.347822548986985,
      "state": "uptrend",
      "rank_score": 1.4172578694551472
    }
  ]
}