{
  "updated_utc": "2026-01-27T20:20:21.699739+00:00",
  "tf": "1d",
  "params": {
    "n_down": 40,
    "n_up": 10,
    "n_corr": 8,
    "sma_slow": 50,
    "sma_fast": 20,
    "pivot_strength": 1,
    "min_hh_steps": 1,
    "min_hl_steps": 1,
    "corr_min_pct": 0.5,
    "corr_max_pct": 12.0,
    "near_resistance_pct": 6.0,
    "breakout_wiggle_pct": 0.2
  },
  "count": 3,
  "data": [
    {
      "ticker": "ITIC",
      "tf": "1d",
      "bars_used": 350,
      "close": 256.7699890136719,
      "sma20": 252.31399993896486,
      "sma50": 255.63771270751954,
      "trend_ok": true,
      "prior_downtrend_ok": true,
      "down_slope": -0.4705685900031514,
      "fresh_uptrend_ok": true,
      "up_slope": 0.38296943433357006,
      "up_hh_steps": 1,
      "up_hl_steps": 1,
      "up_pivot_highs": 2,
      "up_pivot_lows": 3,
      "resistance": 258.5,
      "pullback_from_resistance_pct": 0.6692498979992747,
      "state": "correction",
      "rank_score": 2.8891511502677094
    },
    {
      "ticker": "FORA",
      "tf": "1d",
      "bars_used": 350,
      "close": 2.130000114440918,
      "sma20": 2.1119999408721926,
      "sma50": 2.131100001335144,
      "trend_ok": true,
      "prior_downtrend_ok": true,
      "down_slope": -0.0015492528732900996,
      "fresh_uptrend_ok": true,
      "up_slope": 0.0013939467343417082,
      "up_hh_steps": 1,
      "up_hl_steps": 1,
      "up_pivot_highs": 2,
      "up_pivot_lows": 2,
      "resistance": 2.140000104904175,
      "pullback_from_resistance_pct": 0.467289251077145,
      "state": "uptrend",
      "rank_score": 2.2685327308474568
    },
    {
      "ticker": "IMTE",
      "tf": "1d",
      "bars_used": 350,
      "close": 0.9020000100135803,
      "sma20": 0.6564499974250794,
      "sma50": 0.7189400005340576,
      "trend_ok": true,
      "prior_downtrend_ok": true,
      "down_slope": -0.008213133452980872,
      "fresh_uptrend_ok": true,
      "up_slope": 0.04578788027618871,
      "up_hh_steps": 2,
      "up_hl_steps": 1,
      "up_pivot_highs": 3,
      "up_pivot_lows": 3,
      "resistance": 1.100000023841858,
      "pullback_from_resistance_pct": 18.00000086697663,
      "state": "uptrend",
      "rank_score": 1.7000000000000002
    }
  ]
}