{
  "updated_utc": "2026-01-22T20:53:31.367855+00:00",
  "tf": "1d",
  "params": {
    "n_down": 40,
    "n_up": 10,
    "n_corr": 8,
    "sma_slow": 50,
    "sma_fast": 20,
    "pivot_strength": 1,
    "min_hh_steps": 1,
    "min_hl_steps": 1,
    "corr_min_pct": 0.5,
    "corr_max_pct": 12.0,
    "near_resistance_pct": 6.0,
    "breakout_wiggle_pct": 0.2
  },
  "count": 13,
  "data": [
    {
      "ticker": "DAWN",
      "tf": "1d",
      "bars_used": 350,
      "close": 12.069999694824219,
      "sma20": 9.872499942779541,
      "sma50": 9.279600009918212,
      "trend_ok": true,
      "prior_downtrend_ok": true,
      "down_slope": -0.0068864872486908936,
      "fresh_uptrend_ok": true,
      "up_slope": 0.2782424175378048,
      "up_hh_steps": 1,
      "up_hl_steps": 1,
      "up_pivot_highs": 3,
      "up_pivot_lows": 3,
      "resistance": 11.180000305175781,
      "pullback_from_resistance_pct": -7.96063833054112,
      "state": "uptrend",
      "rank_score": 3.845731116399398
    },
    {
      "ticker": "DERM",
      "tf": "1d",
      "bars_used": 350,
      "close": 8.869999885559082,
      "sma20": 7.823999953269959,
      "sma50": 7.899199962615967,
      "trend_ok": true,
      "prior_downtrend_ok": true,
      "down_slope": -0.01964633988171089,
      "fresh_uptrend_ok": true,
      "up_slope": 0.16769695281982422,
      "up_hh_steps": 2,
      "up_hl_steps": 1,
      "up_pivot_highs": 3,
      "up_pivot_lows": 2,
      "resistance": 9.0,
      "pullback_from_resistance_pct": 1.4444457160101998,
      "state": "correction",
      "rank_score": 3.0592590473316332
    },
    {
      "ticker": "CPHC",
      "tf": "1d",
      "bars_used": 350,
      "close": 16.010000228881836,
      "sma20": 15.247946834564209,
      "sma50": 15.23448917388916,
      "trend_ok": true,
      "prior_downtrend_ok": true,
      "down_slope": -0.010561320839858637,
      "fresh_uptrend_ok": true,
      "up_slope": 0.06145459377404415,
      "up_hh_steps": 1,
      "up_hl_steps": 1,
      "up_pivot_highs": 2,
      "up_pivot_lows": 2,
      "resistance": 15.5,
      "pullback_from_resistance_pct": -3.290324057302167,
      "state": "uptrend",
      "rank_score": 3.029910040621867
    },
    {
      "ticker": "ELUT",
      "tf": "1d",
      "bars_used": 350,
      "close": 0.9200000166893005,
      "sma20": 0.6889500051736832,
      "sma50": 0.6808400011062622,
      "trend_ok": true,
      "prior_downtrend_ok": true,
      "down_slope": -0.005035083775896069,
      "fresh_uptrend_ok": true,
      "up_slope": 0.02523636565063939,
      "up_hh_steps": 1,
      "up_hl_steps": 1,
      "up_pivot_highs": 2,
      "up_pivot_lows": 2,
      "resistance": 0.9110000133514404,
      "pullback_from_resistance_pct": -0.9879257086671565,
      "state": "uptrend",
      "rank_score": 2.713800944894407
    },
    {
      "ticker": "EQIX",
      "tf": "1d",
      "bars_used": 350,
      "close": 795.47998046875,
      "sma20": 779.5689971923828,
      "sma50": 768.073095703125,
      "trend_ok": true,
      "prior_downtrend_ok": true,
      "down_slope": -0.6986667310990268,
      "fresh_uptrend_ok": true,
      "up_slope": 1.4869717684659092,
      "up_hh_steps": 1,
      "up_hl_steps": 1,
      "up_pivot_highs": 2,
      "up_pivot_lows": 3,
      "resistance": 813.4500122070312,
      "pullback_from_resistance_pct": 2.2091132176057666,
      "state": "correction",
      "rank_score": 2.6408528465076166
    },
    {
      "ticker": "FIZZ",
      "tf": "1d",
      "bars_used": 350,
      "close": 33.90999984741211,
      "sma20": 32.622499561309816,
      "sma50": 33.291799812316896,
      "trend_ok": true,
      "prior_downtrend_ok": true,
      "down_slope": -0.03891184325513428,
      "fresh_uptrend_ok": true,
      "up_slope": 0.15921214710582388,
      "up_hh_steps": 1,
      "up_hl_steps": 1,
      "up_pivot_highs": 2,
      "up_pivot_lows": 2,
      "resistance": 34.0,
      "pullback_from_resistance_pct": 0.2647063311408548,
      "state": "uptrend",
      "rank_score": 2.505882278143191
    },
    {
      "ticker": "ESOA",
      "tf": "1d",
      "bars_used": 350,
      "close": 8.989999771118164,
      "sma20": 8.288962459564209,
      "sma50": 8.767463264465333,
      "trend_ok": true,
      "prior_downtrend_ok": true,
      "down_slope": -0.06167561439814755,
      "fresh_uptrend_ok": true,
      "up_slope": 0.09478783462986802,
      "up_hh_steps": 1,
      "up_hl_steps": 1,
      "up_pivot_highs": 2,
      "up_pivot_lows": 2,
      "resistance": 9.079999923706055,
      "pullback_from_resistance_pct": 0.9911911161245531,
      "state": "uptrend",
      "rank_score": 2.3848014806459075
    },
    {
      "ticker": "EOSE",
      "tf": "1d",
      "bars_used": 350,
      "close": 17.530000686645508,
      "sma20": 14.308500003814697,
      "sma50": 14.404800033569336,
      "trend_ok": true,
      "prior_downtrend_ok": true,
      "down_slope": -0.09739774530421502,
      "fresh_uptrend_ok": true,
      "up_slope": 0.41593945243141867,
      "up_hh_steps": 2,
      "up_hl_steps": 1,
      "up_pivot_highs": 3,
      "up_pivot_lows": 2,
      "resistance": 18.559999465942383,
      "pullback_from_resistance_pct": 5.549562548139744,
      "state": "correction",
      "rank_score": 2.375072908643376
    },
    {
      "ticker": "ELVN",
      "tf": "1d",
      "bars_used": 350,
      "close": 27.204999923706055,
      "sma20": 20.39774990081787,
      "sma50": 20.138099975585938,
      "trend_ok": true,
      "prior_downtrend_ok": true,
      "down_slope": -0.16644089208534912,
      "fresh_uptrend_ok": true,
      "up_slope": 0.8271817236235648,
      "up_hh_steps": 1,
      "up_hl_steps": 1,
      "up_pivot_highs": 3,
      "up_pivot_lows": 2,
      "resistance": 27.46299934387207,
      "pullback_from_resistance_pct": 0.9394437109200312,
      "state": "uptrend",
      "rank_score": 2.345093367938044
    },
    {
      "ticker": "CLAR",
      "tf": "1d",
      "bars_used": 350,
      "close": 3.690000057220459,
      "sma20": 3.516500008106232,
      "sma50": 3.479498224258423,
      "trend_ok": true,
      "prior_downtrend_ok": true,
      "down_slope": -0.0021538667786188464,
      "fresh_uptrend_ok": true,
      "up_slope": 0.02060606118404504,
      "up_hh_steps": 1,
      "up_hl_steps": 1,
      "up_pivot_highs": 2,
      "up_pivot_lows": 2,
      "resistance": 3.859999895095825,
      "pullback_from_resistance_pct": 4.404140997292591,
      "state": "correction",
      "rank_score": 2.295164875512939
    },
    {
      "ticker": "CIFR",
      "tf": "1d",
      "bars_used": 350,
      "close": 17.719999313354492,
      "sma20": 16.763499879837035,
      "sma50": 17.018799839019774,
      "trend_ok": true,
      "prior_downtrend_ok": true,
      "down_slope": -0.03530769035024446,
      "fresh_uptrend_ok": true,
      "up_slope": 0.20969697200890744,
      "up_hh_steps": 2,
      "up_hl_steps": 2,
      "up_pivot_highs": 3,
      "up_pivot_lows": 3,
      "resistance": 19.695999145507812,
      "pullback_from_resistance_pct": 10.032493490455895,
      "state": "uptrend",
      "rank_score": 1.7586098493336049
    },
    {
      "ticker": "CRWV",
      "tf": "1d",
      "bars_used": 205,
      "close": 94.05000305175781,
      "sma20": 83.10300102233887,
      "sma50": 81.08240051269532,
      "trend_ok": true,
      "prior_downtrend_ok": true,
      "down_slope": -0.224184786311681,
      "fresh_uptrend_ok": true,
      "up_slope": 2.434848993474787,
      "up_hh_steps": 1,
      "up_hl_steps": 1,
      "up_pivot_highs": 2,
      "up_pivot_lows": 2,
      "resistance": 102.97899627685547,
      "pullback_from_resistance_pct": 8.670693585993368,
      "state": "uptrend",
      "rank_score": 1.55
    },
    {
      "ticker": "CLSK",
      "tf": "1d",
      "bars_used": 350,
      "close": 12.8100004196167,
      "sma20": 11.903500032424926,
      "sma50": 12.472299938201905,
      "trend_ok": true,
      "prior_downtrend_ok": true,