{
  "updated_utc": "2026-01-21T20:57:38.634241+00:00",
  "tf": "1d",
  "params": {
    "n_down": 40,
    "n_up": 10,
    "n_corr": 8,
    "sma_slow": 50,
    "sma_fast": 20,
    "pivot_strength": 1,
    "min_hh_steps": 1,
    "min_hl_steps": 1,
    "corr_min_pct": 0.5,
    "corr_max_pct": 12.0,
    "near_resistance_pct": 6.0,
    "breakout_wiggle_pct": 0.2
  },
  "count": 8,
  "data": [
    {
      "ticker": "GWRS",
      "tf": "1d",
      "bars_used": 350,
      "close": 8.680000305175781,
      "sma20": 8.562301111221313,
      "sma50": 8.67674129486084,
      "trend_ok": true,
      "prior_downtrend_ok": true,
      "down_slope": -0.02554396267903455,
      "fresh_uptrend_ok": true,
      "up_slope": 0.051161361463142166,
      "up_hh_steps": 1,
      "up_hl_steps": 1,
      "up_pivot_highs": 2,
      "up_pivot_lows": 2,
      "resistance": 8.934775198045829,
      "pullback_from_resistance_pct": 2.851497516420678,
      "state": "correction",
      "rank_score": 2.662622303226137
    },
    {
      "ticker": "HNNA",
      "tf": "1d",
      "bars_used": 350,
      "close": 10.149999618530273,
      "sma20": 9.711499977111817,
      "sma50": 9.870469417572021,
      "trend_ok": true,
      "prior_downtrend_ok": true,
      "down_slope": -0.017380791354581964,
      "fresh_uptrend_ok": true,
      "up_slope": 0.06515153249104817,
      "up_hh_steps": 1,
      "up_hl_steps": 1,
      "up_pivot_highs": 2,
      "up_pivot_lows": 2,
      "resistance": 10.479999542236328,
      "pullback_from_resistance_pct": 3.1488543713775385,
      "state": "correction",
      "rank_score": 2.5845108844826314
    },
    {
      "ticker": "HUDI",
      "tf": "1d",
      "bars_used": 350,
      "close": 1.2899999618530273,
      "sma20": 1.215499997138977,
      "sma50": 1.2334800004959106,
      "trend_ok": true,
      "prior_downtrend_ok": true,
      "down_slope": -0.000992120419389535,
      "fresh_uptrend_ok": true,
      "up_slope": 0.0027272708488233163,
      "up_hh_steps": 1,
      "up_hl_steps": 1,
      "up_pivot_highs": 3,
      "up_pivot_lows": 3,
      "resistance": 1.350000023841858,
      "pullback_from_resistance_pct": 4.444448957717879,
      "state": "correction",
      "rank_score": 2.1878222870959267
    },
    {
      "ticker": "IMSR",
      "tf": "1d",
      "bars_used": 319,
      "close": 10.430000305175781,
      "sma20": 8.47849998474121,
      "sma50": 9.54129997253418,
      "trend_ok": true,
      "prior_downtrend_ok": true,
      "down_slope": -0.18246106698857464,
      "fresh_uptrend_ok": true,
      "up_slope": 0.31315154451312444,
      "up_hh_steps": 2,
      "up_hl_steps": 1,
      "up_pivot_highs": 3,
      "up_pivot_lows": 2,
      "resistance": 12.451000213623047,
      "pullback_from_resistance_pct": 16.23162696789631,
      "state": "uptrend",
      "rank_score": 1.6770901880397715
    },
    {
      "ticker": "GEOS",
      "tf": "1d",
      "bars_used": 350,
      "close": 22.18000030517578,
      "sma20": 19.333999967575075,
      "sma50": 18.393600025177,
      "trend_ok": true,
      "prior_downtrend_ok": true,
      "down_slope": -0.20525609771485176,
      "fresh_uptrend_ok": true,
      "up_slope": 0.5076969146728516,
      "up_hh_steps": 1,
      "up_hl_steps": 1,
      "up_pivot_highs": 3,
      "up_pivot_lows": 2,
      "resistance": 23.940000534057617,
      "pullback_from_resistance_pct": 7.351713406931706,
      "state": "uptrend",
      "rank_score": 1.5375842687777128
    },
    {
      "ticker": "GELS",
      "tf": "1d",
      "bars_used": 306,
      "close": 1.0499999523162842,
      "sma20": 0.8989499986171723,
      "sma50": 0.9731800019741058,
      "trend_ok": true,
      "prior_downtrend_ok": true,
      "down_slope": -0.005153376769840606,
      "fresh_uptrend_ok": true,
      "up_slope": 0.03752726822188406,
      "up_hh_steps": 1,
      "up_hl_steps": 1,
      "up_pivot_highs": 3,
      "up_pivot_lows": 2,
      "resistance": 1.4199999570846558,
      "pullback_from_resistance_pct": 26.056339151446423,
      "state": "uptrend",
      "rank_score": 1.495931951289489
    },
    {
      "ticker": "HOVR",
      "tf": "1d",
      "bars_used": 350,
      "close": 2.200000047683716,
      "sma20": 1.8750000178813935,
      "sma50": 1.776800003051758,
      "trend_ok": true,
      "prior_downtrend_ok": true,
      "down_slope": -0.006139774136874287,
      "fresh_uptrend_ok": true,
      "up_slope": 0.01812120856660785,
      "up_hh_steps": 1,
      "up_hl_steps": 2,
      "up_pivot_highs": 3,
      "up_pivot_lows": 3,
      "resistance": 2.5199999809265137,
      "pullback_from_resistance_pct": 12.698410145429659,
      "state": "uptrend",
      "rank_score": 1.4840684567258076
    },
    {
      "ticker": "KEQU",
      "tf": "1d",
      "bars_used": 350,
      "close": 38.70000076293945,
      "sma20": 37.91599998474121,
      "sma50": 38.683599853515624,
      "trend_ok": true,
      "prior_downtrend_ok": true,
      "down_slope": -0.07437804044970428,
      "fresh_uptrend_ok": true,
      "up_slope": 0.21981816147312974,
      "up_hh_steps": 1,
      "up_hl_steps": 1,
      "up_pivot_highs": 2,
      "up_pivot_lows": 2,
      "resistance": 41.20000076293945,
      "pullback_from_resistance_pct": 6.0679610526823575,
      "state": "uptrend",
      "rank_score": 1.4817922891494955
    }
  ]
}