{
  "updated_utc": "2026-01-15T23:10:51.028815+00:00",
  "tf": "1d",
  "params": {
    "n_down": 40,
    "n_up": 10,
    "n_corr": 8,
    "sma_slow": 50,
    "sma_fast": 20,
    "pivot_strength": 1,
    "min_hh_steps": 1,
    "min_hl_steps": 1,
    "corr_min_pct": 0.5,
    "corr_max_pct": 12.0,
    "near_resistance_pct": 6.0,
    "breakout_wiggle_pct": 0.2
  },
  "count": 16,
  "data": [
    {
      "ticker": "AMLX",
      "tf": "1d",
      "bars_used": 350,
      "close": 14.069999694824219,
      "sma20": 12.165000057220459,
      "sma50": 13.017599983215332,
      "trend_ok": true,
      "prior_downtrend_ok": true,
      "down_slope": -0.02728142496792505,
      "fresh_uptrend_ok": true,
      "up_slope": 0.20303030303030303,
      "up_hh_steps": 1,
      "up_hl_steps": 1,
      "up_pivot_highs": 2,
      "up_pivot_lows": 2,
      "resistance": 12.5,
      "pullback_from_resistance_pct": -12.55999755859375,
      "state": "uptrend",
      "rank_score": 4.610282776323413
    },
    {
      "ticker": "AVXL",
      "tf": "1d",
      "bars_used": 350,
      "close": 4.820000171661377,
      "sma20": 3.9695000410079957,
      "sma50": 4.470499997138977,
      "trend_ok": true,
      "prior_downtrend_ok": true,
      "down_slope": -0.08012241679776677,
      "fresh_uptrend_ok": true,
      "up_slope": 0.12569697119972922,
      "up_hh_steps": 1,
      "up_hl_steps": 1,
      "up_pivot_highs": 2,
      "up_pivot_lows": 2,
      "resistance": 4.434999942779541,
      "pullback_from_resistance_pct": -8.6809522852112,
      "state": "uptrend",
      "rank_score": 3.996825380868533
    },
    {
      "ticker": "AREC",
      "tf": "1d",
      "bars_used": 350,
      "close": 3.680000066757202,
      "sma20": 2.8605000257492064,
      "sma50": 3.0177000045776365,
      "trend_ok": true,
      "prior_downtrend_ok": true,
      "down_slope": -0.03822373299392929,
      "fresh_uptrend_ok": true,
      "up_slope": 0.10090908715219209,
      "up_hh_steps": 1,
      "up_hl_steps": 1,
      "up_pivot_highs": 2,
      "up_pivot_lows": 2,
      "resistance": 3.559999942779541,
      "pullback_from_resistance_pct": -3.3707900535517603,
      "state": "uptrend",
      "rank_score": 3.1005988025194218
    },
    {
      "ticker": "BWMN",
      "tf": "1d",
      "bars_used": 350,
      "close": 36.310001373291016,
      "sma20": 34.72849998474121,
      "sma50": 35.135399932861326,
      "trend_ok": true,
      "prior_downtrend_ok": true,
      "down_slope": -0.07396527732290871,
      "fresh_uptrend_ok": true,
      "up_slope": 0.2806060328628078,
      "up_hh_steps": 1,
      "up_hl_steps": 1,
      "up_pivot_highs": 2,
      "up_pivot_lows": 2,
      "resistance": 36.599998474121094,
      "pullback_from_resistance_pct": 0.7923418385799319,
      "state": "correction",
      "rank_score": 3.0179430269033447
    },
    {
      "ticker": "BTBT",
      "tf": "1d",
      "bars_used": 350,
      "close": 2.369999885559082,
      "sma20": 2.133999991416931,
      "sma50": 2.3569999980926513,
      "trend_ok": true,
      "prior_downtrend_ok": true,
      "down_slope": -0.02675140831081326,
      "fresh_uptrend_ok": true,
      "up_slope": 0.041090899525266705,
      "up_hh_steps": 1,
      "up_hl_steps": 1,
      "up_pivot_highs": 2,
      "up_pivot_lows": 2,
      "resistance": 2.319999933242798,
      "pullback_from_resistance_pct": -2.1551704204748128,
      "state": "uptrend",
      "rank_score": 2.909195070079135
    },
    {
      "ticker": "BKR",
      "tf": "1d",
      "bars_used": 350,
      "close": 49.97999954223633,
      "sma20": 46.96500034332276,
      "sma50": 47.83120018005371,
      "trend_ok": true,
      "prior_downtrend_ok": true,
      "down_slope": -0.07686303874117796,
      "fresh_uptrend_ok": true,
      "up_slope": 0.30484852646336413,
      "up_hh_steps": 1,
      "up_hl_steps": 1,
      "up_pivot_highs": 2,
      "up_pivot_lows": 3,
      "resistance": 50.720001220703125,
      "pullback_from_resistance_pct": 1.458993810443245,
      "state": "correction",
      "rank_score": 2.8269851126214847
    },
    {
      "ticker": "AAON",
      "tf": "1d",
      "bars_used": 350,
      "close": 87.83999633789062,
      "sma20": 78.73899955749512,
      "sma50": 86.39740280151368,
      "trend_ok": true,
      "prior_downtrend_ok": true,
      "down_slope": -0.7221891535603306,
      "fresh_uptrend_ok": true,
      "up_slope": 1.0186663540926846,
      "up_hh_steps": 1,
      "up_hl_steps": 1,
      "up_pivot_highs": 2,
      "up_pivot_lows": 2,
      "resistance": 86.48999786376953,
      "pullback_from_resistance_pct": -1.5608723638165392,
      "state": "uptrend",
      "rank_score": 2.806709643593529
    },
    {
      "ticker": "ACIU",
      "tf": "1d",
      "bars_used": 350,
      "close": 3.6700000762939453,
      "sma20": 3.3035000443458555,
      "sma50": 3.1622000169754028,
      "trend_ok": true,
      "prior_downtrend_ok": true,
      "down_slope": -0.005919322802022967,
      "fresh_uptrend_ok": true,
      "up_slope": 0.04151515671701142,
      "up_hh_steps": 1,
      "up_hl_steps": 1,
      "up_pivot_highs": 2,
      "up_pivot_lows": 2,
      "resistance": 3.740000009536743,
      "pullback_from_resistance_pct": 1.8716559642861719,
      "state": "correction",
      "rank_score": 2.792501118772536
    },
    {
      "ticker": "AEP",
      "tf": "1d",
      "bars_used": 350,
      "close": 118.11000061035156,
      "sma20": 115.49649963378906,
      "sma50": 118.0241716003418,
      "trend_ok": true,
      "prior_downtrend_ok": true,
      "down_slope": -0.21106620058557107,
      "fresh_uptrend_ok": true,
      "up_slope": 0.31036409320253316,
      "up_hh_steps": 1,
      "up_hl_steps": 2,
      "up_pivot_highs": 2,
      "up_pivot_lows": 3,
      "resistance": 117.69999694824219,
      "pullback_from_resistance_pct": -0.34834636596436913,
      "state": "uptrend",
      "rank_score": 2.652882040076835
    },
    {
      "ticker": "ALKS",
      "tf": "1d",
      "bars_used": 350,
      "close": 30.6200008392334,
      "sma20": 28.667000102996827,
      "sma50": 29.331200141906738,
      "trend_ok": true,
      "prior_downtrend_ok": true,
      "down_slope": -0.09032740047232966,
      "fresh_uptrend_ok": true,
      "up_slope": 0.2483030839399858,
      "up_hh_steps": 1,
      "up_hl_steps": 1,
      "up_pivot_highs": 2,
      "up_pivot_lows": 3,
      "resistance": 30.469999313354492,
      "pullback_from_resistance_pct": -0.4922925147988536,
      "state": "uptrend",
      "rank_score": 2.632048752466475
    },
    {
      "ticker": "BOSC",
      "tf": "1d",
      "bars_used": 350,
      "close": 5.019999980926514,
      "sma20": 4.649499988555908,
      "sma50": 4.807800016403198,
      "trend_ok": true,
      "prior_downtrend_ok": true,
      "down_slope": -0.036931522120677955,
      "fresh_uptrend_ok": true,
      "up_slope": 0.045575766129927205,
      "up_hh_steps": 1,
      "up_hl_steps": 1,
      "up_pivot_highs": 2,
      "up_pivot_lows": 2,
      "resistance": 5.179999828338623,
      "pullback_from_resistance_pct": 3.088800245451475,
      "state": "correction",
      "rank_score": 2.6151890910477062
    },
    {
      "ticker": "CCCC",
      "tf": "1d",
      "bars_used": 350,
      "close": 2.3299999237060547,
      "sma20": 2.093499982357025,
      "sma50": 2.3347999954223635,
      "trend_ok": true,
      "prior_downtrend_ok": true,
      "down_slope": -0.009097562252245074,
      "fresh_uptrend_ok": true,
      "up_slope": 0.043878792271469576,
      "up_hh_steps": 1,
      "up_hl_steps": 1,
      "up_pivot_highs": 2,
      "up_pivot_lows": 2,
      "resistance": 2.3299999237060547,
      "pullback_from_resistance_pct": 0.0,
      "state": "uptrend",
      "rank_score": 2.55
    },
    {
      "ticker": "AEC",
      "tf": "1d",
      "bars_used": 350,
      "close": 6.460000038146973,
      "sma20": 5.513000059127807,
      "sma50": 6.094000024795532,
      "trend_ok": true,
      "prior_downtrend_ok": true,