{
  "updated_utc": "2026-01-13T02:42:39.420040+00:00",
  "tf": "1d",
  "params": {
    "n_down": 40,
    "n_up": 10,
    "n_corr": 8,
    "sma_slow": 50,
    "sma_fast": 20,
    "pivot_strength": 1,
    "min_hh_steps": 1,
    "min_hl_steps": 1,
    "corr_min_pct": 0.5,
    "corr_max_pct": 12.0,
    "near_resistance_pct": 6.0,
    "breakout_wiggle_pct": 0.2
  },
  "count": 3,
  "data": [
    {
      "ticker": "CDNS",
      "tf": "1d",
      "bars_used": 350,
      "close": 325.510009765625,
      "sma20": 316.9835006713867,
      "sma50": 319.775400390625,
      "trend_ok": true,
      "prior_downtrend_ok": true,
      "down_slope": -0.10486867593332258,
      "fresh_uptrend_ok": true,
      "up_slope": 1.376425263375947,
      "up_hh_steps": 1,
      "up_hl_steps": 1,
      "up_pivot_highs": 2,
      "up_pivot_lows": 2,
      "resistance": 328.5899963378906,
      "pullback_from_resistance_pct": 0.9373342483313035,
      "state": "correction",
      "rank_score": 2.8862537798917764
    },
    {
      "ticker": "HON",
      "tf": "1d",
      "bars_used": 350,
      "close": 208.60000610351562,
      "sma20": 199.16949996948242,
      "sma50": 195.93353729248048,
      "trend_ok": true,
      "prior_downtrend_ok": true,
      "down_slope": -0.010147902039604832,
      "fresh_uptrend_ok": true,
      "up_slope": 1.4922432639382102,
      "up_hh_steps": 1,
      "up_hl_steps": 1,
      "up_pivot_highs": 2,
      "up_pivot_lows": 2,
      "resistance": 208.74000549316406,
      "pullback_from_resistance_pct": 0.06706878699062901,
      "state": "uptrend",
      "rank_score": 2.538821868834895
    },
    {
      "ticker": "BKR",
      "tf": "1d",
      "bars_used": 350,
      "close": 47.95000076293945,
      "sma20": 46.70500030517578,
      "sma50": 47.782827606201174,
      "trend_ok": true,
      "prior_downtrend_ok": true,
      "down_slope": -0.06680031538456958,
      "fresh_uptrend_ok": true,
      "up_slope": 0.47878792502663353,
      "up_hh_steps": 1,
      "up_hl_steps": 1,
      "up_pivot_highs": 2,
      "up_pivot_lows": 2,
      "resistance": 50.720001220703125,
      "pullback_from_resistance_pct": 5.461357237966706,
      "state": "correction",
      "rank_score": 2.2173020460932067
    }
  ]
}