{
  "updated_utc": "2026-01-22T20:53:38.593036+00:00",
  "tf": "1d",
  "params": {
    "n_down": 40,
    "n_up": 10,
    "n_corr": 8,
    "sma_slow": 50,
    "sma_fast": 20,
    "pivot_strength": 1,
    "min_hh_steps": 1,
    "min_hl_steps": 1,
    "corr_min_pct": 0.5,
    "corr_max_pct": 12.0,
    "near_resistance_pct": 6.0,
    "breakout_wiggle_pct": 0.2
  },
  "count": 25,
  "data": [
    {
      "ticker": "NEOV",
      "tf": "1d",
      "bars_used": 350,
      "close": 5.5,
      "sma20": 3.628750002384186,
      "sma50": 3.904499988555908,
      "trend_ok": true,
      "prior_downtrend_ok": true,
      "down_slope": -0.04605253107328576,
      "fresh_uptrend_ok": true,
      "up_slope": 0.16421213005528307,
      "up_hh_steps": 1,
      "up_hl_steps": 1,
      "up_pivot_highs": 2,
      "up_pivot_lows": 2,
      "resistance": 5.0,
      "pullback_from_resistance_pct": -10.0,
      "state": "uptrend",
      "rank_score": 4.183117909992414
    },
    {
      "ticker": "ONCY",
      "tf": "1d",
      "bars_used": 350,
      "close": 1.1699999570846558,
      "sma20": 0.9760000020265579,
      "sma50": 0.9949999988079071,
      "trend_ok": true,
      "prior_downtrend_ok": true,
      "down_slope": -0.0032354593836120553,
      "fresh_uptrend_ok": true,
      "up_slope": 0.012606058337471701,
      "up_hh_steps": 2,
      "up_hl_steps": 2,
      "up_pivot_highs": 3,
      "up_pivot_lows": 4,
      "resistance": 1.0800000429153442,
      "pullback_from_resistance_pct": -8.333325054910777,
      "state": "uptrend",
      "rank_score": 4.104442939124228
    },
    {
      "ticker": "NATH",
      "tf": "1d",
      "bars_used": 350,
      "close": 100.79000091552734,
      "sma20": 93.18250007629395,
      "sma50": 93.7925260925293,
      "trend_ok": true,
      "prior_downtrend_ok": true,
      "down_slope": -0.06796773728018182,
      "fresh_uptrend_ok": true,
      "up_slope": 0.6944244384765625,
      "up_hh_steps": 1,
      "up_hl_steps": 1,
      "up_pivot_highs": 2,
      "up_pivot_lows": 2,
      "resistance": 95.25,
      "pullback_from_resistance_pct": -5.816273927062828,
      "state": "uptrend",
      "rank_score": 3.476288171241289
    },
    {
      "ticker": "NFE",
      "tf": "1d",
      "bars_used": 350,
      "close": 1.5499999523162842,
      "sma20": 1.235999983549118,
      "sma50": 1.246199996471405,
      "trend_ok": true,
      "prior_downtrend_ok": true,
      "down_slope": -0.0010281432301197445,
      "fresh_uptrend_ok": true,
      "up_slope": 0.031818178928259645,
      "up_hh_steps": 1,
      "up_hl_steps": 2,
      "up_pivot_highs": 2,
      "up_pivot_lows": 3,
      "resistance": 1.4800000190734863,
      "pullback_from_resistance_pct": -4.7297251581536734,
      "state": "uptrend",
      "rank_score": 3.438287526358945
    },
    {
      "ticker": "MKTW",
      "tf": "1d",
      "bars_used": 350,
      "close": 16.049999237060547,
      "sma20": 15.13550000190735,
      "sma50": 15.76517162322998,
      "trend_ok": true,
      "prior_downtrend_ok": true,
      "down_slope": -0.04690811021242983,
      "fresh_uptrend_ok": true,
      "up_slope": 0.14472725608132103,
      "up_hh_steps": 1,
      "up_hl_steps": 1,
      "up_pivot_highs": 2,
      "up_pivot_lows": 2,
      "resistance": 16.280000686645508,
      "pullback_from_resistance_pct": 1.412785257273553,
      "state": "correction",
      "rank_score": 2.9145357904544076
    },
    {
      "ticker": "MDLZ",
      "tf": "1d",
      "bars_used": 350,
      "close": 57.349998474121094,
      "sma20": 54.85458850860596,
      "sma50": 55.03952423095703,
      "trend_ok": true,
      "prior_downtrend_ok": true,
      "down_slope": -0.08492356563374875,
      "fresh_uptrend_ok": true,
      "up_slope": 0.6044849280155067,
      "up_hh_steps": 1,
      "up_hl_steps": 1,
      "up_pivot_highs": 2,
      "up_pivot_lows": 2,
      "resistance": 58.33000183105469,
      "pullback_from_resistance_pct": 1.6801017078176113,
      "state": "correction",
      "rank_score": 2.8699830486970646
    },
    {
      "ticker": "LMAT",
      "tf": "1d",
      "bars_used": 350,
      "close": 86.98999786376953,
      "sma20": 84.16199989318848,
      "sma50": 84.81904266357422,
      "trend_ok": true,
      "prior_downtrend_ok": true,
      "down_slope": -0.14400370957480138,
      "fresh_uptrend_ok": true,
      "up_slope": 0.3694544011896307,
      "up_hh_steps": 1,
      "up_hl_steps": 1,
      "up_pivot_highs": 3,
      "up_pivot_lows": 3,
      "resistance": 88.37999725341797,
      "pullback_from_resistance_pct": 1.572753375023081,
      "state": "correction",
      "rank_score": 2.8377616117340168
    },
    {
      "ticker": "MASI",
      "tf": "1d",
      "bars_used": 350,
      "close": 146.2100067138672,
      "sma20": 135.60350074768067,
      "sma50": 139.75579971313476,
      "trend_ok": true,
      "prior_downtrend_ok": true,
      "down_slope": -0.4692063029219465,
      "fresh_uptrend_ok": true,
      "up_slope": 0.9869698264382102,
      "up_hh_steps": 1,
      "up_hl_steps": 1,
      "up_pivot_highs": 2,
      "up_pivot_lows": 2,
      "resistance": 144.2899932861328,
      "pullback_from_resistance_pct": -1.330662912934587,
      "state": "uptrend",
      "rank_score": 2.6878782897444777
    },
    {
      "ticker": "MGEE",
      "tf": "1d",
      "bars_used": 350,
      "close": 80.66999816894531,
      "sma20": 78.76500015258789,
      "sma50": 80.0718911743164,
      "trend_ok": true,
      "prior_downtrend_ok": true,
      "down_slope": -0.12941457379826013,
      "fresh_uptrend_ok": true,
      "up_slope": 0.24321187337239583,
      "up_hh_steps": 2,
      "up_hl_steps": 1,
      "up_pivot_highs": 3,
      "up_pivot_lows": 2,
      "resistance": 80.76000213623047,
      "pullback_from_resistance_pct": 0.11144621706836082,
      "state": "uptrend",
      "rank_score": 2.681425630488606
    },
    {
      "ticker": "MPAA",
      "tf": "1d",
      "bars_used": 350,
      "close": 13.420000076293945,
      "sma20": 12.746499967575073,
      "sma50": 13.01399995803833,
      "trend_ok": true,
      "prior_downtrend_ok": true,
      "down_slope": -0.03178798933190208,
      "fresh_uptrend_ok": true,
      "up_slope": 0.0672727700435754,
      "up_hh_steps": 1,
      "up_hl_steps": 1,
      "up_pivot_highs": 2,
      "up_pivot_lows": 3,
      "resistance": 13.739999771118164,
      "pullback_from_resistance_pct": 2.328964338826747,
      "state": "correction",
      "rank_score": 2.6566726583476905
    },
    {
      "ticker": "LGIH",
      "tf": "1d",
      "bars_used": 350,
      "close": 53.81999969482422,
      "sma20": 47.42349987030029,
      "sma50": 48.073400039672855,
      "trend_ok": true,
      "prior_downtrend_ok": true,
      "down_slope": -0.1441660492773575,
      "fresh_uptrend_ok": true,
      "up_slope": 0.918060487689394,
      "up_hh_steps": 2,
      "up_hl_steps": 1,
      "up_pivot_highs": 3,
      "up_pivot_lows": 3,
      "resistance": 55.939998626708984,
      "pullback_from_resistance_pct": 3.7897729423120787,
      "state": "correction",
      "rank_score": 2.625123275891368
    },
    {
      "ticker": "ONEW",
      "tf": "1d",
      "bars_used": 350,
      "close": 14.279999732971191,
      "sma20": 12.088000011444091,
      "sma50": 12.072599983215332,
      "trend_ok": true,
      "prior_downtrend_ok": true,
      "down_slope": -0.08711257088251453,
      "fresh_uptrend_ok": true,
      "up_slope": 0.1395151253902551,
      "up_hh_steps": 1,
      "up_hl_steps": 1,
      "up_pivot_highs": 2,
      "up_pivot_lows": 2,
      "resistance": 14.295000076293945,
      "pullback_from_resistance_pct": 0.10493419547181161,
      "state": "uptrend",
      "rank_score": 2.519318882847821
    },
    {
      "ticker": "LNT",
      "tf": "1d",
      "bars_used": 350,
      "close": 67.44000244140625,
      "sma20": 65.75949897766114,
      "sma50": 66.36479934692383,
      "trend_ok": true,
      "prior_downtrend_ok": true,