{
  "updated_utc": "2026-01-23T20:53:41.751075+00:00",
  "tf": "1d",
  "params": {
    "n_down": 40,
    "n_up": 10,
    "n_corr": 8,
    "sma_slow": 50,
    "sma_fast": 20,
    "pivot_strength": 1,
    "min_hh_steps": 1,
    "min_hl_steps": 1,
    "corr_min_pct": 0.5,
    "corr_max_pct": 12.0,
    "near_resistance_pct": 6.0,
    "breakout_wiggle_pct": 0.2
  },
  "count": 13,
  "data": [
    {
      "ticker": "BFRI",
      "tf": "1d",
      "bars_used": 350,
      "close": 1.0,
      "sma20": 0.79200000166893,
      "sma50": 0.808420000076294,
      "trend_ok": true,
      "prior_downtrend_ok": true,
      "down_slope": -0.0048845211180245,
      "fresh_uptrend_ok": true,
      "up_slope": 0.0188848488258593,
      "up_hh_steps": 1,
      "up_hl_steps": 1,
      "up_pivot_highs": 3,
      "up_pivot_lows": 2,
      "resistance": 0.8619999885559082,
      "pullback_from_resistance_pct": -16.009282282622824,
      "state": "uptrend",
      "rank_score": 5.177092349546008
    },
    {
      "ticker": "AREC",
      "tf": "1d",
      "bars_used": 350,
      "close": 4.190000057220459,
      "sma20": 3.2515000104904175,
      "sma50": 3.015499997138977,
      "trend_ok": true,
      "prior_downtrend_ok": true,
      "down_slope": -0.017704970259603818,
      "fresh_uptrend_ok": true,
      "up_slope": 0.08630303036082874,
      "up_hh_steps": 1,
      "up_hl_steps": 2,
      "up_pivot_highs": 2,
      "up_pivot_lows": 3,
      "resistance": 3.759999990463257,
      "pullback_from_resistance_pct": -11.4361720172298,
      "state": "uptrend",
      "rank_score": 4.519450649070523
    },
    {
      "ticker": "ALKS",
      "tf": "1d",
      "bars_used": 350,
      "close": 33.95000076293945,
      "sma20": 29.7375,
      "sma50": 29.455200119018556,
      "trend_ok": true,
      "prior_downtrend_ok": true,
      "down_slope": -0.06686586698492741,
      "fresh_uptrend_ok": true,
      "up_slope": 0.5283029498475971,
      "up_hh_steps": 1,
      "up_hl_steps": 1,
      "up_pivot_highs": 2,
      "up_pivot_lows": 2,
      "resistance": 31.959999084472656,
      "pullback_from_resistance_pct": -6.226538596597185,
      "state": "uptrend",
      "rank_score": 3.5877564327661973
    },
    {
      "ticker": "ALVO",
      "tf": "1d",
      "bars_used": 350,
      "close": 5.170000076293945,
      "sma20": 4.940999984741211,
      "sma50": 5.11439998626709,
      "trend_ok": true,
      "prior_downtrend_ok": true,
      "down_slope": -0.012629453549912902,
      "fresh_uptrend_ok": true,
      "up_slope": 0.04321213635531339,
      "up_hh_steps": 1,
      "up_hl_steps": 1,
      "up_pivot_highs": 2,
      "up_pivot_lows": 2,
      "resistance": 5.010000228881836,
      "pullback_from_resistance_pct": -3.1936095828845734,
      "state": "uptrend",
      "rank_score": 3.0815935129687775
    },
    {
      "ticker": "BANF",
      "tf": "1d",
      "bars_used": 350,
      "close": 117.36000061035156,
      "sma20": 110.19425010681152,
      "sma50": 110.36494857788085,
      "trend_ok": true,
      "prior_downtrend_ok": true,
      "down_slope": -0.04120687660088459,
      "fresh_uptrend_ok": true,
      "up_slope": 0.6789091630415482,
      "up_hh_steps": 1,
      "up_hl_steps": 3,
      "up_pivot_highs": 2,
      "up_pivot_lows": 4,
      "resistance": 114.94999694824219,
      "pullback_from_resistance_pct": -2.0965669648469083,
      "state": "uptrend",
      "rank_score": 3.0547641604128053
    },
    {
      "ticker": "AMSC",
      "tf": "1d",
      "bars_used": 350,
      "close": 33.099998474121094,
      "sma20": 31.040999794006346,
      "sma50": 31.575799980163573,
      "trend_ok": true,
      "prior_downtrend_ok": true,
      "down_slope": -0.07528706044238236,
      "fresh_uptrend_ok": true,
      "up_slope": 0.21715141065192944,
      "up_hh_steps": 2,
      "up_hl_steps": 1,
      "up_pivot_highs": 3,
      "up_pivot_lows": 3,
      "resistance": 32.70000076293945,
      "pullback_from_resistance_pct": -1.2232345622296683,
      "state": "uptrend",
      "rank_score": 2.885180740400664
    },
    {
      "ticker": "ANIP",
      "tf": "1d",
      "bars_used": 350,
      "close": 85.38999938964844,
      "sma20": 81.74400024414062,
      "sma50": 82.3179998779297,
      "trend_ok": true,
      "prior_downtrend_ok": true,
      "down_slope": -0.13830015100189266,
      "fresh_uptrend_ok": true,
      "up_slope": 0.7202422633315577,
      "up_hh_steps": 1,
      "up_hl_steps": 1,
      "up_pivot_highs": 2,
      "up_pivot_lows": 2,
      "resistance": 87.06999969482422,
      "pullback_from_resistance_pct": 1.9294823832136143,
      "state": "correction",
      "rank_score": 2.782351457008428
    },
    {
      "ticker": "ALLR",
      "tf": "1d",
      "bars_used": 350,
      "close": 1.2400000095367432,
      "sma20": 1.1349999904632568,
      "sma50": 1.1375599920749664,
      "trend_ok": true,
      "prior_downtrend_ok": true,
      "down_slope": -0.0035050659812637386,
      "fresh_uptrend_ok": true,
      "up_slope": 0.0030302972504586884,
      "up_hh_steps": 1,
      "up_hl_steps": 1,
      "up_pivot_highs": 3,
      "up_pivot_lows": 2,
      "resistance": 1.215000033378601,
      "pullback_from_resistance_pct": -2.057611149904549,
      "state": "uptrend",
      "rank_score": 2.7055510275459294
    },
    {
      "ticker": "AMOD",
      "tf": "1d",
      "bars_used": 350,
      "close": 0.9120000004768372,
      "sma20": 0.6227500036358833,
      "sma50": 0.7054600018262863,
      "trend_ok": true,
      "prior_downtrend_ok": true,
      "down_slope": -0.013560224957694256,
      "fresh_uptrend_ok": true,
      "up_slope": 0.0285999980839816,
      "up_hh_steps": 1,
      "up_hl_steps": 1,
      "up_pivot_highs": 2,
      "up_pivot_lows": 2,
      "resistance": 0.9480000138282776,
      "pullback_from_resistance_pct": 3.797469707417276,
      "state": "correction",
      "rank_score": 2.5156035432578956
    },
    {
      "ticker": "AVNW",
      "tf": "1d",
      "bars_used": 350,
      "close": 21.709999084472656,
      "sma20": 21.648499965667725,
      "sma50": 21.54360004425049,
      "trend_ok": true,
      "prior_downtrend_ok": true,
      "down_slope": -0.01665854015672408,
      "fresh_uptrend_ok": true,
      "up_slope": 0.02169684207800663,
      "up_hh_steps": 1,
      "up_hl_steps": 1,
      "up_pivot_highs": 2,
      "up_pivot_lows": 3,
      "resistance": 22.739999771118164,
      "pullback_from_resistance_pct": 4.529466565578866,
      "state": "correction",
      "rank_score": 2.1497430415221794
    },
    {
      "ticker": "APA",
      "tf": "1d",
      "bars_used": 350,
      "close": 25.549999237060547,
      "sma20": 24.809724712371825,
      "sma50": 24.773480491638182,
      "trend_ok": true,
      "prior_downtrend_ok": true,
      "down_slope": -0.004482711233743804,
      "fresh_uptrend_ok": true,
      "up_slope": 0.08907210610129616,
      "up_hh_steps": 1,
      "up_hl_steps": 1,
      "up_pivot_highs": 3,
      "up_pivot_lows": 3,
      "resistance": 26.359341231184178,
      "pullback_from_resistance_pct": 3.0704181376359534,
      "state": "uptrend",
      "rank_score": 1.9060178835755048
    },
    {
      "ticker": "AUID",
      "tf": "1d",
      "bars_used": 350,
      "close": 1.600000023841858,
      "sma20": 1.123549997806549,
      "sma50": 1.3013800001144409,
      "trend_ok": true,
      "prior_downtrend_ok": true,
      "down_slope": -0.032481332142849574,
      "fresh_uptrend_ok": true,
      "up_slope": 0.0800363656246301,
      "up_hh_steps": 1,
      "up_hl_steps": 2,
      "up_pivot_highs": 2,
      "up_pivot_lows": 3,
      "resistance": 2.450000047683716,
      "pullback_from_resistance_pct": 34.6938778489195,
      "state": "uptrend",
      "rank_score": 1.6311045956295371
    },
    {
      "ticker": "BDSX",
      "tf": "1d",
      "bars_used": 350,
      "close": 11.100000381469727,
      "sma20": 7.5095000743865965,
      "sma50": 7.603000040054321,
      "trend_ok": true,