{
  "updated_utc": "2026-01-16T16:48:09.670515+00:00",
  "tf": "1d",
  "params": {
    "n_down": 40,
    "n_up": 10,
    "n_corr": 8,
    "sma_slow": 50,
    "sma_fast": 20,
    "pivot_strength": 1,
    "min_hh_steps": 1,
    "min_hl_steps": 1,
    "corr_min_pct": 0.5,
    "corr_max_pct": 12.0,
    "near_resistance_pct": 6.0,
    "breakout_wiggle_pct": 0.2
  },
  "count": 25,
  "data": [
    {
      "ticker": "ULBI",
      "tf": "1d",
      "bars_used": 350,
      "close": 7.039999961853027,
      "sma20": 5.9535000085830685,
      "sma50": 5.839799995422363,
      "trend_ok": true,
      "prior_downtrend_ok": true,
      "down_slope": -0.012077860894838373,
      "fresh_uptrend_ok": true,
      "up_slope": 0.10569696137399384,
      "up_hh_steps": 2,
      "up_hl_steps": 1,
      "up_pivot_highs": 3,
      "up_pivot_lows": 2,
      "resistance": 6.309999942779541,
      "pullback_from_resistance_pct": -11.568938600527513,
      "state": "uptrend",
      "rank_score": 4.616253495028762
    },
    {
      "ticker": "VHC",
      "tf": "1d",
      "bars_used": 350,
      "close": 23.170000076293945,
      "sma20": 18.625500011444093,
      "sma50": 20.408999977111815,
      "trend_ok": true,
      "prior_downtrend_ok": true,
      "down_slope": -0.18659192330394408,
      "fresh_uptrend_ok": true,
      "up_slope": 0.5318788008256392,
      "up_hh_steps": 2,
      "up_hl_steps": 2,
      "up_pivot_highs": 3,
      "up_pivot_lows": 3,
      "resistance": 22.440000534057617,
      "pullback_from_resistance_pct": -3.253117312222849,
      "state": "uptrend",
      "rank_score": 3.342186218703808
    },
    {
      "ticker": "ZGM",
      "tf": "1d",
      "bars_used": 90,
      "close": 2.7799999713897705,
      "sma20": 2.3327499866485595,
      "sma50": 2.4514400005340575,
      "trend_ok": true,
      "prior_downtrend_ok": true,
      "down_slope": -0.002204595788558474,
      "fresh_uptrend_ok": true,
      "up_slope": 0.08411515120303992,
      "up_hh_steps": 1,
      "up_hl_steps": 1,
      "up_pivot_highs": 3,
      "up_pivot_lows": 2,
      "resistance": 2.700000047683716,
      "pullback_from_resistance_pct": -2.9629600849335267,
      "state": "uptrend",
      "rank_score": 3.0438266808222547
    },
    {
      "ticker": "STKS",
      "tf": "1d",
      "bars_used": 350,
      "close": 2.490000009536743,
      "sma20": 1.986249989271164,
      "sma50": 1.9362000012397766,
      "trend_ok": true,
      "prior_downtrend_ok": true,
      "down_slope": -0.0029760795507377353,
      "fresh_uptrend_ok": true,
      "up_slope": 0.0692424217859904,
      "up_hh_steps": 1,
      "up_hl_steps": 1,
      "up_pivot_highs": 3,
      "up_pivot_lows": 2,
      "resistance": 2.5250000953674316,
      "pullback_from_resistance_pct": 1.3861419607429897,
      "state": "correction",
      "rank_score": 2.9189763398761683
    },
    {
      "ticker": "VTSI",
      "tf": "1d",
      "bars_used": 350,
      "close": 4.980000019073486,
      "sma20": 4.552999997138977,
      "sma50": 4.797699966430664,
      "trend_ok": true,
      "prior_downtrend_ok": true,
      "down_slope": -0.02631848037354718,
      "fresh_uptrend_ok": true,
      "up_slope": 0.061939386887983845,
      "up_hh_steps": 2,
      "up_hl_steps": 1,
      "up_pivot_highs": 4,
      "up_pivot_lows": 2,
      "resistance": 5.132500171661377,
      "pullback_from_resistance_pct": 2.9712644420336516,
      "state": "correction",
      "rank_score": 2.7961134003117794
    },
    {
      "ticker": "TECH",
      "tf": "1d",
      "bars_used": 350,
      "close": 69.95999908447266,
      "sma20": 62.03600006103515,
      "sma50": 61.17398979187012,
      "trend_ok": true,
      "prior_downtrend_ok": true,
      "down_slope": -0.02949008726939475,
      "fresh_uptrend_ok": true,
      "up_slope": 0.8571514245235559,
      "up_hh_steps": 1,
      "up_hl_steps": 1,
      "up_pivot_highs": 2,
      "up_pivot_lows": 2,
      "resistance": 69.0,
      "pullback_from_resistance_pct": -1.3913030209748642,
      "state": "uptrend",
      "rank_score": 2.781883836829144
    },
    {
      "ticker": "UFPT",
      "tf": "1d",
      "bars_used": 350,
      "close": 257.3599853515625,
      "sma20": 240.24400024414064,
      "sma50": 229.83300079345702,
      "trend_ok": true,
      "prior_downtrend_ok": true,
      "down_slope": -0.0325544847556395,
      "fresh_uptrend_ok": true,
      "up_slope": 3.219878965435606,
      "up_hh_steps": 1,
      "up_hl_steps": 1,
      "up_pivot_highs": 2,
      "up_pivot_lows": 2,
      "resistance": 263.20001220703125,
      "pullback_from_resistance_pct": 2.2188550853390643,
      "state": "correction",
      "rank_score": 2.7715782861119242
    },
    {
      "ticker": "TRSG",
      "tf": "1d",
      "bars_used": 350,
      "close": 1.2400000095367432,
      "sma20": 1.1404500007629395,
      "sma50": 1.240279998779297,
      "trend_ok": true,
      "prior_downtrend_ok": true,
      "down_slope": -0.008583114149422852,
      "fresh_uptrend_ok": true,
      "up_slope": 0.011006059791102554,
      "up_hh_steps": 1,
      "up_hl_steps": 2,
      "up_pivot_highs": 3,
      "up_pivot_lows": 4,
      "resistance": 1.2799999713897705,
      "pullback_from_resistance_pct": 3.124997089616889,
      "state": "correction",
      "rank_score": 2.6801406506985996
    },
    {
      "ticker": "UROY",
      "tf": "1d",
      "bars_used": 350,
      "close": 4.349999904632568,
      "sma20": 3.862500011920929,
      "sma50": 3.768600001335144,
      "trend_ok": true,
      "prior_downtrend_ok": true,
      "down_slope": -0.0020037514631117484,
      "fresh_uptrend_ok": true,
      "up_slope": 0.04224240707628655,
      "up_hh_steps": 1,
      "up_hl_steps": 1,
      "up_pivot_highs": 2,
      "up_pivot_lows": 2,
      "resistance": 4.320000171661377,
      "pullback_from_resistance_pct": -0.694438235627527,
      "state": "uptrend",
      "rank_score": 2.6623601565566393
    },
    {
      "ticker": "SWIM",
      "tf": "1d",
      "bars_used": 350,
      "close": 6.820000171661377,
      "sma20": 6.400499987602234,
      "sma50": 6.655099973678589,
      "trend_ok": true,
      "prior_downtrend_ok": true,
      "down_slope": -0.01127345248861116,
      "fresh_uptrend_ok": true,
      "up_slope": 0.06187878810998165,
      "up_hh_steps": 1,
      "up_hl_steps": 1,
      "up_pivot_highs": 2,
      "up_pivot_lows": 2,
      "resistance": 6.820000171661377,
      "pullback_from_resistance_pct": 0.0,
      "state": "uptrend",
      "rank_score": 2.5339509034160064
    },
    {
      "ticker": "STKL",
      "tf": "1d",
      "bars_used": 350,
      "close": 4.659999847412109,
      "sma20": 3.8884999632835386,
      "sma50": 3.877799973487854,
      "trend_ok": true,
      "prior_downtrend_ok": true,
      "down_slope": -0.01285084521792843,
      "fresh_uptrend_ok": true,
      "up_slope": 0.12096967986135772,
      "up_hh_steps": 1,
      "up_hl_steps": 1,
      "up_pivot_highs": 2,
      "up_pivot_lows": 2,
      "resistance": 4.679999828338623,
      "pullback_from_resistance_pct": 0.4273500354724066,
      "state": "uptrend",
      "rank_score": 2.478774994087932
    },
    {
      "ticker": "TLF",
      "tf": "1d",
      "bars_used": 350,
      "close": 2.8399999141693115,
      "sma20": 2.7330000162124635,
      "sma50": 2.744400019645691,
      "trend_ok": true,
      "prior_downtrend_ok": true,
      "down_slope": -0.00675328220703812,
      "fresh_uptrend_ok": true,
      "up_slope": 0.00842423439025879,
      "up_hh_steps": 1,
      "up_hl_steps": 1,
      "up_pivot_highs": 3,
      "up_pivot_lows": 2,
      "resistance": 2.869999885559082,
      "pullback_from_resistance_pct": 1.0452952120563048,
      "state": "uptrend",
      "rank_score": 2.2824817074384285
    },
    {
      "ticker": "WULF",
      "tf": "1d",
      "bars_used": 350,
      "close": 13.829999923706055,
      "sma20": 12.642500066757203,
      "sma50": 13.279400043487549,
      "trend_ok": true,