{
  "updated_utc": "2026-01-23T23:05:29.953973+00:00",
  "tf": "1d",
  "params": {
    "n_down": 40,
    "n_up": 10,
    "n_corr": 8,
    "sma_slow": 50,
    "sma_fast": 20,
    "pivot_strength": 1,
    "min_hh_steps": 1,
    "min_hl_steps": 1,
    "corr_min_pct": 0.5,
    "corr_max_pct": 12.0,
    "near_resistance_pct": 6.0,
    "breakout_wiggle_pct": 0.2
  },
  "count": 14,
  "data": [
    {
      "ticker": "IPGP",
      "tf": "1d",
      "bars_used": 350,
      "close": 86.51000213623047,
      "sma20": 77.2189998626709,
      "sma50": 78.53499954223633,
      "trend_ok": true,
      "prior_downtrend_ok": true,
      "down_slope": -0.1713011478617312,
      "fresh_uptrend_ok": true,
      "up_slope": 1.1675151940548059,
      "up_hh_steps": 1,
      "up_hl_steps": 1,
      "up_pivot_highs": 2,
      "up_pivot_lows": 2,
      "resistance": 81.94000244140625,
      "pullback_from_resistance_pct": -5.5772511089344174,
      "state": "uptrend",
      "rank_score": 3.4795418514890697
    },
    {
      "ticker": "GRRR",
      "tf": "1d",
      "bars_used": 350,
      "close": 14.789999961853027,
      "sma20": 12.696499919891357,
      "sma50": 13.158399925231933,
      "trend_ok": true,
      "prior_downtrend_ok": true,
      "down_slope": -0.0481979411270113,
      "fresh_uptrend_ok": true,
      "up_slope": 0.2232120976303563,
      "up_hh_steps": 1,
      "up_hl_steps": 1,
      "up_pivot_highs": 3,
      "up_pivot_lows": 2,
      "resistance": 14.5,
      "pullback_from_resistance_pct": -1.99999973691743,
      "state": "uptrend",
      "rank_score": 2.8660273745070253
    },
    {
      "ticker": "HNNA",
      "tf": "1d",
      "bars_used": 350,
      "close": 10.539999961853027,
      "sma20": 9.823999977111816,
      "sma50": 9.898471775054931,
      "trend_ok": true,
      "prior_downtrend_ok": true,
      "down_slope": -0.01913471329279286,
      "fresh_uptrend_ok": true,
      "up_slope": 0.07333334142511541,
      "up_hh_steps": 1,
      "up_hl_steps": 2,
      "up_pivot_highs": 2,
      "up_pivot_lows": 3,
      "resistance": 10.479999542236328,
      "pullback_from_resistance_pct": -0.5725231129532637,
      "state": "uptrend",
      "rank_score": 2.71581063123043
    },
    {
      "ticker": "ITRI",
      "tf": "1d",
      "bars_used": 350,
      "close": 99.69000244140625,
      "sma20": 97.28700065612793,
      "sma50": 97.3936003112793,
      "trend_ok": true,
      "prior_downtrend_ok": true,
      "down_slope": -0.11538364846979252,
      "fresh_uptrend_ok": true,
      "up_slope": 0.06478780110677083,
      "up_hh_steps": 2,
      "up_hl_steps": 1,
      "up_pivot_highs": 3,
      "up_pivot_lows": 3,
      "resistance": 101.83000183105469,
      "pullback_from_resistance_pct": 2.1015411481568003,
      "state": "correction",
      "rank_score": 2.7059634705675135
    },
    {
      "ticker": "KEQU",
      "tf": "1d",
      "bars_used": 350,
      "close": 39.63999938964844,
      "sma20": 37.992499923706056,
      "sma50": 38.60979988098145,
      "trend_ok": true,
      "prior_downtrend_ok": true,
      "down_slope": -0.06751124254981751,
      "fresh_uptrend_ok": true,
      "up_slope": 0.29212130922259705,
      "up_hh_steps": 1,
      "up_hl_steps": 1,
      "up_pivot_highs": 2,
      "up_pivot_lows": 2,
      "resistance": 41.20000076293945,
      "pullback_from_resistance_pct": 3.7864110301043494,
      "state": "correction",
      "rank_score": 2.494365905018757
    },
    {
      "ticker": "INSG",
      "tf": "1d",
      "bars_used": 350,
      "close": 12.109999656677246,
      "sma20": 10.857999992370605,
      "sma50": 11.081599998474122,
      "trend_ok": true,
      "prior_downtrend_ok": true,
      "down_slope": -0.02789775023540905,
      "fresh_uptrend_ok": true,
      "up_slope": 0.22296967361912584,
      "up_hh_steps": 1,
      "up_hl_steps": 1,
      "up_pivot_highs": 2,
      "up_pivot_lows": 2,
      "resistance": 12.380000114440918,
      "pullback_from_resistance_pct": 2.1809406725992195,
      "state": "uptrend",
      "rank_score": 2.18650988790013
    },
    {
      "ticker": "KPRX",
      "tf": "1d",
      "bars_used": 350,
      "close": 2.2100000381469727,
      "sma20": 2.11275001168251,
      "sma50": 2.079199993610382,
      "trend_ok": true,
      "prior_downtrend_ok": true,
      "down_slope": -0.0006590054697212087,
      "fresh_uptrend_ok": true,
      "up_slope": 0.0031212156469171697,
      "up_hh_steps": 1,
      "up_hl_steps": 1,
      "up_pivot_highs": 2,
      "up_pivot_lows": 2,
      "resistance": 2.299999952316284,
      "pullback_from_resistance_pct": 3.9130398276171445,
      "state": "uptrend",
      "rank_score": 1.743307947760418
    },
    {
      "ticker": "IMTE",
      "tf": "1d",
      "bars_used": 350,
      "close": 0.828000009059906,
      "sma20": 0.627549996972084,
      "sma50": 0.7193999993801117,
      "trend_ok": true,
      "prior_downtrend_ok": true,
      "down_slope": -0.008682833105940755,
      "fresh_uptrend_ok": true,
      "up_slope": 0.03409090909090909,
      "up_hh_steps": 1,
      "up_hl_steps": 1,
      "up_pivot_highs": 2,
      "up_pivot_lows": 3,
      "resistance": 1.0700000524520874,
      "pullback_from_resistance_pct": 22.616825376559287,
      "state": "uptrend",
      "rank_score": 1.5430212710829738
    },
    {
      "ticker": "GNPX",
      "tf": "1d",
      "bars_used": 350,
      "close": 2.930000066757202,
      "sma20": 2.256499981880188,
      "sma50": 2.7999999856948854,
      "trend_ok": true,
      "prior_downtrend_ok": true,
      "down_slope": -0.0643555345275836,
      "fresh_uptrend_ok": true,
      "up_slope": 0.09763636155561968,
      "up_hh_steps": 1,
      "up_hl_steps": 1,
      "up_pivot_highs": 2,
      "up_pivot_lows": 2,
      "resistance": 3.559999942779541,
      "pullback_from_resistance_pct": 17.69662601540532,
      "state": "uptrend",
      "rank_score": 1.51067827499346
    },
    {
      "ticker": "GELS",
      "tf": "1d",
      "bars_used": 308,
      "close": 1.1699999570846558,
      "sma20": 0.9216999977827072,
      "sma50": 0.9763800013065338,
      "trend_ok": true,
      "prior_downtrend_ok": true,
      "down_slope": -0.005604314787302858,
      "fresh_uptrend_ok": true,
      "up_slope": 0.03959393718025901,
      "up_hh_steps": 1,
      "up_hl_steps": 1,
      "up_pivot_highs": 2,
      "up_pivot_lows": 2,
      "resistance": 1.4199999570846558,
      "pullback_from_resistance_pct": 17.605634334895676,
      "state": "uptrend",
      "rank_score": 1.503278092094377
    },
    {
      "ticker": "GITS",
      "tf": "1d",
      "bars_used": 350,
      "close": 1.9600000381469727,
      "sma20": 0.8728500127792358,
      "sma50": 1.1011600005626678,
      "trend_ok": true,
      "prior_downtrend_ok": true,
      "down_slope": -0.02416266343271531,
      "fresh_uptrend_ok": true,
      "up_slope": 0.10441212437369607,
      "up_hh_steps": 1,
      "up_hl_steps": 1,
      "up_pivot_highs": 2,
      "up_pivot_lows": 2,
      "resistance": 2.990000009536743,
      "pullback_from_resistance_pct": 34.448159468379195,
      "state": "uptrend",
      "rank_score": 1.496509213690309
    },
    {
      "ticker": "KOPN",
      "tf": "1d",
      "bars_used": 350,
      "close": 3.130000114440918,
      "sma20": 2.7510000109672545,
      "sma50": 2.6019999980926514,
      "trend_ok": true,
      "prior_downtrend_ok": true,
      "down_slope": -0.0008320819817161918,
      "fresh_uptrend_ok": true,
      "up_slope": 0.02866667400706898,
      "up_hh_steps": 1,
      "up_hl_steps": 1,
      "up_pivot_highs": 2,
      "up_pivot_lows": 2,
      "resistance": 3.559999942779541,
      "pullback_from_resistance_pct": 12.078647057586526,
      "state": "uptrend",
      "rank_score": 1.4781952227192239
    },
    {
      "ticker": "GSIT",
      "tf": "1d",
      "bars_used": 350,
      "close": 7.78000020980835,
      "sma20": 7.388999986648559,
      "sma50": 6.921399993896484,
      "trend_ok": true,