{
  "updated_utc": "2026-01-17T20:51:28.529423+00:00",
  "tf": "1d",
  "params": {
    "n_down": 40,
    "n_up": 10,
    "n_corr": 8,
    "sma_slow": 50,
    "sma_fast": 20,
    "pivot_strength": 1,
    "min_hh_steps": 1,
    "min_hl_steps": 1,
    "corr_min_pct": 0.5,
    "corr_max_pct": 12.0,
    "near_resistance_pct": 6.0,
    "breakout_wiggle_pct": 0.2
  },
  "count": 17,
  "data": [
    {
      "ticker": "BIYA",
      "tf": "1d",
      "bars_used": 208,
      "close": 7.050000190734863,
      "sma20": 4.531050038337708,
      "sma50": 6.142920007705689,
      "trend_ok": true,
      "prior_downtrend_ok": true,
      "down_slope": -0.14447185800849385,
      "fresh_uptrend_ok": true,
      "up_slope": 0.13401213559237393,
      "up_hh_steps": 1,
      "up_hl_steps": 1,
      "up_pivot_highs": 3,
      "up_pivot_lows": 2,
      "resistance": 4.889999866485596,
      "pullback_from_resistance_pct": -44.17178697801566,
      "state": "uptrend",
      "rank_score": 9.768840745475375
    },
    {
      "ticker": "AISP",
      "tf": "1d",
      "bars_used": 350,
      "close": 4.320000171661377,
      "sma20": 3.125499999523163,
      "sma50": 3.355300006866455,
      "trend_ok": true,
      "prior_downtrend_ok": true,
      "down_slope": -0.02709521690408016,
      "fresh_uptrend_ok": true,
      "up_slope": 0.07733335350499008,
      "up_hh_steps": 1,
      "up_hl_steps": 1,
      "up_pivot_highs": 2,
      "up_pivot_lows": 2,
      "resistance": 3.3350000381469727,
      "pullback_from_resistance_pct": -29.535236049403473,
      "state": "uptrend",
      "rank_score": 7.385604951498881
    },
    {
      "ticker": "AVXL",
      "tf": "1d",
      "bars_used": 350,
      "close": 5.010000228881836,
      "sma20": 4.065500044822693,
      "sma50": 4.363500008583069,
      "trend_ok": true,
      "prior_downtrend_ok": true,
      "down_slope": -0.06261491359510296,
      "fresh_uptrend_ok": true,
      "up_slope": 0.12206060669638893,
      "up_hh_steps": 1,
      "up_hl_steps": 1,
      "up_pivot_highs": 2,
      "up_pivot_lows": 2,
      "resistance": 4.434999942779541,
      "pullback_from_resistance_pct": -12.965057351092677,
      "state": "uptrend",
      "rank_score": 4.710842891848778
    },
    {
      "ticker": "AEC",
      "tf": "1d",
      "bars_used": 350,
      "close": 7.239999771118164,
      "sma20": 5.754000020027161,
      "sma50": 6.074600028991699,
      "trend_ok": true,
      "prior_downtrend_ok": true,
      "down_slope": -0.055888366520292984,
      "fresh_uptrend_ok": true,
      "up_slope": 0.12981816494103635,
      "up_hh_steps": 1,
      "up_hl_steps": 1,
      "up_pivot_highs": 2,
      "up_pivot_lows": 2,
      "resistance": 6.699999809265137,
      "pullback_from_resistance_pct": -8.0597011526222,
      "state": "uptrend",
      "rank_score": 3.8759535857716223
    },
    {
      "ticker": "ARTNA",
      "tf": "1d",
      "bars_used": 350,
      "close": 34.099998474121094,
      "sma20": 32.142999935150144,
      "sma50": 31.86327518463135,
      "trend_ok": true,
      "prior_downtrend_ok": true,
      "down_slope": -0.005142963939044087,
      "fresh_uptrend_ok": true,
      "up_slope": 0.27987867413145123,
      "up_hh_steps": 1,
      "up_hl_steps": 1,
      "up_pivot_highs": 2,
      "up_pivot_lows": 2,
      "resistance": 32.63999938964844,
      "pullback_from_resistance_pct": -4.473036494405344,
      "state": "uptrend",
      "rank_score": 3.29550608240089
    },
    {
      "ticker": "ALKS",
      "tf": "1d",
      "bars_used": 350,
      "close": 31.6299991607666,
      "sma20": 29.004500007629396,
      "sma50": 29.377000122070314,
      "trend_ok": true,
      "prior_downtrend_ok": true,
      "down_slope": -0.09233678581567016,
      "fresh_uptrend_ok": true,
      "up_slope": 0.33127262231075405,
      "up_hh_steps": 1,
      "up_hl_steps": 1,
      "up_pivot_highs": 2,
      "up_pivot_lows": 2,
      "resistance": 31.959999084472656,
      "pullback_from_resistance_pct": 1.0325404667060232,
      "state": "correction",
      "rank_score": 2.977909922215663
    },
    {
      "ticker": "BWMN",
      "tf": "1d",
      "bars_used": 350,
      "close": 36.77000045776367,
      "sma20": 34.83050003051758,
      "sma50": 34.88319999694824,
      "trend_ok": true,
      "prior_downtrend_ok": true,
      "down_slope": -0.02661631585956738,
      "fresh_uptrend_ok": true,
      "up_slope": 0.21642430623372397,
      "up_hh_steps": 1,
      "up_hl_steps": 2,
      "up_pivot_highs": 2,
      "up_pivot_lows": 3,
      "resistance": 36.599998474121094,
      "pullback_from_resistance_pct": -0.4644863134701552,
      "state": "uptrend",
      "rank_score": 2.7274143855783595
    },
    {
      "ticker": "AEHR",
      "tf": "1d",
      "bars_used": 350,
      "close": 28.809999465942383,
      "sma20": 23.55649995803833,
      "sma50": 23.121799964904785,
      "trend_ok": true,
      "prior_downtrend_ok": true,
      "down_slope": -0.01738273609869923,
      "fresh_uptrend_ok": true,
      "up_slope": 0.4956969521262429,
      "up_hh_steps": 1,
      "up_hl_steps": 1,
      "up_pivot_highs": 3,
      "up_pivot_lows": 2,
      "resistance": 28.5,
      "pullback_from_resistance_pct": -1.0877174243592378,
      "state": "uptrend",
      "rank_score": 2.719964990652038
    },
    {
      "ticker": "BTBT",
      "tf": "1d",
      "bars_used": 350,
      "close": 2.369999885559082,
      "sma20": 2.1644999861717222,
      "sma50": 2.318599991798401,
      "trend_ok": true,
      "prior_downtrend_ok": true,
      "down_slope": -0.02269793699651006,
      "fresh_uptrend_ok": true,
      "up_slope": 0.021878767013549804,
      "up_hh_steps": 1,
      "up_hl_steps": 2,
      "up_pivot_highs": 2,
      "up_pivot_lows": 3,
      "resistance": 2.450000047683716,
      "pullback_from_resistance_pct": 3.265312676229035,
      "state": "correction",
      "rank_score": 2.705781220628494
    },
    {
      "ticker": "ASPI",
      "tf": "1d",
      "bars_used": 350,
      "close": 7.739999771118164,
      "sma20": 6.3990000009536745,
      "sma50": 6.663799982070923,
      "trend_ok": true,
      "prior_downtrend_ok": true,
      "down_slope": -0.0765759812510707,
      "fresh_uptrend_ok": true,
      "up_slope": 0.14321210167624734,
      "up_hh_steps": 1,
      "up_hl_steps": 1,
      "up_pivot_highs": 3,
      "up_pivot_lows": 3,
      "resistance": 7.690000057220459,
      "pullback_from_resistance_pct": -0.650191333233584,
      "state": "uptrend",
      "rank_score": 2.6421890468607674
    },
    {
      "ticker": "AREC",
      "tf": "1d",
      "bars_used": 350,
      "close": 3.569999933242798,
      "sma20": 2.993000018596649,
      "sma50": 3.001300001144409,
      "trend_ok": true,
      "prior_downtrend_ok": true,
      "down_slope": -0.03277814171327659,
      "fresh_uptrend_ok": true,
      "up_slope": 0.03672726515567664,
      "up_hh_steps": 2,
      "up_hl_steps": 1,
      "up_pivot_highs": 3,
      "up_pivot_lows": 2,
      "resistance": 3.759999990463257,
      "pullback_from_resistance_pct": 5.053193023999176,
      "state": "correction",
      "rank_score": 2.4226072994796315
    },
    {
      "ticker": "AGH",
      "tf": "1d",
      "bars_used": 234,
      "close": 4.21999979019165,
      "sma20": 3.7077500104904173,
      "sma50": 4.216800022125244,
      "trend_ok": true,
      "prior_downtrend_ok": true,
      "down_slope": -0.047917916291650195,
      "fresh_uptrend_ok": true,
      "up_slope": 0.08681816476764101,
      "up_hh_steps": 2,
      "up_hl_steps": 2,
      "up_pivot_highs": 3,
      "up_pivot_lows": 3,
      "resistance": 4.919000148773193,
      "pullback_from_resistance_pct": 14.210212186228025,
      "state": "uptrend",
      "rank_score": 1.7990694642094982
    },
    {
      "ticker": "ABAT",
      "tf": "1d",
      "bars_used": 350,
      "close": 4.829999923706055,
      "sma20": 4.291749978065491,
      "sma50": 4.0364000034332275,
      "trend_ok": true,