{
  "updated_utc": "2026-01-28T14:13:43.520654+00:00",
  "tf": "1d",
  "params": {
    "n_down": 40,
    "n_up": 10,
    "n_corr": 8,
    "sma_slow": 50,
    "sma_fast": 20,
    "pivot_strength": 1,
    "min_hh_steps": 1,
    "min_hl_steps": 1,
    "corr_min_pct": 0.5,
    "corr_max_pct": 12.0,
    "near_resistance_pct": 6.0,
    "breakout_wiggle_pct": 0.2
  },
  "count": 8,
  "data": [
    {
      "ticker": "CRBP",
      "tf": "1d",
      "bars_used": 350,
      "close": 9.5,
      "sma20": 8.378999972343445,
      "sma50": 9.465399942398072,
      "trend_ok": true,
      "prior_downtrend_ok": true,
      "down_slope": -0.11759286597790458,
      "fresh_uptrend_ok": true,
      "up_slope": 0.15812118703668768,
      "up_hh_steps": 2,
      "up_hl_steps": 1,
      "up_pivot_highs": 3,
      "up_pivot_lows": 2,
      "resistance": 9.0,
      "pullback_from_resistance_pct": -5.555555555555555,
      "state": "uptrend",
      "rank_score": 3.6259259259259253
    },
    {
      "ticker": "CME",
      "tf": "1d",
      "bars_used": 350,
      "close": 284.4800109863281,
      "sma20": 274.4775024414063,
      "sma50": 274.2110931396484,
      "trend_ok": true,
      "prior_downtrend_ok": true,
      "down_slope": -0.22994934711849935,
      "fresh_uptrend_ok": true,
      "up_slope": 1.5853929924242425,
      "up_hh_steps": 1,
      "up_hl_steps": 1,
      "up_pivot_highs": 2,
      "up_pivot_lows": 2,
      "resistance": 285.92999267578125,
      "pullback_from_resistance_pct": 0.507110735702803,
      "state": "correction",
      "rank_score": 3.0654815440495327
    },
    {
      "ticker": "EPSN",
      "tf": "1d",
      "bars_used": 350,
      "close": 4.739999771118164,
      "sma20": 4.517999911308289,
      "sma50": 4.667936363220215,
      "trend_ok": true,
      "prior_downtrend_ok": true,
      "down_slope": -0.007790450888771501,
      "fresh_uptrend_ok": true,
      "up_slope": 0.03909087903571851,
      "up_hh_steps": 1,
      "up_hl_steps": 2,
      "up_pivot_highs": 2,
      "up_pivot_lows": 3,
      "resistance": 4.800000190734863,
      "pullback_from_resistance_pct": 1.2500086923436844,
      "state": "correction",
      "rank_score": 3.0416652179427195
    },
    {
      "ticker": "ERII",
      "tf": "1d",
      "bars_used": 350,
      "close": 14.479999542236328,
      "sma20": 14.175999975204467,
      "sma50": 14.238200016021729,
      "trend_ok": true,
      "prior_downtrend_ok": true,
      "down_slope": -0.00804784526073463,
      "fresh_uptrend_ok": true,
      "up_slope": 0.01878783486106179,
      "up_hh_steps": 1,
      "up_hl_steps": 1,
      "up_pivot_highs": 2,
      "up_pivot_lows": 3,
      "resistance": 14.720000267028809,
      "pullback_from_resistance_pct": 1.6304396768935925,
      "state": "correction",
      "rank_score": 2.694722756598589
    },
    {
      "ticker": "ECBK",
      "tf": "1d",
      "bars_used": 350,
      "close": 17.5,
      "sma20": 17.289499950408935,
      "sma50": 17.24299991607666,
      "trend_ok": true,
      "prior_downtrend_ok": true,
      "down_slope": -0.0027842485882327885,
      "fresh_uptrend_ok": true,
      "up_slope": 0.027939305160984848,
      "up_hh_steps": 2,
      "up_hl_steps": 2,
      "up_pivot_highs": 3,
      "up_pivot_lows": 3,
      "resistance": 18.489999771118164,
      "pullback_from_resistance_pct": 5.354244366538977,
      "state": "correction",
      "rank_score": 2.5076259389101705
    },
    {
      "ticker": "EDTK",
      "tf": "1d",
      "bars_used": 350,
      "close": 1.0299999713897705,
      "sma20": 0.9686999887228012,
      "sma50": 0.9725399887561799,
      "trend_ok": true,
      "prior_downtrend_ok": true,
      "down_slope": -0.003584520963298447,
      "fresh_uptrend_ok": true,
      "up_slope": 0.010387875094558253,
      "up_hh_steps": 1,
      "up_hl_steps": 1,
      "up_pivot_highs": 2,
      "up_pivot_lows": 2,
      "resistance": 1.059999942779541,
      "pullback_from_resistance_pct": 2.830186132944906,
      "state": "uptrend",
      "rank_score": 2.0731520068734226
    },
    {
      "ticker": "CYTK",
      "tf": "1d",
      "bars_used": 350,
      "close": 64.01000213623047,
      "sma20": 63.322499656677245,
      "sma50": 63.95979995727539,
      "trend_ok": true,
      "prior_downtrend_ok": true,
      "down_slope": -0.10149909694020341,
      "fresh_uptrend_ok": true,
      "up_slope": 0.014606105920040247,
      "up_hh_steps": 2,
      "up_hl_steps": 1,
      "up_pivot_highs": 3,
      "up_pivot_lows": 3,
      "resistance": 65.37999725341797,
      "pullback_from_resistance_pct": 2.0954346508723334,
      "state": "uptrend",
      "rank_score": 2.0722579035105824
    },
    {
      "ticker": "DTSS",
      "tf": "1d",
      "bars_used": 350,
      "close": 1.1699999570846558,
      "sma20": 0.8984499901533127,
      "sma50": 1.0668599998950958,
      "trend_ok": true,
      "prior_downtrend_ok": true,
      "down_slope": -0.01864934439507032,
      "fresh_uptrend_ok": true,
      "up_slope": 0.04788484320496068,
      "up_hh_steps": 1,
      "up_hl_steps": 1,
      "up_pivot_highs": 2,
      "up_pivot_lows": 2,
      "resistance": 1.3300000429153442,
      "pullback_from_resistance_pct": 12.0300812532284,
      "state": "uptrend",
      "rank_score": 1.55
    }
  ]
}