{
  "updated_utc": "2026-01-15T23:14:52.302782+00:00",
  "tf": "1d",
  "params": {
    "n_down": 40,
    "n_up": 10,
    "n_corr": 8,
    "sma_slow": 50,
    "sma_fast": 20,
    "pivot_strength": 1,
    "min_hh_steps": 1,
    "min_hl_steps": 1,
    "corr_min_pct": 0.5,
    "corr_max_pct": 12.0,
    "near_resistance_pct": 6.0,
    "breakout_wiggle_pct": 0.2
  },
  "count": 16,
  "data": [
    {
      "ticker": "VCIG",
      "tf": "1d",
      "bars_used": 350,
      "close": 1.0499999523162842,
      "sma20": 0.6698499977588653,
      "sma50": 0.9507599925994873,
      "trend_ok": true,
      "prior_downtrend_ok": true,
      "down_slope": -0.022032270070312172,
      "fresh_uptrend_ok": true,
      "up_slope": 0.04798787904508186,
      "up_hh_steps": 1,
      "up_hl_steps": 1,
      "up_pivot_highs": 2,
      "up_pivot_lows": 2,
      "resistance": 0.9750000238418579,
      "pullback_from_resistance_pct": -7.692300168250153,
      "state": "uptrend",
      "rank_score": 3.832050028041692
    },
    {
      "ticker": "TECH",
      "tf": "1d",
      "bars_used": 350,
      "close": 68.4000015258789,
      "sma20": 61.410000038146975,
      "sma50": 60.99833915710449,
      "trend_ok": true,
      "prior_downtrend_ok": true,
      "down_slope": -0.028446213255232763,
      "fresh_uptrend_ok": true,
      "up_slope": 0.9195150433164654,
      "up_hh_steps": 1,
      "up_hl_steps": 2,
      "up_pivot_highs": 2,
      "up_pivot_lows": 3,
      "resistance": 69.0,
      "pullback_from_resistance_pct": 0.8695630059725996,
      "state": "correction",
      "rank_score": 3.1050728323379
    },
    {
      "ticker": "WMG",
      "tf": "1d",
      "bars_used": 350,
      "close": 31.270000457763672,
      "sma20": 30.091500091552735,
      "sma50": 29.485310440063476,
      "trend_ok": true,
      "prior_downtrend_ok": true,
      "down_slope": -0.02792428805725212,
      "fresh_uptrend_ok": true,
      "up_slope": 0.10284852692575165,
      "up_hh_steps": 1,
      "up_hl_steps": 1,
      "up_pivot_highs": 2,
      "up_pivot_lows": 2,
      "resistance": 31.6200008392334,
      "pullback_from_resistance_pct": 1.10689554769225,
      "state": "correction",
      "rank_score": 2.8415313396937796
    },
    {
      "ticker": "TREE",
      "tf": "1d",
      "bars_used": 350,
      "close": 64.37999725341797,
      "sma20": 54.98249969482422,
      "sma50": 54.42939987182617,
      "trend_ok": true,
      "prior_downtrend_ok": true,
      "down_slope": -0.03580489239146965,
      "fresh_uptrend_ok": true,
      "up_slope": 1.385272540468158,
      "up_hh_steps": 1,
      "up_hl_steps": 2,
      "up_pivot_highs": 2,
      "up_pivot_lows": 3,
      "resistance": 64.4000015258789,
      "pullback_from_resistance_pct": 0.031062534141243547,
      "state": "uptrend",
      "rank_score": 2.644822910976459
    },
    {
      "ticker": "TRNS",
      "tf": "1d",
      "bars_used": 350,
      "close": 64.4000015258789,
      "sma20": 60.41100006103515,
      "sma50": 57.70000007629395,
      "trend_ok": true,
      "prior_downtrend_ok": true,
      "down_slope": -0.005057224681632369,
      "fresh_uptrend_ok": true,
      "up_slope": 0.8987274169921875,
      "up_hh_steps": 2,
      "up_hl_steps": 1,
      "up_pivot_highs": 3,
      "up_pivot_lows": 2,
      "resistance": 67.19999694824219,
      "pullback_from_resistance_pct": 4.166660043928058,
      "state": "correction",
      "rank_score": 2.6006392610533853
    },
    {
      "ticker": "TLF",
      "tf": "1d",
      "bars_used": 350,
      "close": 2.8499999046325684,
      "sma20": 2.722000014781952,
      "sma50": 2.7488000202178955,
      "trend_ok": true,
      "prior_downtrend_ok": true,
      "down_slope": -0.007982174831304497,
      "fresh_uptrend_ok": true,
      "up_slope": 0.00818181037902832,
      "up_hh_steps": 1,
      "up_hl_steps": 1,
      "up_pivot_highs": 3,
      "up_pivot_lows": 2,
      "resistance": 2.869999885559082,
      "pullback_from_resistance_pct": 0.6968634747042031,
      "state": "uptrend",
      "rank_score": 2.337067235954046
    },
    {
      "ticker": "STKL",
      "tf": "1d",
      "bars_used": 350,
      "close": 4.440000057220459,
      "sma20": 3.847499966621399,
      "sma50": 3.888999972343445,
      "trend_ok": true,
      "prior_downtrend_ok": true,
      "down_slope": -0.017683865071237648,
      "fresh_uptrend_ok": true,
      "up_slope": 0.08739392974159935,
      "up_hh_steps": 1,
      "up_hl_steps": 1,
      "up_pivot_highs": 2,
      "up_pivot_lows": 2,
      "resistance": 4.679999828338623,
      "pullback_from_resistance_pct": 5.1282004256688785,
      "state": "correction",
      "rank_score": 2.2688060886227124
    },
    {
      "ticker": "VRNS",
      "tf": "1d",
      "bars_used": 350,
      "close": 34.84000015258789,
      "sma20": 33.78949966430664,
      "sma50": 33.375199699401854,
      "trend_ok": true,
      "prior_downtrend_ok": true,
      "down_slope": -0.03972700183431829,
      "fresh_uptrend_ok": true,
      "up_slope": 0.3303636261911103,
      "up_hh_steps": 1,
      "up_hl_steps": 2,
      "up_pivot_highs": 3,
      "up_pivot_lows": 3,
      "resistance": 35.893001556396484,
      "pullback_from_resistance_pct": 2.9337234506678884,
      "state": "uptrend",
      "rank_score": 2.1224432045893744
    },
    {
      "ticker": "ZGM",
      "tf": "1d",
      "bars_used": 89,
      "close": 2.5899999141693115,
      "sma20": 2.3132499933242796,
      "sma50": 2.4523400020599366,
      "trend_ok": true,
      "prior_downtrend_ok": true,
      "down_slope": -0.0023136956159437805,
      "fresh_uptrend_ok": true,
      "up_slope": 0.06624847758900035,
      "up_hh_steps": 1,
      "up_hl_steps": 1,
      "up_pivot_highs": 3,
      "up_pivot_lows": 3,
      "resistance": 2.700000047683716,
      "pullback_from_resistance_pct": 4.074078947101188,
      "state": "uptrend",
      "rank_score": 1.869155082022031
    },
    {
      "ticker": "WNW",
      "tf": "1d",
      "bars_used": 350,
      "close": 1.5399999618530273,
      "sma20": 1.5102500021457672,
      "sma50": 1.5068600010871886,
      "trend_ok": true,
      "prior_downtrend_ok": true,
      "down_slope": -0.002150750093120124,
      "fresh_uptrend_ok": true,
      "up_slope": 0.018242417682300914,
      "up_hh_steps": 1,
      "up_hl_steps": 1,
      "up_pivot_highs": 3,
      "up_pivot_lows": 2,
      "resistance": 1.6100000143051147,
      "pullback_from_resistance_pct": 4.347829306218971,
      "state": "uptrend",
      "rank_score": 1.8087054119079
    },
    {
      "ticker": "UFG",
      "tf": "1d",
      "bars_used": 252,
      "close": 1.3300000429153442,
      "sma20": 1.0040500044822693,
      "sma50": 0.9709200012683868,
      "trend_ok": true,
      "prior_downtrend_ok": true,
      "down_slope": -0.00791266408467606,
      "fresh_uptrend_ok": true,
      "up_slope": 0.05681818001198046,
      "up_hh_steps": 1,
      "up_hl_steps": 1,
      "up_pivot_highs": 3,
      "up_pivot_lows": 2,
      "resistance": 1.3899999856948853,
      "pullback_from_resistance_pct": 4.316542690433626,
      "state": "uptrend",
      "rank_score": 1.7735116238091124
    },
    {
      "ticker": "VHC",
      "tf": "1d",
      "bars_used": 350,
      "close": 20.6299991607666,
      "sma20": 18.397500038146973,
      "sma50": 20.442399978637695,
      "trend_ok": true,
      "prior_downtrend_ok": true,
      "down_slope": -0.1871050593105982,
      "fresh_uptrend_ok": true,
      "up_slope": 0.4606060374866832,
      "up_hh_steps": 2,
      "up_hl_steps": 1,
      "up_pivot_highs": 3,
      "up_pivot_lows": 2,
      "resistance": 22.440000534057617,
      "pullback_from_resistance_pct": 8.065959582059467,
      "state": "uptrend",
      "rank_score": 1.7000000000000002
    },
    {
      "ticker": "VWAV",
      "tf": "1d",
      "bars_used": 128,
      "close": 13.90999984741211,
      "sma20": 10.458500003814697,
      "sma50": 10.356999988555907,
      "trend_ok": true,