{
  "updated_utc": "2026-01-22T20:50:42.436390+00:00",
  "tf": "1d",
  "params": {
    "n_down": 40,
    "n_up": 10,
    "n_corr": 8,
    "sma_slow": 50,
    "sma_fast": 20,
    "pivot_strength": 1,
    "min_hh_steps": 1,
    "min_hl_steps": 1,
    "corr_min_pct": 0.5,
    "corr_max_pct": 12.0,
    "near_resistance_pct": 6.0,
    "breakout_wiggle_pct": 0.2
  },
  "count": 16,
  "data": [
    {
      "ticker": "XP",
      "tf": "1d",
      "bars_used": 350,
      "close": 19.1200008392334,
      "sma20": 17.000000095367433,
      "sma50": 17.637557125091554,
      "trend_ok": true,
      "prior_downtrend_ok": true,
      "down_slope": -0.07223488456983727,
      "fresh_uptrend_ok": true,
      "up_slope": 0.18793940688624527,
      "up_hh_steps": 1,
      "up_hl_steps": 1,
      "up_pivot_highs": 2,
      "up_pivot_lows": 2,
      "resistance": 17.559999465942383,
      "pullback_from_resistance_pct": -8.883834970021715,
      "state": "uptrend",
      "rank_score": 4.015127376487495
    },
    {
      "ticker": "ZENA",
      "tf": "1d",
      "bars_used": 327,
      "close": 4.639999866485596,
      "sma20": 3.728500008583069,
      "sma50": 3.51760000705719,
      "trend_ok": true,
      "prior_downtrend_ok": true,
      "down_slope": -0.007354596229252627,
      "fresh_uptrend_ok": true,
      "up_slope": 0.07612122188914906,
      "up_hh_steps": 1,
      "up_hl_steps": 1,
      "up_pivot_highs": 3,
      "up_pivot_lows": 3,
      "resistance": 4.320000171661377,
      "pullback_from_resistance_pct": -7.40740004880958,
      "state": "uptrend",
      "rank_score": 3.725162092303544
    },
    {
      "ticker": "XBIO",
      "tf": "1d",
      "bars_used": 350,
      "close": 2.4200000762939453,
      "sma20": 2.2189500093460084,
      "sma50": 2.357040009498596,
      "trend_ok": true,
      "prior_downtrend_ok": true,
      "down_slope": -0.015153845747684672,
      "fresh_uptrend_ok": true,
      "up_slope": 0.03316363854841752,
      "up_hh_steps": 1,
      "up_hl_steps": 1,
      "up_pivot_highs": 2,
      "up_pivot_lows": 2,
      "resistance": 2.309999942779541,
      "pullback_from_resistance_pct": -4.761910659705257,
      "state": "uptrend",
      "rank_score": 3.3429335896431596
    },
    {
      "ticker": "SPOK",
      "tf": "1d",
      "bars_used": 350,
      "close": 13.5600004196167,
      "sma20": 13.110999965667725,
      "sma50": 13.123131275177002,
      "trend_ok": true,
      "prior_downtrend_ok": true,
      "down_slope": -0.002429942655294966,
      "fresh_uptrend_ok": true,
      "up_slope": 0.04078787023370916,
      "up_hh_steps": 1,
      "up_hl_steps": 1,
      "up_pivot_highs": 2,
      "up_pivot_lows": 2,
      "resistance": 13.350000381469727,
      "pullback_from_resistance_pct": -1.5730339486616056,
      "state": "uptrend",
      "rank_score": 2.7761101753612962
    },
    {
      "ticker": "ZVRA",
      "tf": "1d",
      "bars_used": 350,
      "close": 9.029999732971191,
      "sma20": 8.71200008392334,
      "sma50": 8.70640007019043,
      "trend_ok": true,
      "prior_downtrend_ok": true,
      "down_slope": -0.020192307066067523,
      "fresh_uptrend_ok": true,
      "up_slope": 0.07303035042502663,
      "up_hh_steps": 1,
      "up_hl_steps": 1,
      "up_pivot_highs": 2,
      "up_pivot_lows": 2,
      "resistance": 9.239999771118164,
      "pullback_from_resistance_pct": 2.272727741870494,
      "state": "correction",
      "rank_score": 2.743150531465069
    },
    {
      "ticker": "XEL",
      "tf": "1d",
      "bars_used": 350,
      "close": 76.51000213623047,
      "sma20": 74.45700149536133,
      "sma50": 76.34223815917969,
      "trend_ok": true,
      "prior_downtrend_ok": true,
      "down_slope": -0.22559958595719615,
      "fresh_uptrend_ok": true,
      "up_slope": 0.37278793797348486,
      "up_hh_steps": 1,
      "up_hl_steps": 1,
      "up_pivot_highs": 2,
      "up_pivot_lows": 2,
      "resistance": 76.38999938964844,
      "pullback_from_resistance_pct": -0.15709222089389457,
      "state": "uptrend",
      "rank_score": 2.576182036815649
    },
    {
      "ticker": "WENN",
      "tf": "1d",
      "bars_used": 138,
      "close": 10.140000343322754,
      "sma20": 10.11300015449524,
      "sma50": 10.131599941253661,
      "trend_ok": true,
      "prior_downtrend_ok": true,
      "down_slope": -0.003145394405772941,
      "fresh_uptrend_ok": true,
      "up_slope": 0.0020000457763671873,
      "up_hh_steps": 1,
      "up_hl_steps": 1,
      "up_pivot_highs": 2,
      "up_pivot_lows": 2,
      "resistance": 10.145000457763672,
      "pullback_from_resistance_pct": 0.04928648807592243,
      "state": "uptrend",
      "rank_score": 2.4898242897883684
    },
    {
      "ticker": "VERU",
      "tf": "1d",
      "bars_used": 350,
      "close": 2.5899999141693115,
      "sma20": 2.3549999952316285,
      "sma50": 2.4162000036239624,
      "trend_ok": true,
      "prior_downtrend_ok": true,
      "down_slope": -0.007612569560253151,
      "fresh_uptrend_ok": true,
      "up_slope": 0.03357575878952489,
      "up_hh_steps": 2,
      "up_hl_steps": 1,
      "up_pivot_highs": 3,
      "up_pivot_lows": 2,
      "resistance": 2.7200000286102295,
      "pullback_from_resistance_pct": 4.779415921820445,
      "state": "correction",
      "rank_score": 2.4678456164259677
    },
    {
      "ticker": "SWIM",
      "tf": "1d",
      "bars_used": 350,
      "close": 6.630000114440918,
      "sma20": 6.421000003814697,
      "sma50": 6.633099985122681,
      "trend_ok": true,
      "prior_downtrend_ok": true,
      "down_slope": -0.012116792367502181,
      "fresh_uptrend_ok": true,
      "up_slope": 0.03690909472378817,
      "up_hh_steps": 1,
      "up_hl_steps": 1,
      "up_pivot_highs": 2,
      "up_pivot_lows": 3,
      "resistance": 6.909999847412109,
      "pullback_from_resistance_pct": 4.052094633201117,
      "state": "correction",
      "rank_score": 2.3507092811917927
    },
    {
      "ticker": "TGTX",
      "tf": "1d",
      "bars_used": 350,
      "close": 31.56999969482422,
      "sma20": 30.030000019073487,
      "sma50": 30.780599975585936,
      "trend_ok": true,
      "prior_downtrend_ok": true,
      "down_slope": -0.03709568360062075,
      "fresh_uptrend_ok": true,
      "up_slope": 0.21387879342743846,
      "up_hh_steps": 1,
      "up_hl_steps": 1,
      "up_pivot_highs": 2,
      "up_pivot_lows": 2,
      "resistance": 33.2400016784668,
      "pullback_from_resistance_pct": 5.02407310263291,
      "state": "correction",
      "rank_score": 2.1790699907799795
    },
    {
      "ticker": "TRMD",
      "tf": "1d",
      "bars_used": 350,
      "close": 22.670000076293945,
      "sma20": 21.18799991607666,
      "sma50": 21.324783897399904,
      "trend_ok": true,
      "prior_downtrend_ok": true,
      "down_slope": -0.09152788427041574,
      "fresh_uptrend_ok": true,
      "up_slope": 0.010363677053740531,
      "up_hh_steps": 1,
      "up_hl_steps": 1,
      "up_pivot_highs": 3,
      "up_pivot_lows": 3,
      "resistance": 23.094999313354492,
      "pullback_from_resistance_pct": 1.840221908189426,
      "state": "uptrend",
      "rank_score": 1.9680173554230729
    },
    {
      "ticker": "VHC",
      "tf": "1d",
      "bars_used": 350,
      "close": 21.649999618530273,
      "sma20": 19.177000045776367,
      "sma50": 20.321399993896485,
      "trend_ok": true,
      "prior_downtrend_ok": true,
      "down_slope": -0.18323920824290663,
      "fresh_uptrend_ok": true,
      "up_slope": 0.34339389223040956,
      "up_hh_steps": 2,
      "up_hl_steps": 2,
      "up_pivot_highs": 3,
      "up_pivot_lows": 3,
      "resistance": 23.559999465942383,
      "pullback_from_resistance_pct": 8.106960486875845,
      "state": "uptrend",
      "rank_score": 1.7699902789110795
    },
    {
      "ticker": "TSSI",
      "tf": "1d",
      "bars_used": 350,
      "close": 11.420000076293945,
      "sma20": 8.802499961853027,
      "sma50": 9.274800004959106,
      "trend_ok": true,