{
  "updated_utc": "2026-01-22T20:50:05.710691+00:00",
  "tf": "1d",
  "params": {
    "n_down": 40,
    "n_up": 10,
    "n_corr": 8,
    "sma_slow": 50,
    "sma_fast": 20,
    "pivot_strength": 1,
    "min_hh_steps": 1,
    "min_hl_steps": 1,
    "corr_min_pct": 0.5,
    "corr_max_pct": 12.0,
    "near_resistance_pct": 6.0,
    "breakout_wiggle_pct": 0.2
  },
  "count": 15,
  "data": [
    {
      "ticker": "IPGP",
      "tf": "1d",
      "bars_used": 350,
      "close": 85.44999694824219,
      "sma20": 76.65349960327148,
      "sma50": 78.56359954833984,
      "trend_ok": true,
      "prior_downtrend_ok": true,
      "down_slope": -0.20031334911010054,
      "fresh_uptrend_ok": true,
      "up_slope": 0.852363632664536,
      "up_hh_steps": 1,
      "up_hl_steps": 1,
      "up_pivot_highs": 2,
      "up_pivot_lows": 2,
      "resistance": 81.94000244140625,
      "pullback_from_resistance_pct": -4.283615331041598,
      "state": "uptrend",
      "rank_score": 3.2523621337258297
    },
    {
      "ticker": "FWRG",
      "tf": "1d",
      "bars_used": 350,
      "close": 16.709999084472656,
      "sma20": 15.903499841690063,
      "sma50": 16.57899995803833,
      "trend_ok": true,
      "prior_downtrend_ok": true,
      "down_slope": -0.04410600581714852,
      "fresh_uptrend_ok": true,
      "up_slope": 0.15721205509070194,
      "up_hh_steps": 1,
      "up_hl_steps": 1,
      "up_pivot_highs": 2,
      "up_pivot_lows": 2,
      "resistance": 16.850000381469727,
      "pullback_from_resistance_pct": 0.8308682126264665,
      "state": "correction",
      "rank_score": 3.0036504384772873
    },
    {
      "ticker": "HNNA",
      "tf": "1d",
      "bars_used": 350,
      "close": 10.34000015258789,
      "sma20": 9.768499994277954,
      "sma50": 9.883950080871582,
      "trend_ok": true,
      "prior_downtrend_ok": true,
      "down_slope": -0.01878157118248,
      "fresh_uptrend_ok": true,
      "up_slope": 0.06363638097589666,
      "up_hh_steps": 1,
      "up_hl_steps": 2,
      "up_pivot_highs": 2,
      "up_pivot_lows": 3,
      "resistance": 10.479999542236328,
      "pullback_from_resistance_pct": 1.3358720969806743,
      "state": "correction",
      "rank_score": 2.9841774859802968
    },
    {
      "ticker": "GWRS",
      "tf": "1d",
      "bars_used": 350,
      "close": 8.739999771118164,
      "sma20": 8.577990579605103,
      "sma50": 8.649809818267823,
      "trend_ok": true,
      "prior_downtrend_ok": true,
      "down_slope": -0.02090393678332359,
      "fresh_uptrend_ok": true,
      "up_slope": 0.047372627258300784,
      "up_hh_steps": 1,
      "up_hl_steps": 1,
      "up_pivot_highs": 2,
      "up_pivot_lows": 2,
      "resistance": 8.934775198045829,
      "pullback_from_resistance_pct": 2.1799700900170946,
      "state": "correction",
      "rank_score": 2.7601879231943274
    },
    {
      "ticker": "GLNG",
      "tf": "1d",
      "bars_used": 350,
      "close": 40.290000915527344,
      "sma20": 38.36899967193604,
      "sma50": 37.79079086303711,
      "trend_ok": true,
      "prior_downtrend_ok": true,
      "down_slope": -0.0006969362441415411,
      "fresh_uptrend_ok": true,
      "up_slope": 0.12187881469726562,
      "up_hh_steps": 2,
      "up_hl_steps": 1,
      "up_pivot_highs": 3,
      "up_pivot_lows": 2,
      "resistance": 40.25,
      "pullback_from_resistance_pct": -0.09938115658967392,
      "state": "uptrend",
      "rank_score": 2.6242425376104284
    },
    {
      "ticker": "ITRI",
      "tf": "1d",
      "bars_used": 350,
      "close": 98.98999786376953,
      "sma20": 97.08150062561035,
      "sma50": 97.50560028076171,
      "trend_ok": true,
      "prior_downtrend_ok": true,
      "down_slope": -0.14659753337810008,
      "fresh_uptrend_ok": true,
      "up_slope": 0.10539375073982007,
      "up_hh_steps": 2,
      "up_hl_steps": 1,
      "up_pivot_highs": 3,
      "up_pivot_lows": 3,
      "resistance": 101.83000183105469,
      "pullback_from_resistance_pct": 2.7889658413214837,
      "state": "correction",
      "rank_score": 2.62147129387379
    },
    {
      "ticker": "FRPH",
      "tf": "1d",
      "bars_used": 350,
      "close": 23.920000076293945,
      "sma20": 23.305500030517578,
      "sma50": 23.29539993286133,
      "trend_ok": true,
      "prior_downtrend_ok": true,
      "down_slope": -0.02217823801523749,
      "fresh_uptrend_ok": true,
      "up_slope": 0.07848480686996923,
      "up_hh_steps": 1,
      "up_hl_steps": 1,
      "up_pivot_highs": 2,
      "up_pivot_lows": 2,
      "resistance": 24.6200008392334,
      "pullback_from_resistance_pct": 2.8432198987741764,
      "state": "correction",
      "rank_score": 2.5752982006810226
    },
    {
      "ticker": "HOVR",
      "tf": "1d",
      "bars_used": 350,
      "close": 2.440000057220459,
      "sma20": 1.9125000178813933,
      "sma50": 1.7828000020980834,
      "trend_ok": true,
      "prior_downtrend_ok": true,
      "down_slope": -0.003791743617567739,
      "fresh_uptrend_ok": true,
      "up_slope": 0.015030301700938832,
      "up_hh_steps": 1,
      "up_hl_steps": 1,
      "up_pivot_highs": 3,
      "up_pivot_lows": 2,
      "resistance": 2.5199999809265137,
      "pullback_from_resistance_pct": 3.174600171093715,
      "state": "correction",
      "rank_score": 2.442570935752459
    },
    {
      "ticker": "INSG",
      "tf": "1d",
      "bars_used": 350,
      "close": 11.760000228881836,
      "sma20": 10.78250002861023,
      "sma50": 11.124600009918213,
      "trend_ok": true,
      "prior_downtrend_ok": true,
      "down_slope": -0.03641088281742404,
      "fresh_uptrend_ok": true,
      "up_slope": 0.2233333645444928,
      "up_hh_steps": 1,
      "up_hl_steps": 1,
      "up_pivot_highs": 2,
      "up_pivot_lows": 2,
      "resistance": 12.380000114440918,
      "pullback_from_resistance_pct": 5.008076573730155,
      "state": "correction",
      "rank_score": 2.315320571044974
    },
    {
      "ticker": "KEQU",
      "tf": "1d",
      "bars_used": 350,
      "close": 38.900001525878906,
      "sma20": 37.94650001525879,
      "sma50": 38.65299987792969,
      "trend_ok": true,
      "prior_downtrend_ok": true,
      "down_slope": -0.07328140981649145,
      "fresh_uptrend_ok": true,
      "up_slope": 0.2542425675825639,
      "up_hh_steps": 1,
      "up_hl_steps": 1,
      "up_pivot_highs": 2,
      "up_pivot_lows": 2,
      "resistance": 41.20000076293945,
      "pullback_from_resistance_pct": 5.582522316673014,
      "state": "correction",
      "rank_score": 2.1769999113061735
    },
    {
      "ticker": "GNPX",
      "tf": "1d",
      "bars_used": 350,
      "close": 2.8299999237060547,
      "sma20": 2.210499978065491,
      "sma50": 2.8255999851226807,
      "trend_ok": true,
      "prior_downtrend_ok": true,
      "down_slope": -0.06581707317207365,
      "fresh_uptrend_ok": true,
      "up_slope": 0.12587877981590503,
      "up_hh_steps": 1,
      "up_hl_steps": 2,
      "up_pivot_highs": 2,
      "up_pivot_lows": 3,
      "resistance": 3.559999942779541,
      "pullback_from_resistance_pct": 20.505618842890325,
      "state": "uptrend",
      "rank_score": 1.6397405127696332
    },
    {
      "ticker": "GEOS",
      "tf": "1d",
      "bars_used": 350,
      "close": 22.579999923706055,
      "sma20": 19.701999950408936,
      "sma50": 18.322800006866455,
      "trend_ok": true,
      "prior_downtrend_ok": true,
      "down_slope": -0.1693658498617319,
      "fresh_uptrend_ok": true,
      "up_slope": 0.3482423955743963,
      "up_hh_steps": 1,
      "up_hl_steps": 1,
      "up_pivot_highs": 3,
      "up_pivot_lows": 2,
      "resistance": 23.940000534057617,
      "pullback_from_resistance_pct": 5.680871261539001,
      "state": "uptrend",
      "rank_score": 1.5479249566740592
    },
    {
      "ticker": "IMSR",
      "tf": "1d",
      "bars_used": 320,
      "close": 10.640000343322754,
      "sma20": 8.62350001335144,
      "sma50": 9.480099983215332,
      "trend_ok": true,