{
  "updated_utc": "2026-01-19T03:41:56.003099+00:00",
  "tf": "1d",
  "params": {
    "n_down": 40,
    "n_up": 10,
    "n_corr": 8,
    "sma_slow": 50,
    "sma_fast": 20,
    "pivot_strength": 1,
    "min_hh_steps": 1,
    "min_hl_steps": 1,
    "corr_min_pct": 0.5,
    "corr_max_pct": 12.0,
    "near_resistance_pct": 6.0,
    "breakout_wiggle_pct": 0.2
  },
  "count": 14,
  "data": [
    {
      "ticker": "INSG",
      "tf": "1d",
      "bars_used": 350,
      "close": 12.119999885559082,
      "sma20": 10.675,
      "sma50": 11.218999996185303,
      "trend_ok": true,
      "prior_downtrend_ok": true,
      "down_slope": -0.05295215476073646,
      "fresh_uptrend_ok": true,
      "up_slope": 0.17018187551787406,
      "up_hh_steps": 1,
      "up_hl_steps": 1,
      "up_pivot_highs": 2,
      "up_pivot_lows": 2,
      "resistance": 11.010000228881836,
      "pullback_from_resistance_pct": -10.08174054134399,
      "state": "uptrend",
      "rank_score": 4.209703114813005
    },
    {
      "ticker": "FWRG",
      "tf": "1d",
      "bars_used": 350,
      "close": 16.700000762939453,
      "sma20": 15.923499917984008,
      "sma50": 16.62239999771118,
      "trend_ok": true,
      "prior_downtrend_ok": true,
      "down_slope": -0.045253283713593044,
      "fresh_uptrend_ok": true,
      "up_slope": 0.129697002064098,
      "up_hh_steps": 2,
      "up_hl_steps": 1,
      "up_pivot_highs": 3,
      "up_pivot_lows": 2,
      "resistance": 16.850000381469727,
      "pullback_from_resistance_pct": 0.8902054310647431,
      "state": "correction",
      "rank_score": 3.1049850804309167
    },
    {
      "ticker": "ITRI",
      "tf": "1d",
      "bars_used": 350,
      "close": 100.04000091552734,
      "sma20": 96.83150062561035,
      "sma50": 97.85240036010742,
      "trend_ok": true,
      "prior_downtrend_ok": true,
      "down_slope": -0.21334801507488202,
      "fresh_uptrend_ok": true,
      "up_slope": 0.35642418138908616,
      "up_hh_steps": 2,
      "up_hl_steps": 1,
      "up_pivot_highs": 3,
      "up_pivot_lows": 2,
      "resistance": 101.83000183105469,
      "pullback_from_resistance_pct": 1.757832547717243,
      "state": "correction",
      "rank_score": 2.988875476948609
    },
    {
      "ticker": "GWRS",
      "tf": "1d",
      "bars_used": 350,
      "close": 8.850000381469727,
      "sma20": 8.554597568511962,
      "sma50": 8.706459770202637,
      "trend_ok": true,
      "prior_downtrend_ok": true,
      "down_slope": -0.030672590101861148,
      "fresh_uptrend_ok": true,
      "up_slope": 0.048800844134706436,
      "up_hh_steps": 1,
      "up_hl_steps": 1,
      "up_pivot_highs": 2,
      "up_pivot_lows": 2,
      "resistance": 8.934775198045829,
      "pullback_from_resistance_pct": 0.9488186853838666,
      "state": "correction",
      "rank_score": 2.9675489619347735
    },
    {
      "ticker": "GEOS",
      "tf": "1d",
      "bars_used": 350,
      "close": 23.489999771118164,
      "sma20": 18.99549994468689,
      "sma50": 18.475000019073487,
      "trend_ok": true,
      "prior_downtrend_ok": true,
      "down_slope": -0.24214071475989823,
      "fresh_uptrend_ok": true,
      "up_slope": 0.6156968550248579,
      "up_hh_steps": 1,
      "up_hl_steps": 2,
      "up_pivot_highs": 2,
      "up_pivot_lows": 3,
      "resistance": 24.010000228881836,
      "pullback_from_resistance_pct": 2.1657661507981114,
      "state": "correction",
      "rank_score": 2.8890389748669816
    },
    {
      "ticker": "IDXX",
      "tf": "1d",
      "bars_used": 350,
      "close": 715.3699951171875,
      "sma20": 699.0689971923828,
      "sma50": 707.1561962890624,
      "trend_ok": true,
      "prior_downtrend_ok": true,
      "down_slope": -0.7533667301371219,
      "fresh_uptrend_ok": true,
      "up_slope": 2.0078779740767048,
      "up_hh_steps": 1,
      "up_hl_steps": 1,
      "up_pivot_highs": 2,
      "up_pivot_lows": 3,
      "resistance": 726.4099731445312,
      "pullback_from_resistance_pct": 1.519799897508726,
      "state": "correction",
      "rank_score": 2.7896532566138856
    },
    {
      "ticker": "HNNA",
      "tf": "1d",
      "bars_used": 350,
      "close": 10.220000267028809,
      "sma20": 9.678999996185302,
      "sma50": 9.861577816009522,
      "trend_ok": true,
      "prior_downtrend_ok": true,
      "down_slope": -0.01592904962249813,
      "fresh_uptrend_ok": true,
      "up_slope": 0.07369697455203894,
      "up_hh_steps": 1,
      "up_hl_steps": 1,
      "up_pivot_highs": 2,
      "up_pivot_lows": 2,
      "resistance": 10.479999542236328,
      "pullback_from_resistance_pct": 2.480909222941037,
      "state": "correction",
      "rank_score": 2.713335759512751
    },
    {
      "ticker": "IPAR",
      "tf": "1d",
      "bars_used": 350,
      "close": 89.93000030517578,
      "sma20": 86.53899993896485,
      "sma50": 84.41482879638671,
      "trend_ok": true,
      "prior_downtrend_ok": true,
      "down_slope": -0.02726393551137613,
      "fresh_uptrend_ok": true,
      "up_slope": 0.4973940300218987,
      "up_hh_steps": 1,
      "up_hl_steps": 2,
      "up_pivot_highs": 2,
      "up_pivot_lows": 3,
      "resistance": 90.01000213623047,
      "pullback_from_resistance_pct": 0.08888104561269139,
      "state": "uptrend",
      "rank_score": 2.626048586935195
    },
    {
      "ticker": "HIVE",
      "tf": "1d",
      "bars_used": 350,
      "close": 3.4700000286102295,
      "sma20": 2.992999994754791,
      "sma50": 3.274999990463257,
      "trend_ok": true,
      "prior_downtrend_ok": true,
      "down_slope": -0.045919323884523834,
      "fresh_uptrend_ok": true,
      "up_slope": 0.0601818272561738,
      "up_hh_steps": 1,
      "up_hl_steps": 3,
      "up_pivot_highs": 2,
      "up_pivot_lows": 4,
      "resistance": 3.680000066757202,
      "pullback_from_resistance_pct": 5.706522672213526,
      "state": "correction",
      "rank_score": 2.3989128879644124
    },
    {
      "ticker": "GLNG",
      "tf": "1d",
      "bars_used": 350,
      "close": 39.599998474121094,
      "sma20": 38.16999969482422,
      "sma50": 37.77392105102539,
      "trend_ok": true,
      "prior_downtrend_ok": true,
      "down_slope": -0.016594338909099067,
      "fresh_uptrend_ok": true,
      "up_slope": 0.20860595703125,
      "up_hh_steps": 1,
      "up_hl_steps": 1,
      "up_pivot_highs": 2,
      "up_pivot_lows": 2,
      "resistance": 40.150001525878906,
      "pullback_from_resistance_pct": 1.369870562528634,
      "state": "uptrend",
      "rank_score": 2.3075986961890207
    },
    {
      "ticker": "IMSR",
      "tf": "1d",
      "bars_used": 318,
      "close": 11.6899995803833,
      "sma20": 8.329999971389771,
      "sma50": 9.643299961090088,
      "trend_ok": true,
      "prior_downtrend_ok": true,
      "down_slope": -0.19567588713110948,
      "fresh_uptrend_ok": true,
      "up_slope": 0.4652727473865856,
      "up_hh_steps": 1,
      "up_hl_steps": 1,
      "up_pivot_highs": 2,
      "up_pivot_lows": 2,
      "resistance": 12.260000228881836,
      "pullback_from_resistance_pct": 4.649271108133752,
      "state": "uptrend",
      "rank_score": 1.775121481977708
    },
    {
      "ticker": "GNPX",
      "tf": "1d",
      "bars_used": 350,
      "close": 3.0,
      "sma20": 2.142999994754791,
      "sma50": 2.923399987220764,
      "trend_ok": true,
      "prior_downtrend_ok": true,
      "down_slope": -0.07475422117544607,
      "fresh_uptrend_ok": true,
      "up_slope": 0.16466666568409313,
      "up_hh_steps": 1,
      "up_hl_steps": 2,
      "up_pivot_highs": 2,
      "up_pivot_lows": 3,
      "resistance": 3.559999942779541,
      "pullback_from_resistance_pct": 15.730335724171665,
      "state": "uptrend",
      "rank_score": 1.65
    },
    {
      "ticker": "HWH",
      "tf": "1d",
      "bars_used": 350,
      "close": 1.7799999713897705,
      "sma20": 1.643449991941452,
      "sma50": 1.7321199893951416,
      "trend_ok": true,
      "prior_downtrend_ok": true,