{
  "updated_utc": "2026-01-13T14:05:46.852141+00:00",
  "tf": "1d",
  "params": {
    "n_down": 40,
    "n_up": 10,
    "n_corr": 8,
    "sma_slow": 50,
    "sma_fast": 20,
    "pivot_strength": 1,
    "min_hh_steps": 1,
    "min_hl_steps": 1,
    "corr_min_pct": 0.5,
    "corr_max_pct": 12.0,
    "near_resistance_pct": 6.0,
    "breakout_wiggle_pct": 0.2
  },
  "count": 1,
  "data": [
    {
      "ticker": "BEL.NS",
      "tf": "1d",
      "bars_used": 350,
      "close": 417.70001220703125,
      "sma20": 401.4125015258789,
      "sma50": 406.76999938964843,
      "trend_ok": true,
      "prior_downtrend_ok": true,
      "down_slope": -0.9047088995212462,
      "fresh_uptrend_ok": true,
      "up_slope": 2.906060975970644,
      "up_hh_steps": 2,
      "up_hl_steps": 1,
      "up_pivot_highs": 3,
      "up_pivot_lows": 2,
      "resistance": 424.54998779296875,
      "pullback_from_resistance_pct": 1.6134673849709027,
      "state": "correction",
      "rank_score": 3.031088769171516
    }
  ]
}