{
  "updated_utc": "2026-01-06T19:52:35.197914+00:00",
  "tf": "1d",
  "params": {
    "n_down": 40,
    "n_up": 10,
    "n_corr": 8,
    "sma_slow": 50,
    "sma_fast": 20,
    "pivot_strength": 1,
    "min_hh_steps": 1,
    "min_hl_steps": 1,
    "corr_min_pct": 0.5,
    "corr_max_pct": 12.0,
    "near_resistance_pct": 6.0,
    "breakout_wiggle_pct": 0.2
  },
  "count": 1,
  "data": [
    {
      "ticker": "BEL.NS",
      "tf": "1d",
      "bars_used": 350,
      "close": 413.79998779296875,
      "sma20": 394.6000030517578,
      "sma50": 406.73599914550783,
      "trend_ok": true,
      "prior_downtrend_ok": true,
      "down_slope": -0.8825466191791012,
      "fresh_uptrend_ok": true,
      "up_slope": 0.870605653705019,
      "up_hh_steps": 1,
      "up_hl_steps": 1,
      "up_pivot_highs": 3,
      "up_pivot_lows": 2,
      "resistance": 401.29998779296875,
      "pullback_from_resistance_pct": -3.11487674563518,
      "state": "uptrend",
      "rank_score": 2.9284030935380394
    }
  ]
}