{
  "updated_utc": "2026-01-15T22:10:03.889883+00:00",
  "tf": "1d",
  "params": {
    "n_down": 40,
    "n_up": 10,
    "n_corr": 8,
    "sma_slow": 50,
    "sma_fast": 20,
    "pivot_strength": 1,
    "min_hh_steps": 1,
    "min_hl_steps": 1,
    "corr_min_pct": 0.5,
    "corr_max_pct": 12.0,
    "near_resistance_pct": 6.0,
    "breakout_wiggle_pct": 0.2
  },
  "count": 2,
  "data": [
    {
      "ticker": "BDL",
      "tf": "1d",
      "bars_used": 350,
      "close": 32.150001525878906,
      "sma20": 30.15999984741211,
      "sma50": 30.681799964904783,
      "trend_ok": true,
      "prior_downtrend_ok": true,
      "down_slope": -0.08123359089720762,
      "fresh_uptrend_ok": true,
      "up_slope": 0.30836375843394886,
      "up_hh_steps": 1,
      "up_hl_steps": 2,
      "up_pivot_highs": 3,
      "up_pivot_lows": 3,
      "resistance": 33.16999816894531,
      "pullback_from_resistance_pct": 3.075057881737708,
      "state": "correction",
      "rank_score": 2.734811186329888
    },
    {
      "ticker": "JLHL",
      "tf": "1d",
      "bars_used": 140,
      "close": 4.360000133514404,
      "sma20": 3.7987499952316286,
      "sma50": 3.8558400154113768,
      "trend_ok": true,
      "prior_downtrend_ok": true,
      "down_slope": -0.004867731182928604,
      "fresh_uptrend_ok": true,
      "up_slope": 0.0348484891833681,
      "up_hh_steps": 1,
      "up_hl_steps": 2,
      "up_pivot_highs": 2,
      "up_pivot_lows": 3,
      "resistance": 4.5,
      "pullback_from_resistance_pct": 3.1111081441243487,
      "state": "uptrend",
      "rank_score": 2.0299550771948947
    }
  ]
}