{
  "updated_utc": "2026-01-07T15:47:20.663209+00:00",
  "tf": "1d",
  "params": {
    "n_down": 40,
    "n_up": 10,
    "n_corr": 8,
    "sma_slow": 50,
    "sma_fast": 20,
    "pivot_strength": 1,
    "min_hh_steps": 1,
    "min_hl_steps": 1,
    "corr_min_pct": 0.5,
    "corr_max_pct": 12.0,
    "near_resistance_pct": 6.0,
    "breakout_wiggle_pct": 0.2
  },
  "count": 3,
  "data": [
    {
      "ticker": "GRASIM.NS",
      "tf": "1d",
      "bars_used": 350,
      "close": 2865.300048828125,
      "sma20": 2823.724987792969,
      "sma50": 2795.29798828125,
      "trend_ok": true,
      "prior_downtrend_ok": true,
      "down_slope": -1.619698300817894,
      "fresh_uptrend_ok": true,
      "up_slope": 4.29273496685606,
      "up_hh_steps": 1,
      "up_hl_steps": 1,
      "up_pivot_highs": 2,
      "up_pivot_lows": 3,
      "resistance": 2893.0,
      "pullback_from_resistance_pct": 0.9574818932552712,
      "state": "correction",
      "rank_score": 2.9873150851260215
    },
    {
      "ticker": "ONGC.NS",
      "tf": "1d",
      "bars_used": 350,
      "close": 241.88999938964844,
      "sma20": 236.10400161743163,
      "sma50": 241.78675994873046,
      "trend_ok": true,
      "prior_downtrend_ok": true,
      "down_slope": -0.4162577945787956,
      "fresh_uptrend_ok": true,
      "up_slope": 0.9274541681463068,
      "up_hh_steps": 1,
      "up_hl_steps": 2,
      "up_pivot_highs": 2,
      "up_pivot_lows": 3,
      "resistance": 246.8000030517578,
      "pullback_from_resistance_pct": 1.9894666132073227,
      "state": "correction",
      "rank_score": 2.918422231132113
    },
    {
      "ticker": "BEL.NS",
      "tf": "1d",
      "bars_used": 350,
      "close": 413.1000061035156,
      "sma20": 395.78250274658205,
      "sma50": 406.72699951171876,
      "trend_ok": true,
      "prior_downtrend_ok": true,
      "down_slope": -0.8960691956597019,
      "fresh_uptrend_ok": true,
      "up_slope": 1.5615147446141098,
      "up_hh_steps": 1,
      "up_hl_steps": 1,
      "up_pivot_highs": 3,
      "up_pivot_lows": 2,
      "resistance": 418.6000061035156,
      "pullback_from_resistance_pct": 1.3139034686587903,
      "state": "correction",
      "rank_score": 2.8625040208375667
    }
  ]
}