{
  "updated_utc": "2026-01-08T04:14:41.389266+00:00",
  "tf": "1d",
  "params": {
    "n_down": 40,
    "n_up": 10,
    "n_corr": 8,
    "sma_slow": 50,
    "sma_fast": 20,
    "pivot_strength": 1,
    "min_hh_steps": 1,
    "min_hl_steps": 1,
    "corr_min_pct": 0.5,
    "corr_max_pct": 12.0,
    "near_resistance_pct": 6.0,
    "breakout_wiggle_pct": 0.2
  },
  "count": 4,
  "data": [
    {
      "ticker": "BEL.NS",
      "tf": "1d",
      "bars_used": 350,
      "close": 415.6499938964844,
      "sma20": 397.19750213623047,
      "sma50": 406.8959991455078,
      "trend_ok": true,
      "prior_downtrend_ok": true,
      "down_slope": -0.9291648277869591,
      "fresh_uptrend_ok": true,
      "up_slope": 2.265453731652462,
      "up_hh_steps": 1,
      "up_hl_steps": 1,
      "up_pivot_highs": 3,
      "up_pivot_lows": 2,
      "resistance": 418.6000061035156,
      "pullback_from_resistance_pct": 0.7047329584371151,
      "state": "correction",
      "rank_score": 3.0164368842264704
    },
    {
      "ticker": "NTPC.NS",
      "tf": "1d",
      "bars_used": 350,
      "close": 348.8500061035156,
      "sma20": 329.1999984741211,
      "sma50": 327.6883831787109,
      "trend_ok": true,
      "prior_downtrend_ok": true,
      "down_slope": -0.2833133661724613,
      "fresh_uptrend_ok": true,
      "up_slope": 3.863333962180398,
      "up_hh_steps": 1,
      "up_hl_steps": 1,
      "up_pivot_highs": 2,
      "up_pivot_lows": 2,
      "resistance": 354.79998779296875,
      "pullback_from_resistance_pct": 1.6769960242853872,
      "state": "correction",
      "rank_score": 2.870500662619102
    },
    {
      "ticker": "GRASIM.NS",
      "tf": "1d",
      "bars_used": 350,
      "close": 2837.10009765625,
      "sma20": 2828.239990234375,
      "sma50": 2792.8659912109374,
      "trend_ok": true,
      "prior_downtrend_ok": true,
      "down_slope": -0.7904493149404902,
      "fresh_uptrend_ok": true,
      "up_slope": 3.1775893702651516,
      "up_hh_steps": 1,
      "up_hl_steps": 1,
      "up_pivot_highs": 2,
      "up_pivot_lows": 3,
      "resistance": 2893.0,
      "pullback_from_resistance_pct": 1.9322468836415485,
      "state": "correction",
      "rank_score": 2.758311471272163
    },
    {
      "ticker": "JIOFIN.NS",
      "tf": "1d",
      "bars_used": 350,
      "close": 303.5,
      "sma20": 297.0925033569336,
      "sma50": 301.73600219726563,
      "trend_ok": true,
      "prior_downtrend_ok": true,
      "down_slope": -0.3264350819542976,
      "fresh_uptrend_ok": true,
      "up_slope": 0.6860595703125,
      "up_hh_steps": 1,
      "up_hl_steps": 1,
      "up_pivot_highs": 2,
      "up_pivot_lows": 2,
      "resistance": 303.0,
      "pullback_from_resistance_pct": -0.16501650165016502,
      "state": "uptrend",
      "rank_score": 2.4822110563890307
    }
  ]
}