{
  "updated_utc": "2026-01-22T20:53:16.827367+00:00",
  "tf": "1d",
  "params": {
    "n_down": 40,
    "n_up": 10,
    "n_corr": 8,
    "sma_slow": 50,
    "sma_fast": 20,
    "pivot_strength": 1,
    "min_hh_steps": 1,
    "min_hl_steps": 1,
    "corr_min_pct": 0.5,
    "corr_max_pct": 12.0,
    "near_resistance_pct": 6.0,
    "breakout_wiggle_pct": 0.2
  },
  "count": 3,
  "data": [
    {
      "ticker": "ASHIANA.NS",
      "tf": "1d",
      "bars_used": 350,
      "close": 299.8999938964844,
      "sma20": 288.7175003051758,
      "sma50": 293.01000122070315,
      "trend_ok": true,
      "prior_downtrend_ok": true,
      "down_slope": -0.3354502694020799,
      "fresh_uptrend_ok": true,
      "up_slope": 1.5199990012428977,
      "up_hh_steps": 2,
      "up_hl_steps": 1,
      "up_pivot_highs": 3,
      "up_pivot_lows": 3,
      "resistance": 304.0,
      "pullback_from_resistance_pct": 1.3486862182617188,
      "state": "correction",
      "rank_score": 3.0752189636230467
    },
    {
      "ticker": "COLPAL.NS",
      "tf": "1d",
      "bars_used": 350,
      "close": 2123.10009765625,
      "sma20": 2091.550018310547,
      "sma50": 2126.7639965820313,
      "trend_ok": true,
      "prior_downtrend_ok": true,
      "down_slope": -3.0689666805303117,
      "fresh_uptrend_ok": true,
      "up_slope": 9.064246715198864,
      "up_hh_steps": 1,
      "up_hl_steps": 1,
      "up_pivot_highs": 2,
      "up_pivot_lows": 2,
      "resistance": 2209.89990234375,
      "pullback_from_resistance_pct": 3.9277708730356005,
      "state": "correction",
      "rank_score": 2.4593903375768837
    },
    {
      "ticker": "ANTELOPUS.NS",
      "tf": "1d",
      "bars_used": 89,
      "close": 435.5,
      "sma20": 409.292497253418,
      "sma50": 426.3129998779297,
      "trend_ok": true,
      "prior_downtrend_ok": true,
      "down_slope": -3.167336048462601,
      "fresh_uptrend_ok": true,
      "up_slope": 10.276666444720643,
      "up_hh_steps": 1,
      "up_hl_steps": 1,
      "up_pivot_highs": 2,
      "up_pivot_lows": 2,
      "resistance": 519.25,
      "pullback_from_resistance_pct": 16.129032258064516,
      "state": "uptrend",
      "rank_score": 1.481063904175656
    }
  ]
}