{
  "updated_utc": "2026-01-19T03:35:59.186260+00:00",
  "tf": "1d",
  "params": {
    "n_down": 40,
    "n_up": 10,
    "n_corr": 8,
    "sma_slow": 50,
    "sma_fast": 20,
    "pivot_strength": 1,
    "min_hh_steps": 1,
    "min_hl_steps": 1,
    "corr_min_pct": 0.5,
    "corr_max_pct": 12.0,
    "near_resistance_pct": 6.0,
    "breakout_wiggle_pct": 0.2
  },
  "count": 3,
  "data": [
    {
      "ticker": "ALKEM.NS",
      "tf": "1d",
      "bars_used": 350,
      "close": 5836.5,
      "sma20": 5649.2,
      "sma50": 5661.28,
      "trend_ok": true,
      "prior_downtrend_ok": true,
      "down_slope": -5.720028142589118,
      "fresh_uptrend_ok": true,
      "up_slope": 32.54242424242424,
      "up_hh_steps": 1,
      "up_hl_steps": 1,
      "up_pivot_highs": 2,
      "up_pivot_lows": 2,
      "resistance": 5933.5,
      "pullback_from_resistance_pct": 1.63478553973203,
      "state": "correction",
      "rank_score": 2.8748694210683348
    },
    {
      "ticker": "ABCOTS.NS",
      "tf": "1d",
      "bars_used": 350,
      "close": 414.70001220703125,
      "sma20": 411.4500030517578,
      "sma50": 413.23999938964846,
      "trend_ok": true,
      "prior_downtrend_ok": true,
      "down_slope": -0.05530457344556168,
      "fresh_uptrend_ok": true,
      "up_slope": 0.1893944942589962,
      "up_hh_steps": 1,
      "up_hl_steps": 1,
      "up_pivot_highs": 3,
      "up_pivot_lows": 2,
      "resistance": 417.0,
      "pullback_from_resistance_pct": 0.5515558256519784,
      "state": "correction",
      "rank_score": 2.8670738009556986
    },
    {
      "ticker": "BALAMINES.NS",
      "tf": "1d",
      "bars_used": 350,
      "close": 1274.0,
      "sma20": 1136.6900024414062,
      "sma50": 1167.2880029296875,
      "trend_ok": true,
      "prior_downtrend_ok": true,
      "down_slope": -5.68650117627228,
      "fresh_uptrend_ok": true,
      "up_slope": 21.21273230350379,
      "up_hh_steps": 1,
      "up_hl_steps": 1,
      "up_pivot_highs": 2,
      "up_pivot_lows": 2,
      "resistance": 1253.0999755859375,
      "pullback_from_resistance_pct": -1.6678656788170352,
      "state": "uptrend",
      "rank_score": 2.8042234780136055
    }
  ]
}