{
  "updated_utc": "2026-01-16T13:50:00.822325+00:00",
  "tf": "1d",
  "params": {
    "n_down": 40,
    "n_up": 10,
    "n_corr": 8,
    "sma_slow": 50,
    "sma_fast": 20,
    "pivot_strength": 1,
    "min_hh_steps": 1,
    "min_hl_steps": 1,
    "corr_min_pct": 0.5,
    "corr_max_pct": 12.0,
    "near_resistance_pct": 6.0,
    "breakout_wiggle_pct": 0.2
  },
  "count": 7,
  "data": [
    {
      "ticker": "AARTIPHARM.NS",
      "tf": "1d",
      "bars_used": 350,
      "close": 791.8499755859375,
      "sma20": 751.5875,
      "sma50": 738.7750012207031,
      "trend_ok": true,
      "prior_downtrend_ok": true,
      "down_slope": -0.1299342801378547,
      "fresh_uptrend_ok": true,
      "up_slope": 4.611817146070075,
      "up_hh_steps": 2,
      "up_hl_steps": 1,
      "up_pivot_highs": 3,
      "up_pivot_lows": 2,
      "resistance": 775.0,
      "pullback_from_resistance_pct": -2.174190398185484,
      "state": "uptrend",
      "rank_score": 3.0219965440754692
    },
    {
      "ticker": "CYIENT.NS",
      "tf": "1d",
      "bars_used": 350,
      "close": 1175.9000244140625,
      "sma20": 1140.7149963378906,
      "sma50": 1142.6879956054688,
      "trend_ok": true,
      "prior_downtrend_ok": true,
      "down_slope": -0.2700274669654374,
      "fresh_uptrend_ok": true,
      "up_slope": 6.875757575757576,
      "up_hh_steps": 1,
      "up_hl_steps": 1,
      "up_pivot_highs": 2,
      "up_pivot_lows": 2,
      "resistance": 1208.0,
      "pullback_from_resistance_pct": 2.6572827471802567,
      "state": "correction",
      "rank_score": 2.673498130016134
    },
    {
      "ticker": "BALAMINES.NS",
      "tf": "1d",
      "bars_used": 350,
      "close": 1264.5,
      "sma20": 1127.5900024414063,
      "sma50": 1169.902001953125,
      "trend_ok": true,
      "prior_downtrend_ok": true,
      "down_slope": -6.319033624530957,
      "fresh_uptrend_ok": true,
      "up_slope": 16.29940222537879,
      "up_hh_steps": 1,
      "up_hl_steps": 1,
      "up_pivot_highs": 2,
      "up_pivot_lows": 2,
      "resistance": 1253.0999755859375,
      "pullback_from_resistance_pct": -0.9097458013062332,
      "state": "uptrend",
      "rank_score": 2.6428754301723423
    },
    {
      "ticker": "CRISIL.NS",
      "tf": "1d",
      "bars_used": 350,
      "close": 4767.2001953125,
      "sma20": 4469.144995117187,
      "sma50": 4504.994013671875,
      "trend_ok": true,
      "prior_downtrend_ok": true,
      "down_slope": -12.171671121965877,
      "fresh_uptrend_ok": true,
      "up_slope": 49.9848603219697,
      "up_hh_steps": 1,
      "up_hl_steps": 1,
      "up_pivot_highs": 2,
      "up_pivot_lows": 2,
      "resistance": 4760.0,
      "pullback_from_resistance_pct": -0.1512646074054622,
      "state": "uptrend",
      "rank_score": 2.57521076790091
    },
    {
      "ticker": "APOLLOHOSP.NS",
      "tf": "1d",
      "bars_used": 350,
      "close": 7272.5,
      "sma20": 7163.425,
      "sma50": 7248.87,
      "trend_ok": true,
      "prior_downtrend_ok": true,
      "down_slope": -15.949390243902439,
      "fresh_uptrend_ok": true,
      "up_slope": 19.957575757575757,
      "up_hh_steps": 1,
      "up_hl_steps": 1,
      "up_pivot_highs": 2,
      "up_pivot_lows": 2,
      "resistance": 7488.0,
      "pullback_from_resistance_pct": 2.877938034188034,
      "state": "correction",
      "rank_score": 2.547354829769236
    },
    {
      "ticker": "BIRLANU.NS",
      "tf": "1d",
      "bars_used": 193,
      "close": 1752.9000244140625,
      "sma20": 1658.8799865722656,
      "sma50": 1679.7019921875,
      "trend_ok": true,
      "prior_downtrend_ok": true,
      "down_slope": -8.156482735181168,
      "fresh_uptrend_ok": true,
      "up_slope": 6.636368075284091,
      "up_hh_steps": 1,
      "up_hl_steps": 1,
      "up_pivot_highs": 2,
      "up_pivot_lows": 2,
      "resistance": 1836.0,
      "pullback_from_resistance_pct": 4.526142461107707,
      "state": "correction",
      "rank_score": 2.2961655485727106
    },
    {
      "ticker": "DABUR.NS",
      "tf": "1d",
      "bars_used": 350,
      "close": 513.75,
      "sma20": 505.89250030517576,
      "sma50": 509.7910040283203,
      "trend_ok": true,
      "prior_downtrend_ok": true,
      "down_slope": -0.9383211146599804,
      "fresh_uptrend_ok": true,
      "up_slope": 0.8427275686553031,
      "up_hh_steps": 1,
      "up_hl_steps": 1,
      "up_pivot_highs": 3,
      "up_pivot_lows": 2,
      "resistance": 529.1500244140625,
      "pullback_from_resistance_pct": 2.91033236389155,
      "state": "uptrend",
      "rank_score": 1.8893821020725123
    }
  ]
}