{
  "updated_utc": "2026-01-19T22:51:26.002567+00:00",
  "tf": "1d",
  "params": {
    "n_down": 40,
    "n_up": 10,
    "n_corr": 8,
    "sma_slow": 50,
    "sma_fast": 20,
    "pivot_strength": 1,
    "min_hh_steps": 1,
    "min_hl_steps": 1,
    "corr_min_pct": 0.5,
    "corr_max_pct": 12.0,
    "near_resistance_pct": 6.0,
    "breakout_wiggle_pct": 0.2
  },
  "count": 3,
  "data": [
    {
      "ticker": "OFSS.NS",
      "tf": "1d",
      "bars_used": 350,
      "close": 7959.5,
      "sma20": 7710.525,
      "sma50": 7960.79,
      "trend_ok": true,
      "prior_downtrend_ok": true,
      "down_slope": -16.65483114446529,
      "fresh_uptrend_ok": true,
      "up_slope": 4.866666666666666,
      "up_hh_steps": 1,
      "up_hl_steps": 1,
      "up_pivot_highs": 3,
      "up_pivot_lows": 3,
      "resistance": 7705.5,
      "pullback_from_resistance_pct": -3.296346765297515,
      "state": "uptrend",
      "rank_score": 2.8381720685659393
    },
    {
      "ticker": "MENONBE.NS",
      "tf": "1d",
      "bars_used": 350,
      "close": 130.99000549316406,
      "sma20": 114.9015007019043,
      "sma50": 111.93740036010742,
      "trend_ok": true,
      "prior_downtrend_ok": true,
      "down_slope": -0.2537495475325307,
      "fresh_uptrend_ok": true,
      "up_slope": 1.709576600970644,
      "up_hh_steps": 1,
      "up_hl_steps": 1,
      "up_pivot_highs": 2,
      "up_pivot_lows": 2,
      "resistance": 129.5,
      "pullback_from_resistance_pct": -1.1505833924046815,
      "state": "uptrend",
      "rank_score": 2.7417638987341135
    },
    {
      "ticker": "ORIENTHOT.NS",
      "tf": "1d",
      "bars_used": 350,
      "close": 114.91000366210938,
      "sma20": 108.24250030517578,
      "sma50": 112.38719970703124,
      "trend_ok": true,
      "prior_downtrend_ok": true,
      "down_slope": -0.6159689890734474,
      "fresh_uptrend_ok": true,
      "up_slope": 0.8123031616210937,
      "up_hh_steps": 1,
      "up_hl_steps": 1,
      "up_pivot_highs": 2,
      "up_pivot_lows": 2,
      "resistance": 125.9000015258789,
      "pullback_from_resistance_pct": 8.729148316579268,
      "state": "uptrend",
      "rank_score": 1.4928732690755342
    }
  ]
}