{
  "updated_utc": "2026-01-19T22:50:54.750730+00:00",
  "tf": "1d",
  "params": {
    "n_down": 40,
    "n_up": 10,
    "n_corr": 8,
    "sma_slow": 50,
    "sma_fast": 20,
    "pivot_strength": 1,
    "min_hh_steps": 1,
    "min_hl_steps": 1,
    "corr_min_pct": 0.5,
    "corr_max_pct": 12.0,
    "near_resistance_pct": 6.0,
    "breakout_wiggle_pct": 0.2
  },
  "count": 4,
  "data": [
    {
      "ticker": "IFCI.NS",
      "tf": "1d",
      "bars_used": 350,
      "close": 60.66999816894531,
      "sma20": 53.31649951934814,
      "sma50": 51.86619987487793,
      "trend_ok": true,
      "prior_downtrend_ok": true,
      "down_slope": -0.08122046937638332,
      "fresh_uptrend_ok": true,
      "up_slope": 0.8987875504927202,
      "up_hh_steps": 1,
      "up_hl_steps": 1,
      "up_pivot_highs": 2,
      "up_pivot_lows": 2,
      "resistance": 59.599998474121094,
      "pullback_from_resistance_pct": -1.7953015473462188,
      "state": "uptrend",
      "rank_score": 2.8062308284553197
    },
    {
      "ticker": "JSLL.NS",
      "tf": "1d",
      "bars_used": 350,
      "close": 715.0,
      "sma20": 697.3850006103515,
      "sma50": 710.2900012207032,
      "trend_ok": true,
      "prior_downtrend_ok": true,
      "down_slope": -1.1492452310129133,
      "fresh_uptrend_ok": true,
      "up_slope": 5.949393347537879,
      "up_hh_steps": 1,
      "up_hl_steps": 1,
      "up_pivot_highs": 2,
      "up_pivot_lows": 2,
      "resistance": 748.9000244140625,
      "pullback_from_resistance_pct": 4.526642183058519,
      "state": "correction",
      "rank_score": 2.3866469448233825
    },
    {
      "ticker": "ENTERO.NS",
      "tf": "1d",
      "bars_used": 350,
      "close": 1192.0,
      "sma20": 1096.549996948242,
      "sma50": 1070.3019995117188,
      "trend_ok": true,
      "prior_downtrend_ok": true,
      "down_slope": -3.467064112793885,
      "fresh_uptrend_ok": true,
      "up_slope": 7.6375799005681815,
      "up_hh_steps": 1,
      "up_hl_steps": 1,
      "up_pivot_highs": 2,
      "up_pivot_lows": 2,
      "resistance": 1247.5,
      "pullback_from_resistance_pct": 4.448897795591182,
      "state": "correction",
      "rank_score": 2.3425622554232994
    },
    {
      "ticker": "IMAGICAA.NS",
      "tf": "1d",
      "bars_used": 350,
      "close": 50.52000045776367,
      "sma20": 48.373000144958496,
      "sma50": 49.07319976806641,
      "trend_ok": true,
      "prior_downtrend_ok": true,
      "down_slope": -0.10841555067566949,
      "fresh_uptrend_ok": true,
      "up_slope": 0.46709099971886836,
      "up_hh_steps": 2,
      "up_hl_steps": 1,
      "up_pivot_highs": 3,
      "up_pivot_lows": 2,
      "resistance": 53.0,
      "pullback_from_resistance_pct": 4.679244419313826,
      "state": "uptrend",
      "rank_score": 1.9000920108579014
    }
  ]
}