{
  "updated_utc": "2026-01-27T20:16:16.733513+00:00",
  "tf": "1d",
  "params": {
    "n_down": 40,
    "n_up": 10,
    "n_corr": 8,
    "sma_slow": 50,
    "sma_fast": 20,
    "pivot_strength": 1,
    "min_hh_steps": 1,
    "min_hl_steps": 1,
    "corr_min_pct": 0.5,
    "corr_max_pct": 12.0,
    "near_resistance_pct": 6.0,
    "breakout_wiggle_pct": 0.2
  },
  "count": 5,
  "data": [
    {
      "ticker": "INDIANB.NS",
      "tf": "1d",
      "bars_used": 350,
      "close": 876.4500122070312,
      "sma20": 844.4125030517578,
      "sma50": 830.5990014648437,
      "trend_ok": true,
      "prior_downtrend_ok": true,
      "down_slope": -1.4571010968922227,
      "fresh_uptrend_ok": true,
      "up_slope": 6.237270285866478,
      "up_hh_steps": 3,
      "up_hl_steps": 1,
      "up_pivot_highs": 4,
      "up_pivot_lows": 3,
      "resistance": 908.0,
      "pullback_from_resistance_pct": 3.4746682591375277,
      "state": "correction",
      "rank_score": 2.863146742378778
    },
    {
      "ticker": "HINDUNILVR.NS",
      "tf": "1d",
      "bars_used": 350,
      "close": 2409.5,
      "sma20": 2368.1049926757814,
      "sma50": 2363.87400390625,
      "trend_ok": true,
      "prior_downtrend_ok": true,
      "down_slope": -3.1116608753884263,
      "fresh_uptrend_ok": true,
      "up_slope": 1.4557661576704546,
      "up_hh_steps": 1,
      "up_hl_steps": 2,
      "up_pivot_highs": 2,
      "up_pivot_lows": 3,
      "resistance": 2439.0,
      "pullback_from_resistance_pct": 1.209512095120951,
      "state": "correction",
      "rank_score": 2.8149760847621703
    },
    {
      "ticker": "HMVL.NS",
      "tf": "1d",
      "bars_used": 350,
      "close": 70.98999786376953,
      "sma20": 69.28699913024903,
      "sma50": 68.78419937133789,
      "trend_ok": true,
      "prior_downtrend_ok": true,
      "down_slope": -0.007803998879151765,
      "fresh_uptrend_ok": true,
      "up_slope": 0.5361210216175426,
      "up_hh_steps": 1,
      "up_hl_steps": 3,
      "up_pivot_highs": 2,
      "up_pivot_lows": 4,
      "resistance": 71.6500015258789,
      "pullback_from_resistance_pct": 0.9211495436898094,
      "state": "uptrend",
      "rank_score": 2.596475076051698
    },
    {
      "ticker": "INDSWFTLAB.NS",
      "tf": "1d",
      "bars_used": 350,
      "close": 109.62999725341797,
      "sma20": 97.1034999847412,
      "sma50": 96.0668002319336,
      "trend_ok": true,
      "prior_downtrend_ok": true,
      "down_slope": -0.21229924672540088,
      "fresh_uptrend_ok": true,
      "up_slope": 2.012423798532197,
      "up_hh_steps": 1,
      "up_hl_steps": 1,
      "up_pivot_highs": 2,
      "up_pivot_lows": 2,
      "resistance": 113.66000366210938,
      "pullback_from_resistance_pct": 3.545668026434247,
      "state": "uptrend",
      "rank_score": 1.933510776001629
    },
    {
      "ticker": "EMKAY.NS",
      "tf": "1d",
      "bars_used": 350,
      "close": 281.20001220703125,
      "sma20": 277.59749908447264,
      "sma50": 280.11399841308594,
      "trend_ok": true,
      "prior_downtrend_ok": true,
      "down_slope": -0.8128892565757652,
      "fresh_uptrend_ok": true,
      "up_slope": 2.584847929983428,
      "up_hh_steps": 1,
      "up_hl_steps": 1,
      "up_pivot_highs": 3,
      "up_pivot_lows": 2,
      "resistance": 294.79998779296875,
      "pullback_from_resistance_pct": 4.613289060068907,
      "state": "uptrend",
      "rank_score": 1.7137343374222345
    }
  ]
}