{
  "updated_utc": "2026-01-23T22:40:07.401488+00:00",
  "tf": "1d",
  "params": {
    "n_down": 40,
    "n_up": 10,
    "n_corr": 8,
    "sma_slow": 50,
    "sma_fast": 20,
    "pivot_strength": 1,
    "min_hh_steps": 1,
    "min_hl_steps": 1,
    "corr_min_pct": 0.5,
    "corr_max_pct": 12.0,
    "near_resistance_pct": 6.0,
    "breakout_wiggle_pct": 0.2
  },
  "count": 5,
  "data": [
    {
      "ticker": "KIRLPNU.NS",
      "tf": "1d",
      "bars_used": 350,
      "close": 1113.800048828125,
      "sma20": 1064.1199951171875,
      "sma50": 1062.6160034179688,
      "trend_ok": true,
      "prior_downtrend_ok": true,
      "down_slope": -1.6836300962637782,
      "fresh_uptrend_ok": true,
      "up_slope": 7.9836359197443185,
      "up_hh_steps": 1,
      "up_hl_steps": 2,
      "up_pivot_highs": 2,
      "up_pivot_lows": 3,
      "resistance": 1126.0,
      "pullback_from_resistance_pct": 1.0834770134880105,
      "state": "correction",
      "rank_score": 3.0646482220565034
    },
    {
      "ticker": "NORTHARC.NS",
      "tf": "1d",
      "bars_used": 332,
      "close": 276.8699951171875,
      "sma20": 260.4970024108887,
      "sma50": 259.4648013305664,
      "trend_ok": true,
      "prior_downtrend_ok": true,
      "down_slope": -0.2419117152802716,
      "fresh_uptrend_ok": true,
      "up_slope": 1.1624250932173295,
      "up_hh_steps": 1,
      "up_hl_steps": 1,
      "up_pivot_highs": 2,
      "up_pivot_lows": 3,
      "resistance": 270.0,
      "pullback_from_resistance_pct": -2.5444426359953707,
      "state": "uptrend",
      "rank_score": 2.913219108771602
    },
    {
      "ticker": "OFSS.NS",
      "tf": "1d",
      "bars_used": 350,
      "close": 7897.0,
      "sma20": 7709.1,
      "sma50": 7917.1,
      "trend_ok": true,
      "prior_downtrend_ok": true,
      "down_slope": -18.454409005628516,
      "fresh_uptrend_ok": true,
      "up_slope": 34.99393939393939,
      "up_hh_steps": 1,
      "up_hl_steps": 2,
      "up_pivot_highs": 2,
      "up_pivot_lows": 3,
      "resistance": 8022.5,
      "pullback_from_resistance_pct": 1.564350264880025,
      "state": "correction",
      "rank_score": 2.898461836969218
    },
    {
      "ticker": "MRPL.NS",
      "tf": "1d",
      "bars_used": 350,
      "close": 154.2899932861328,
      "sma20": 147.8289993286133,
      "sma50": 153.88079986572265,
      "trend_ok": true,
      "prior_downtrend_ok": true,
      "down_slope": -0.7808114500922513,
      "fresh_uptrend_ok": true,
      "up_slope": 0.8313334147135417,
      "up_hh_steps": 1,
      "up_hl_steps": 1,
      "up_pivot_highs": 2,
      "up_pivot_lows": 2,
      "resistance": 164.0,
      "pullback_from_resistance_pct": 5.920735801138529,
      "state": "correction",
      "rank_score": 1.9783269355195778
    },
    {
      "ticker": "POLYPLEX.NS",
      "tf": "1d",
      "bars_used": 350,
      "close": 840.5999755859375,
      "sma20": 834.120004272461,
      "sma50": 834.4105480957031,
      "trend_ok": true,
      "prior_downtrend_ok": true,
      "down_slope": -1.2638778199845362,
      "fresh_uptrend_ok": true,
      "up_slope": 1.8990915009469698,
      "up_hh_steps": 1,
      "up_hl_steps": 1,
      "up_pivot_highs": 2,
      "up_pivot_lows": 4,
      "resistance": 912.5,
      "pullback_from_resistance_pct": 7.879454730308219,
      "state": "uptrend",
      "rank_score": 1.3785022430370177
    }
  ]
}