{
  "updated_utc": "2026-01-23T22:34:58.542230+00:00",
  "tf": "1d",
  "params": {
    "n_down": 40,
    "n_up": 10,
    "n_corr": 8,
    "sma_slow": 50,
    "sma_fast": 20,
    "pivot_strength": 1,
    "min_hh_steps": 1,
    "min_hl_steps": 1,
    "corr_min_pct": 0.5,
    "corr_max_pct": 12.0,
    "near_resistance_pct": 6.0,
    "breakout_wiggle_pct": 0.2
  },
  "count": 1,
  "data": [
    {
      "ticker": "STYLEBAAZA.NS",
      "tf": "1d",
      "bars_used": 346,
      "close": 327.8500061035156,
      "sma20": 275.6474998474121,
      "sma50": 280.4449996948242,
      "trend_ok": true,
      "prior_downtrend_ok": true,
      "down_slope": -1.009474678826824,
      "fresh_uptrend_ok": true,
      "up_slope": 11.976667739405777,
      "up_hh_steps": 1,
      "up_hl_steps": 1,
      "up_pivot_highs": 2,
      "up_pivot_lows": 2,
      "resistance": 344.8999938964844,
      "pullback_from_resistance_pct": 4.943458421192667,
      "state": "correction",
      "rank_score": 2.3260902631345552
    }
  ]
}