{
  "updated_utc": "2026-01-22T20:50:11.540956+00:00",
  "tf": "1d",
  "params": {
    "n_down": 40,
    "n_up": 10,
    "n_corr": 8,
    "sma_slow": 50,
    "sma_fast": 20,
    "pivot_strength": 1,
    "min_hh_steps": 1,
    "min_hl_steps": 1,
    "corr_min_pct": 0.5,
    "corr_max_pct": 12.0,
    "near_resistance_pct": 6.0,
    "breakout_wiggle_pct": 0.2
  },
  "count": 6,
  "data": [
    {
      "ticker": "INDIANB.NS",
      "tf": "1d",
      "bars_used": 350,
      "close": 850.5499877929688,
      "sma20": 833.5350036621094,
      "sma50": 829.8930017089843,
      "trend_ok": true,
      "prior_downtrend_ok": true,
      "down_slope": -1.809587197366396,
      "fresh_uptrend_ok": true,
      "up_slope": 3.406966145833333,
      "up_hh_steps": 2,
      "up_hl_steps": 1,
      "up_pivot_highs": 3,
      "up_pivot_lows": 2,
      "resistance": 869.3499755859375,
      "pullback_from_resistance_pct": 2.16253388404338,
      "state": "correction",
      "rank_score": 2.9091819356897544
    },
    {
      "ticker": "HMVL.NS",
      "tf": "1d",
      "bars_used": 350,
      "close": 70.23999786376953,
      "sma20": 69.27349891662598,
      "sma50": 68.74559936523437,
      "trend_ok": true,
      "prior_downtrend_ok": true,
      "down_slope": -0.016669843433945532,
      "fresh_uptrend_ok": true,
      "up_slope": 0.38690925366950757,
      "up_hh_steps": 1,
      "up_hl_steps": 2,
      "up_pivot_highs": 2,
      "up_pivot_lows": 3,
      "resistance": 71.6500015258789,
      "pullback_from_resistance_pct": 1.9679045807139344,
      "state": "correction",
      "rank_score": 2.874836204178037
    },
    {
      "ticker": "INDIAMART.NS",
      "tf": "1d",
      "bars_used": 350,
      "close": 2264.60009765625,
      "sma20": 2188.075,
      "sma50": 2262.8040087890627,
      "trend_ok": true,
      "prior_downtrend_ok": true,
      "down_slope": -6.699897099078037,
      "fresh_uptrend_ok": true,
      "up_slope": 8.813950047348484,
      "up_hh_steps": 1,
      "up_hl_steps": 1,
      "up_pivot_highs": 2,
      "up_pivot_lows": 3,
      "resistance": 2304.0,
      "pullback_from_resistance_pct": 1.710065205891927,
      "state": "correction",
      "rank_score": 2.72191686001422
    },
    {
      "ticker": "INDSWFTLAB.NS",
      "tf": "1d",
      "bars_used": 350,
      "close": 106.27999877929688,
      "sma20": 95.46950035095215,
      "sma50": 95.85720031738282,
      "trend_ok": true,
      "prior_downtrend_ok": true,
      "down_slope": -0.2642288973810078,
      "fresh_uptrend_ok": true,
      "up_slope": 2.3321208144679213,
      "up_hh_steps": 2,
      "up_hl_steps": 1,
      "up_pivot_highs": 3,
      "up_pivot_lows": 2,
      "resistance": 113.66000366210938,
      "pullback_from_resistance_pct": 6.493053532491447,
      "state": "uptrend",
      "rank_score": 1.6939735765577466
    },
    {
      "ticker": "IMAGICAA.NS",
      "tf": "1d",
      "bars_used": 350,
      "close": 49.119998931884766,
      "sma20": 48.813500213623044,
      "sma50": 49.03999984741211,
      "trend_ok": true,
      "prior_downtrend_ok": true,
      "down_slope": -0.07764819898480099,
      "fresh_uptrend_ok": true,
      "up_slope": 0.2647879629424124,
      "up_hh_steps": 2,
      "up_hl_steps": 1,
      "up_pivot_highs": 3,
      "up_pivot_lows": 2,
      "resistance": 54.5,
      "pullback_from_resistance_pct": 9.87156159287199,
      "state": "uptrend",
      "rank_score": 1.5594843539081744
    },
    {
      "ticker": "IFCI.NS",
      "tf": "1d",
      "bars_used": 350,
      "close": 58.560001373291016,
      "sma20": 54.46149940490723,
      "sma50": 52.15359977722168,
      "trend_ok": true,
      "prior_downtrend_ok": true,
      "down_slope": -0.029501873109398818,
      "fresh_uptrend_ok": true,
      "up_slope": 1.0606667027328953,
      "up_hh_steps": 1,
      "up_hl_steps": 1,
      "up_pivot_highs": 2,
      "up_pivot_lows": 2,
      "resistance": 63.47999954223633,
      "pullback_from_resistance_pct": 7.750469761222664,
      "state": "uptrend",
      "rank_score": 1.5193793058746412
    }
  ]
}