{
  "updated_utc": "2026-01-23T22:40:19.850114+00:00",
  "tf": "1d",
  "params": {
    "n_down": 40,
    "n_up": 10,
    "n_corr": 8,
    "sma_slow": 50,
    "sma_fast": 20,
    "pivot_strength": 1,
    "min_hh_steps": 1,
    "min_hl_steps": 1,
    "corr_min_pct": 0.5,
    "corr_max_pct": 12.0,
    "near_resistance_pct": 6.0,
    "breakout_wiggle_pct": 0.2
  },
  "count": 10,
  "data": [
    {
      "ticker": "DBCORP.NS",
      "tf": "1d",
      "bars_used": 350,
      "close": 256.6000061035156,
      "sma20": 251.45005569458007,
      "sma50": 253.18731506347658,
      "trend_ok": true,
      "prior_downtrend_ok": true,
      "down_slope": -0.022358269897231914,
      "fresh_uptrend_ok": true,
      "up_slope": 1.5211363821318655,
      "up_hh_steps": 1,
      "up_hl_steps": 1,
      "up_pivot_highs": 3,
      "up_pivot_lows": 3,
      "resistance": 259.86897412064366,
      "pullback_from_resistance_pct": 1.2579293192616443,
      "state": "correction",
      "rank_score": 2.8980475052427637
    },
    {
      "ticker": "COLPAL.NS",
      "tf": "1d",
      "bars_used": 350,
      "close": 2179.60009765625,
      "sma20": 2095.865020751953,
      "sma50": 2126.875998535156,
      "trend_ok": true,
      "prior_downtrend_ok": true,
      "down_slope": -3.2288729154146636,
      "fresh_uptrend_ok": true,
      "up_slope": 9.72243134469697,
      "up_hh_steps": 1,
      "up_hl_steps": 1,
      "up_pivot_highs": 2,
      "up_pivot_lows": 3,
      "resistance": 2209.89990234375,
      "pullback_from_resistance_pct": 1.3710939873505124,
      "state": "correction",
      "rank_score": 2.888770494082742
    },
    {
      "ticker": "AEROENTER.NS",
      "tf": "1d",
      "bars_used": 152,
      "close": 86.12999725341797,
      "sma20": 84.22250022888184,
      "sma50": 84.31079971313477,
      "trend_ok": true,
      "prior_downtrend_ok": true,
      "down_slope": -0.007555279901729963,
      "fresh_uptrend_ok": true,
      "up_slope": 0.14533303000710227,
      "up_hh_steps": 2,
      "up_hl_steps": 1,
      "up_pivot_highs": 3,
      "up_pivot_lows": 3,
      "resistance": 84.80000305175781,
      "pullback_from_resistance_pct": -1.5683893323074436,
      "state": "uptrend",
      "rank_score": 2.7250879710075497
    },
    {
      "ticker": "BHARATGEAR.NS",
      "tf": "1d",
      "bars_used": 350,
      "close": 112.3499984741211,
      "sma20": 108.53000030517578,
      "sma50": 107.86500030517578,
      "trend_ok": true,
      "prior_downtrend_ok": true,
      "down_slope": -0.0641988879520495,
      "fresh_uptrend_ok": true,
      "up_slope": 0.6314546064897018,
      "up_hh_steps": 1,
      "up_hl_steps": 1,
      "up_pivot_highs": 2,
      "up_pivot_lows": 3,
      "resistance": 112.0,
      "pullback_from_resistance_pct": -0.3124986376081194,
      "state": "uptrend",
      "rank_score": 2.5699308646119667
    },
    {
      "ticker": "ACI.NS",
      "tf": "1d",
      "bars_used": 350,
      "close": 548.3499755859375,
      "sma20": 537.7375,
      "sma50": 531.7960009765625,
      "trend_ok": true,
      "prior_downtrend_ok": true,
      "down_slope": -0.7983254667070973,
      "fresh_uptrend_ok": true,
      "up_slope": 4.099087801846591,
      "up_hh_steps": 1,
      "up_hl_steps": 2,
      "up_pivot_highs": 2,
      "up_pivot_lows": 3,
      "resistance": 570.9000244140625,
      "pullback_from_resistance_pct": 3.94991204480487,
      "state": "correction",
      "rank_score": 2.565917596190675
    },
    {
      "ticker": "ASHIANA.NS",
      "tf": "1d",
      "bars_used": 350,
      "close": 291.95001220703125,
      "sma20": 288.62250061035155,
      "sma50": 293.05300170898437,
      "trend_ok": true,
      "prior_downtrend_ok": true,
      "down_slope": -0.38346623175587036,
      "fresh_uptrend_ok": true,
      "up_slope": 1.1727278275923296,
      "up_hh_steps": 1,
      "up_hl_steps": 1,
      "up_pivot_highs": 3,
      "up_pivot_lows": 3,
      "resistance": 301.0,
      "pullback_from_resistance_pct": 3.0066404627803154,
      "state": "uptrend",
      "rank_score": 2.009838504907027
    },
    {
      "ticker": "AARTISURF.NS",
      "tf": "1d",
      "bars_used": 350,
      "close": 434.6000061035156,
      "sma20": 391.87250061035155,
      "sma50": 409.98399841308594,
      "trend_ok": true,
      "prior_downtrend_ok": true,
      "down_slope": -1.9893244788078608,
      "fresh_uptrend_ok": true,
      "up_slope": 8.98060820608428,
      "up_hh_steps": 1,
      "up_hl_steps": 1,
      "up_pivot_highs": 2,
      "up_pivot_lows": 2,
      "resistance": 488.8999938964844,
      "pullback_from_resistance_pct": 11.106563401689423,
      "state": "uptrend",
      "rank_score": 1.5330391755159634
    },
    {
      "ticker": "ANGELONE.NS",
      "tf": "1d",
      "bars_used": 350,
      "close": 2566.60009765625,
      "sma20": 2451.563427734375,
      "sma50": 2554.5841015625,
      "trend_ok": true,
      "prior_downtrend_ok": true,
      "down_slope": -11.56273360547608,
      "fresh_uptrend_ok": true,
      "up_slope": 31.95780362215909,
      "up_hh_steps": 1,
      "up_hl_steps": 1,
      "up_pivot_highs": 2,
      "up_pivot_lows": 2,
      "resistance": 2754.3541460634224,
      "pullback_from_resistance_pct": 6.816627000399139,
      "state": "uptrend",
      "rank_score": 1.5021525538793834
    },
    {
      "ticker": "ANTELOPUS.NS",
      "tf": "1d",
      "bars_used": 90,
      "close": 440.20001220703125,
      "sma20": 410.1599975585938,
      "sma50": 423.8329998779297,
      "trend_ok": true,
      "prior_downtrend_ok": true,
      "down_slope": -2.81820378401937,
      "fresh_uptrend_ok": true,
      "up_slope": 10.236969918915719,
      "up_hh_steps": 1,
      "up_hl_steps": 1,
      "up_pivot_highs": 2,
      "up_pivot_lows": 2,
      "resistance": 519.25,
      "pullback_from_resistance_pct": 15.2238782461182,
      "state": "uptrend",
      "rank_score": 1.4803818092192258
    },
    {
      "ticker": "BALAMINES.NS",
      "tf": "1d",
      "bars_used": 350,
      "close": 1210.4000244140625,
      "sma20": 1166.6200012207032,
      "sma50": 1155.6380004882812,
      "trend_ok": true,
      "prior_downtrend_ok": true,
      "down_slope": -2.6406102278890127,
      "fresh_uptrend_ok": true,
      "up_slope": 7.070295484138257,
      "up_hh_steps": 1,
      "up_hl_steps": 1,
      "up_pivot_highs": 2,
      "up_pivot_lows": 3,
      "resistance": 1333.0999755859375,
      "pullback_from_resistance_pct": 9.204107225187268,
      "state": "uptrend",
      "rank_score": 1.3846359339057606
    }
  ]
}