{
  "updated_utc": "2026-01-20T21:02:56.326429+00:00",
  "tf": "1d",
  "params": {
    "n_down": 40,
    "n_up": 10,
    "n_corr": 8,
    "sma_slow": 50,
    "sma_fast": 20,
    "pivot_strength": 1,
    "min_hh_steps": 1,
    "min_hl_steps": 1,
    "corr_min_pct": 0.5,
    "corr_max_pct": 12.0,
    "near_resistance_pct": 6.0,
    "breakout_wiggle_pct": 0.2
  },
  "count": 5,
  "data": [
    {
      "ticker": "IFCI.NS",
      "tf": "1d",
      "bars_used": 350,
      "close": 62.16999816894531,
      "sma20": 53.95449943542481,
      "sma50": 52.017799835205075,
      "trend_ok": true,
      "prior_downtrend_ok": true,
      "down_slope": -0.061642605278773785,
      "fresh_uptrend_ok": true,
      "up_slope": 1.249696650649562,
      "up_hh_steps": 1,
      "up_hl_steps": 1,
      "up_pivot_highs": 2,
      "up_pivot_lows": 2,
      "resistance": 59.599998474121094,
      "pullback_from_resistance_pct": -4.312080135270705,
      "state": "uptrend",
      "rank_score": 3.2676281064318986
    },
    {
      "ticker": "INDSWFTLAB.NS",
      "tf": "1d",
      "bars_used": 350,
      "close": 111.44000244140625,
      "sma20": 94.14100036621093,
      "sma50": 95.73460037231445,
      "trend_ok": true,
      "prior_downtrend_ok": true,
      "down_slope": -0.2917710939446712,
      "fresh_uptrend_ok": true,
      "up_slope": 2.427697060324929,
      "up_hh_steps": 1,
      "up_hl_steps": 2,
      "up_pivot_highs": 2,
      "up_pivot_lows": 3,
      "resistance": 113.05000305175781,
      "pullback_from_resistance_pct": 1.424149108261814,
      "state": "correction",
      "rank_score": 3.0126372311340237
    },
    {
      "ticker": "IMAGICAA.NS",
      "tf": "1d",
      "bars_used": 350,
      "close": 52.77000045776367,
      "sma20": 48.570500183105466,
      "sma50": 49.10179977416992,
      "trend_ok": true,
      "prior_downtrend_ok": true,
      "down_slope": -0.10315945179780026,
      "fresh_uptrend_ok": true,
      "up_slope": 0.4853940096768466,
      "up_hh_steps": 2,
      "up_hl_steps": 2,
      "up_pivot_highs": 3,
      "up_pivot_lows": 3,
      "resistance": 53.0,
      "pullback_from_resistance_pct": 0.4339614004459021,
      "state": "uptrend",
      "rank_score": 2.7109672089792016
    },
    {
      "ticker": "EMKAY.NS",
      "tf": "1d",
      "bars_used": 350,
      "close": 289.04998779296875,
      "sma20": 274.23999938964846,
      "sma50": 281.39299865722654,
      "trend_ok": true,
      "prior_downtrend_ok": true,
      "down_slope": -1.00017358375535,
      "fresh_uptrend_ok": true,
      "up_slope": 0.3175742409446023,
      "up_hh_steps": 1,
      "up_hl_steps": 1,
      "up_pivot_highs": 3,
      "up_pivot_lows": 2,
      "resistance": 298.6499938964844,
      "pullback_from_resistance_pct": 3.2144672023141245,
      "state": "correction",
      "rank_score": 2.3382130403855155
    },
    {
      "ticker": "JSLL.NS",
      "tf": "1d",
      "bars_used": 350,
      "close": 713.7999877929688,
      "sma20": 697.2100006103516,
      "sma50": 707.5740002441406,
      "trend_ok": true,
      "prior_downtrend_ok": true,
      "down_slope": -0.8702723576472355,
      "fresh_uptrend_ok": true,
      "up_slope": 5.861210493607954,
      "up_hh_steps": 1,
      "up_hl_steps": 1,
      "up_pivot_highs": 3,
      "up_pivot_lows": 2,
      "resistance": 731.9500122070312,
      "pullback_from_resistance_pct": 2.47968086773237,
      "state": "uptrend",
      "rank_score": 2.124686229653586
    }
  ]
}