{
  "updated_utc": "2026-01-20T20:57:50.305962+00:00",
  "tf": "1d",
  "params": {
    "n_down": 40,
    "n_up": 10,
    "n_corr": 8,
    "sma_slow": 50,
    "sma_fast": 20,
    "pivot_strength": 1,
    "min_hh_steps": 1,
    "min_hl_steps": 1,
    "corr_min_pct": 0.5,
    "corr_max_pct": 12.0,
    "near_resistance_pct": 6.0,
    "breakout_wiggle_pct": 0.2
  },
  "count": 4,
  "data": [
    {
      "ticker": "MIDHANI.NS",
      "tf": "1d",
      "bars_used": 350,
      "close": 362.6499938964844,
      "sma20": 343.4725006103516,
      "sma50": 333.36299987792967,
      "trend_ok": true,
      "prior_downtrend_ok": true,
      "down_slope": -0.9914492895187178,
      "fresh_uptrend_ok": true,
      "up_slope": 0.6812113444010417,
      "up_hh_steps": 1,
      "up_hl_steps": 1,
      "up_pivot_highs": 3,
      "up_pivot_lows": 3,
      "resistance": 366.45001220703125,
      "pullback_from_resistance_pct": 1.0369813573372184,
      "state": "correction",
      "rank_score": 2.7810926495461605
    },
    {
      "ticker": "MANAKSIA.NS",
      "tf": "1d",
      "bars_used": 350,
      "close": 66.5,
      "sma20": 64.5939998626709,
      "sma50": 63.52680000305176,
      "trend_ok": true,
      "prior_downtrend_ok": true,
      "down_slope": -0.08839775214275768,
      "fresh_uptrend_ok": true,
      "up_slope": 0.10642438946348248,
      "up_hh_steps": 1,
      "up_hl_steps": 1,
      "up_pivot_highs": 3,
      "up_pivot_lows": 2,
      "resistance": 69.69999694824219,
      "pullback_from_resistance_pct": 4.591100557175692,
      "state": "correction",
      "rank_score": 2.1418031596303675
    },
    {
      "ticker": "MTARTECH.NS",
      "tf": "1d",
      "bars_used": 350,
      "close": 2646.89990234375,
      "sma20": 2516.665002441406,
      "sma50": 2494.4419873046877,
      "trend_ok": true,
      "prior_downtrend_ok": true,
      "down_slope": -6.864024504756391,
      "fresh_uptrend_ok": true,
      "up_slope": 13.534534801136363,
      "up_hh_steps": 1,
      "up_hl_steps": 1,
      "up_pivot_highs": 2,
      "up_pivot_lows": 2,
      "resistance": 2809.0,
      "pullback_from_resistance_pct": 5.770740393600925,
      "state": "correction",
      "rank_score": 2.1232281399165163
    },
    {
      "ticker": "POLYPLEX.NS",
      "tf": "1d",
      "bars_used": 350,
      "close": 843.75,
      "sma20": 831.9550048828125,
      "sma50": 840.4004052734375,
      "trend_ok": true,
      "prior_downtrend_ok": true,
      "down_slope": -2.3978201517244666,
      "fresh_uptrend_ok": true,
      "up_slope": 1.463634883996212,
      "up_hh_steps": 1,
      "up_hl_steps": 1,
      "up_pivot_highs": 3,
      "up_pivot_lows": 4,
      "resistance": 912.5,
      "pullback_from_resistance_pct": 7.534246575342466,
      "state": "uptrend",
      "rank_score": 1.3484089233774692
    }
  ]
}