{
  "updated_utc": "2026-01-23T23:05:17.613595+00:00",
  "tf": "1d",
  "params": {
    "n_down": 40,
    "n_up": 10,
    "n_corr": 8,
    "sma_slow": 50,
    "sma_fast": 20,
    "pivot_strength": 1,
    "min_hh_steps": 1,
    "min_hl_steps": 1,
    "corr_min_pct": 0.5,
    "corr_max_pct": 12.0,
    "near_resistance_pct": 6.0,
    "breakout_wiggle_pct": 0.2
  },
  "count": 3,
  "data": [
    {
      "ticker": "ZENSARTECH.NS",
      "tf": "1d",
      "bars_used": 350,
      "close": 722.2999877929688,
      "sma20": 709.1075012207032,
      "sma50": 722.3760009765625,
      "trend_ok": true,
      "prior_downtrend_ok": true,
      "down_slope": -0.3875794373131156,
      "fresh_uptrend_ok": true,
      "up_slope": 0.005453213778409091,
      "up_hh_steps": 1,
      "up_hl_steps": 1,
      "up_pivot_highs": 2,
      "up_pivot_lows": 3,
      "resistance": 732.6500244140625,
      "pullback_from_resistance_pct": 1.4126849486384991,
      "state": "correction",
      "rank_score": 2.61535747489713
    },
    {
      "ticker": "XPROINDIA.NS",
      "tf": "1d",
      "bars_used": 350,
      "close": 1024.199951171875,
      "sma20": 968.9050018310547,
      "sma50": 986.2479956054688,
      "trend_ok": true,
      "prior_downtrend_ok": true,
      "down_slope": -2.5351119508439113,
      "fresh_uptrend_ok": true,
      "up_slope": 20.150905909682766,
      "up_hh_steps": 1,
      "up_hl_steps": 2,
      "up_pivot_highs": 2,
      "up_pivot_lows": 3,
      "resistance": 1133.800048828125,
      "pullback_from_resistance_pct": 9.66661606422849,
      "state": "uptrend",
      "rank_score": 1.602769767593303
    },
    {
      "ticker": "WINDLAS.NS",
      "tf": "1d",
      "bars_used": 350,
      "close": 803.5499877929688,
      "sma20": 792.1475036621093,
      "sma50": 788.9809997558593,
      "trend_ok": true,
      "prior_downtrend_ok": true,
      "down_slope": -0.48171668419471153,
      "fresh_uptrend_ok": true,
      "up_slope": 6.354238799124053,
      "up_hh_steps": 1,
      "up_hl_steps": 1,
      "up_pivot_highs": 2,
      "up_pivot_lows": 2,
      "resistance": 950.0,
      "pullback_from_resistance_pct": 15.415790758634868,
      "state": "uptrend",
      "rank_score": 1.4549838315561316
    }
  ]
}