{
  "updated_utc": "2026-01-16T13:50:00.294447+00:00",
  "tf": "1d",
  "params": {
    "n_down": 40,
    "n_up": 10,
    "n_corr": 8,
    "sma_slow": 50,
    "sma_fast": 20,
    "pivot_strength": 1,
    "min_hh_steps": 1,
    "min_hl_steps": 1,
    "corr_min_pct": 0.5,
    "corr_max_pct": 12.0,
    "near_resistance_pct": 6.0,
    "breakout_wiggle_pct": 0.2
  },
  "count": 5,
  "data": [
    {
      "ticker": "IMAGICAA.NS",
      "tf": "1d",
      "bars_used": 350,
      "close": 52.560001373291016,
      "sma20": 48.079999923706055,
      "sma50": 49.05439979553223,
      "trend_ok": true,
      "prior_downtrend_ok": true,
      "down_slope": -0.11805064754235588,
      "fresh_uptrend_ok": true,
      "up_slope": 0.40509093313506156,
      "up_hh_steps": 1,
      "up_hl_steps": 2,
      "up_pivot_highs": 2,
      "up_pivot_lows": 3,
      "resistance": 50.290000915527344,
      "pullback_from_resistance_pct": -4.513820672973572,
      "state": "uptrend",
      "rank_score": 3.3786294808778763
    },
    {
      "ticker": "JSLL.NS",
      "tf": "1d",
      "bars_used": 350,
      "close": 729.5999755859375,
      "sma20": 698.8649993896485,
      "sma50": 711.6420007324218,
      "trend_ok": true,
      "prior_downtrend_ok": true,
      "down_slope": -1.2707179772697292,
      "fresh_uptrend_ok": true,
      "up_slope": 4.9039384321732955,
      "up_hh_steps": 1,
      "up_hl_steps": 1,
      "up_pivot_highs": 2,
      "up_pivot_lows": 2,
      "resistance": 704.0,
      "pullback_from_resistance_pct": -3.6363601684570312,
      "state": "uptrend",
      "rank_score": 3.1141073601477585
    },
    {
      "ticker": "INDSWFTLAB.NS",
      "tf": "1d",
      "bars_used": 350,
      "close": 100.72000122070312,
      "sma20": 92.39450073242188,
      "sma50": 95.320400390625,
      "trend_ok": true,
      "prior_downtrend_ok": true,
      "down_slope": -0.29632081251878006,
      "fresh_uptrend_ok": true,
      "up_slope": 0.9727274576822916,
      "up_hh_steps": 1,
      "up_hl_steps": 1,
      "up_pivot_highs": 2,
      "up_pivot_lows": 2,
      "resistance": 97.83999633789062,
      "pullback_from_resistance_pct": -2.943586458104922,
      "state": "uptrend",
      "rank_score": 2.976638564142417
    },
    {
      "ticker": "ETERNAL.NS",
      "tf": "1d",
      "bars_used": 350,
      "close": 299.25,
      "sma20": 284.3799987792969,
      "sma50": 293.8919995117187,
      "trend_ok": true,
      "prior_downtrend_ok": true,
      "down_slope": -0.7794369867550276,
      "fresh_uptrend_ok": true,
      "up_slope": 1.500607022372159,
      "up_hh_steps": 1,
      "up_hl_steps": 1,
      "up_pivot_highs": 2,
      "up_pivot_lows": 2,
      "resistance": 292.8999938964844,
      "pullback_from_resistance_pct": -2.167977547230616,
      "state": "uptrend",
      "rank_score": 2.8626303949858345
    },
    {
      "ticker": "ENTERO.NS",
      "tf": "1d",
      "bars_used": 350,
      "close": 1211.300048828125,
      "sma20": 1073.4249938964845,
      "sma50": 1065.1739990234375,
      "trend_ok": true,
      "prior_downtrend_ok": true,
      "down_slope": -4.373536885388573,
      "fresh_uptrend_ok": true,
      "up_slope": 11.865455581202651,
      "up_hh_steps": 1,
      "up_hl_steps": 1,
      "up_pivot_highs": 2,
      "up_pivot_lows": 2,
      "resistance": 1247.5,
      "pullback_from_resistance_pct": 2.9017996931362724,
      "state": "correction",
      "rank_score": 2.666366717810621
    }
  ]
}