{
  "updated_utc": "2026-01-23T23:07:48.082945+00:00",
  "tf": "1d",
  "params": {
    "n_down": 40,
    "n_up": 10,
    "n_corr": 8,
    "sma_slow": 50,
    "sma_fast": 20,
    "pivot_strength": 1,
    "min_hh_steps": 1,
    "min_hl_steps": 1,
    "corr_min_pct": 0.5,
    "corr_max_pct": 12.0,
    "near_resistance_pct": 6.0,
    "breakout_wiggle_pct": 0.2
  },
  "count": 10,
  "data": [
    {
      "ticker": "INDIANB.NS",
      "tf": "1d",
      "bars_used": 350,
      "close": 896.75,
      "sma20": 839.5125030517578,
      "sma50": 830.4390014648437,
      "trend_ok": true,
      "prior_downtrend_ok": true,
      "down_slope": -1.6442728983752053,
      "fresh_uptrend_ok": true,
      "up_slope": 5.629086766098485,
      "up_hh_steps": 2,
      "up_hl_steps": 1,
      "up_pivot_highs": 3,
      "up_pivot_lows": 3,
      "resistance": 869.3499755859375,
      "pullback_from_resistance_pct": -3.1517829623903793,
      "state": "uptrend",
      "rank_score": 3.2027020049394777
    },
    {
      "ticker": "JKLAKSHMI.NS",
      "tf": "1d",
      "bars_used": 350,
      "close": 793.0499877929688,
      "sma20": 776.9699981689453,
      "sma50": 779.5469970703125,
      "trend_ok": true,
      "prior_downtrend_ok": true,
      "down_slope": -0.4593011337194389,
      "fresh_uptrend_ok": true,
      "up_slope": 5.3127267548532195,
      "up_hh_steps": 1,
      "up_hl_steps": 1,
      "up_pivot_highs": 2,
      "up_pivot_lows": 3,
      "resistance": 810.9500122070312,
      "pullback_from_resistance_pct": 2.2072907262615242,
      "state": "correction",
      "rank_score": 2.7504691219015913
    },
    {
      "ticker": "JINDALSTEL.NS",
      "tf": "1d",
      "bars_used": 350,
      "close": 1076.0,
      "sma20": 1041.6050018310548,
      "sma50": 1032.0460009765625,
      "trend_ok": true,
      "prior_downtrend_ok": true,
      "down_slope": -0.41490617075735814,
      "fresh_uptrend_ok": true,
      "up_slope": 5.510306433475379,
      "up_hh_steps": 1,
      "up_hl_steps": 1,
      "up_pivot_highs": 2,
      "up_pivot_lows": 2,
      "resistance": 1063.800048828125,
      "pullback_from_resistance_pct": -1.1468274686877844,
      "state": "uptrend",
      "rank_score": 2.734538972803927
    },
    {
      "ticker": "HINDUNILVR.NS",
      "tf": "1d",
      "bars_used": 350,
      "close": 2390.60009765625,
      "sma20": 2361.8999877929687,
      "sma50": 2364.2380029296874,
      "trend_ok": true,
      "prior_downtrend_ok": true,
      "down_slope": -3.4135278182897513,
      "fresh_uptrend_ok": true,
      "up_slope": 0.1860632694128788,
      "up_hh_steps": 1,
      "up_hl_steps": 2,
      "up_pivot_highs": 2,
      "up_pivot_lows": 3,
      "resistance": 2439.0,
      "pullback_from_resistance_pct": 1.9844158402521523,
      "state": "correction",
      "rank_score": 2.6285551697634166
    },
    {
      "ticker": "HMVL.NS",
      "tf": "1d",
      "bars_used": 350,
      "close": 71.08000183105469,
      "sma20": 69.24399909973144,
      "sma50": 68.74179946899415,
      "trend_ok": true,
      "prior_downtrend_ok": true,
      "down_slope": -0.006330268960061708,
      "fresh_uptrend_ok": true,
      "up_slope": 0.5051516908587832,
      "up_hh_steps": 1,
      "up_hl_steps": 3,
      "up_pivot_highs": 2,
      "up_pivot_lows": 4,
      "resistance": 71.6500015258789,
      "pullback_from_resistance_pct": 0.7955334022126201,
      "state": "uptrend",
      "rank_score": 2.61741109963123
    },
    {
      "ticker": "IMAGICAA.NS",
      "tf": "1d",
      "bars_used": 350,
      "close": 52.25,
      "sma20": 49.07350025177002,
      "sma50": 49.0365998840332,
      "trend_ok": true,
      "prior_downtrend_ok": true,
      "down_slope": -0.06374857510679435,
      "fresh_uptrend_ok": true,
      "up_slope": 0.20903045191909328,
      "up_hh_steps": 1,
      "up_hl_steps": 1,
      "up_pivot_highs": 2,
      "up_pivot_lows": 3,
      "resistance": 54.5,
      "pullback_from_resistance_pct": 4.128440366972478,
      "state": "correction",
      "rank_score": 2.2966097496659024
    },
    {
      "ticker": "INDSWFTLAB.NS",
      "tf": "1d",
      "bars_used": 350,
      "close": 106.8499984741211,
      "sma20": 96.21700019836426,
      "sma50": 95.94280029296876,
      "trend_ok": true,
      "prior_downtrend_ok": true,
      "down_slope": -0.2347682881310554,
      "fresh_uptrend_ok": true,
      "up_slope": 2.2790906039151277,
      "up_hh_steps": 1,
      "up_hl_steps": 2,
      "up_pivot_highs": 2,
      "up_pivot_lows": 3,
      "resistance": 113.66000366210938,
      "pullback_from_resistance_pct": 5.991558128251689,
      "state": "correction",
      "rank_score": 2.2411986792237064
    },
    {
      "ticker": "EMKAY.NS",
      "tf": "1d",
      "bars_used": 350,
      "close": 286.54998779296875,
      "sma20": 276.29249877929686,
      "sma50": 280.4849981689453,
      "trend_ok": true,
      "prior_downtrend_ok": true,
      "down_slope": -0.7941415897677138,
      "fresh_uptrend_ok": true,
      "up_slope": 3.3915138938210228,
      "up_hh_steps": 1,
      "up_hl_steps": 2,
      "up_pivot_highs": 3,
      "up_pivot_lows": 3,
      "resistance": 294.79998779296875,
      "pullback_from_resistance_pct": 2.7985075785667215,
      "state": "uptrend",
      "rank_score": 2.1564435738659737
    },
    {
      "ticker": "IFCI.NS",
      "tf": "1d",
      "bars_used": 350,
      "close": 58.79999923706055,
      "sma20": 54.747999382019046,
      "sma50": 52.23619979858398,
      "trend_ok": true,
      "prior_downtrend_ok": true,
      "down_slope": -0.01967354965925664,
      "fresh_uptrend_ok": true,
      "up_slope": 0.7609092018821023,
      "up_hh_steps": 1,
      "up_hl_steps": 1,
      "up_pivot_highs": 2,
      "up_pivot_lows": 2,
      "resistance": 63.47999954223633,
      "pullback_from_resistance_pct": 7.37240129005034,
      "state": "uptrend",
      "rank_score": 1.4778640285328613
    },
    {
      "ticker": "JAIBALAJI.NS",
      "tf": "1d",
      "bars_used": 350,
      "close": 69.51000213623047,
      "sma20": 69.48150100708008,
      "sma50": 68.1440005493164,
      "trend_ok": true,
      "prior_downtrend_ok": true,
      "down_slope": -0.14964914375577143,
      "fresh_uptrend_ok": true,
      "up_slope": 0.4341818144827178,
      "up_hh_steps": 1,
      "up_hl_steps": 1,
      "up_pivot_highs": 2,
      "up_pivot_lows": 2,
      "resistance": 74.5,
      "pullback_from_resistance_pct": 6.69798370975776,
      "state": "uptrend",
      "rank_score": 1.438895049536915
    }
  ]
}