{
  "updated_utc": "2026-01-20T21:02:51.692447+00:00",
  "tf": "1d",
  "params": {
    "n_down": 40,
    "n_up": 10,
    "n_corr": 8,
    "sma_slow": 50,
    "sma_fast": 20,
    "pivot_strength": 1,
    "min_hh_steps": 1,
    "min_hl_steps": 1,
    "corr_min_pct": 0.5,
    "corr_max_pct": 12.0,
    "near_resistance_pct": 6.0,
    "breakout_wiggle_pct": 0.2
  },
  "count": 4,
  "data": [
    {
      "ticker": "COLPAL.NS",
      "tf": "1d",
      "bars_used": 350,
      "close": 2178.0,
      "sma20": 2090.4700134277346,
      "sma50": 2130.791994628906,
      "trend_ok": true,
      "prior_downtrend_ok": true,
      "down_slope": -2.944868214447995,
      "fresh_uptrend_ok": true,
      "up_slope": 7.2090842507102275,
      "up_hh_steps": 1,
      "up_hl_steps": 1,
      "up_pivot_highs": 2,
      "up_pivot_lows": 2,
      "resistance": 2118.5,
      "pullback_from_resistance_pct": -2.8085909841869245,
      "state": "uptrend",
      "rank_score": 2.9319186471953635
    },
    {
      "ticker": "CRISIL.NS",
      "tf": "1d",
      "bars_used": 350,
      "close": 4809.60009765625,
      "sma20": 4511.6099853515625,
      "sma50": 4505.682021484375,
      "trend_ok": true,
      "prior_downtrend_ok": true,
      "down_slope": -10.409617629060154,
      "fresh_uptrend_ok": true,
      "up_slope": 26.62668087121212,
      "up_hh_steps": 1,
      "up_hl_steps": 1,
      "up_pivot_highs": 2,
      "up_pivot_lows": 2,
      "resistance": 4868.0,
      "pullback_from_resistance_pct": 1.1996693168395645,
      "state": "correction",
      "rank_score": 2.9128472327218224
    },
    {
      "ticker": "ALKEM.NS",
      "tf": "1d",
      "bars_used": 350,
      "close": 5748.0,
      "sma20": 5658.825,
      "sma50": 5662.87,
      "trend_ok": true,
      "prior_downtrend_ok": true,
      "down_slope": -5.759333958724203,
      "fresh_uptrend_ok": true,
      "up_slope": 20.763636363636362,
      "up_hh_steps": 1,
      "up_hl_steps": 1,
      "up_pivot_highs": 2,
      "up_pivot_lows": 2,
      "resistance": 5933.5,
      "pullback_from_resistance_pct": 3.126316676497851,
      "state": "correction",
      "rank_score": 2.5483446717138616
    },
    {
      "ticker": "BALAMINES.NS",
      "tf": "1d",
      "bars_used": 350,
      "close": 1276.199951171875,
      "sma20": 1145.9400024414062,
      "sma50": 1164.1760009765626,
      "trend_ok": true,
      "prior_downtrend_ok": true,
      "down_slope": -4.8932927516343225,
      "fresh_uptrend_ok": true,
      "up_slope": 24.274547230113637,
      "up_hh_steps": 1,
      "up_hl_steps": 1,
      "up_pivot_highs": 2,
      "up_pivot_lows": 2,
      "resistance": 1333.0999755859375,
      "pullback_from_resistance_pct": 4.268248852757891,
      "state": "correction",
      "rank_score": 2.434387160092549
    }
  ]
}