{
  "updated_utc": "2026-01-27T18:17:53.060743+00:00",
  "tf": "1d",
  "params": {
    "n_down": 40,
    "n_up": 10,
    "n_corr": 8,
    "sma_slow": 50,
    "sma_fast": 20,
    "pivot_strength": 1,
    "min_hh_steps": 1,
    "min_hl_steps": 1,
    "corr_min_pct": 0.5,
    "corr_max_pct": 12.0,
    "near_resistance_pct": 6.0,
    "breakout_wiggle_pct": 0.2
  },
  "count": 3,
  "data": [
    {
      "ticker": "COLPAL.NS",
      "tf": "1d",
      "bars_used": 350,
      "close": 2166.300048828125,
      "sma20": 2099.810028076172,
      "sma50": 2126.7480004882814,
      "trend_ok": true,
      "prior_downtrend_ok": true,
      "down_slope": -3.3354865612724263,
      "fresh_uptrend_ok": true,
      "up_slope": 8.669704367897728,
      "up_hh_steps": 1,
      "up_hl_steps": 1,
      "up_pivot_highs": 2,
      "up_pivot_lows": 3,
      "resistance": 2209.89990234375,
      "pullback_from_resistance_pct": 1.9729334106664456,
      "state": "correction",
      "rank_score": 2.7789124540089043
    },
    {
      "ticker": "ACI.NS",
      "tf": "1d",
      "bars_used": 350,
      "close": 552.7999877929688,
      "sma20": 539.1924987792969,
      "sma50": 530.2240002441406,
      "trend_ok": true,
      "prior_downtrend_ok": true,
      "down_slope": -0.48933847509674006,
      "fresh_uptrend_ok": true,
      "up_slope": 4.548785215435606,
      "up_hh_steps": 1,
      "up_hl_steps": 2,
      "up_pivot_highs": 2,
      "up_pivot_lows": 3,
      "resistance": 570.9000244140625,
      "pullback_from_resistance_pct": 3.170438929245193,
      "state": "correction",
      "rank_score": 2.707893869323914
    },
    {
      "ticker": "ANTELOPUS.NS",
      "tf": "1d",
      "bars_used": 91,
      "close": 505.0,
      "sma20": 414.0349975585938,
      "sma50": 422.58499938964843,
      "trend_ok": true,
      "prior_downtrend_ok": true,
      "down_slope": -2.4522374423315108,
      "fresh_uptrend_ok": true,
      "up_slope": 12.533334258108429,
      "up_hh_steps": 1,
      "up_hl_steps": 1,
      "up_pivot_highs": 2,
      "up_pivot_lows": 2,
      "resistance": 519.25,
      "pullback_from_resistance_pct": 2.74434280211844,
      "state": "uptrend",
      "rank_score": 2.0453539874294338
    }
  ]
}