{
  "updated_utc": "2026-01-16T13:50:00.470251+00:00",
  "tf": "1d",
  "params": {
    "n_down": 40,
    "n_up": 10,
    "n_corr": 8,
    "sma_slow": 50,
    "sma_fast": 20,
    "pivot_strength": 1,
    "min_hh_steps": 1,
    "min_hl_steps": 1,
    "corr_min_pct": 0.5,
    "corr_max_pct": 12.0,
    "near_resistance_pct": 6.0,
    "breakout_wiggle_pct": 0.2
  },
  "count": 2,
  "data": [
    {
      "ticker": "VERANDA.NS",
      "tf": "1d",
      "bars_used": 350,
      "close": 219.67999267578125,
      "sma20": 199.46600036621095,
      "sma50": 206.22080017089843,
      "trend_ok": true,
      "prior_downtrend_ok": true,
      "down_slope": -1.4028657623348273,
      "fresh_uptrend_ok": true,
      "up_slope": 1.2937569358132102,
      "up_hh_steps": 1,
      "up_hl_steps": 2,
      "up_pivot_highs": 3,
      "up_pivot_lows": 3,
      "resistance": 222.24000549316406,
      "pullback_from_resistance_pct": 1.1519135862609382,
      "state": "uptrend",
      "rank_score": 2.39099740383636
    },
    {
      "ticker": "URBANCO.NS",
      "tf": "1d",
      "bars_used": 84,
      "close": 136.30999755859375,
      "sma20": 131.211999130249,
      "sma50": 133.77719924926757,
      "trend_ok": true,
      "prior_downtrend_ok": true,
      "down_slope": -0.5330966319644205,
      "fresh_uptrend_ok": true,
      "up_slope": 0.2993332371567235,
      "up_hh_steps": 1,
      "up_hl_steps": 2,
      "up_pivot_highs": 3,
      "up_pivot_lows": 3,
      "resistance": 138.5,
      "pullback_from_resistance_pct": 1.5812291995712997,
      "state": "uptrend",
      "rank_score": 2.2350008287555427
    }
  ]
}