{
  "updated_utc": "2026-01-15T23:10:53.798184+00:00",
  "tf": "1d",
  "params": {
    "n_down": 40,
    "n_up": 10,
    "n_corr": 8,
    "sma_slow": 50,
    "sma_fast": 20,
    "pivot_strength": 1,
    "min_hh_steps": 1,
    "min_hl_steps": 1,
    "corr_min_pct": 0.5,
    "corr_max_pct": 12.0,
    "near_resistance_pct": 6.0,
    "breakout_wiggle_pct": 0.2
  },
  "count": 5,
  "data": [
    {
      "ticker": "MENONBE.NS",
      "tf": "1d",
      "bars_used": 350,
      "close": 126.91000366210938,
      "sma20": 112.37099990844726,
      "sma50": 111.43060012817382,
      "trend_ok": true,
      "prior_downtrend_ok": true,
      "down_slope": -0.32196528951848874,
      "fresh_uptrend_ok": true,
      "up_slope": 1.8956369111032196,
      "up_hh_steps": 1,
      "up_hl_steps": 1,
      "up_pivot_highs": 2,
      "up_pivot_lows": 2,
      "resistance": 125.0,
      "pullback_from_resistance_pct": -1.5280029296875002,
      "state": "uptrend",
      "rank_score": 2.8046671549479165
    },
    {
      "ticker": "KIRLPNU.NS",
      "tf": "1d",
      "bars_used": 350,
      "close": 1069.5999755859375,
      "sma20": 1043.6600036621094,
      "sma50": 1060.2220043945313,
      "trend_ok": true,
      "prior_downtrend_ok": true,
      "down_slope": -1.9704591675949812,
      "fresh_uptrend_ok": true,
      "up_slope": 1.1757583155776514,
      "up_hh_steps": 1,
      "up_hl_steps": 1,
      "up_pivot_highs": 2,
      "up_pivot_lows": 3,
      "resistance": 1085.199951171875,
      "pullback_from_resistance_pct": 1.4375208521795042,
      "state": "correction",
      "rank_score": 2.726343777620994
    },
    {
      "ticker": "MINDTECK.NS",
      "tf": "1d",
      "bars_used": 350,
      "close": 224.5399932861328,
      "sma20": 212.52399978637695,
      "sma50": 214.8263998413086,
      "trend_ok": true,
      "prior_downtrend_ok": true,
      "down_slope": -1.1193658295536577,
      "fresh_uptrend_ok": true,
      "up_slope": 0.6183029637192234,
      "up_hh_steps": 1,
      "up_hl_steps": 1,
      "up_pivot_highs": 3,
      "up_pivot_lows": 3,
      "resistance": 234.67999267578125,
      "pullback_from_resistance_pct": 4.320777103337141,
      "state": "uptrend",
      "rank_score": 1.5889174448184087
    },
    {
      "ticker": "ORIENTHOT.NS",
      "tf": "1d",
      "bars_used": 350,
      "close": 115.43000030517578,
      "sma20": 107.51599998474121,
      "sma50": 112.49679962158203,
      "trend_ok": true,
      "prior_downtrend_ok": true,
      "down_slope": -0.637124708937883,
      "fresh_uptrend_ok": true,
      "up_slope": 0.8760604858398438,
      "up_hh_steps": 1,
      "up_hl_steps": 1,
      "up_pivot_highs": 2,
      "up_pivot_lows": 2,
      "resistance": 125.9000015258789,
      "pullback_from_resistance_pct": 8.316124776655386,
      "state": "uptrend",
      "rank_score": 1.5059638360102152
    },
    {
      "ticker": "MUKTAARTS.NS",
      "tf": "1d",
      "bars_used": 350,
      "close": 66.16999816894531,
      "sma20": 63.48950042724609,
      "sma50": 63.98020004272461,
      "trend_ok": true,
      "prior_downtrend_ok": true,
      "down_slope": -0.1767176100281792,
      "fresh_uptrend_ok": true,
      "up_slope": 0.09769680138790246,
      "up_hh_steps": 1,
      "up_hl_steps": 1,
      "up_pivot_highs": 3,
      "up_pivot_lows": 2,
      "resistance": 69.8499984741211,
      "pullback_from_resistance_pct": 5.268432907037492,
      "state": "uptrend",
      "rank_score": 1.4238953497300002
    }
  ]
}