{
  "updated_utc": "2026-01-22T20:53:13.777655+00:00",
  "tf": "1d",
  "params": {
    "n_down": 40,
    "n_up": 10,
    "n_corr": 8,
    "sma_slow": 50,
    "sma_fast": 20,
    "pivot_strength": 1,
    "min_hh_steps": 1,
    "min_hl_steps": 1,
    "corr_min_pct": 0.5,
    "corr_max_pct": 12.0,
    "near_resistance_pct": 6.0,
    "breakout_wiggle_pct": 0.2
  },
  "count": 3,
  "data": [
    {
      "ticker": "KIRLPNU.NS",
      "tf": "1d",
      "bars_used": 350,
      "close": 1085.5,
      "sma20": 1059.6449951171876,
      "sma50": 1062.5640014648438,
      "trend_ok": true,
      "prior_downtrend_ok": true,
      "down_slope": -1.9230014478959017,
      "fresh_uptrend_ok": true,
      "up_slope": 6.34544862689394,
      "up_hh_steps": 1,
      "up_hl_steps": 1,
      "up_pivot_highs": 2,
      "up_pivot_lows": 2,
      "resistance": 1126.0,
      "pullback_from_resistance_pct": 3.5968028419182954,
      "state": "correction",
      "rank_score": 2.5069018199509547
    },
    {
      "ticker": "NORTHARC.NS",
      "tf": "1d",
      "bars_used": 331,
      "close": 268.1400146484375,
      "sma20": 259.2310028076172,
      "sma50": 259.3464016723633,
      "trend_ok": true,
      "prior_downtrend_ok": true,
      "down_slope": -0.3111087434063709,
      "fresh_uptrend_ok": true,
      "up_slope": 0.3745468602035985,
      "up_hh_steps": 1,
      "up_hl_steps": 1,
      "up_pivot_highs": 2,
      "up_pivot_lows": 3,
      "resistance": 270.0,
      "pullback_from_resistance_pct": 0.6888834635416666,
      "state": "uptrend",
      "rank_score": 2.277414625456089
    },
    {
      "ticker": "NITIRAJ.NS",
      "tf": "1d",
      "bars_used": 350,
      "close": 191.30999755859375,
      "sma20": 185.77250061035156,
      "sma50": 187.85120056152343,
      "trend_ok": true,
      "prior_downtrend_ok": true,
      "down_slope": -0.18242961747561343,
      "fresh_uptrend_ok": true,
      "up_slope": 0.9819394198330966,
      "up_hh_steps": 1,
      "up_hl_steps": 1,
      "up_pivot_highs": 2,
      "up_pivot_lows": 2,
      "resistance": 204.0,
      "pullback_from_resistance_pct": 6.220589432061887,
      "state": "uptrend",
      "rank_score": 1.5098976661181478
    }
  ]
}