{
  "updated_utc": "2026-01-21T20:57:34.307675+00:00",
  "tf": "1d",
  "params": {
    "n_down": 40,
    "n_up": 10,
    "n_corr": 8,
    "sma_slow": 50,
    "sma_fast": 20,
    "pivot_strength": 1,
    "min_hh_steps": 1,
    "min_hl_steps": 1,
    "corr_min_pct": 0.5,
    "corr_max_pct": 12.0,
    "near_resistance_pct": 6.0,
    "breakout_wiggle_pct": 0.2
  },
  "count": 5,
  "data": [
    {
      "ticker": "CRISIL.NS",
      "tf": "1d",
      "bars_used": 350,
      "close": 4750.2001953125,
      "sma20": 4533.014990234375,
      "sma50": 4506.39802734375,
      "trend_ok": true,
      "prior_downtrend_ok": true,
      "down_slope": -9.44227255987629,
      "fresh_uptrend_ok": true,
      "up_slope": 9.760632694128788,
      "up_hh_steps": 1,
      "up_hl_steps": 1,
      "up_pivot_highs": 2,
      "up_pivot_lows": 2,
      "resistance": 4868.0,
      "pullback_from_resistance_pct": 2.419880950852506,
      "state": "correction",
      "rank_score": 2.685945597172233
    },
    {
      "ticker": "CYIENT.NS",
      "tf": "1d",
      "bars_used": 350,
      "close": 1183.199951171875,
      "sma20": 1147.6099975585937,
      "sma50": 1146.4199975585936,
      "trend_ok": true,
      "prior_downtrend_ok": true,
      "down_slope": -0.4478609639752873,
      "fresh_uptrend_ok": true,
      "up_slope": 2.1466648910984847,
      "up_hh_steps": 1,
      "up_hl_steps": 1,
      "up_pivot_highs": 3,
      "up_pivot_lows": 2,
      "resistance": 1208.0,
      "pullback_from_resistance_pct": 2.052984174513659,
      "state": "correction",
      "rank_score": 2.67874606259877
    },
    {
      "ticker": "ASHIANA.NS",
      "tf": "1d",
      "bars_used": 350,
      "close": 292.3999938964844,
      "sma20": 288.41500091552734,
      "sma50": 292.79100158691404,
      "trend_ok": true,
      "prior_downtrend_ok": true,
      "down_slope": -0.2840900528498036,
      "fresh_uptrend_ok": true,
      "up_slope": 1.2354542125355115,
      "up_hh_steps": 2,
      "up_hl_steps": 1,
      "up_pivot_highs": 3,
      "up_pivot_lows": 3,
      "resistance": 304.0,
      "pullback_from_resistance_pct": 3.8157914814196134,
      "state": "correction",
      "rank_score": 2.6607667209891637
    },
    {
      "ticker": "ALKEM.NS",
      "tf": "1d",
      "bars_used": 350,
      "close": 5720.5,
      "sma20": 5663.65,
      "sma50": 5663.69,
      "trend_ok": true,
      "prior_downtrend_ok": true,
      "down_slope": -5.888414634146342,
      "fresh_uptrend_ok": true,
      "up_slope": 2.933333333333333,
      "up_hh_steps": 1,
      "up_hl_steps": 1,
      "up_pivot_highs": 2,
      "up_pivot_lows": 2,
      "resistance": 5933.5,
      "pullback_from_resistance_pct": 3.589786803741468,
      "state": "correction",
      "rank_score": 2.2980010299495714
    },
    {
      "ticker": "BALAMINES.NS",
      "tf": "1d",
      "bars_used": 350,
      "close": 1212.0999755859375,
      "sma20": 1158.125,
      "sma50": 1158.4400024414062,
      "trend_ok": true,
      "prior_downtrend_ok": true,
      "down_slope": -3.7266517624846096,
      "fresh_uptrend_ok": true,
      "up_slope": 16.492721650094698,
      "up_hh_steps": 2,
      "up_hl_steps": 1,
      "up_pivot_highs": 3,
      "up_pivot_lows": 2,
      "resistance": 1333.0999755859375,
      "pullback_from_resistance_pct": 9.07658856919691,
      "state": "uptrend",
      "rank_score": 1.637432920860032
    }
  ]
}