{
  "updated_utc": "2026-01-28T20:20:14.984143+00:00",
  "tf": "1d",
  "params": {
    "n_down": 40,
    "n_up": 10,
    "n_corr": 8,
    "sma_slow": 50,
    "sma_fast": 20,
    "pivot_strength": 1,
    "min_hh_steps": 1,
    "min_hl_steps": 1,
    "corr_min_pct": 0.5,
    "corr_max_pct": 12.0,
    "near_resistance_pct": 6.0,
    "breakout_wiggle_pct": 0.2
  },
  "count": 2,
  "data": [
    {
      "ticker": "DCBBANK.NS",
      "tf": "1d",
      "bars_used": 350,
      "close": 199.6199951171875,
      "sma20": 182.44199905395507,
      "sma50": 178.81140045166015,
      "trend_ok": true,
      "prior_downtrend_ok": true,
      "down_slope": -0.2296932800178456,
      "fresh_uptrend_ok": true,
      "up_slope": 0.531635908647017,
      "up_hh_steps": 1,
      "up_hl_steps": 1,
      "up_pivot_highs": 2,
      "up_pivot_lows": 3,
      "resistance": 193.1999969482422,
      "pullback_from_resistance_pct": -3.3229804711980475,
      "state": "uptrend",
      "rank_score": 2.9023694513487923
    },
    {
      "ticker": "ACI.NS",
      "tf": "1d",
      "bars_used": 350,
      "close": 568.5999755859375,
      "sma20": 541.1874969482421,
      "sma50": 531.1219995117187,
      "trend_ok": true,
      "prior_downtrend_ok": true,
      "down_slope": -0.5613834402574607,
      "fresh_uptrend_ok": true,
      "up_slope": 5.533028527462121,
      "up_hh_steps": 1,
      "up_hl_steps": 1,
      "up_pivot_highs": 2,
      "up_pivot_lows": 2,
      "resistance": 570.9000244140625,
      "pullback_from_resistance_pct": 0.4028811928122848,
      "state": "uptrend",
      "rank_score": 2.4828531345312856
    }
  ]
}