{
  "updated_utc": "2026-01-19T22:50:51.979203+00:00",
  "tf": "1d",
  "params": {
    "n_down": 40,
    "n_up": 10,
    "n_corr": 8,
    "sma_slow": 50,
    "sma_fast": 20,
    "pivot_strength": 1,
    "min_hh_steps": 1,
    "min_hl_steps": 1,
    "corr_min_pct": 0.5,
    "corr_max_pct": 12.0,
    "near_resistance_pct": 6.0,
    "breakout_wiggle_pct": 0.2
  },
  "count": 18,
  "data": [
    {
      "ticker": "PSA",
      "tf": "1d",
      "bars_used": 350,
      "close": 293.8900146484375,
      "sma20": 269.1189987182617,
      "sma50": 269.38636291503906,
      "trend_ok": true,
      "prior_downtrend_ok": true,
      "down_slope": -0.31682574932391827,
      "fresh_uptrend_ok": true,
      "up_slope": 3.597030917080966,
      "up_hh_steps": 1,
      "up_hl_steps": 1,
      "up_pivot_highs": 2,
      "up_pivot_lows": 2,
      "resistance": 282.0899963378906,
      "pullback_from_resistance_pct": -4.183068688622576,
      "state": "uptrend",
      "rank_score": 3.2471781147704295
    },
    {
      "ticker": "PNI",
      "tf": "1d",
      "bars_used": 350,
      "close": 7.039999961853027,
      "sma20": 6.927910828590393,
      "sma50": 6.890135879516602,
      "trend_ok": true,
      "prior_downtrend_ok": true,
      "down_slope": -0.0010701378559305789,
      "fresh_uptrend_ok": true,
      "up_slope": 0.018120913072065873,
      "up_hh_steps": 2,
      "up_hl_steps": 1,
      "up_pivot_highs": 3,
      "up_pivot_lows": 2,
      "resistance": 7.079999923706055,
      "pullback_from_resistance_pct": 0.5649712187014997,
      "state": "correction",
      "rank_score": 3.2058381302164167
    },
    {
      "ticker": "PNW",
      "tf": "1d",
      "bars_used": 350,
      "close": 93.70999908447266,
      "sma20": 89.27550086975097,
      "sma50": 88.83300048828124,
      "trend_ok": true,
      "prior_downtrend_ok": true,
      "down_slope": -0.016765439890562703,
      "fresh_uptrend_ok": true,
      "up_slope": 0.6583639433889678,
      "up_hh_steps": 1,
      "up_hl_steps": 1,
      "up_pivot_highs": 2,
      "up_pivot_lows": 2,
      "resistance": 90.31999969482422,
      "pullback_from_resistance_pct": -3.7533208603882455,
      "state": "uptrend",
      "rank_score": 3.1755534767313742
    },
    {
      "ticker": "MRP",
      "tf": "1d",
      "bars_used": 239,
      "close": 31.020000457763672,
      "sma20": 29.590276527404786,
      "sma50": 29.981328506469726,
      "trend_ok": true,
      "prior_downtrend_ok": true,
      "down_slope": -0.03044555066450452,
      "fresh_uptrend_ok": true,
      "up_slope": 0.20581830342610677,
      "up_hh_steps": 1,
      "up_hl_steps": 2,
      "up_pivot_highs": 2,
      "up_pivot_lows": 3,
      "resistance": 31.18000030517578,
      "pullback_from_resistance_pct": 0.5131489603787781,
      "state": "correction",
      "rank_score": 3.1407381736543845
    },
    {
      "ticker": "MPV",
      "tf": "1d",
      "bars_used": 350,
      "close": 19.239999771118164,
      "sma20": 17.806369066238403,
      "sma50": 18.682599964141847,
      "trend_ok": true,
      "prior_downtrend_ok": true,
      "down_slope": -0.05769961135248753,
      "fresh_uptrend_ok": true,
      "up_slope": 0.22775760997425426,
      "up_hh_steps": 1,
      "up_hl_steps": 1,
      "up_pivot_highs": 2,
      "up_pivot_lows": 2,
      "resistance": 18.709999084472656,
      "pullback_from_resistance_pct": -2.8327135894162225,
      "state": "uptrend",
      "rank_score": 3.02211893156937
    },
    {
      "ticker": "MSI",
      "tf": "1d",
      "bars_used": 350,
      "close": 400.6099853515625,
      "sma20": 382.05250244140626,
      "sma50": 377.5882360839844,
      "trend_ok": true,
      "prior_downtrend_ok": true,
      "down_slope": -0.24223067979651589,
      "fresh_uptrend_ok": true,
      "up_slope": 2.0821819883404356,
      "up_hh_steps": 1,
      "up_hl_steps": 1,
      "up_pivot_highs": 2,
      "up_pivot_lows": 2,
      "resistance": 391.05999755859375,
      "pullback_from_resistance_pct": -2.4420773928782746,
      "state": "uptrend",
      "rank_score": 2.957012898813046
    },
    {
      "ticker": "REXR",
      "tf": "1d",
      "bars_used": 350,
      "close": 41.0,
      "sma20": 39.81928176879883,
      "sma50": 40.30855010986328,
      "trend_ok": true,
      "prior_downtrend_ok": true,
      "down_slope": -0.04353771853849543,
      "fresh_uptrend_ok": true,
      "up_slope": 0.250606074477687,
      "up_hh_steps": 1,
      "up_hl_steps": 1,
      "up_pivot_highs": 2,
      "up_pivot_lows": 2,
      "resistance": 41.529998779296875,
      "pullback_from_resistance_pct": 1.2761829879009887,
      "state": "correction",
      "rank_score": 2.937302835349835
    },
    {
      "ticker": "PNNT",
      "tf": "1d",
      "bars_used": 350,
      "close": 6.039999961853027,
      "sma20": 5.911927175521851,
      "sma50": 5.946336193084717,
      "trend_ok": true,
      "prior_downtrend_ok": true,
      "down_slope": -0.01162737690709098,
      "fresh_uptrend_ok": true,
      "up_slope": 0.01575052087957209,
      "up_hh_steps": 1,
      "up_hl_steps": 1,
      "up_pivot_highs": 2,
      "up_pivot_lows": 2,
      "resistance": 6.139482068106085,
      "pullback_from_resistance_pct": 1.620366427485085,
      "state": "correction",
      "rank_score": 2.8044344427223273
    },
    {
      "ticker": "MMM",
      "tf": "1d",
      "bars_used": 350,
      "close": 167.8000030517578,
      "sma20": 164.02500228881837,
      "sma50": 166.07379272460938,
      "trend_ok": true,
      "prior_downtrend_ok": true,
      "down_slope": -0.1759526451354179,
      "fresh_uptrend_ok": true,
      "up_slope": 0.7461816961115056,
      "up_hh_steps": 1,
      "up_hl_steps": 1,
      "up_pivot_highs": 2,
      "up_pivot_lows": 2,
      "resistance": 173.05999755859375,
      "pullback_from_resistance_pct": 3.0394051664394803,
      "state": "correction",
      "rank_score": 2.6284422381194434
    },
    {
      "ticker": "RFM",
      "tf": "1d",
      "bars_used": 350,
      "close": 14.210000038146973,
      "sma20": 14.005530071258544,
      "sma50": 14.029807949066162,
      "trend_ok": true,
      "prior_downtrend_ok": true,
      "down_slope": -0.005097896207340663,
      "fresh_uptrend_ok": true,
      "up_slope": 0.028338021943063448,
      "up_hh_steps": 1,
      "up_hl_steps": 1,
      "up_pivot_highs": 2,
      "up_pivot_lows": 2,
      "resistance": 14.239999771118164,
      "pullback_from_resistance_pct": 0.21067228548723316,
      "state": "uptrend",
      "rank_score": 2.5148879524187944
    },
    {
      "ticker": "NIM",
      "tf": "1d",
      "bars_used": 350,
      "close": 9.399999618530273,
      "sma20": 9.30477409362793,
      "sma50": 9.29015354156494,
      "trend_ok": true,
      "prior_downtrend_ok": true,
      "down_slope": -0.0032601377977439206,
      "fresh_uptrend_ok": true,
      "up_slope": 0.011913796627160274,
      "up_hh_steps": 1,
      "up_hl_steps": 1,
      "up_pivot_highs": 2,
      "up_pivot_lows": 2,
      "resistance": 9.430999755859375,
      "pullback_from_resistance_pct": 0.3287046774637177,
      "state": "uptrend",
      "rank_score": 2.49521588708938
    },
    {
      "ticker": "PTY",
      "tf": "1d",
      "bars_used": 350,
      "close": 13.0600004196167,
      "sma20": 12.90777940750122,
      "sma50": 12.953931770324708,
      "trend_ok": true,
      "prior_downtrend_ok": true,
      "down_slope": -0.013026440657996774,
      "fresh_uptrend_ok": true,
      "up_slope": 0.0038125298239968038,
      "up_hh_steps": 1,
      "up_hl_steps": 1,
      "up_pivot_highs": 3,
      "up_pivot_lows": 2,
      "resistance": 13.119999885559082,
      "pullback_from_resistance_pct": 0.4573130065985977,
      "state": "uptrend",
      "rank_score": 2.378360691894148
    },
    {
      "ticker": "OTIS",
      "tf": "1d",
      "bars_used": 350,
      "close": 90.16000366210938,
      "sma20": 88.72649917602538,
      "sma50": 88.48306686401367,
      "trend_ok": true,