{
  "updated_utc": "2026-01-15T04:10:15.213952+00:00",
  "tf": "1d",
  "params": {
    "n_down": 40,
    "n_up": 10,
    "n_corr": 8,
    "sma_slow": 50,
    "sma_fast": 20,
    "pivot_strength": 1,
    "min_hh_steps": 1,
    "min_hl_steps": 1,
    "corr_min_pct": 0.5,
    "corr_max_pct": 12.0,
    "near_resistance_pct": 6.0,
    "breakout_wiggle_pct": 0.2
  },
  "count": 17,
  "data": [
    {
      "ticker": "CACI",
      "tf": "1d",
      "bars_used": 350,
      "close": 611.3300170898438,
      "sma20": 562.5384979248047,
      "sma50": 581.3307971191406,
      "trend_ok": true,
      "prior_downtrend_ok": true,
      "down_slope": -1.201179375567982,
      "fresh_uptrend_ok": true,
      "up_slope": 9.076063491358902,
      "up_hh_steps": 2,
      "up_hl_steps": 1,
      "up_pivot_highs": 3,
      "up_pivot_lows": 2,
      "resistance": 615.0,
      "pullback_from_resistance_pct": 0.5967451886432926,
      "state": "correction",
      "rank_score": 3.2005424685594512
    },
    {
      "ticker": "ALX",
      "tf": "1d",
      "bars_used": 350,
      "close": 233.77999877929688,
      "sma20": 221.854500579834,
      "sma50": 218.4431771850586,
      "trend_ok": true,
      "prior_downtrend_ok": true,
      "down_slope": -0.1031707362878166,
      "fresh_uptrend_ok": true,
      "up_slope": 1.4478183630741004,
      "up_hh_steps": 1,
      "up_hl_steps": 1,
      "up_pivot_highs": 2,
      "up_pivot_lows": 2,
      "resistance": 234.97999572753906,
      "pullback_from_resistance_pct": 0.5106804707042348,
      "state": "correction",
      "rank_score": 3.0599738882768013
    },
    {
      "ticker": "BIPI",
      "tf": "1d",
      "bars_used": 350,
      "close": 17.06999969482422,
      "sma20": 16.794650173187257,
      "sma50": 17.100699996948244,
      "trend_ok": true,
      "prior_downtrend_ok": true,
      "down_slope": -0.016149425148740272,
      "fresh_uptrend_ok": true,
      "up_slope": 0.039672678167169746,
      "up_hh_steps": 1,
      "up_hl_steps": 1,
      "up_pivot_highs": 3,
      "up_pivot_lows": 2,
      "resistance": 17.18000030517578,
      "pullback_from_resistance_pct": 0.6402829359579397,
      "state": "correction",
      "rank_score": 3.03716762711944
    },
    {
      "ticker": "CARR",
      "tf": "1d",
      "bars_used": 350,
      "close": 55.599998474121094,
      "sma20": 53.80000019073486,
      "sma50": 54.128200149536134,
      "trend_ok": true,
      "prior_downtrend_ok": true,
      "down_slope": -0.08536489962636866,
      "fresh_uptrend_ok": true,
      "up_slope": 0.32824228460138494,
      "up_hh_steps": 1,
      "up_hl_steps": 1,
      "up_pivot_highs": 3,
      "up_pivot_lows": 3,
      "resistance": 56.380001068115234,
      "pullback_from_resistance_pct": 1.383473890062159,
      "state": "correction",
      "rank_score": 2.8940014689116804
    },
    {
      "ticker": "ADT",
      "tf": "1d",
      "bars_used": 350,
      "close": 8.25,
      "sma20": 8.14050006866455,
      "sma50": 8.102614583969116,
      "trend_ok": true,
      "prior_downtrend_ok": true,
      "down_slope": -0.0011964340370994124,
      "fresh_uptrend_ok": true,
      "up_slope": 0.01836364630496863,
      "up_hh_steps": 1,
      "up_hl_steps": 1,
      "up_pivot_highs": 2,
      "up_pivot_lows": 2,
      "resistance": 8.354999542236328,
      "pullback_from_resistance_pct": 1.2567270854478536,
      "state": "correction",
      "rank_score": 2.8790314781992548
    },
    {
      "ticker": "BDN",
      "tf": "1d",
      "bars_used": 350,
      "close": 3.0999999046325684,
      "sma20": 2.9104169726371767,
      "sma50": 3.088621950149536,
      "trend_ok": true,
      "prior_downtrend_ok": true,
      "down_slope": -0.014363908968991678,
      "fresh_uptrend_ok": true,
      "up_slope": 0.022501143542203037,
      "up_hh_steps": 1,
      "up_hl_steps": 1,
      "up_pivot_highs": 2,
      "up_pivot_lows": 3,
      "resistance": 3.0399999618530273,
      "pullback_from_resistance_pct": -1.9736823530408252,
      "state": "uptrend",
      "rank_score": 2.8692403000631304
    },
    {
      "ticker": "BST",
      "tf": "1d",
      "bars_used": 350,
      "close": 40.9900016784668,
      "sma20": 40.16817150115967,
      "sma50": 39.56775428771973,
      "trend_ok": true,
      "prior_downtrend_ok": true,
      "down_slope": -0.0018387162886685743,
      "fresh_uptrend_ok": true,
      "up_slope": 0.09024262861772017,
      "up_hh_steps": 1,
      "up_hl_steps": 1,
      "up_pivot_highs": 3,
      "up_pivot_lows": 2,
      "resistance": 41.63999938964844,
      "pullback_from_resistance_pct": 1.560993565584028,
      "state": "correction",
      "rank_score": 2.858354325301747
    },
    {
      "ticker": "APH",
      "tf": "1d",
      "bars_used": 350,
      "close": 146.75,
      "sma20": 137.67650032043457,
      "sma50": 137.41142227172853,
      "trend_ok": true,
      "prior_downtrend_ok": true,
      "down_slope": -0.10944205493461795,
      "fresh_uptrend_ok": true,
      "up_slope": 1.146302656693892,
      "up_hh_steps": 1,
      "up_hl_steps": 1,
      "up_pivot_highs": 2,
      "up_pivot_lows": 2,
      "resistance": 149.11000061035156,
      "pullback_from_resistance_pct": 1.5827245662204936,
      "state": "correction",
      "rank_score": 2.857909689025452
    },
    {
      "ticker": "BEKE",
      "tf": "1d",
      "bars_used": 350,
      "close": 17.31999969482422,
      "sma20": 16.53899998664856,
      "sma50": 16.672599925994874,
      "trend_ok": true,
      "prior_downtrend_ok": true,
      "down_slope": -0.004900556478446689,
      "fresh_uptrend_ok": true,
      "up_slope": 0.1401818593343099,
      "up_hh_steps": 1,
      "up_hl_steps": 2,
      "up_pivot_highs": 3,
      "up_pivot_lows": 3,
      "resistance": 17.68000030517578,
      "pullback_from_resistance_pct": 2.036202512090303,
      "state": "correction",
      "rank_score": 2.857299690943916
    },
    {
      "ticker": "A",
      "tf": "1d",
      "bars_used": 350,
      "close": 145.9199981689453,
      "sma20": 141.1397819519043,
      "sma50": 144.54247802734375,
      "trend_ok": true,
      "prior_downtrend_ok": true,
      "down_slope": -0.30736913341071326,
      "fresh_uptrend_ok": true,
      "up_slope": 1.0814105409564394,
      "up_hh_steps": 2,
      "up_hl_steps": 1,
      "up_pivot_highs": 3,
      "up_pivot_lows": 3,
      "resistance": 150.10000610351562,
      "pullback_from_resistance_pct": 2.784815299532762,
      "state": "correction",
      "rank_score": 2.790450450233603
    },
    {
      "ticker": "AEFC",
      "tf": "1d",
      "bars_used": 350,
      "close": 20.100000381469727,
      "sma20": 19.833949947357176,
      "sma50": 19.803671760559084,
      "trend_ok": true,
      "prior_downtrend_ok": true,
      "down_slope": -0.0011196816392508501,
      "fresh_uptrend_ok": true,
      "up_slope": 0.04339397314823035,
      "up_hh_steps": 1,
      "up_hl_steps": 1,
      "up_pivot_highs": 2,
      "up_pivot_lows": 2,
      "resistance": 20.110000610351562,
      "pullback_from_resistance_pct": 0.04972764086684488,
      "state": "uptrend",
      "rank_score": 2.541712059855526
    },
    {
      "ticker": "BLDR",
      "tf": "1d",
      "bars_used": 350,
      "close": 126.37999725341797,
      "sma20": 109.03250045776367,
      "sma50": 107.81340057373046,
      "trend_ok": true,
      "prior_downtrend_ok": true,
      "down_slope": -0.0649465049185404,
      "fresh_uptrend_ok": true,
      "up_slope": 2.8949091131036933,
      "up_hh_steps": 1,
      "up_hl_steps": 1,
      "up_pivot_highs": 2,
      "up_pivot_lows": 2,
      "resistance": 126.5199966430664,
      "pullback_from_resistance_pct": 0.11065396250633697,
      "state": "uptrend",
      "rank_score": 2.53155767291561
    },
    {
      "ticker": "BIO",
      "tf": "1d",
      "bars_used": 350,
      "close": 318.25,
      "sma20": 310.54749908447263,
      "sma50": 312.7351989746094,
      "trend_ok": true,
      "prior_downtrend_ok": true,