{
  "updated_utc": "2026-01-27T20:13:56.699576+00:00",
  "tf": "1d",
  "params": {
    "n_down": 40,
    "n_up": 10,
    "n_corr": 8,
    "sma_slow": 50,
    "sma_fast": 20,
    "pivot_strength": 1,
    "min_hh_steps": 1,
    "min_hl_steps": 1,
    "corr_min_pct": 0.5,
    "corr_max_pct": 12.0,
    "near_resistance_pct": 6.0,
    "breakout_wiggle_pct": 0.2
  },
  "count": 10,
  "data": [
    {
      "ticker": "ALLE",
      "tf": "1d",
      "bars_used": 350,
      "close": 166.94000244140625,
      "sma20": 162.79500198364258,
      "sma50": 162.30500122070313,
      "trend_ok": true,
      "prior_downtrend_ok": true,
      "down_slope": -0.06649992407822028,
      "fresh_uptrend_ok": true,
      "up_slope": 0.707757383404356,
      "up_hh_steps": 1,
      "up_hl_steps": 1,
      "up_pivot_highs": 2,
      "up_pivot_lows": 2,
      "resistance": 168.8000030517578,
      "pullback_from_resistance_pct": 1.1018960762585088,
      "state": "correction",
      "rank_score": 2.966350653956915
    },
    {
      "ticker": "CAG",
      "tf": "1d",
      "bars_used": 350,
      "close": 18.09000015258789,
      "sma20": 17.12549991607666,
      "sma50": 17.317000007629396,
      "trend_ok": true,
      "prior_downtrend_ok": true,
      "down_slope": -0.013591938484005812,
      "fresh_uptrend_ok": true,
      "up_slope": 0.12642416520552202,
      "up_hh_steps": 1,
      "up_hl_steps": 1,
      "up_pivot_highs": 3,
      "up_pivot_lows": 2,
      "resistance": 17.65999984741211,
      "pullback_from_resistance_pct": -2.434882836303044,
      "state": "uptrend",
      "rank_score": 2.9558138060505073
    },
    {
      "ticker": "AVA",
      "tf": "1d",
      "bars_used": 350,
      "close": 40.2400016784668,
      "sma20": 39.348500442504886,
      "sma50": 39.47084770202637,
      "trend_ok": true,
      "prior_downtrend_ok": true,
      "down_slope": -0.06965497036588572,
      "fresh_uptrend_ok": true,
      "up_slope": 0.1307879823626894,
      "up_hh_steps": 1,
      "up_hl_steps": 1,
      "up_pivot_highs": 2,
      "up_pivot_lows": 2,
      "resistance": 40.709999084472656,
      "pullback_from_resistance_pct": 1.1545011460958807,
      "state": "correction",
      "rank_score": 2.9426731593402295
    },
    {
      "ticker": "BP",
      "tf": "1d",
      "bars_used": 350,
      "close": 36.7599983215332,
      "sma20": 35.12550010681152,
      "sma50": 35.415738830566404,
      "trend_ok": true,
      "prior_downtrend_ok": true,
      "down_slope": -0.06306178001704404,
      "fresh_uptrend_ok": true,
      "up_slope": 0.17860585992986505,
      "up_hh_steps": 1,
      "up_hl_steps": 2,
      "up_pivot_highs": 3,
      "up_pivot_lows": 3,
      "resistance": 36.099998474121094,
      "pullback_from_resistance_pct": -1.8282545022411612,
      "state": "uptrend",
      "rank_score": 2.9265596315558167
    },
    {
      "ticker": "AFGB",
      "tf": "1d",
      "bars_used": 350,
      "close": 22.100000381469727,
      "sma20": 21.75139989852905,
      "sma50": 21.676764373779296,
      "trend_ok": true,
      "prior_downtrend_ok": true,
      "down_slope": -0.0040038480991270485,
      "fresh_uptrend_ok": true,
      "up_slope": 0.046690911957711884,
      "up_hh_steps": 1,
      "up_hl_steps": 1,
      "up_pivot_highs": 2,
      "up_pivot_lows": 2,
      "resistance": 21.940000534057617,
      "pullback_from_resistance_pct": -0.7292609093775566,
      "state": "uptrend",
      "rank_score": 2.671543484896259
    },
    {
      "ticker": "BEP",
      "tf": "1d",
      "bars_used": 350,
      "close": 28.270000457763672,
      "sma20": 27.723500156402586,
      "sma50": 27.943200035095217,
      "trend_ok": true,
      "prior_downtrend_ok": true,
      "down_slope": -0.04778142055919425,
      "fresh_uptrend_ok": true,
      "up_slope": 0.036060610684481534,
      "up_hh_steps": 1,
      "up_hl_steps": 1,
      "up_pivot_highs": 3,
      "up_pivot_lows": 2,
      "resistance": 28.969999313354492,
      "pullback_from_resistance_pct": 2.416288823549047,
      "state": "correction",
      "rank_score": 2.56478852893791
    },
    {
      "ticker": "BNJ",
      "tf": "1d",
      "bars_used": 350,
      "close": 15.800000190734863,
      "sma20": 15.394500017166138,
      "sma50": 15.32028003692627,
      "trend_ok": true,
      "prior_downtrend_ok": true,
      "down_slope": -0.002703570156562619,
      "fresh_uptrend_ok": true,
      "up_slope": 0.05678788965398615,
      "up_hh_steps": 1,
      "up_hl_steps": 1,
      "up_pivot_highs": 2,
      "up_pivot_lows": 2,
      "resistance": 15.800000190734863,
      "pullback_from_resistance_pct": 0.0,
      "state": "uptrend",
      "rank_score": 2.55
    },
    {
      "ticker": "BKV",
      "tf": "1d",
      "bars_used": 333,
      "close": 28.739999771118164,
      "sma20": 26.905499839782713,
      "sma50": 27.086599884033202,
      "trend_ok": true,
      "prior_downtrend_ok": true,
      "down_slope": -0.0036069476358438746,
      "fresh_uptrend_ok": true,
      "up_slope": 0.3696969696969697,
      "up_hh_steps": 1,
      "up_hl_steps": 1,
      "up_pivot_highs": 2,
      "up_pivot_lows": 2,
      "resistance": 28.760000228881836,
      "pullback_from_resistance_pct": 0.0695426203216323,
      "state": "uptrend",
      "rank_score": 2.538409563279728
    },
    {
      "ticker": "BBDO",
      "tf": "1d",
      "bars_used": 350,
      "close": 3.4800000190734863,
      "sma20": 3.080999994277954,
      "sma50": 3.072000002861023,
      "trend_ok": true,
      "prior_downtrend_ok": true,
      "down_slope": -0.0071388380612486075,
      "fresh_uptrend_ok": true,
      "up_slope": 0.06000000202294552,
      "up_hh_steps": 1,
      "up_hl_steps": 1,
      "up_pivot_highs": 2,
      "up_pivot_lows": 2,
      "resistance": 3.490000009536743,
      "pullback_from_resistance_pct": 0.2865326772473052,
      "state": "uptrend",
      "rank_score": 2.5022445537921154
    },
    {
      "ticker": "AMRC",
      "tf": "1d",
      "bars_used": 350,
      "close": 31.8700008392334,
      "sma20": 30.886999988555907,
      "sma50": 31.511000061035155,
      "trend_ok": true,
      "prior_downtrend_ok": true,
      "down_slope": -0.09386116639758141,
      "fresh_uptrend_ok": true,
      "up_slope": 0.14466671799168443,
      "up_hh_steps": 1,
      "up_hl_steps": 1,
      "up_pivot_highs": 2,
      "up_pivot_lows": 2,
      "resistance": 33.849998474121094,
      "pullback_from_resistance_pct": 5.849328579442736,
      "state": "correction",
      "rank_score": 2.066273666655523
    }
  ]
}