{
  "updated_utc": "2026-01-23T20:55:05.247557+00:00",
  "tf": "1d",
  "params": {
    "n_down": 40,
    "n_up": 10,
    "n_corr": 8,
    "sma_slow": 50,
    "sma_fast": 20,
    "pivot_strength": 1,
    "min_hh_steps": 1,
    "min_hl_steps": 1,
    "corr_min_pct": 0.5,
    "corr_max_pct": 12.0,
    "near_resistance_pct": 6.0,
    "breakout_wiggle_pct": 0.2
  },
  "count": 26,
  "data": [
    {
      "ticker": "VG",
      "tf": "1d",
      "bars_used": 250,
      "close": 9.529999732971191,
      "sma20": 7.573000025749207,
      "sma50": 7.20825680732727,
      "trend_ok": true,
      "prior_downtrend_ok": true,
      "down_slope": -0.03253400844659859,
      "fresh_uptrend_ok": true,
      "up_slope": 0.23715149272571912,
      "up_hh_steps": 2,
      "up_hl_steps": 1,
      "up_pivot_highs": 3,
      "up_pivot_lows": 2,
      "resistance": 8.819999694824219,
      "pullback_from_resistance_pct": -8.049887332350105,
      "state": "uptrend",
      "rank_score": 4.041647888725017
    },
    {
      "ticker": "SES",
      "tf": "1d",
      "bars_used": 350,
      "close": 2.569999933242798,
      "sma20": 2.109500002861023,
      "sma50": 2.0424000000953675,
      "trend_ok": true,
      "prior_downtrend_ok": true,
      "down_slope": -0.0017598506992798145,
      "fresh_uptrend_ok": true,
      "up_slope": 0.03139392245899547,
      "up_hh_steps": 1,
      "up_hl_steps": 1,
      "up_pivot_highs": 2,
      "up_pivot_lows": 3,
      "resistance": 2.3570001125335693,
      "pullback_from_resistance_pct": -9.036903289761506,
      "state": "uptrend",
      "rank_score": 3.9996369211569966
    },
    {
      "ticker": "TGE",
      "tf": "1d",
      "bars_used": 159,
      "close": 1.590000033378601,
      "sma20": 1.2805000066757202,
      "sma50": 1.195960009098053,
      "trend_ok": true,
      "prior_downtrend_ok": true,
      "down_slope": -0.005524577823857206,
      "fresh_uptrend_ok": true,
      "up_slope": 0.021272731549812084,
      "up_hh_steps": 1,
      "up_hl_steps": 1,
      "up_pivot_highs": 2,
      "up_pivot_lows": 2,
      "resistance": 1.4600000381469727,
      "pullback_from_resistance_pct": -8.904109029793176,
      "state": "uptrend",
      "rank_score": 3.999488770051088
    },
    {
      "ticker": "TIMB",
      "tf": "1d",
      "bars_used": 350,
      "close": 22.8799991607666,
      "sma20": 20.6875,
      "sma50": 21.620000076293945,
      "trend_ok": true,
      "prior_downtrend_ok": true,
      "down_slope": -0.11133208534283665,
      "fresh_uptrend_ok": true,
      "up_slope": 0.2836363127737334,
      "up_hh_steps": 1,
      "up_hl_steps": 1,
      "up_pivot_highs": 2,
      "up_pivot_lows": 2,
      "resistance": 21.729999542236328,
      "pullback_from_resistance_pct": -5.292221089535844,
      "state": "uptrend",
      "rank_score": 3.432036848255974
    },
    {
      "ticker": "TBI",
      "tf": "1d",
      "bars_used": 350,
      "close": 5.539999961853027,
      "sma20": 4.849000000953675,
      "sma50": 4.869999990463257,
      "trend_ok": true,
      "prior_downtrend_ok": true,
      "down_slope": -0.008864913693512135,
      "fresh_uptrend_ok": true,
      "up_slope": 0.08715149561564127,
      "up_hh_steps": 1,
      "up_hl_steps": 2,
      "up_pivot_highs": 3,
      "up_pivot_lows": 3,
      "resistance": 5.340000152587891,
      "pullback_from_resistance_pct": -3.7453146732254696,
      "state": "uptrend",
      "rank_score": 3.274219112204245
    },
    {
      "ticker": "SRG",
      "tf": "1d",
      "bars_used": 350,
      "close": 3.8399999141693115,
      "sma20": 3.475499999523163,
      "sma50": 3.541800003051758,
      "trend_ok": true,
      "prior_downtrend_ok": true,
      "down_slope": -0.016999999913221004,
      "fresh_uptrend_ok": true,
      "up_slope": 0.0428484786640514,
      "up_hh_steps": 1,
      "up_hl_steps": 1,
      "up_pivot_highs": 2,
      "up_pivot_lows": 3,
      "resistance": 3.700000047683716,
      "pullback_from_resistance_pct": -3.783780126522939,
      "state": "uptrend",
      "rank_score": 3.180630021087156
    },
    {
      "ticker": "UZD",
      "tf": "1d",
      "bars_used": 350,
      "close": 20.90999984741211,
      "sma20": 20.432500171661378,
      "sma50": 20.411899223327637,
      "trend_ok": true,
      "prior_downtrend_ok": true,
      "down_slope": -0.013525638437181655,
      "fresh_uptrend_ok": true,
      "up_slope": 0.059212170225201234,
      "up_hh_steps": 3,
      "up_hl_steps": 1,
      "up_pivot_highs": 4,
      "up_pivot_lows": 2,
      "resistance": 21.280000686645508,
      "pullback_from_resistance_pct": 1.7387256921734804,
      "state": "correction",
      "rank_score": 3.1527064638697473
    },
    {
      "ticker": "SR",
      "tf": "1d",
      "bars_used": 350,
      "close": 84.05000305175781,
      "sma20": 82.9185001373291,
      "sma50": 83.95916961669921,
      "trend_ok": true,
      "prior_downtrend_ok": true,
      "down_slope": -0.14156185887320627,
      "fresh_uptrend_ok": true,
      "up_slope": 0.2162422411369555,
      "up_hh_steps": 1,
      "up_hl_steps": 2,
      "up_pivot_highs": 2,
      "up_pivot_lows": 3,
      "resistance": 84.62000274658203,
      "pullback_from_resistance_pct": 0.67359923933262,
      "state": "correction",
      "rank_score": 3.084929374907079
    },
    {
      "ticker": "TR",
      "tf": "1d",
      "bars_used": 350,
      "close": 37.720001220703125,
      "sma20": 36.994500160217285,
      "sma50": 37.704071044921875,
      "trend_ok": true,
      "prior_downtrend_ok": true,
      "down_slope": -0.07825691731293698,
      "fresh_uptrend_ok": true,
      "up_slope": 0.10836355035955256,
      "up_hh_steps": 1,
      "up_hl_steps": 1,
      "up_pivot_highs": 2,
      "up_pivot_lows": 2,
      "resistance": 38.130001068115234,
      "pullback_from_resistance_pct": 1.0752683869053343,
      "state": "correction",
      "rank_score": 2.9484024238490627
    },
    {
      "ticker": "VPV",
      "tf": "1d",
      "bars_used": 350,
      "close": 10.579999923706055,
      "sma20": 10.497832536697388,
      "sma50": 10.415567169189453,
      "trend_ok": true,
      "prior_downtrend_ok": true,
      "down_slope": -0.0030764630766791654,
      "fresh_uptrend_ok": true,
      "up_slope": 0.01854712168375651,
      "up_hh_steps": 1,
      "up_hl_steps": 1,
      "up_pivot_highs": 3,
      "up_pivot_lows": 2,
      "resistance": 10.75,
      "pullback_from_resistance_pct": 1.5813960585483284,
      "state": "correction",
      "rank_score": 2.8135985508202075
    },
    {
      "ticker": "VAL",
      "tf": "1d",
      "bars_used": 350,
      "close": 54.34000015258789,
      "sma20": 52.38549995422363,
      "sma50": 54.31639991760254,
      "trend_ok": true,
      "prior_downtrend_ok": true,
      "down_slope": -0.19909568414455506,
      "fresh_uptrend_ok": true,
      "up_slope": 0.20496985695578834,
      "up_hh_steps": 3,
      "up_hl_steps": 2,
      "up_pivot_highs": 4,
      "up_pivot_lows": 3,
      "resistance": 56.79999923706055,
      "pullback_from_resistance_pct": 4.330984361822966,
      "state": "correction",
      "rank_score": 2.793771925690495
    },
    {
      "ticker": "SPXC",
      "tf": "1d",
      "bars_used": 350,
      "close": 217.1300048828125,
      "sma20": 209.42449951171875,
      "sma50": 210.83839935302734,
      "trend_ok": true,
      "prior_downtrend_ok": true,
      "down_slope": -0.20153559242806784,
      "fresh_uptrend_ok": true,
      "up_slope": 1.5207879268761837,
      "up_hh_steps": 2,
      "up_hl_steps": 1,
      "up_pivot_highs": 3,
      "up_pivot_lows": 2,
      "resistance": 224.86000061035156,
      "pullback_from_resistance_pct": 3.437692656122499,
      "state": "correction",
      "rank_score": 2.727051223979583
    },
    {
      "ticker": "VHI",
      "tf": "1d",
      "bars_used": 350,
      "close": 14.640000343322754,
      "sma20": 13.018500089645386,
      "sma50": 12.714464454650878,
      "trend_ok": true,
      "prior_downtrend_ok": true,