{
  "updated_utc": "2026-01-22T20:52:02.056052+00:00",
  "tf": "1d",
  "params": {
    "n_down": 40,
    "n_up": 10,
    "n_corr": 8,
    "sma_slow": 50,
    "sma_fast": 20,
    "pivot_strength": 1,
    "min_hh_steps": 1,
    "min_hl_steps": 1,
    "corr_min_pct": 0.5,
    "corr_max_pct": 12.0,
    "near_resistance_pct": 6.0,
    "breakout_wiggle_pct": 0.2
  },
  "count": 22,
  "data": [
    {
      "ticker": "ELS",
      "tf": "1d",
      "bars_used": 350,
      "close": 63.0099983215332,
      "sma20": 61.128120803833006,
      "sma50": 61.34675079345703,
      "trend_ok": true,
      "prior_downtrend_ok": true,
      "down_slope": -0.039381403681484885,
      "fresh_uptrend_ok": true,
      "up_slope": 0.3582423817027699,
      "up_hh_steps": 2,
      "up_hl_steps": 2,
      "up_pivot_highs": 3,
      "up_pivot_lows": 3,
      "resistance": 63.72999954223633,
      "pullback_from_resistance_pct": 1.1297681247054654,
      "state": "correction",
      "rank_score": 3.211705312549089
    },
    {
      "ticker": "DTB",
      "tf": "1d",
      "bars_used": 350,
      "close": 17.6200008392334,
      "sma20": 17.34131078720093,
      "sma50": 17.30257946014404,
      "trend_ok": true,
      "prior_downtrend_ok": true,
      "down_slope": -0.014035145292586279,
      "fresh_uptrend_ok": true,
      "up_slope": 0.026278848359079073,
      "up_hh_steps": 1,
      "up_hl_steps": 1,
      "up_pivot_highs": 2,
      "up_pivot_lows": 3,
      "resistance": 17.75,
      "pullback_from_resistance_pct": 0.7323896381216989,
      "state": "correction",
      "rank_score": 3.0076939595144796
    },
    {
      "ticker": "FLO",
      "tf": "1d",
      "bars_used": 350,
      "close": 10.949999809265137,
      "sma20": 10.775999927520752,
      "sma50": 10.808918666839599,
      "trend_ok": true,
      "prior_downtrend_ok": true,
      "down_slope": -0.003285614500349949,
      "fresh_uptrend_ok": true,
      "up_slope": 0.086969670382413,
      "up_hh_steps": 2,
      "up_hl_steps": 1,
      "up_pivot_highs": 3,
      "up_pivot_lows": 2,
      "resistance": 11.140000343322754,
      "pullback_from_resistance_pct": 1.7055702711131633,
      "state": "correction",
      "rank_score": 3.004768846369891
    },
    {
      "ticker": "FCPT",
      "tf": "1d",
      "bars_used": 350,
      "close": 24.600000381469727,
      "sma20": 23.750030422210692,
      "sma50": 23.464930267333983,
      "trend_ok": true,
      "prior_downtrend_ok": true,
      "down_slope": -0.02141163022612094,
      "fresh_uptrend_ok": true,
      "up_slope": 0.13187877770626183,
      "up_hh_steps": 1,
      "up_hl_steps": 2,
      "up_pivot_highs": 2,
      "up_pivot_lows": 3,
      "resistance": 24.969999313354492,
      "pullback_from_resistance_pct": 1.4817738969134944,
      "state": "correction",
      "rank_score": 3.003037683847751
    },
    {
      "ticker": "ESE",
      "tf": "1d",
      "bars_used": 350,
      "close": 226.9600067138672,
      "sma20": 207.83786849975587,
      "sma50": 208.53878295898437,
      "trend_ok": true,
      "prior_downtrend_ok": true,
      "down_slope": -0.5934899593160031,
      "fresh_uptrend_ok": true,
      "up_slope": 1.854425233783144,
      "up_hh_steps": 1,
      "up_hl_steps": 1,
      "up_pivot_highs": 2,
      "up_pivot_lows": 2,
      "resistance": 221.05999755859375,
      "pullback_from_resistance_pct": -2.6689628247686885,
      "state": "uptrend",
      "rank_score": 2.9948271374614475
    },
    {
      "ticker": "FRA",
      "tf": "1d",
      "bars_used": 350,
      "close": 11.979999542236328,
      "sma20": 11.79457359313965,
      "sma50": 11.685916976928711,
      "trend_ok": true,
      "prior_downtrend_ok": true,
      "down_slope": -0.006912244059578786,
      "fresh_uptrend_ok": true,
      "up_slope": 0.015142007307572798,
      "up_hh_steps": 1,
      "up_hl_steps": 1,
      "up_pivot_highs": 2,
      "up_pivot_lows": 2,
      "resistance": 12.104460220421913,
      "pullback_from_resistance_pct": 1.0282216300368563,
      "state": "correction",
      "rank_score": 2.8683375031875795
    },
    {
      "ticker": "ESI",
      "tf": "1d",
      "bars_used": 350,
      "close": 29.260000228881836,
      "sma20": 27.160499858856202,
      "sma50": 26.40691204071045,
      "trend_ok": true,
      "prior_downtrend_ok": true,
      "down_slope": -0.003921471393578048,
      "fresh_uptrend_ok": true,
      "up_slope": 0.17103033354788116,
      "up_hh_steps": 1,
      "up_hl_steps": 1,
      "up_pivot_highs": 2,
      "up_pivot_lows": 2,
      "resistance": 29.75,
      "pullback_from_resistance_pct": 1.6470580541787028,
      "state": "correction",
      "rank_score": 2.8461644643227784
    },
    {
      "ticker": "CNS",
      "tf": "1d",
      "bars_used": 350,
      "close": 69.36000061035156,
      "sma20": 66.1545000076294,
      "sma50": 64.11619995117188,
      "trend_ok": true,
      "prior_downtrend_ok": true,
      "down_slope": -0.00965566939305633,
      "fresh_uptrend_ok": true,
      "up_slope": 0.3412121397076231,
      "up_hh_steps": 1,
      "up_hl_steps": 1,
      "up_pivot_highs": 2,
      "up_pivot_lows": 2,
      "resistance": 70.66000366210938,
      "pullback_from_resistance_pct": 1.8398004307703206,
      "state": "correction",
      "rank_score": 2.8346473280992264
    },
    {
      "ticker": "CUBE",
      "tf": "1d",
      "bars_used": 350,
      "close": 38.97999954223633,
      "sma20": 36.84136829376221,
      "sma50": 36.31103118896485,
      "trend_ok": true,
      "prior_downtrend_ok": true,
      "down_slope": -0.02275598930373201,
      "fresh_uptrend_ok": true,
      "up_slope": 0.30866650668057527,
      "up_hh_steps": 1,
      "up_hl_steps": 1,
      "up_pivot_highs": 2,
      "up_pivot_lows": 2,
      "resistance": 39.779998779296875,
      "pullback_from_resistance_pct": 2.0110589784052455,
      "state": "correction",
      "rank_score": 2.8148235035991256
    },
    {
      "ticker": "FLNG",
      "tf": "1d",
      "bars_used": 350,
      "close": 26.90999984741211,
      "sma20": 25.564499950408937,
      "sma50": 25.745799980163575,
      "trend_ok": true,
      "prior_downtrend_ok": true,
      "down_slope": -0.05430019693571452,
      "fresh_uptrend_ok": true,
      "up_slope": 0.15606075633655894,
      "up_hh_steps": 1,
      "up_hl_steps": 1,
      "up_pivot_highs": 2,
      "up_pivot_lows": 2,
      "resistance": 27.459999084472656,
      "pullback_from_resistance_pct": 2.0029106168890793,
      "state": "correction",
      "rank_score": 2.7971598231384585
    },
    {
      "ticker": "CMSA",
      "tf": "1d",
      "bars_used": 350,
      "close": 22.739999771118164,
      "sma20": 22.231999683380128,
      "sma50": 22.282274589538574,
      "trend_ok": true,
      "prior_downtrend_ok": true,
      "down_slope": -0.022808769183132037,
      "fresh_uptrend_ok": true,
      "up_slope": 0.05993940179998224,
      "up_hh_steps": 2,
      "up_hl_steps": 1,
      "up_pivot_highs": 3,
      "up_pivot_lows": 3,
      "resistance": 22.739999771118164,
      "pullback_from_resistance_pct": 0.0,
      "state": "uptrend",
      "rank_score": 2.6999999999999997
    },
    {
      "ticker": "DTE",
      "tf": "1d",
      "bars_used": 350,
      "close": 137.07000732421875,
      "sma20": 130.96549911499022,
      "sma50": 132.06124633789062,
      "trend_ok": true,
      "prior_downtrend_ok": true,
      "down_slope": -0.25441830547397176,
      "fresh_uptrend_ok": true,
      "up_slope": 0.993333758729877,
      "up_hh_steps": 1,
      "up_hl_steps": 1,
      "up_pivot_highs": 2,
      "up_pivot_lows": 2,
      "resistance": 136.0399932861328,
      "pullback_from_resistance_pct": -0.7571406122606238,
      "state": "uptrend",
      "rank_score": 2.676190102043437
    },
    {
      "ticker": "CMSD",
      "tf": "1d",
      "bars_used": 350,
      "close": 24.0,
      "sma20": 23.54915008544922,
      "sma50": 23.523432121276855,
      "trend_ok": true,
      "prior_downtrend_ok": true,