{
  "updated_utc": "2026-01-21T20:56:28.177616+00:00",
  "tf": "1d",
  "params": {
    "n_down": 40,
    "n_up": 10,
    "n_corr": 8,
    "sma_slow": 50,
    "sma_fast": 20,
    "pivot_strength": 1,
    "min_hh_steps": 1,
    "min_hl_steps": 1,
    "corr_min_pct": 0.5,
    "corr_max_pct": 12.0,
    "near_resistance_pct": 6.0,
    "breakout_wiggle_pct": 0.2
  },
  "count": 7,
  "data": [
    {
      "ticker": "GPJA",
      "tf": "1d",
      "bars_used": 350,
      "close": 22.959999084472656,
      "sma20": 22.708901977539064,
      "sma50": 22.60864288330078,
      "trend_ok": true,
      "prior_downtrend_ok": true,
      "down_slope": -0.005599382447033394,
      "fresh_uptrend_ok": true,
      "up_slope": 0.04860602870131984,
      "up_hh_steps": 2,
      "up_hl_steps": 1,
      "up_pivot_highs": 3,
      "up_pivot_lows": 2,
      "resistance": 23.260000228881836,
      "pullback_from_resistance_pct": 1.289772749170783,
      "state": "correction",
      "rank_score": 3.0850378751382026
    },
    {
      "ticker": "LRN",
      "tf": "1d",
      "bars_used": 350,
      "close": 69.4000015258789,
      "sma20": 67.59749984741211,
      "sma50": 65.68799995422363,
      "trend_ok": true,
      "prior_downtrend_ok": true,
      "down_slope": -0.01300943635865403,
      "fresh_uptrend_ok": true,
      "up_slope": 0.16012110854640152,
      "up_hh_steps": 1,
      "up_hl_steps": 3,
      "up_pivot_highs": 2,
      "up_pivot_lows": 4,
      "resistance": 71.16999816894531,
      "pullback_from_resistance_pct": 2.4869982978849308,
      "state": "correction",
      "rank_score": 2.8480942435664436
    },
    {
      "ticker": "GROV",
      "tf": "1d",
      "bars_used": 350,
      "close": 1.2799999713897705,
      "sma20": 1.205000001192093,
      "sma50": 1.281200006008148,
      "trend_ok": true,
      "prior_downtrend_ok": true,
      "down_slope": -0.0077842400400544645,
      "fresh_uptrend_ok": true,
      "up_slope": 0.011151509573965362,
      "up_hh_steps": 1,
      "up_hl_steps": 1,
      "up_pivot_highs": 2,
      "up_pivot_lows": 2,
      "resistance": 1.2599999904632568,
      "pullback_from_resistance_pct": -1.5873000855468575,
      "state": "uptrend",
      "rank_score": 2.8145500142578097
    },
    {
      "ticker": "MIR",
      "tf": "1d",
      "bars_used": 350,
      "close": 26.260000228881836,
      "sma20": 24.891499996185303,
      "sma50": 25.018000030517577,
      "trend_ok": true,
      "prior_downtrend_ok": true,
      "down_slope": -0.06421764241374232,
      "fresh_uptrend_ok": true,
      "up_slope": 0.254181821418531,
      "up_hh_steps": 3,
      "up_hl_steps": 1,
      "up_pivot_highs": 4,
      "up_pivot_lows": 2,
      "resistance": 27.399999618530273,
      "pullback_from_resistance_pct": 4.1605817719700635,
      "state": "correction",
      "rank_score": 2.725005095431784
    },
    {
      "ticker": "LPG",
      "tf": "1d",
      "bars_used": 350,
      "close": 28.530000686645508,
      "sma20": 26.26349992752075,
      "sma50": 25.61160213470459,
      "trend_ok": true,
      "prior_downtrend_ok": true,
      "down_slope": -0.04945989504987706,
      "fresh_uptrend_ok": true,
      "up_slope": 0.2045454892245206,
      "up_hh_steps": 2,
      "up_hl_steps": 1,
      "up_pivot_highs": 3,
      "up_pivot_lows": 2,
      "resistance": 29.5,
      "pullback_from_resistance_pct": 3.288133265608448,
      "state": "correction",
      "rank_score": 2.7194586367902946
    },
    {
      "ticker": "GNRC",
      "tf": "1d",
      "bars_used": 350,
      "close": 162.05999755859375,
      "sma20": 147.51599884033203,
      "sma50": 151.12879943847656,
      "trend_ok": true,
      "prior_downtrend_ok": true,
      "down_slope": -0.29387053155093884,
      "fresh_uptrend_ok": true,
      "up_slope": 2.247151230320786,
      "up_hh_steps": 1,
      "up_hl_steps": 1,
      "up_pivot_highs": 2,
      "up_pivot_lows": 2,
      "resistance": 163.52999877929688,
      "pullback_from_resistance_pct": 0.8989183829733075,
      "state": "uptrend",
      "rank_score": 2.4001802695044487
    },
    {
      "ticker": "KRO",
      "tf": "1d",
      "bars_used": 350,
      "close": 5.239999771118164,
      "sma20": 4.901999974250794,
      "sma50": 4.78552565574646,
      "trend_ok": true,
      "prior_downtrend_ok": true,
      "down_slope": -0.000248063035574908,
      "fresh_uptrend_ok": true,
      "up_slope": 0.05484848311453155,
      "up_hh_steps": 1,
      "up_hl_steps": 1,
      "up_pivot_highs": 2,
      "up_pivot_lows": 2,
      "resistance": 5.590000152587891,
      "pullback_from_resistance_pct": 6.261187333021698,
      "state": "uptrend",
      "rank_score": 1.5046237444007677
    }
  ]
}