{
  "updated_utc": "2026-01-15T23:14:49.693433+00:00",
  "tf": "1d",
  "params": {
    "n_down": 40,
    "n_up": 10,
    "n_corr": 8,
    "sma_slow": 50,
    "sma_fast": 20,
    "pivot_strength": 1,
    "min_hh_steps": 1,
    "min_hl_steps": 1,
    "corr_min_pct": 0.5,
    "corr_max_pct": 12.0,
    "near_resistance_pct": 6.0,
    "breakout_wiggle_pct": 0.2
  },
  "count": 3,
  "data": [
    {
      "ticker": "WCC",
      "tf": "1d",
      "bars_used": 350,
      "close": 276.6499938964844,
      "sma20": 259.2584968566895,
      "sma50": 260.15237091064455,
      "trend_ok": true,
      "prior_downtrend_ok": true,
      "down_slope": -0.004637071562976372,
      "fresh_uptrend_ok": true,
      "up_slope": 2.965756965406013,
      "up_hh_steps": 1,
      "up_hl_steps": 1,
      "up_pivot_highs": 2,
      "up_pivot_lows": 2,
      "resistance": 278.7699890136719,
      "pullback_from_resistance_pct": 0.7604818311642318,
      "state": "correction",
      "rank_score": 3.0202464539882516
    },
    {
      "ticker": "WPC",
      "tf": "1d",
      "bars_used": 350,
      "close": 67.80000305175781,
      "sma20": 64.8863956451416,
      "sma50": 65.34133926391601,
      "trend_ok": true,
      "prior_downtrend_ok": true,
      "down_slope": -0.06886179281667741,
      "fresh_uptrend_ok": true,
      "up_slope": 0.4065456043590199,
      "up_hh_steps": 1,
      "up_hl_steps": 1,
      "up_pivot_highs": 2,
      "up_pivot_lows": 2,
      "resistance": 68.05000305175781,
      "pullback_from_resistance_pct": 0.36737691225355823,
      "state": "uptrend",
      "rank_score": 2.488770514624407
    },
    {
      "ticker": "WDI",
      "tf": "1d",
      "bars_used": 350,
      "close": 13.850000381469727,
      "sma20": 13.755027484893798,
      "sma50": 13.880636196136475,
      "trend_ok": true,
      "prior_downtrend_ok": true,
      "down_slope": -0.003894081706177674,
      "fresh_uptrend_ok": true,
      "up_slope": 0.010000043926816998,
      "up_hh_steps": 1,
      "up_hl_steps": 1,
      "up_pivot_highs": 2,
      "up_pivot_lows": 2,
      "resistance": 13.850000381469727,
      "pullback_from_resistance_pct": 0.0,
      "state": "uptrend",
      "rank_score": 2.4621857763106965
    }
  ]
}