{
  "updated_utc": "2026-01-22T20:53:10.989685+00:00",
  "tf": "1d",
  "params": {
    "n_down": 40,
    "n_up": 10,
    "n_corr": 8,
    "sma_slow": 50,
    "sma_fast": 20,
    "pivot_strength": 1,
    "min_hh_steps": 1,
    "min_hl_steps": 1,
    "corr_min_pct": 0.5,
    "corr_max_pct": 12.0,
    "near_resistance_pct": 6.0,
    "breakout_wiggle_pct": 0.2
  },
  "count": 5,
  "data": [
    {
      "ticker": "WDS",
      "tf": "1d",
      "bars_used": 350,
      "close": 16.270000457763672,
      "sma20": 15.70699987411499,
      "sma50": 16.190199871063232,
      "trend_ok": true,
      "prior_downtrend_ok": true,
      "down_slope": -0.05319700643671834,
      "fresh_uptrend_ok": true,
      "up_slope": 0.055212148030598956,
      "up_hh_steps": 1,
      "up_hl_steps": 1,
      "up_pivot_highs": 2,
      "up_pivot_lows": 2,
      "resistance": 16.420000076293945,
      "pullback_from_resistance_pct": 0.9135177699958265,
      "state": "correction",
      "rank_score": 2.927237607602412
    },
    {
      "ticker": "YPF",
      "tf": "1d",
      "bars_used": 350,
      "close": 36.09000015258789,
      "sma20": 35.08300018310547,
      "sma50": 35.87,
      "trend_ok": true,
      "prior_downtrend_ok": true,
      "down_slope": -0.05807503025706221,
      "fresh_uptrend_ok": true,
      "up_slope": 0.21454557939009233,
      "up_hh_steps": 1,
      "up_hl_steps": 2,
      "up_pivot_highs": 2,
      "up_pivot_lows": 4,
      "resistance": 35.41999816894531,
      "pullback_from_resistance_pct": -1.8915923723282577,
      "state": "uptrend",
      "rank_score": 2.926467331329837
    },
    {
      "ticker": "WOR",
      "tf": "1d",
      "bars_used": 350,
      "close": 53.810001373291016,
      "sma20": 52.86450004577637,
      "sma50": 54.042229080200194,
      "trend_ok": true,
      "prior_downtrend_ok": true,
      "down_slope": -0.0456145588944598,
      "fresh_uptrend_ok": true,
      "up_slope": 0.10339404019442472,
      "up_hh_steps": 1,
      "up_hl_steps": 1,
      "up_pivot_highs": 2,
      "up_pivot_lows": 3,
      "resistance": 54.900001525878906,
      "pullback_from_resistance_pct": 1.985428273757121,
      "state": "correction",
      "rank_score": 2.6375858855931025
    },
    {
      "ticker": "XYL",
      "tf": "1d",
      "bars_used": 350,
      "close": 141.75999450683594,
      "sma20": 139.78449935913085,
      "sma50": 140.48968353271485,
      "trend_ok": true,
      "prior_downtrend_ok": true,
      "down_slope": -0.226334109136356,
      "fresh_uptrend_ok": true,
      "up_slope": 0.33848525538589014,
      "up_hh_steps": 1,
      "up_hl_steps": 2,
      "up_pivot_highs": 2,
      "up_pivot_lows": 4,
      "resistance": 146.5500030517578,
      "pullback_from_resistance_pct": 3.268514803940443,
      "state": "correction",
      "rank_score": 2.548800942848477
    },
    {
      "ticker": "WD",
      "tf": "1d",
      "bars_used": 350,
      "close": 64.13999938964844,
      "sma20": 62.18099994659424,
      "sma50": 62.885496063232424,
      "trend_ok": true,
      "prior_downtrend_ok": true,
      "down_slope": -0.13322417060608713,
      "fresh_uptrend_ok": true,
      "up_slope": 0.2863029479980469,
      "up_hh_steps": 1,
      "up_hl_steps": 1,
      "up_pivot_highs": 2,
      "up_pivot_lows": 2,
      "resistance": 66.47000122070312,
      "pullback_from_resistance_pct": 3.505343445561683,
      "state": "correction",
      "rank_score": 2.46086443886639
    }
  ]
}