{
  "updated_utc": "2026-01-22T20:53:41.553592+00:00",
  "tf": "1d",
  "params": {
    "n_down": 40,
    "n_up": 10,
    "n_corr": 8,
    "sma_slow": 50,
    "sma_fast": 20,
    "pivot_strength": 1,
    "min_hh_steps": 1,
    "min_hl_steps": 1,
    "corr_min_pct": 0.5,
    "corr_max_pct": 12.0,
    "near_resistance_pct": 6.0,
    "breakout_wiggle_pct": 0.2
  },
  "count": 26,
  "data": [
    {
      "ticker": "CF",
      "tf": "1d",
      "bars_used": 350,
      "close": 91.86000061035156,
      "sma20": 81.30549964904785,
      "sma50": 80.24007553100586,
      "trend_ok": true,
      "prior_downtrend_ok": true,
      "down_slope": -0.10614721359052533,
      "fresh_uptrend_ok": true,
      "up_slope": 1.329212119362571,
      "up_hh_steps": 1,
      "up_hl_steps": 1,
      "up_pivot_highs": 2,
      "up_pivot_lows": 2,
      "resistance": 88.16000366210938,
      "pullback_from_resistance_pct": -4.19691106459473,
      "state": "uptrend",
      "rank_score": 3.2494851774324545
    },
    {
      "ticker": "CAG",
      "tf": "1d",
      "bars_used": 350,
      "close": 17.299999237060547,
      "sma20": 17.038499927520753,
      "sma50": 17.284199981689454,
      "trend_ok": true,
      "prior_downtrend_ok": true,
      "down_slope": -0.001873359358109408,
      "fresh_uptrend_ok": true,
      "up_slope": 0.10787872545646898,
      "up_hh_steps": 1,
      "up_hl_steps": 2,
      "up_pivot_highs": 3,
      "up_pivot_lows": 3,
      "resistance": 17.389999389648438,
      "pullback_from_resistance_pct": 0.5175397110218651,
      "state": "correction",
      "rank_score": 3.148984330999912
    },
    {
      "ticker": "AFGD",
      "tf": "1d",
      "bars_used": 350,
      "close": 21.18000030517578,
      "sma20": 20.968549919128417,
      "sma50": 21.099251708984376,
      "trend_ok": true,
      "prior_downtrend_ok": true,
      "down_slope": -0.019705098565479157,
      "fresh_uptrend_ok": true,
      "up_slope": 0.02657579364198627,
      "up_hh_steps": 1,
      "up_hl_steps": 1,
      "up_pivot_highs": 2,
      "up_pivot_lows": 2,
      "resistance": 21.290000915527344,
      "pullback_from_resistance_pct": 0.5166773396958204,
      "state": "correction",
      "rank_score": 3.0632208844614586
    },
    {
      "ticker": "BFZ",
      "tf": "1d",
      "bars_used": 350,
      "close": 10.989999771118164,
      "sma20": 10.820323371887207,
      "sma50": 10.79282642364502,
      "trend_ok": true,
      "prior_downtrend_ok": true,
      "down_slope": -0.00237070802899731,
      "fresh_uptrend_ok": true,
      "up_slope": 0.0148656093713009,
      "up_hh_steps": 1,
      "up_hl_steps": 1,
      "up_pivot_highs": 2,
      "up_pivot_lows": 2,
      "resistance": 11.050000190734863,
      "pullback_from_resistance_pct": 0.5429902134029645,
      "state": "correction",
      "rank_score": 3.04891257474902
    },
    {
      "ticker": "BNJ",
      "tf": "1d",
      "bars_used": 350,
      "close": 15.680000305175781,
      "sma20": 15.31749997138977,
      "sma50": 15.305280017852784,
      "trend_ok": true,
      "prior_downtrend_ok": true,
      "down_slope": -0.004944279135727301,
      "fresh_uptrend_ok": true,
      "up_slope": 0.0543636553215258,
      "up_hh_steps": 1,
      "up_hl_steps": 1,
      "up_pivot_highs": 2,
      "up_pivot_lows": 3,
      "resistance": 15.78499984741211,
      "pullback_from_resistance_pct": 0.6651855765050413,
      "state": "correction",
      "rank_score": 3.03913573724916
    },
    {
      "ticker": "ASPN",
      "tf": "1d",
      "bars_used": 350,
      "close": 3.5799999237060547,
      "sma20": 3.20550000667572,
      "sma50": 3.237999997138977,
      "trend_ok": true,
      "prior_downtrend_ok": true,
      "down_slope": -0.011304876817771238,
      "fresh_uptrend_ok": true,
      "up_slope": 0.035090910304676405,
      "up_hh_steps": 3,
      "up_hl_steps": 1,
      "up_pivot_highs": 4,
      "up_pivot_lows": 2,
      "resistance": 3.674999952316284,
      "pullback_from_resistance_pct": 2.5850348256563307,
      "state": "correction",
      "rank_score": 3.019160862390611
    },
    {
      "ticker": "BEPJ",
      "tf": "1d",
      "bars_used": 350,
      "close": 25.024999618530273,
      "sma20": 24.795527839660643,
      "sma50": 24.829946937561036,
      "trend_ok": true,
      "prior_downtrend_ok": true,
      "down_slope": -0.008099617877552255,
      "fresh_uptrend_ok": true,
      "up_slope": 0.026745524550929215,
      "up_hh_steps": 1,
      "up_hl_steps": 1,
      "up_pivot_highs": 2,
      "up_pivot_lows": 2,
      "resistance": 25.260000228881836,
      "pullback_from_resistance_pct": 0.9303270317585625,
      "state": "correction",
      "rank_score": 2.994945494706906
    },
    {
      "ticker": "AGRO",
      "tf": "1d",
      "bars_used": 350,
      "close": 8.920000076293945,
      "sma20": 8.105000019073486,
      "sma50": 7.966400012969971,
      "trend_ok": true,
      "prior_downtrend_ok": true,
      "down_slope": -0.004276738247325675,
      "fresh_uptrend_ok": true,
      "up_slope": 0.09509093544699929,
      "up_hh_steps": 1,
      "up_hl_steps": 1,
      "up_pivot_highs": 2,
      "up_pivot_lows": 2,
      "resistance": 8.6899995803833,
      "pullback_from_resistance_pct": -2.646726202724392,
      "state": "uptrend",
      "rank_score": 2.9813216095875443
    },
    {
      "ticker": "CDP",
      "tf": "1d",
      "bars_used": 350,
      "close": 30.329999923706055,
      "sma20": 28.884618854522706,
      "sma50": 29.04778694152832,
      "trend_ok": true,
      "prior_downtrend_ok": true,
      "down_slope": -0.03738716189901556,
      "fresh_uptrend_ok": true,
      "up_slope": 0.20521214803059895,
      "up_hh_steps": 1,
      "up_hl_steps": 1,
      "up_pivot_highs": 2,
      "up_pivot_lows": 2,
      "resistance": 30.889999389648438,
      "pullback_from_resistance_pct": 1.812882735536876,
      "state": "correction",
      "rank_score": 2.847486103173403
    },
    {
      "ticker": "AIZN",
      "tf": "1d",
      "bars_used": 350,
      "close": 20.25,
      "sma20": 19.84612045288086,
      "sma50": 19.64363925933838,
      "trend_ok": true,
      "prior_downtrend_ok": true,
      "down_slope": -0.005977115309037142,
      "fresh_uptrend_ok": true,
      "up_slope": 0.02139403603293679,
      "up_hh_steps": 1,
      "up_hl_steps": 1,
      "up_pivot_highs": 2,
      "up_pivot_lows": 3,
      "resistance": 20.43000030517578,
      "pullback_from_resistance_pct": 0.8810587493245391,
      "state": "correction",
      "rank_score": 2.8309528806924567
    },
    {
      "ticker": "BLX",
      "tf": "1d",
      "bars_used": 350,
      "close": 46.04999923706055,
      "sma20": 44.13550033569336,
      "sma50": 44.39960029602051,
      "trend_ok": true,
      "prior_downtrend_ok": true,
      "down_slope": -0.010837713102015053,
      "fresh_uptrend_ok": true,
      "up_slope": 0.2666058858235677,
      "up_hh_steps": 1,
      "up_hl_steps": 1,
      "up_pivot_highs": 2,
      "up_pivot_lows": 2,
      "resistance": 45.33000183105469,
      "pullback_from_resistance_pct": -1.5883462980859697,
      "state": "uptrend",
      "rank_score": 2.7972178988874443
    },
    {
      "ticker": "BABA",
      "tf": "1d",
      "bars_used": 350,
      "close": 168.6699981689453,
      "sma20": 156.63049926757813,
      "sma50": 156.8131997680664,
      "trend_ok": true,
      "prior_downtrend_ok": true,
      "down_slope": -0.3185694324142714,
      "fresh_uptrend_ok": true,
      "up_slope": 2.0707266142874055,
      "up_hh_steps": 1,
      "up_hl_steps": 1,
      "up_pivot_highs": 2,
      "up_pivot_lows": 2,
      "resistance": 173.3000030517578,
      "pullback_from_resistance_pct": 2.671670398891858,
      "state": "correction",
      "rank_score": 2.661091093987229
    },
    {
      "ticker": "APAM",
      "tf": "1d",
      "bars_used": 350,
      "close": 43.9900016784668,
      "sma20": 42.676500511169436,
      "sma50": 42.22033317565918,
      "trend_ok": true,