{
  "updated_utc": "2026-01-18T20:49:40.378051+00:00",
  "tf": "1d",
  "params": {
    "n_down": 40,
    "n_up": 10,
    "n_corr": 8,
    "sma_slow": 50,
    "sma_fast": 20,
    "pivot_strength": 1,
    "min_hh_steps": 1,
    "min_hl_steps": 1,
    "corr_min_pct": 0.5,
    "corr_max_pct": 12.0,
    "near_resistance_pct": 6.0,
    "breakout_wiggle_pct": 0.2
  },
  "count": 18,
  "data": [
    {
      "ticker": "AMPX",
      "tf": "1d",
      "bars_used": 350,
      "close": 11.0,
      "sma20": 9.133999896049499,
      "sma50": 10.41939995765686,
      "trend_ok": true,
      "prior_downtrend_ok": true,
      "down_slope": -0.10459662597577522,
      "fresh_uptrend_ok": true,
      "up_slope": 0.19363637404008346,
      "up_hh_steps": 1,
      "up_hl_steps": 1,
      "up_pivot_highs": 2,
      "up_pivot_lows": 2,
      "resistance": 10.414999961853027,
      "pullback_from_resistance_pct": -5.616899090635138,
      "state": "uptrend",
      "rank_score": 3.4861498484391893
    },
    {
      "ticker": "CACI",
      "tf": "1d",
      "bars_used": 350,
      "close": 635.4000244140625,
      "sma20": 569.6359985351562,
      "sma50": 583.6111975097656,
      "trend_ok": true,
      "prior_downtrend_ok": true,
      "down_slope": -1.6046991001150621,
      "fresh_uptrend_ok": true,
      "up_slope": 8.408304850260416,
      "up_hh_steps": 2,
      "up_hl_steps": 1,
      "up_pivot_highs": 3,
      "up_pivot_lows": 2,
      "resistance": 615.0,
      "pullback_from_resistance_pct": -3.3170771404979678,
      "state": "uptrend",
      "rank_score": 3.252846190082994
    },
    {
      "ticker": "BIPI",
      "tf": "1d",
      "bars_used": 350,
      "close": 17.040000915527344,
      "sma20": 16.809150218963623,
      "sma50": 17.09280002593994,
      "trend_ok": true,
      "prior_downtrend_ok": true,
      "down_slope": -0.019443794844521814,
      "fresh_uptrend_ok": true,
      "up_slope": 0.04144853534120502,
      "up_hh_steps": 1,
      "up_hl_steps": 2,
      "up_pivot_highs": 2,
      "up_pivot_lows": 3,
      "resistance": 17.18000030517578,
      "pullback_from_resistance_pct": 0.8148974805679147,
      "state": "correction",
      "rank_score": 3.114183753238681
    },
    {
      "ticker": "BBWI",
      "tf": "1d",
      "bars_used": 350,
      "close": 23.270000457763672,
      "sma20": 21.2205002784729,
      "sma50": 20.285609855651856,
      "trend_ok": true,
      "prior_downtrend_ok": true,
      "down_slope": -0.0370107457517012,
      "fresh_uptrend_ok": true,
      "up_slope": 0.255393901015773,
      "up_hh_steps": 1,
      "up_hl_steps": 3,
      "up_pivot_highs": 2,
      "up_pivot_lows": 4,
      "resistance": 23.729999542236328,
      "pullback_from_resistance_pct": 1.938470684139363,
      "state": "correction",
      "rank_score": 3.0081763354782844
    },
    {
      "ticker": "CF",
      "tf": "1d",
      "bars_used": 350,
      "close": 86.75,
      "sma20": 80.14099960327148,
      "sma50": 79.94473159790039,
      "trend_ok": true,
      "prior_downtrend_ok": true,
      "down_slope": -0.13683201644926088,
      "fresh_uptrend_ok": true,
      "up_slope": 0.9034546823212595,
      "up_hh_steps": 1,
      "up_hl_steps": 2,
      "up_pivot_highs": 2,
      "up_pivot_lows": 3,
      "resistance": 88.16000366210938,
      "pullback_from_resistance_pct": 1.599368878787134,
      "state": "correction",
      "rank_score": 2.9834385202021445
    },
    {
      "ticker": "BTX",
      "tf": "1d",
      "bars_used": 350,
      "close": 6.900000095367432,
      "sma20": 6.741767024993896,
      "sma50": 6.669178476333618,
      "trend_ok": true,
      "prior_downtrend_ok": true,
      "down_slope": -0.0014187145412080059,
      "fresh_uptrend_ok": true,
      "up_slope": 0.018121219403815992,
      "up_hh_steps": 2,
      "up_hl_steps": 1,
      "up_pivot_highs": 3,
      "up_pivot_lows": 2,
      "resistance": 7.050000190734863,
      "pullback_from_resistance_pct": 2.1276608696346186,
      "state": "correction",
      "rank_score": 2.9346314276502463
    },
    {
      "ticker": "BLX",
      "tf": "1d",
      "bars_used": 350,
      "close": 45.029998779296875,
      "sma20": 43.954500389099124,
      "sma50": 44.36160026550293,
      "trend_ok": true,
      "prior_downtrend_ok": true,
      "down_slope": -0.003193244790941421,
      "fresh_uptrend_ok": true,
      "up_slope": 0.13806055242365056,
      "up_hh_steps": 1,
      "up_hl_steps": 1,
      "up_pivot_highs": 2,
      "up_pivot_lows": 2,
      "resistance": 45.33000183105469,
      "pullback_from_resistance_pct": 0.6618200742102912,
      "state": "correction",
      "rank_score": 2.9313178708197105
    },
    {
      "ticker": "ASPN",
      "tf": "1d",
      "bars_used": 350,
      "close": 3.4700000286102295,
      "sma20": 3.143500018119812,
      "sma50": 3.326399998664856,
      "trend_ok": true,
      "prior_downtrend_ok": true,
      "down_slope": -0.030630392406492252,
      "fresh_uptrend_ok": true,
      "up_slope": 0.027757583964954723,
      "up_hh_steps": 2,
      "up_hl_steps": 1,
      "up_pivot_highs": 4,
      "up_pivot_lows": 2,
      "resistance": 3.555000066757202,
      "pullback_from_resistance_pct": 2.3909996216823686,
      "state": "correction",
      "rank_score": 2.9015000630529384
    },
    {
      "ticker": "AIZN",
      "tf": "1d",
      "bars_used": 350,
      "close": 20.15999984741211,
      "sma20": 19.77036190032959,
      "sma50": 19.63615173339844,
      "trend_ok": true,
      "prior_downtrend_ok": true,
      "down_slope": -0.011947244461660761,
      "fresh_uptrend_ok": true,
      "up_slope": 0.05393946098558831,
      "up_hh_steps": 1,
      "up_hl_steps": 1,
      "up_pivot_highs": 2,
      "up_pivot_lows": 2,
      "resistance": 20.43000030517578,
      "pullback_from_resistance_pct": 1.3215881239868086,
      "state": "correction",
      "rank_score": 2.87010455911048
    },
    {
      "ticker": "ASC",
      "tf": "1d",
      "bars_used": 350,
      "close": 11.9399995803833,
      "sma20": 11.152000045776367,
      "sma50": 11.825800075531006,
      "trend_ok": true,
      "prior_downtrend_ok": true,
      "down_slope": -0.07324577907683925,
      "fresh_uptrend_ok": true,
      "up_slope": 0.12963633103804154,
      "up_hh_steps": 1,
      "up_hl_steps": 1,
      "up_pivot_highs": 2,
      "up_pivot_lows": 2,
      "resistance": 12.210000038146973,
      "pullback_from_resistance_pct": 2.2113059534817823,
      "state": "correction",
      "rank_score": 2.753502689939613
    },
    {
      "ticker": "BWLP",
      "tf": "1d",
      "bars_used": 350,
      "close": 14.539999961853027,
      "sma20": 13.274000024795532,
      "sma50": 12.907399997711181,
      "trend_ok": true,
      "prior_downtrend_ok": true,
      "down_slope": -0.016106941015590646,
      "fresh_uptrend_ok": true,
      "up_slope": 0.15557576381798946,
      "up_hh_steps": 1,
      "up_hl_steps": 1,
      "up_pivot_highs": 2,
      "up_pivot_lows": 2,
      "resistance": 14.470000267028809,
      "pullback_from_resistance_pct": -0.48375738446749944,
      "state": "uptrend",
      "rank_score": 2.630626230744583
    },
    {
      "ticker": "BKE",
      "tf": "1d",
      "bars_used": 350,
      "close": 52.720001220703125,
      "sma20": 51.654899215698244,
      "sma50": 52.46921989440918,
      "trend_ok": true,
      "prior_downtrend_ok": true,
      "down_slope": -0.050373888999838766,
      "fresh_uptrend_ok": true,
      "up_slope": 0.1745410110011245,
      "up_hh_steps": 1,
      "up_hl_steps": 2,
      "up_pivot_highs": 2,
      "up_pivot_lows": 3,
      "resistance": 52.80979112698585,
      "pullback_from_resistance_pct": 0.17002511156845357,
      "state": "uptrend",
      "rank_score": 2.570926912112256
    },
    {
      "ticker": "CARR",
      "tf": "1d",
      "bars_used": 350,
      "close": 56.189998626708984,
      "sma20": 54.09500007629394,
      "sma50": 54.05480010986328,
      "trend_ok": true,
      "prior_downtrend_ok": true,