{
  "updated_utc": "2026-01-16T16:53:54.663984+00:00",
  "tf": "1d",
  "params": {
    "n_down": 40,
    "n_up": 10,
    "n_corr": 8,
    "sma_slow": 50,
    "sma_fast": 20,
    "pivot_strength": 1,
    "min_hh_steps": 1,
    "min_hl_steps": 1,
    "corr_min_pct": 0.5,
    "corr_max_pct": 12.0,
    "near_resistance_pct": 6.0,
    "breakout_wiggle_pct": 0.2
  },
  "count": 19,
  "data": [
    {
      "ticker": "DFH",
      "tf": "1d",
      "bars_used": 350,
      "close": 20.299999237060547,
      "sma20": 18.196499824523926,
      "sma50": 18.693999786376953,
      "trend_ok": true,
      "prior_downtrend_ok": true,
      "down_slope": -0.028899620621557754,
      "fresh_uptrend_ok": true,
      "up_slope": 0.41824244874896427,
      "up_hh_steps": 1,
      "up_hl_steps": 2,
      "up_pivot_highs": 2,
      "up_pivot_lows": 3,
      "resistance": 20.45800018310547,
      "pullback_from_resistance_pct": 0.7723186266045764,
      "state": "correction",
      "rank_score": 3.1212802288992374
    },
    {
      "ticker": "DOC",
      "tf": "1d",
      "bars_used": 350,
      "close": 17.549999237060547,
      "sma20": 16.460803079605103,
      "sma50": 16.96410966873169,
      "trend_ok": true,
      "prior_downtrend_ok": true,
      "down_slope": -0.04918825165639452,
      "fresh_uptrend_ok": true,
      "up_slope": 0.11951508955522017,
      "up_hh_steps": 1,
      "up_hl_steps": 1,
      "up_pivot_highs": 3,
      "up_pivot_lows": 2,
      "resistance": 17.1299991607666,
      "pullback_from_resistance_pct": -2.451839444662001,
      "state": "uptrend",
      "rank_score": 2.9586399074436667
    },
    {
      "ticker": "CNP",
      "tf": "1d",
      "bars_used": 350,
      "close": 39.310001373291016,
      "sma20": 38.26700019836426,
      "sma50": 38.650763778686525,
      "trend_ok": true,
      "prior_downtrend_ok": true,
      "down_slope": -0.04179409377794105,
      "fresh_uptrend_ok": true,
      "up_slope": 0.08496983846028645,
      "up_hh_steps": 1,
      "up_hl_steps": 2,
      "up_pivot_highs": 2,
      "up_pivot_lows": 3,
      "resistance": 38.459999084472656,
      "pullback_from_resistance_pct": -2.2100944073124755,
      "state": "uptrend",
      "rank_score": 2.8842926915654483
    },
    {
      "ticker": "EPAC",
      "tf": "1d",
      "bars_used": 350,
      "close": 41.400001525878906,
      "sma20": 39.51499977111816,
      "sma50": 39.00759986877441,
      "trend_ok": true,
      "prior_downtrend_ok": true,
      "down_slope": -0.012011253185164862,
      "fresh_uptrend_ok": true,
      "up_slope": 0.13345461758700283,
      "up_hh_steps": 2,
      "up_hl_steps": 1,
      "up_pivot_highs": 3,
      "up_pivot_lows": 2,
      "resistance": 40.88999938964844,
      "pullback_from_resistance_pct": -1.2472539590195715,
      "state": "uptrend",
      "rank_score": 2.8750408395744937
    },
    {
      "ticker": "CHT",
      "tf": "1d",
      "bars_used": 350,
      "close": 42.150001525878906,
      "sma20": 41.6375,
      "sma50": 41.744600219726564,
      "trend_ok": true,
      "prior_downtrend_ok": true,
      "down_slope": -0.02965573459360434,
      "fresh_uptrend_ok": true,
      "up_slope": 0.03381830851236979,
      "up_hh_steps": 1,
      "up_hl_steps": 1,
      "up_pivot_highs": 2,
      "up_pivot_lows": 3,
      "resistance": 42.540000915527344,
      "pullback_from_resistance_pct": 0.9167827486014122,
      "state": "correction",
      "rank_score": 2.848285442652912
    },
    {
      "ticker": "EME",
      "tf": "1d",
      "bars_used": 350,
      "close": 682.1300048828125,
      "sma20": 635.7361145019531,
      "sma50": 628.473310546875,
      "trend_ok": true,
      "prior_downtrend_ok": true,
      "down_slope": -0.5332741284683542,
      "fresh_uptrend_ok": true,
      "up_slope": 3.440097138375947,
      "up_hh_steps": 1,
      "up_hl_steps": 1,
      "up_pivot_highs": 2,
      "up_pivot_lows": 3,
      "resistance": 670.6596688922587,
      "pullback_from_resistance_pct": -1.710306512019669,
      "state": "uptrend",
      "rank_score": 2.7699947910631995
    },
    {
      "ticker": "CRC",
      "tf": "1d",
      "bars_used": 350,
      "close": 47.209999084472656,
      "sma20": 45.258500289916995,
      "sma50": 46.28384254455566,
      "trend_ok": true,
      "prior_downtrend_ok": true,
      "down_slope": -0.06734222283282826,
      "fresh_uptrend_ok": true,
      "up_slope": 0.1585454998594342,
      "up_hh_steps": 2,
      "up_hl_steps": 1,
      "up_pivot_highs": 3,
      "up_pivot_lows": 2,
      "resistance": 48.540000915527344,
      "pullback_from_resistance_pct": 2.7400119612054565,
      "state": "correction",
      "rank_score": 2.7082612640149453
    },
    {
      "ticker": "DTG",
      "tf": "1d",
      "bars_used": 350,
      "close": 17.700000762939453,
      "sma20": 17.359500122070312,
      "sma50": 17.410349617004396,
      "trend_ok": true,
      "prior_downtrend_ok": true,
      "down_slope": -0.017657246866995577,
      "fresh_uptrend_ok": true,
      "up_slope": 0.03242430253462358,
      "up_hh_steps": 1,
      "up_hl_steps": 1,
      "up_pivot_highs": 2,
      "up_pivot_lows": 2,
      "resistance": 17.551000595092773,
      "pullback_from_resistance_pct": -0.8489554030802087,
      "state": "uptrend",
      "rank_score": 2.6914925671800347
    },
    {
      "ticker": "DTB",
      "tf": "1d",
      "bars_used": 350,
      "close": 17.639999389648438,
      "sma20": 17.263687324523925,
      "sma50": 17.316410903930663,
      "trend_ok": true,
      "prior_downtrend_ok": true,
      "down_slope": -0.021366723795992797,
      "fresh_uptrend_ok": true,
      "up_slope": 0.033054444284150095,
      "up_hh_steps": 1,
      "up_hl_steps": 1,
      "up_pivot_highs": 3,
      "up_pivot_lows": 3,
      "resistance": 17.499000549316406,
      "pullback_from_resistance_pct": -0.8057536768152129,
      "state": "uptrend",
      "rank_score": 2.6842922794692017
    },
    {
      "ticker": "ENR",
      "tf": "1d",
      "bars_used": 350,
      "close": 21.239999771118164,
      "sma20": 20.401000022888184,
      "sma50": 20.29970069885254,
      "trend_ok": true,
      "prior_downtrend_ok": true,
      "down_slope": -0.07951041609887559,
      "fresh_uptrend_ok": true,
      "up_slope": 0.21642421375621448,
      "up_hh_steps": 1,
      "up_hl_steps": 1,
      "up_pivot_highs": 2,
      "up_pivot_lows": 2,
      "resistance": 21.899999618530273,
      "pullback_from_resistance_pct": 3.0136979858833555,
      "state": "correction",
      "rank_score": 2.633970794137388
    },
    {
      "ticker": "CMSA",
      "tf": "1d",
      "bars_used": 350,
      "close": 22.709999084472656,
      "sma20": 22.134549713134767,
      "sma50": 22.27800281524658,
      "trend_ok": true,
      "prior_downtrend_ok": true,
      "down_slope": -0.026832117864383317,
      "fresh_uptrend_ok": true,
      "up_slope": 0.057636388142903644,
      "up_hh_steps": 1,
      "up_hl_steps": 1,
      "up_pivot_highs": 3,
      "up_pivot_lows": 2,
      "resistance": 22.610000610351562,
      "pullback_from_resistance_pct": -0.4422754153987565,
      "state": "uptrend",
      "rank_score": 2.623712569233126
    },
    {
      "ticker": "ECAT",
      "tf": "1d",
      "bars_used": 350,
      "close": 15.9399995803833,
      "sma20": 15.660184335708617,
      "sma50": 15.568941116333008,
      "trend_ok": true,
      "prior_downtrend_ok": true,
      "down_slope": -0.0011013137466688316,
      "fresh_uptrend_ok": true,
      "up_slope": 0.03642422647187204,
      "up_hh_steps": 1,
      "up_hl_steps": 2,
      "up_pivot_highs": 2,
      "up_pivot_lows": 3,
      "resistance": 16.020000457763672,
      "pullback_from_resistance_pct": 0.4993812427864243,
      "state": "uptrend",
      "rank_score": 2.566769792868929
    },
    {
      "ticker": "CMSD",
      "tf": "1d",
      "bars_used": 350,
      "close": 23.979999542236328,
      "sma20": 23.44265012741089,
      "sma50": 23.499651641845702,
      "trend_ok": true,