{
  "updated_utc": "2026-01-24T20:07:16.897252+00:00",
  "tf": "1d",
  "params": {
    "n_down": 40,
    "n_up": 10,
    "n_corr": 8,
    "sma_slow": 50,
    "sma_fast": 20,
    "pivot_strength": 1,
    "min_hh_steps": 1,
    "min_hl_steps": 1,
    "corr_min_pct": 0.5,
    "corr_max_pct": 12.0,
    "near_resistance_pct": 6.0,
    "breakout_wiggle_pct": 0.2
  },
  "count": 19,
  "data": [
    {
      "ticker": "TIMB",
      "tf": "1d",
      "bars_used": 350,
      "close": 23.309999465942383,
      "sma20": 20.848999977111816,
      "sma50": 21.625200080871583,
      "trend_ok": true,
      "prior_downtrend_ok": true,
      "down_slope": -0.110459668014555,
      "fresh_uptrend_ok": true,
      "up_slope": 0.3141817844275272,
      "up_hh_steps": 1,
      "up_hl_steps": 1,
      "up_pivot_highs": 2,
      "up_pivot_lows": 2,
      "resistance": 21.729999542236328,
      "pullback_from_resistance_pct": -7.271053644686133,
      "state": "uptrend",
      "rank_score": 3.7618422741143553
    },
    {
      "ticker": "UZD",
      "tf": "1d",
      "bars_used": 350,
      "close": 21.110000610351562,
      "sma20": 20.478500175476075,
      "sma50": 20.415928344726563,
      "trend_ok": true,
      "prior_downtrend_ok": true,
      "down_slope": -0.010454305788365805,
      "fresh_uptrend_ok": true,
      "up_slope": 0.0732121669884884,
      "up_hh_steps": 2,
      "up_hl_steps": 2,
      "up_pivot_highs": 3,
      "up_pivot_lows": 3,
      "resistance": 21.280000686645508,
      "pullback_from_resistance_pct": 0.7988725131979467,
      "state": "correction",
      "rank_score": 3.2668545811336753
    },
    {
      "ticker": "STN",
      "tf": "1d",
      "bars_used": 350,
      "close": 100.47000122070312,
      "sma20": 97.975,
      "sma50": 97.14499969482422,
      "trend_ok": true,
      "prior_downtrend_ok": true,
      "down_slope": -0.13355348168349848,
      "fresh_uptrend_ok": true,
      "up_slope": 0.2726664225260417,
      "up_hh_steps": 2,
      "up_hl_steps": 1,
      "up_pivot_highs": 3,
      "up_pivot_lows": 2,
      "resistance": 102.18000030517578,
      "pullback_from_resistance_pct": 1.673516421379418,
      "state": "correction",
      "rank_score": 2.975387309289424
    },
    {
      "ticker": "TDW",
      "tf": "1d",
      "bars_used": 350,
      "close": 60.380001068115234,
      "sma20": 55.06599998474121,
      "sma50": 55.14339981079102,
      "trend_ok": true,
      "prior_downtrend_ok": true,
      "down_slope": -0.13501595073077288,
      "fresh_uptrend_ok": true,
      "up_slope": 0.3350304805871212,
      "up_hh_steps": 1,
      "up_hl_steps": 1,
      "up_pivot_highs": 3,
      "up_pivot_lows": 2,
      "resistance": 58.91999816894531,
      "pullback_from_resistance_pct": -2.4779411821832653,
      "state": "uptrend",
      "rank_score": 2.922373492441615
    },
    {
      "ticker": "TR",
      "tf": "1d",
      "bars_used": 350,
      "close": 37.54999923706055,
      "sma20": 37.00900020599365,
      "sma50": 37.69410911560058,
      "trend_ok": true,
      "prior_downtrend_ok": true,
      "down_slope": -0.08067578249532331,
      "fresh_uptrend_ok": true,
      "up_slope": 0.0768484404592803,
      "up_hh_steps": 1,
      "up_hl_steps": 1,
      "up_pivot_highs": 2,
      "up_pivot_lows": 2,
      "resistance": 38.130001068115234,
      "pullback_from_resistance_pct": 1.5211167448397793,
      "state": "correction",
      "rank_score": 2.8231684049704775
    },
    {
      "ticker": "VET",
      "tf": "1d",
      "bars_used": 350,
      "close": 9.279999732971191,
      "sma20": 8.492999935150147,
      "sma50": 8.657199983596803,
      "trend_ok": true,
      "prior_downtrend_ok": true,
      "down_slope": -0.027986865598310002,
      "fresh_uptrend_ok": true,
      "up_slope": 0.11163636987859553,
      "up_hh_steps": 1,
      "up_hl_steps": 1,
      "up_pivot_highs": 2,
      "up_pivot_lows": 2,
      "resistance": 9.479999542236328,
      "pullback_from_resistance_pct": 2.1097027312509433,
      "state": "correction",
      "rank_score": 2.7983828781248428
    },
    {
      "ticker": "SOJF",
      "tf": "1d",
      "bars_used": 256,
      "close": 25.75,
      "sma20": 25.521500015258788,
      "sma50": 25.54172477722168,
      "trend_ok": true,
      "prior_downtrend_ok": true,
      "down_slope": -0.005177916192203257,
      "fresh_uptrend_ok": true,
      "up_slope": 0.0303029609448982,
      "up_hh_steps": 1,
      "up_hl_steps": 1,
      "up_pivot_highs": 2,
      "up_pivot_lows": 2,
      "resistance": 25.64900016784668,
      "pullback_from_resistance_pct": -0.393776878211154,
      "state": "uptrend",
      "rank_score": 2.615629479701859
    },
    {
      "ticker": "VAL",
      "tf": "1d",
      "bars_used": 350,
      "close": 54.2599983215332,
      "sma20": 52.6189998626709,
      "sma50": 54.28179985046387,
      "trend_ok": true,
      "prior_downtrend_ok": true,
      "down_slope": -0.1970759801524665,
      "fresh_uptrend_ok": true,
      "up_slope": 0.17927276148940577,
      "up_hh_steps": 2,
      "up_hl_steps": 2,
      "up_pivot_highs": 3,
      "up_pivot_lows": 3,
      "resistance": 56.79999923706055,
      "pullback_from_resistance_pct": 4.47183265782521,
      "state": "correction",
      "rank_score": 2.5953689022006956
    },
    {
      "ticker": "VRT",
      "tf": "1d",
      "bars_used": 350,
      "close": 182.49000549316406,
      "sma20": 171.5084976196289,
      "sma50": 170.87328521728514,
      "trend_ok": true,
      "prior_downtrend_ok": true,
      "down_slope": -0.145107028810884,
      "fresh_uptrend_ok": true,
      "up_slope": 1.8722423206676135,
      "up_hh_steps": 1,
      "up_hl_steps": 1,
      "up_pivot_highs": 2,
      "up_pivot_lows": 2,
      "resistance": 189.89999389648438,
      "pullback_from_resistance_pct": 3.902047731165037,
      "state": "correction",
      "rank_score": 2.499658711472494
    },
    {
      "ticker": "TBI",
      "tf": "1d",
      "bars_used": 350,
      "close": 5.300000190734863,
      "sma20": 4.885000014305115,
      "sma50": 4.878599996566773,
      "trend_ok": true,
      "prior_downtrend_ok": true,
      "down_slope": -0.009637896428636047,
      "fresh_uptrend_ok": true,
      "up_slope": 0.0635757590785171,
      "up_hh_steps": 1,
      "up_hl_steps": 1,
      "up_pivot_highs": 3,
      "up_pivot_lows": 2,
      "resistance": 5.340000152587891,
      "pullback_from_resistance_pct": 0.7490629346450939,
      "state": "uptrend",
      "rank_score": 2.425156177559151
    },
    {
      "ticker": "SUI",
      "tf": "1d",
      "bars_used": 350,
      "close": 126.45999908447266,
      "sma20": 124.76819305419922,
      "sma50": 124.68170227050781,
      "trend_ok": true,
      "prior_downtrend_ok": true,
      "down_slope": -0.10692105892675231,
      "fresh_uptrend_ok": true,
      "up_slope": 0.0944244384765625,
      "up_hh_steps": 1,
      "up_hl_steps": 1,
      "up_pivot_highs": 2,
      "up_pivot_lows": 2,
      "resistance": 130.3000030517578,
      "pullback_from_resistance_pct": 2.9470482558314512,
      "state": "correction",
      "rank_score": 2.416962797250455
    },
    {
      "ticker": "TG",
      "tf": "1d",
      "bars_used": 350,
      "close": 8.5600004196167,
      "sma20": 7.72400004863739,
      "sma50": 7.7958000373840335,
      "trend_ok": true,
      "prior_downtrend_ok": true,
      "down_slope": -0.024147280966810618,
      "fresh_uptrend_ok": true,
      "up_slope": 0.11600002520012133,
      "up_hh_steps": 2,
      "up_hl_steps": 1,
      "up_pivot_highs": 3,
      "up_pivot_lows": 2,
      "resistance": 9.0600004196167,
      "pullback_from_resistance_pct": 5.518763541306253,
      "state": "correction",
      "rank_score": 2.3802060764489577
    },
    {
      "ticker": "SJT",
      "tf": "1d",
      "bars_used": 350,
      "close": 6.050000190734863,
      "sma20": 5.716999983787536,
      "sma50": 5.760799999237061,
      "trend_ok": true,
      "prior_downtrend_ok": true,