{
  "updated_utc": "2026-01-23T20:55:25.733440+00:00",
  "tf": "1d",
  "params": {
    "n_down": 40,
    "n_up": 10,
    "n_corr": 8,
    "sma_slow": 50,
    "sma_fast": 20,
    "pivot_strength": 1,
    "min_hh_steps": 1,
    "min_hl_steps": 1,
    "corr_min_pct": 0.5,
    "corr_max_pct": 12.0,
    "near_resistance_pct": 6.0,
    "breakout_wiggle_pct": 0.2
  },
  "count": 5,
  "data": [
    {
      "ticker": "WD",
      "tf": "1d",
      "bars_used": 350,
      "close": 65.12999725341797,
      "sma20": 62.36049976348877,
      "sma50": 62.8158674621582,
      "trend_ok": true,
      "prior_downtrend_ok": true,
      "down_slope": -0.11731714710285696,
      "fresh_uptrend_ok": true,
      "up_slope": 0.14460580999200995,
      "up_hh_steps": 1,
      "up_hl_steps": 1,
      "up_pivot_highs": 2,
      "up_pivot_lows": 2,
      "resistance": 66.47000122070312,
      "pullback_from_resistance_pct": 2.0159529752916434,
      "state": "correction",
      "rank_score": 2.65062790097004
    },
    {
      "ticker": "YPF",
      "tf": "1d",
      "bars_used": 350,
      "close": 35.689998626708984,
      "sma20": 35.09200019836426,
      "sma50": 35.858600006103515,
      "trend_ok": true,
      "prior_downtrend_ok": true,
      "down_slope": -0.0709193181365337,
      "fresh_uptrend_ok": true,
      "up_slope": 0.19509083140980113,
      "up_hh_steps": 1,
      "up_hl_steps": 1,
      "up_pivot_highs": 2,
      "up_pivot_lows": 3,
      "resistance": 35.41999816894531,
      "pullback_from_resistance_pct": -0.7622825288579386,
      "state": "uptrend",
      "rank_score": 2.63293828491349
    },
    {
      "ticker": "XYL",
      "tf": "1d",
      "bars_used": 350,
      "close": 142.91000366210938,
      "sma20": 139.97449951171876,
      "sma50": 140.3302182006836,
      "trend_ok": true,
      "prior_downtrend_ok": true,
      "down_slope": -0.18912628202456247,
      "fresh_uptrend_ok": true,
      "up_slope": 0.32818196614583334,
      "up_hh_steps": 1,
      "up_hl_steps": 1,
      "up_pivot_highs": 2,
      "up_pivot_lows": 3,
      "resistance": 146.5500030517578,
      "pullback_from_resistance_pct": 2.4837934587847674,
      "state": "correction",
      "rank_score": 2.575964653332164
    },
    {
      "ticker": "WDS",
      "tf": "1d",
      "bars_used": 350,
      "close": 16.3799991607666,
      "sma20": 15.764499855041503,
      "sma50": 16.179999866485595,
      "trend_ok": true,
      "prior_downtrend_ok": true,
      "down_slope": -0.05422984019453038,
      "fresh_uptrend_ok": true,
      "up_slope": 0.048545455932617186,
      "up_hh_steps": 1,
      "up_hl_steps": 1,
      "up_pivot_highs": 2,
      "up_pivot_lows": 2,
      "resistance": 16.420000076293945,
      "pullback_from_resistance_pct": 0.24361093387017882,
      "state": "uptrend",
      "rank_score": 2.4346643411611164
    },
    {
      "ticker": "XPER",
      "tf": "1d",
      "bars_used": 350,
      "close": 6.210000038146973,
      "sma20": 6.04449999332428,
      "sma50": 6.006800003051758,
      "trend_ok": true,
      "prior_downtrend_ok": true,
      "down_slope": -0.00306754519299763,
      "fresh_uptrend_ok": true,
      "up_slope": 0.009696957559296579,
      "up_hh_steps": 1,
      "up_hl_steps": 2,
      "up_pivot_highs": 2,
      "up_pivot_lows": 4,
      "resistance": 6.275000095367432,
      "pullback_from_resistance_pct": 1.0358574698420449,
      "state": "uptrend",
      "rank_score": 2.3465673190772334
    }
  ]
}