{
  "updated_utc": "2026-01-28T14:08:19.632405+00:00",
  "tf": "1d",
  "params": {
    "n_down": 40,
    "n_up": 10,
    "n_corr": 8,
    "sma_slow": 50,
    "sma_fast": 20,
    "pivot_strength": 1,
    "min_hh_steps": 1,
    "min_hl_steps": 1,
    "corr_min_pct": 0.5,
    "corr_max_pct": 12.0,
    "near_resistance_pct": 6.0,
    "breakout_wiggle_pct": 0.2
  },
  "count": 22,
  "data": [
    {
      "ticker": "CRGY",
      "tf": "1d",
      "bars_used": 350,
      "close": 9.220000267028809,
      "sma20": 8.39350004196167,
      "sma50": 8.781443748474121,
      "trend_ok": true,
      "prior_downtrend_ok": true,
      "down_slope": -0.03558679763192755,
      "fresh_uptrend_ok": true,
      "up_slope": 0.07963635993726326,
      "up_hh_steps": 1,
      "up_hl_steps": 2,
      "up_pivot_highs": 2,
      "up_pivot_lows": 3,
      "resistance": 8.75,
      "pullback_from_resistance_pct": -5.371431623186384,
      "state": "uptrend",
      "rank_score": 3.5261981944107417
    },
    {
      "ticker": "CVE",
      "tf": "1d",
      "bars_used": 350,
      "close": 19.479999542236328,
      "sma20": 17.52450008392334,
      "sma50": 17.579399948120116,
      "trend_ok": true,
      "prior_downtrend_ok": true,
      "down_slope": -0.04997748380306738,
      "fresh_uptrend_ok": true,
      "up_slope": 0.15569690357555044,
      "up_hh_steps": 1,
      "up_hl_steps": 1,
      "up_pivot_highs": 3,
      "up_pivot_lows": 2,
      "resistance": 18.690000534057617,
      "pullback_from_resistance_pct": -4.226853855563809,
      "state": "uptrend",
      "rank_score": 3.241877391012813
    },
    {
      "ticker": "CIVI",
      "tf": "1d",
      "bars_used": 350,
      "close": 27.959999084472656,
      "sma20": 26.82749996185303,
      "sma50": 27.634388694763185,
      "trend_ok": true,
      "prior_downtrend_ok": true,
      "down_slope": -0.05091209948398383,
      "fresh_uptrend_ok": true,
      "up_slope": 0.15399991815740413,
      "up_hh_steps": 2,
      "up_hl_steps": 1,
      "up_pivot_highs": 3,
      "up_pivot_lows": 2,
      "resistance": 28.40999984741211,
      "pullback_from_resistance_pct": 1.5839520075901867,
      "state": "correction",
      "rank_score": 3.0220762966461105
    },
    {
      "ticker": "FERG",
      "tf": "1d",
      "bars_used": 350,
      "close": 251.57000732421875,
      "sma20": 238.73802795410157,
      "sma50": 237.15303466796874,
      "trend_ok": true,
      "prior_downtrend_ok": true,
      "down_slope": -0.47458418368398586,
      "fresh_uptrend_ok": true,
      "up_slope": 1.035575820460464,
      "up_hh_steps": 2,
      "up_hl_steps": 1,
      "up_pivot_highs": 3,
      "up_pivot_lows": 2,
      "resistance": 255.47999572753906,
      "pullback_from_resistance_pct": 1.5304479680241523,
      "state": "correction",
      "rank_score": 3.0086795489166422
    },
    {
      "ticker": "ESRT",
      "tf": "1d",
      "bars_used": 350,
      "close": 6.659999847412109,
      "sma20": 6.486499953269958,
      "sma50": 6.679783754348755,
      "trend_ok": true,
      "prior_downtrend_ok": true,
      "down_slope": -0.014074483150389136,
      "fresh_uptrend_ok": true,
      "up_slope": 0.056787878094297466,
      "up_hh_steps": 1,
      "up_hl_steps": 1,
      "up_pivot_highs": 2,
      "up_pivot_lows": 2,
      "resistance": 6.78000020980835,
      "pullback_from_resistance_pct": 1.7699167947316667,
      "state": "correction",
      "rank_score": 2.8550138675447223
    },
    {
      "ticker": "ECG",
      "tf": "1d",
      "bars_used": 312,
      "close": 93.8499984741211,
      "sma20": 89.32399940490723,
      "sma50": 89.46599960327148,
      "trend_ok": true,
      "prior_downtrend_ok": true,
      "down_slope": -0.0063142572513888075,
      "fresh_uptrend_ok": true,
      "up_slope": 0.7234541921904593,
      "up_hh_steps": 1,
      "up_hl_steps": 1,
      "up_pivot_highs": 2,
      "up_pivot_lows": 2,
      "resistance": 95.41000366210938,
      "pullback_from_resistance_pct": 1.6350541118444726,
      "state": "correction",
      "rank_score": 2.8420325727142925
    },
    {
      "ticker": "ENO",
      "tf": "1d",
      "bars_used": 350,
      "close": 22.56800079345703,
      "sma20": 22.461150074005126,
      "sma50": 22.571939964294433,
      "trend_ok": true,
      "prior_downtrend_ok": true,
      "down_slope": -0.0037573116581614426,
      "fresh_uptrend_ok": true,
      "up_slope": 0.004193901293205493,
      "up_hh_steps": 1,
      "up_hl_steps": 1,
      "up_pivot_highs": 3,
      "up_pivot_lows": 3,
      "resistance": 22.709999084472656,
      "pullback_from_resistance_pct": 0.6252677091154639,
      "state": "correction",
      "rank_score": 2.812404438242975
    },
    {
      "ticker": "CNQ",
      "tf": "1d",
      "bars_used": 350,
      "close": 36.66999816894531,
      "sma20": 33.82849979400635,
      "sma50": 33.46140007019043,
      "trend_ok": true,
      "prior_downtrend_ok": true,
      "down_slope": -0.043791746601154834,
      "fresh_uptrend_ok": true,
      "up_slope": 0.3445453759395715,
      "up_hh_steps": 1,
      "up_hl_steps": 1,
      "up_pivot_highs": 2,
      "up_pivot_lows": 2,
      "resistance": 36.11000061035156,
      "pullback_from_resistance_pct": -1.550810160975785,
      "state": "uptrend",
      "rank_score": 2.808468360162631
    },
    {
      "ticker": "FTS",
      "tf": "1d",
      "bars_used": 350,
      "close": 53.70000076293945,
      "sma20": 51.956999969482425,
      "sma50": 51.66719985961914,
      "trend_ok": true,
      "prior_downtrend_ok": true,
      "down_slope": -0.009702632038052042,
      "fresh_uptrend_ok": true,
      "up_slope": 0.2027272773511482,
      "up_hh_steps": 1,
      "up_hl_steps": 1,
      "up_pivot_highs": 2,
      "up_pivot_lows": 2,
      "resistance": 52.88999938964844,
      "pullback_from_resistance_pct": -1.5314830452608175,
      "state": "uptrend",
      "rank_score": 2.8052471742101357
    },
    {
      "ticker": "ESE",
      "tf": "1d",
      "bars_used": 350,
      "close": 223.6999969482422,
      "sma20": 211.96887664794923,
      "sma50": 208.84513763427734,
      "trend_ok": true,
      "prior_downtrend_ok": true,
      "down_slope": -0.35426408005476445,
      "fresh_uptrend_ok": true,
      "up_slope": 1.076727109966856,
      "up_hh_steps": 1,
      "up_hl_steps": 2,
      "up_pivot_highs": 2,
      "up_pivot_lows": 3,
      "resistance": 229.41000366210938,
      "pullback_from_resistance_pct": 2.4889963919259914,
      "state": "correction",
      "rank_score": 2.797713968514619
    },
    {
      "ticker": "CIA",
      "tf": "1d",
      "bars_used": 350,
      "close": 5.519999980926514,
      "sma20": 5.1859999895095825,
      "sma50": 5.33899998664856,
      "trend_ok": true,
      "prior_downtrend_ok": true,
      "down_slope": -0.020989682437331323,
      "fresh_uptrend_ok": true,
      "up_slope": 0.0396363691850142,
      "up_hh_steps": 2,
      "up_hl_steps": 1,
      "up_pivot_highs": 3,
      "up_pivot_lows": 2,
      "resistance": 5.699999809265137,
      "pullback_from_resistance_pct": 3.1578918309091883,
      "state": "correction",
      "rank_score": 2.7339084368134206
    },
    {
      "ticker": "ETX",
      "tf": "1d",
      "bars_used": 350,
      "close": 18.940000534057617,
      "sma20": 18.664492321014404,
      "sma50": 18.859946060180665,
      "trend_ok": true,
      "prior_downtrend_ok": true,
      "down_slope": -0.016817759215048956,
      "fresh_uptrend_ok": true,
      "up_slope": 0.02591381650982481,
      "up_hh_steps": 2,
      "up_hl_steps": 2,
      "up_pivot_highs": 3,
      "up_pivot_lows": 3,
      "resistance": 19.020000457763672,
      "pullback_from_resistance_pct": 0.42060947308442337,
      "state": "uptrend",
      "rank_score": 2.729898421152596
    },
    {
      "ticker": "ELS",
      "tf": "1d",
      "bars_used": 350,
      "close": 62.900001525878906,
      "sma20": 61.578499984741214,
      "sma50": 61.46689422607422,
      "trend_ok": true,