{
  "updated_utc": "2026-01-21T20:56:40.081926+00:00",
  "tf": "1d",
  "params": {
    "n_down": 40,
    "n_up": 10,
    "n_corr": 8,
    "sma_slow": 50,
    "sma_fast": 20,
    "pivot_strength": 1,
    "min_hh_steps": 1,
    "min_hl_steps": 1,
    "corr_min_pct": 0.5,
    "corr_max_pct": 12.0,
    "near_resistance_pct": 6.0,
    "breakout_wiggle_pct": 0.2
  },
  "count": 11,
  "data": [
    {
      "ticker": "PSF",
      "tf": "1d",
      "bars_used": 350,
      "close": 20.309999465942383,
      "sma20": 20.238686752319335,
      "sma50": 20.191853675842285,
      "trend_ok": true,
      "prior_downtrend_ok": true,
      "down_slope": -0.003955879712417918,
      "fresh_uptrend_ok": true,
      "up_slope": 0.01685676574707031,
      "up_hh_steps": 1,
      "up_hl_steps": 1,
      "up_pivot_highs": 2,
      "up_pivot_lows": 2,
      "resistance": 20.520000457763672,
      "pullback_from_resistance_pct": 1.0233966234724712,
      "state": "correction",
      "rank_score": 2.9342791368358347
    },
    {
      "ticker": "NI",
      "tf": "1d",
      "bars_used": 350,
      "close": 43.400001525878906,
      "sma20": 42.15500011444092,
      "sma50": 42.387399978637696,
      "trend_ok": true,
      "prior_downtrend_ok": true,
      "down_slope": -0.05752720251315978,
      "fresh_uptrend_ok": true,
      "up_slope": 0.2679394346294981,
      "up_hh_steps": 1,
      "up_hl_steps": 1,
      "up_pivot_highs": 2,
      "up_pivot_lows": 2,
      "resistance": 44.119998931884766,
      "pullback_from_resistance_pct": 1.6319071247427652,
      "state": "correction",
      "rank_score": 2.878015479209539
    },
    {
      "ticker": "MPV",
      "tf": "1d",
      "bars_used": 350,
      "close": 19.360000610351562,
      "sma20": 17.868824434280395,
      "sma50": 18.687621974945067,
      "trend_ok": true,
      "prior_downtrend_ok": true,
      "down_slope": -0.06272448214088998,
      "fresh_uptrend_ok": true,
      "up_slope": 0.2247878681529652,
      "up_hh_steps": 1,
      "up_hl_steps": 1,
      "up_pivot_highs": 2,
      "up_pivot_lows": 2,
      "resistance": 19.790000915527344,
      "pullback_from_resistance_pct": 2.1728159943560215,
      "state": "correction",
      "rank_score": 2.787864000940663
    },
    {
      "ticker": "NSA",
      "tf": "1d",
      "bars_used": 350,
      "close": 33.029998779296875,
      "sma20": 29.870999908447267,
      "sma50": 29.262185745239258,
      "trend_ok": true,
      "prior_downtrend_ok": true,
      "down_slope": -0.024952531710798254,
      "fresh_uptrend_ok": true,
      "up_slope": 0.5050908175381748,
      "up_hh_steps": 1,
      "up_hl_steps": 1,
      "up_pivot_highs": 2,
      "up_pivot_lows": 2,
      "resistance": 33.915000915527344,
      "pullback_from_resistance_pct": 2.6094710669026906,
      "state": "correction",
      "rank_score": 2.7150881555162183
    },
    {
      "ticker": "PSA",
      "tf": "1d",
      "bars_used": 350,
      "close": 285.17999267578125,
      "sma20": 270.3094985961914,
      "sma50": 269.5724243164062,
      "trend_ok": true,
      "prior_downtrend_ok": true,
      "down_slope": -0.3067697206536556,
      "fresh_uptrend_ok": true,
      "up_slope": 2.85,
      "up_hh_steps": 1,
      "up_hl_steps": 1,
      "up_pivot_highs": 2,
      "up_pivot_lows": 2,
      "resistance": 295.7200012207031,
      "pullback_from_resistance_pct": 3.564185209459541,
      "state": "correction",
      "rank_score": 2.555969131756743
    },
    {
      "ticker": "MSI",
      "tf": "1d",
      "bars_used": 350,
      "close": 391.0799865722656,
      "sma20": 382.9195022583008,
      "sma50": 377.5462127685547,
      "trend_ok": true,
      "prior_downtrend_ok": true,
      "down_slope": -0.14650052984928325,
      "fresh_uptrend_ok": true,
      "up_slope": 2.0509077592329548,
      "up_hh_steps": 1,
      "up_hl_steps": 1,
      "up_pivot_highs": 2,
      "up_pivot_lows": 2,
      "resistance": 391.05999755859375,
      "pullback_from_resistance_pct": -0.005111495370702032,
      "state": "uptrend",
      "rank_score": 2.550851915895117
    },
    {
      "ticker": "PWR",
      "tf": "1d",
      "bars_used": 350,
      "close": 463.489990234375,
      "sma20": 436.0151336669922,
      "sma50": 441.71935791015625,
      "trend_ok": true,
      "prior_downtrend_ok": true,
      "down_slope": -0.3321024109230256,
      "fresh_uptrend_ok": true,
      "up_slope": 4.023271595348011,
      "up_hh_steps": 1,
      "up_hl_steps": 1,
      "up_pivot_highs": 2,
      "up_pivot_lows": 2,
      "resistance": 480.92999267578125,
      "pullback_from_resistance_pct": 3.6263079256866853,
      "state": "correction",
      "rank_score": 2.5030945946825183
    },
    {
      "ticker": "RFM",
      "tf": "1d",
      "bars_used": 350,
      "close": 14.170000076293945,
      "sma20": 14.013144493103027,
      "sma50": 14.029748268127442,
      "trend_ok": true,
      "prior_downtrend_ok": true,
      "down_slope": -0.0046687350711500444,
      "fresh_uptrend_ok": true,
      "up_slope": 0.026618073203346946,
      "up_hh_steps": 1,
      "up_hl_steps": 1,
      "up_pivot_highs": 2,
      "up_pivot_lows": 2,
      "resistance": 14.239999771118164,
      "pullback_from_resistance_pct": 0.4915708985206127,
      "state": "uptrend",
      "rank_score": 2.468071516913231
    },
    {
      "ticker": "PBT",
      "tf": "1d",
      "bars_used": 350,
      "close": 18.760000228881836,
      "sma20": 17.600431823730467,
      "sma50": 17.994313697814942,
      "trend_ok": true,
      "prior_downtrend_ok": true,
      "down_slope": -0.06407577217631671,
      "fresh_uptrend_ok": true,
      "up_slope": 0.14999997688062264,
      "up_hh_steps": 1,
      "up_hl_steps": 1,
      "up_pivot_highs": 2,
      "up_pivot_lows": 2,
      "resistance": 18.940000534057617,
      "pullback_from_resistance_pct": 0.9503711726518036,
      "state": "uptrend",
      "rank_score": 2.3916048045580327
    },
    {
      "ticker": "MRP",
      "tf": "1d",
      "bars_used": 240,
      "close": 30.579999923706055,
      "sma20": 29.67307538986206,
      "sma50": 29.984617385864258,
      "trend_ok": true,
      "prior_downtrend_ok": true,
      "down_slope": -0.030601747308842013,
      "fresh_uptrend_ok": true,
      "up_slope": 0.18333340269146545,
      "up_hh_steps": 1,
      "up_hl_steps": 1,
      "up_pivot_highs": 3,
      "up_pivot_lows": 2,
      "resistance": 31.020000457763672,
      "pullback_from_resistance_pct": 1.4184414170358082,
      "state": "uptrend",
      "rank_score": 2.26990179223323
    },
    {
      "ticker": "NINE",
      "tf": "1d",
      "bars_used": 350,
      "close": 0.43700000643730164,
      "sma20": 0.40405000001192093,
      "sma50": 0.4163400018215179,
      "trend_ok": true,
      "prior_downtrend_ok": true,
      "down_slope": -0.0036525329774137285,
      "fresh_uptrend_ok": true,
      "up_slope": 0.008818180272073456,
      "up_hh_steps": 1,
      "up_hl_steps": 2,
      "up_pivot_highs": 2,
      "up_pivot_lows": 3,
      "resistance": 0.6700000166893005,
      "pullback_from_resistance_pct": 34.77612006688175,
      "state": "uptrend",
      "rank_score": 1.545300026214091
    }
  ]
}