{
  "updated_utc": "2026-01-21T20:57:30.581967+00:00",
  "tf": "1d",
  "params": {
    "n_down": 40,
    "n_up": 10,
    "n_corr": 8,
    "sma_slow": 50,
    "sma_fast": 20,
    "pivot_strength": 1,
    "min_hh_steps": 1,
    "min_hl_steps": 1,
    "corr_min_pct": 0.5,
    "corr_max_pct": 12.0,
    "near_resistance_pct": 6.0,
    "breakout_wiggle_pct": 0.2
  },
  "count": 20,
  "data": [
    {
      "ticker": "AMPX",
      "tf": "1d",
      "bars_used": 350,
      "close": 11.170000076293945,
      "sma20": 9.234999918937683,
      "sma50": 10.381999959945679,
      "trend_ok": true,
      "prior_downtrend_ok": true,
      "down_slope": -0.1002523482628656,
      "fresh_uptrend_ok": true,
      "up_slope": 0.23860610037138968,
      "up_hh_steps": 1,
      "up_hl_steps": 1,
      "up_pivot_highs": 2,
      "up_pivot_lows": 2,
      "resistance": 10.414999961853027,
      "pullback_from_resistance_pct": -7.249160990938583,
      "state": "uptrend",
      "rank_score": 3.7581934984897636
    },
    {
      "ticker": "BLE",
      "tf": "1d",
      "bars_used": 350,
      "close": 10.5,
      "sma20": 10.382183361053468,
      "sma50": 10.337442512512206,
      "trend_ok": true,
      "prior_downtrend_ok": true,
      "down_slope": -0.0015550076626031529,
      "fresh_uptrend_ok": true,
      "up_slope": 0.018904472119880444,
      "up_hh_steps": 1,
      "up_hl_steps": 2,
      "up_pivot_highs": 2,
      "up_pivot_lows": 3,
      "resistance": 10.555795950350722,
      "pullback_from_resistance_pct": 0.5285811758124079,
      "state": "correction",
      "rank_score": 3.1619031373645985
    },
    {
      "ticker": "AGRO",
      "tf": "1d",
      "bars_used": 350,
      "close": 8.59000015258789,
      "sma20": 8.026500010490418,
      "sma50": 7.949200019836426,
      "trend_ok": true,
      "prior_downtrend_ok": true,
      "down_slope": -0.004333024132318837,
      "fresh_uptrend_ok": true,
      "up_slope": 0.08769700888431434,
      "up_hh_steps": 1,
      "up_hl_steps": 2,
      "up_pivot_highs": 2,
      "up_pivot_lows": 3,
      "resistance": 8.6899995803833,
      "pullback_from_resistance_pct": 1.1507414571244359,
      "state": "correction",
      "rank_score": 3.0461984481021394
    },
    {
      "ticker": "AFGE",
      "tf": "1d",
      "bars_used": 350,
      "close": 17.350000381469727,
      "sma20": 17.12799997329712,
      "sma50": 17.139667892456053,
      "trend_ok": true,
      "prior_downtrend_ok": true,
      "down_slope": -0.012839618095984827,
      "fresh_uptrend_ok": true,
      "up_slope": 0.0345454707290187,
      "up_hh_steps": 1,
      "up_hl_steps": 1,
      "up_pivot_highs": 2,
      "up_pivot_lows": 2,
      "resistance": 17.489999771118164,
      "pullback_from_resistance_pct": 0.800453924988743,
      "state": "correction",
      "rank_score": 3.0090106847669995
    },
    {
      "ticker": "BEPH",
      "tf": "1d",
      "bars_used": 350,
      "close": 15.15999984741211,
      "sma20": 15.136755752563477,
      "sma50": 15.2140362739563,
      "trend_ok": true,
      "prior_downtrend_ok": true,
      "down_slope": -0.005711618194436938,
      "fresh_uptrend_ok": true,
      "up_slope": 0.01882283759839607,
      "up_hh_steps": 1,
      "up_hl_steps": 1,
      "up_pivot_highs": 2,
      "up_pivot_lows": 2,
      "resistance": 15.295000076293945,
      "pullback_from_resistance_pct": 0.8826428781198619,
      "state": "correction",
      "rank_score": 2.99362101311951
    },
    {
      "ticker": "AFGB",
      "tf": "1d",
      "bars_used": 350,
      "close": 21.75,
      "sma20": 21.6625,
      "sma50": 21.685715980529785,
      "trend_ok": true,
      "prior_downtrend_ok": true,
      "down_slope": -0.011550157378806852,
      "fresh_uptrend_ok": true,
      "up_slope": 0.017090861002604166,
      "up_hh_steps": 1,
      "up_hl_steps": 1,
      "up_pivot_highs": 3,
      "up_pivot_lows": 3,
      "resistance": 21.940000534057617,
      "pullback_from_resistance_pct": 0.8660005899392664,
      "state": "correction",
      "rank_score": 2.9368749185092073
    },
    {
      "ticker": "CACI",
      "tf": "1d",
      "bars_used": 350,
      "close": 629.1400146484375,
      "sma20": 573.6449981689453,
      "sma50": 584.42259765625,
      "trend_ok": true,
      "prior_downtrend_ok": true,
      "down_slope": -1.6176596178122802,
      "fresh_uptrend_ok": true,
      "up_slope": 8.421456631747159,
      "up_hh_steps": 1,
      "up_hl_steps": 1,
      "up_pivot_highs": 2,
      "up_pivot_lows": 2,
      "resistance": 615.0,
      "pullback_from_resistance_pct": -2.299189373729675,
      "state": "uptrend",
      "rank_score": 2.9331982289549456
    },
    {
      "ticker": "BLX",
      "tf": "1d",
      "bars_used": 350,
      "close": 44.790000915527344,
      "sma20": 44.0225004196167,
      "sma50": 44.36720031738281,
      "trend_ok": true,
      "prior_downtrend_ok": true,
      "down_slope": -0.004725140254895638,
      "fresh_uptrend_ok": true,
      "up_slope": 0.2119394013375947,
      "up_hh_steps": 1,
      "up_hl_steps": 1,
      "up_pivot_highs": 2,
      "up_pivot_lows": 2,
      "resistance": 45.33000183105469,
      "pullback_from_resistance_pct": 1.1912660351083415,
      "state": "correction",
      "rank_score": 2.92378895912906
    },
    {
      "ticker": "BEPJ",
      "tf": "1d",
      "bars_used": 350,
      "close": 24.889999389648438,
      "sma20": 24.78368158340454,
      "sma50": 24.82874397277832,
      "trend_ok": true,
      "prior_downtrend_ok": true,
      "down_slope": -0.008031624477307747,
      "fresh_uptrend_ok": true,
      "up_slope": 0.022887802124023436,
      "up_hh_steps": 1,
      "up_hl_steps": 1,
      "up_pivot_highs": 2,
      "up_pivot_lows": 2,
      "resistance": 25.260000228881836,
      "pullback_from_resistance_pct": 1.4647697382454734,
      "state": "correction",
      "rank_score": 2.905871710292421
    },
    {
      "ticker": "AFGC",
      "tf": "1d",
      "bars_used": 350,
      "close": 19.229999542236328,
      "sma20": 19.12805004119873,
      "sma50": 19.16167148590088,
      "trend_ok": true,
      "prior_downtrend_ok": true,
      "down_slope": -0.016097055367188876,
      "fresh_uptrend_ok": true,
      "up_slope": 0.012557497891512785,
      "up_hh_steps": 1,
      "up_hl_steps": 1,
      "up_pivot_highs": 2,
      "up_pivot_lows": 2,
      "resistance": 19.469999313354492,
      "pullback_from_resistance_pct": 1.23266450735593,
      "state": "correction",
      "rank_score": 2.8565993002287113
    },
    {
      "ticker": "CARR",
      "tf": "1d",
      "bars_used": 350,
      "close": 55.209999084472656,
      "sma20": 53.97581043243408,
      "sma50": 53.795977401733396,
      "trend_ok": true,
      "prior_downtrend_ok": true,
      "down_slope": -0.051998327731191556,
      "fresh_uptrend_ok": true,
      "up_slope": 0.2968562733043324,
      "up_hh_steps": 1,
      "up_hl_steps": 1,
      "up_pivot_highs": 3,
      "up_pivot_lows": 3,
      "resistance": 56.10931722144747,
      "pullback_from_resistance_pct": 1.6027964365088614,
      "state": "correction",
      "rank_score": 2.839798035228675
    },
    {
      "ticker": "AIZN",
      "tf": "1d",
      "bars_used": 350,
      "close": 20.18000030517578,
      "sma20": 19.80575361251831,
      "sma50": 19.6426375579834,
      "trend_ok": true,
      "prior_downtrend_ok": true,
      "down_slope": -0.00962934028811571,
      "fresh_uptrend_ok": true,
      "up_slope": 0.03806070269960345,
      "up_hh_steps": 1,
      "up_hl_steps": 1,
      "up_pivot_highs": 2,
      "up_pivot_lows": 2,
      "resistance": 20.43000030517578,
      "pullback_from_resistance_pct": 1.2236906327243884,
      "state": "correction",
      "rank_score": 2.8354096316875497
    },
    {
      "ticker": "ADC",
      "tf": "1d",
      "bars_used": 350,
      "close": 73.19000244140625,
      "sma20": 71.82887802124023,
      "sma50": 72.50010375976562,
      "trend_ok": true,
      "prior_downtrend_ok": true,