{
  "updated_utc": "2026-01-28T20:20:16.303707+00:00",
  "tf": "1d",
  "params": {
    "n_down": 40,
    "n_up": 10,
    "n_corr": 8,
    "sma_slow": 50,
    "sma_fast": 20,
    "pivot_strength": 1,
    "min_hh_steps": 1,
    "min_hl_steps": 1,
    "corr_min_pct": 0.5,
    "corr_max_pct": 12.0,
    "near_resistance_pct": 6.0,
    "breakout_wiggle_pct": 0.2
  },
  "count": 10,
  "data": [
    {
      "ticker": "BP",
      "tf": "1d",
      "bars_used": 350,
      "close": 37.619998931884766,
      "sma20": 35.293000030517575,
      "sma50": 35.441019973754884,
      "trend_ok": true,
      "prior_downtrend_ok": true,
      "down_slope": -0.06279632754442169,
      "fresh_uptrend_ok": true,
      "up_slope": 0.21054518728545218,
      "up_hh_steps": 1,
      "up_hl_steps": 2,
      "up_pivot_highs": 3,
      "up_pivot_lows": 3,
      "resistance": 36.099998474121094,
      "pullback_from_resistance_pct": -4.210527761803952,
      "state": "uptrend",
      "rank_score": 3.3233826332611347
    },
    {
      "ticker": "BEPC",
      "tf": "1d",
      "bars_used": 350,
      "close": 40.2599983215332,
      "sma20": 39.06200008392334,
      "sma50": 39.568939743041994,
      "trend_ok": true,
      "prior_downtrend_ok": true,
      "down_slope": -0.08958154073575648,
      "fresh_uptrend_ok": true,
      "up_slope": 0.1106059912479285,
      "up_hh_steps": 2,
      "up_hl_steps": 1,
      "up_pivot_highs": 3,
      "up_pivot_lows": 2,
      "resistance": 40.60499954223633,
      "pullback_from_resistance_pct": 0.8496520738641142,
      "state": "correction",
      "rank_score": 3.0866113201691228
    },
    {
      "ticker": "AFGE",
      "tf": "1d",
      "bars_used": 350,
      "close": 17.459999084472656,
      "sma20": 17.246500110626222,
      "sma50": 17.128465881347655,
      "trend_ok": true,
      "prior_downtrend_ok": true,
      "down_slope": -0.002549972319468772,
      "fresh_uptrend_ok": true,
      "up_slope": 0.013393864487156723,
      "up_hh_steps": 1,
      "up_hl_steps": 1,
      "up_pivot_highs": 2,
      "up_pivot_lows": 2,
      "resistance": 17.549999237060547,
      "pullback_from_resistance_pct": 0.5128214045607262,
      "state": "correction",
      "rank_score": 3.0167015144527545
    },
    {
      "ticker": "ALLE",
      "tf": "1d",
      "bars_used": 350,
      "close": 166.88999938964844,
      "sma20": 163.10000228881836,
      "sma50": 162.27520111083984,
      "trend_ok": true,
      "prior_downtrend_ok": true,
      "down_slope": -0.042520526649804324,
      "fresh_uptrend_ok": true,
      "up_slope": 0.6621212121212121,
      "up_hh_steps": 1,
      "up_hl_steps": 1,
      "up_pivot_highs": 2,
      "up_pivot_lows": 2,
      "resistance": 168.8000030517578,
      "pullback_from_resistance_pct": 1.1315187367169215,
      "state": "correction",
      "rank_score": 2.961413543880513
    },
    {
      "ticker": "BKV",
      "tf": "1d",
      "bars_used": 334,
      "close": 28.34000015258789,
      "sma20": 26.958999824523925,
      "sma50": 27.12179988861084,
      "trend_ok": true,
      "prior_downtrend_ok": true,
      "down_slope": -0.00969700321247609,
      "fresh_uptrend_ok": true,
      "up_slope": 0.3763636502352628,
      "up_hh_steps": 1,
      "up_hl_steps": 1,
      "up_pivot_highs": 2,
      "up_pivot_lows": 2,
      "resistance": 29.0,
      "pullback_from_resistance_pct": 2.275861542800377,
      "state": "correction",
      "rank_score": 2.7706897428666037
    },
    {
      "ticker": "AMRC",
      "tf": "1d",
      "bars_used": 350,
      "close": 33.02000045776367,
      "sma20": 31.028999996185302,
      "sma50": 31.497000045776367,
      "trend_ok": true,
      "prior_downtrend_ok": true,
      "down_slope": -0.08645309623589435,
      "fresh_uptrend_ok": true,
      "up_slope": 0.1636364445541844,
      "up_hh_steps": 1,
      "up_hl_steps": 1,
      "up_pivot_highs": 2,
      "up_pivot_lows": 2,
      "resistance": 33.849998474121094,
      "pullback_from_resistance_pct": 2.4519883420141646,
      "state": "correction",
      "rank_score": 2.646887650330727
    },
    {
      "ticker": "AVA",
      "tf": "1d",
      "bars_used": 350,
      "close": 40.959999084472656,
      "sma20": 39.4725004196167,
      "sma50": 39.46675468444824,
      "trend_ok": true,
      "prior_downtrend_ok": true,
      "down_slope": -0.06369005779388028,
      "fresh_uptrend_ok": true,
      "up_slope": 0.1290909738251657,
      "up_hh_steps": 1,
      "up_hl_steps": 1,
      "up_pivot_highs": 2,
      "up_pivot_lows": 2,
      "resistance": 40.709999084472656,
      "pullback_from_resistance_pct": -0.6140997436066103,
      "state": "uptrend",
      "rank_score": 2.6373274028522875
    },
    {
      "ticker": "BNJ",
      "tf": "1d",
      "bars_used": 350,
      "close": 15.779999732971191,
      "sma20": 15.421000003814697,
      "sma50": 15.326480026245116,
      "trend_ok": true,
      "prior_downtrend_ok": true,
      "down_slope": -0.0019041313686692916,
      "fresh_uptrend_ok": true,
      "up_slope": 0.04915151885061553,
      "up_hh_steps": 1,
      "up_hl_steps": 2,
      "up_pivot_highs": 3,
      "up_pivot_lows": 3,
      "resistance": 15.800000190734863,
      "pullback_from_resistance_pct": 0.12658517419132795,
      "state": "uptrend",
      "rank_score": 2.6262214534371213
    },
    {
      "ticker": "AFGB",
      "tf": "1d",
      "bars_used": 350,
      "close": 22.100000381469727,
      "sma20": 21.778899955749512,
      "sma50": 21.677272262573243,
      "trend_ok": true,
      "prior_downtrend_ok": true,
      "down_slope": -0.0021569055195820937,
      "fresh_uptrend_ok": true,
      "up_slope": 0.04726064277417732,
      "up_hh_steps": 1,
      "up_hl_steps": 1,
      "up_pivot_highs": 2,
      "up_pivot_lows": 2,
      "resistance": 22.110000610351562,
      "pullback_from_resistance_pct": 0.045229437384791314,
      "state": "uptrend",
      "rank_score": 2.542461760435868
    },
    {
      "ticker": "BEP",
      "tf": "1d",
      "bars_used": 350,
      "close": 28.809999465942383,
      "sma20": 27.79600009918213,
      "sma50": 27.9346000289917,
      "trend_ok": true,
      "prior_downtrend_ok": true,
      "down_slope": -0.044383671136108166,
      "fresh_uptrend_ok": true,
      "up_slope": 0.033575763124408145,
      "up_hh_steps": 1,
      "up_hl_steps": 1,
      "up_pivot_highs": 3,
      "up_pivot_lows": 2,
      "resistance": 28.969999313354492,
      "pullback_from_resistance_pct": 0.5522949644612286,
      "state": "uptrend",
      "rank_score": 2.270773409192201
    }
  ]
}