{
  "updated_utc": "2026-01-27T20:16:16.385795+00:00",
  "tf": "1d",
  "params": {
    "n_down": 40,
    "n_up": 10,
    "n_corr": 8,
    "sma_slow": 50,
    "sma_fast": 20,
    "pivot_strength": 1,
    "min_hh_steps": 1,
    "min_hl_steps": 1,
    "corr_min_pct": 0.5,
    "corr_max_pct": 12.0,
    "near_resistance_pct": 6.0,
    "breakout_wiggle_pct": 0.2
  },
  "count": 10,
  "data": [
    {
      "ticker": "GFL",
      "tf": "1d",
      "bars_used": 350,
      "close": 44.45000076293945,
      "sma20": 43.04400005340576,
      "sma50": 43.900800247192386,
      "trend_ok": true,
      "prior_downtrend_ok": true,
      "down_slope": -0.07264822517953268,
      "fresh_uptrend_ok": true,
      "up_slope": 0.29848489472360323,
      "up_hh_steps": 2,
      "up_hl_steps": 2,
      "up_pivot_highs": 3,
      "up_pivot_lows": 3,
      "resistance": 45.290000915527344,
      "pullback_from_resistance_pct": 1.8547143643353354,
      "state": "correction",
      "rank_score": 3.078834583232432
    },
    {
      "ticker": "GSBD",
      "tf": "1d",
      "bars_used": 350,
      "close": 9.449999809265137,
      "sma20": 9.272566556930542,
      "sma50": 9.384774284362793,
      "trend_ok": true,
      "prior_downtrend_ok": true,
      "down_slope": -0.004788350790571316,
      "fresh_uptrend_ok": true,
      "up_slope": 0.03606052976666075,
      "up_hh_steps": 1,
      "up_hl_steps": 1,
      "up_pivot_highs": 2,
      "up_pivot_lows": 2,
      "resistance": 9.520000457763672,
      "pullback_from_resistance_pct": 0.7353008942499452,
      "state": "correction",
      "rank_score": 3.011037659228658
    },
    {
      "ticker": "LPL",
      "tf": "1d",
      "bars_used": 350,
      "close": 4.409999847412109,
      "sma20": 4.277499985694885,
      "sma50": 4.294199991226196,
      "trend_ok": true,
      "prior_downtrend_ok": true,
      "down_slope": -0.0043227014130096724,
      "fresh_uptrend_ok": true,
      "up_slope": 0.032181800495494496,
      "up_hh_steps": 1,
      "up_hl_steps": 1,
      "up_pivot_highs": 2,
      "up_pivot_lows": 2,
      "resistance": 4.46999979019165,
      "pullback_from_resistance_pct": 1.3422806620974927,
      "state": "correction",
      "rank_score": 2.9262865563170846
    },
    {
      "ticker": "HTD",
      "tf": "1d",
      "bars_used": 350,
      "close": 24.06999969482422,
      "sma20": 23.751037120819092,
      "sma50": 23.824364280700685,
      "trend_ok": true,
      "prior_downtrend_ok": true,
      "down_slope": -0.024373337028174194,
      "fresh_uptrend_ok": true,
      "up_slope": 0.015575709487452651,
      "up_hh_steps": 1,
      "up_hl_steps": 1,
      "up_pivot_highs": 2,
      "up_pivot_lows": 2,
      "resistance": 24.25,
      "pullback_from_resistance_pct": 0.7422692996939433,
      "state": "correction",
      "rank_score": 2.900548048895433
    },
    {
      "ticker": "IDA",
      "tf": "1d",
      "bars_used": 350,
      "close": 132.4600067138672,
      "sma20": 129.81100006103514,
      "sma50": 128.450400390625,
      "trend_ok": true,
      "prior_downtrend_ok": true,
      "down_slope": -0.04893058218607088,
      "fresh_uptrend_ok": true,
      "up_slope": 0.3751524954131155,
      "up_hh_steps": 1,
      "up_hl_steps": 1,
      "up_pivot_highs": 2,
      "up_pivot_lows": 2,
      "resistance": 134.89999389648438,
      "pullback_from_resistance_pct": 1.8087378006032482,
      "state": "correction",
      "rank_score": 2.7579193703994043
    },
    {
      "ticker": "ITT",
      "tf": "1d",
      "bars_used": 350,
      "close": 184.00999450683594,
      "sma20": 180.53299789428712,
      "sma50": 179.48646270751954,
      "trend_ok": true,
      "prior_downtrend_ok": true,
      "down_slope": -0.18023561402512311,
      "fresh_uptrend_ok": true,
      "up_slope": 0.14587836988044509,
      "up_hh_steps": 1,
      "up_hl_steps": 1,
      "up_pivot_highs": 2,
      "up_pivot_lows": 3,
      "resistance": 187.64999389648438,
      "pullback_from_resistance_pct": 1.939781245959653,
      "state": "correction",
      "rank_score": 2.617607818295751
    },
    {
      "ticker": "KR",
      "tf": "1d",
      "bars_used": 350,
      "close": 63.689998626708984,
      "sma20": 62.22849998474121,
      "sma50": 63.6078604888916,
      "trend_ok": true,
      "prior_downtrend_ok": true,
      "down_slope": -0.16428405303668797,
      "fresh_uptrend_ok": true,
      "up_slope": 0.29018168593897964,
      "up_hh_steps": 2,
      "up_hl_steps": 1,
      "up_pivot_highs": 3,
      "up_pivot_lows": 2,
      "resistance": 64.23999786376953,
      "pullback_from_resistance_pct": 0.8561632243931608,
      "state": "uptrend",
      "rank_score": 2.5573061292678063
    },
    {
      "ticker": "LNG",
      "tf": "1d",
      "bars_used": 350,
      "close": 206.50999450683594,
      "sma20": 198.74400024414064,
      "sma50": 200.53000091552735,
      "trend_ok": true,
      "prior_downtrend_ok": true,
      "down_slope": -0.6089212628734939,
      "fresh_uptrend_ok": true,
      "up_slope": 1.5673933549360795,
      "up_hh_steps": 1,
      "up_hl_steps": 1,
      "up_pivot_highs": 2,
      "up_pivot_lows": 2,
      "resistance": 209.5,
      "pullback_from_resistance_pct": 1.4272102592668556,
      "state": "uptrend",
      "rank_score": 2.312131623455524
    },
    {
      "ticker": "IRM",
      "tf": "1d",
      "bars_used": 350,
      "close": 93.83999633789062,
      "sma20": 88.7744987487793,
      "sma50": 86.05865921020508,
      "trend_ok": true,
      "prior_downtrend_ok": true,
      "down_slope": -0.11704294945464573,
      "fresh_uptrend_ok": true,
      "up_slope": 0.3676966349283854,
      "up_hh_steps": 1,
      "up_hl_steps": 1,
      "up_pivot_highs": 3,
      "up_pivot_lows": 2,
      "resistance": 95.12000274658203,
      "pullback_from_resistance_pct": 1.3456753277242741,
      "state": "uptrend",
      "rank_score": 2.251065407627954
    },
    {
      "ticker": "GNRC",
      "tf": "1d",
      "bars_used": 350,
      "close": 167.11000061035156,
      "sma20": 153.90849838256835,
      "sma50": 152.40639953613282,
      "trend_ok": true,
      "prior_downtrend_ok": true,
      "down_slope": -0.23961543786369166,
      "fresh_uptrend_ok": true,
      "up_slope": 1.8803633256392045,
      "up_hh_steps": 2,
      "up_hl_steps": 1,
      "up_pivot_highs": 3,
      "up_pivot_lows": 2,
      "resistance": 181.11000061035156,
      "pullback_from_resistance_pct": 7.730108747622529,
      "state": "uptrend",
      "rank_score": 1.6940156228519265
    }
  ]
}