{
  "updated_utc": "2026-01-21T20:56:27.852712+00:00",
  "tf": "1d",
  "params": {
    "n_down": 40,
    "n_up": 10,
    "n_corr": 8,
    "sma_slow": 50,
    "sma_fast": 20,
    "pivot_strength": 1,
    "min_hh_steps": 1,
    "min_hl_steps": 1,
    "corr_min_pct": 0.5,
    "corr_max_pct": 12.0,
    "near_resistance_pct": 6.0,
    "breakout_wiggle_pct": 0.2
  },
  "count": 24,
  "data": [
    {
      "ticker": "TIMB",
      "tf": "1d",
      "bars_used": 350,
      "close": 22.579999923706055,
      "sma20": 20.444500064849855,
      "sma50": 21.623400077819824,
      "trend_ok": true,
      "prior_downtrend_ok": true,
      "down_slope": -0.1075609749298382,
      "fresh_uptrend_ok": true,
      "up_slope": 0.22733327692205255,
      "up_hh_steps": 1,
      "up_hl_steps": 2,
      "up_pivot_highs": 2,
      "up_pivot_lows": 3,
      "resistance": 21.729999542236328,
      "pullback_from_resistance_pct": -3.9116447279144735,
      "state": "uptrend",
      "rank_score": 3.3019407879857456
    },
    {
      "ticker": "TYG",
      "tf": "1d",
      "bars_used": 350,
      "close": 44.81999969482422,
      "sma20": 42.03576164245605,
      "sma50": 42.25431884765625,
      "trend_ok": true,
      "prior_downtrend_ok": true,
      "down_slope": -0.06561485920346029,
      "fresh_uptrend_ok": true,
      "up_slope": 0.4399394179835464,
      "up_hh_steps": 2,
      "up_hl_steps": 1,
      "up_pivot_highs": 3,
      "up_pivot_lows": 2,
      "resistance": 45.099998474121094,
      "pullback_from_resistance_pct": 0.6208398864082924,
      "state": "correction",
      "rank_score": 3.196526685598618
    },
    {
      "ticker": "VAL",
      "tf": "1d",
      "bars_used": 350,
      "close": 54.36000061035156,
      "sma20": 51.89349994659424,
      "sma50": 54.301599960327145,
      "trend_ok": true,
      "prior_downtrend_ok": true,
      "down_slope": -0.18036398324018124,
      "fresh_uptrend_ok": true,
      "up_slope": 0.26921227195046166,
      "up_hh_steps": 2,
      "up_hl_steps": 2,
      "up_pivot_highs": 3,
      "up_pivot_lows": 3,
      "resistance": 55.34000015258789,
      "pullback_from_resistance_pct": 1.7708701473332034,
      "state": "correction",
      "rank_score": 3.073755682936491
    },
    {
      "ticker": "VICI",
      "tf": "1d",
      "bars_used": 350,
      "close": 28.81999969482422,
      "sma20": 28.077499866485596,
      "sma50": 28.34974365234375,
      "trend_ok": true,
      "prior_downtrend_ok": true,
      "down_slope": -0.04880631717016281,
      "fresh_uptrend_ok": true,
      "up_slope": 0.1367272116921165,
      "up_hh_steps": 1,
      "up_hl_steps": 1,
      "up_pivot_highs": 2,
      "up_pivot_lows": 2,
      "resistance": 28.9950008392334,
      "pullback_from_resistance_pct": 0.6035562660594376,
      "state": "correction",
      "rank_score": 3.0494072889900936
    },
    {
      "ticker": "SO",
      "tf": "1d",
      "bars_used": 350,
      "close": 88.81999969482422,
      "sma20": 87.26599960327148,
      "sma50": 87.91908493041993,
      "trend_ok": true,
      "prior_downtrend_ok": true,
      "down_slope": -0.12845773535866228,
      "fresh_uptrend_ok": true,
      "up_slope": 0.2603032892400568,
      "up_hh_steps": 1,
      "up_hl_steps": 1,
      "up_pivot_highs": 2,
      "up_pivot_lows": 2,
      "resistance": 89.4000015258789,
      "pullback_from_resistance_pct": 0.6487716120304455,
      "state": "correction",
      "rank_score": 3.0310645055080787
    },
    {
      "ticker": "TS",
      "tf": "1d",
      "bars_used": 350,
      "close": 42.349998474121094,
      "sma20": 39.845499992370605,
      "sma50": 40.152400207519534,
      "trend_ok": true,
      "prior_downtrend_ok": true,
      "down_slope": -0.056159470720988945,
      "fresh_uptrend_ok": true,
      "up_slope": 0.28981808749112214,
      "up_hh_steps": 1,
      "up_hl_steps": 1,
      "up_pivot_highs": 2,
      "up_pivot_lows": 2,
      "resistance": 42.689998626708984,
      "pullback_from_resistance_pct": 0.7964398302303286,
      "state": "correction",
      "rank_score": 3.010697190796696
    },
    {
      "ticker": "SOJE",
      "tf": "1d",
      "bars_used": 350,
      "close": 18.170000076293945,
      "sma20": 17.815780544281004,
      "sma50": 17.760792694091798,
      "trend_ok": true,
      "prior_downtrend_ok": true,
      "down_slope": -0.012079417280587201,
      "fresh_uptrend_ok": true,
      "up_slope": 0.04002043984153054,
      "up_hh_steps": 1,
      "up_hl_steps": 1,
      "up_pivot_highs": 2,
      "up_pivot_lows": 2,
      "resistance": 18.350000381469727,
      "pullback_from_resistance_pct": 0.9809280732089244,
      "state": "correction",
      "rank_score": 2.9865119877985125
    },
    {
      "ticker": "SRG",
      "tf": "1d",
      "bars_used": 350,
      "close": 3.6600000858306885,
      "sma20": 3.431500017642975,
      "sma50": 3.549600009918213,
      "trend_ok": true,
      "prior_downtrend_ok": true,
      "down_slope": -0.019664166255471408,
      "fresh_uptrend_ok": true,
      "up_slope": 0.027272724382805102,
      "up_hh_steps": 1,
      "up_hl_steps": 1,
      "up_pivot_highs": 2,
      "up_pivot_lows": 3,
      "resistance": 3.700000047683716,
      "pullback_from_resistance_pct": 1.081080036149411,
      "state": "correction",
      "rank_score": 2.969819993975098
    },
    {
      "ticker": "TBI",
      "tf": "1d",
      "bars_used": 350,
      "close": 5.25,
      "sma20": 4.775999999046325,
      "sma50": 4.851399993896484,
      "trend_ok": true,
      "prior_downtrend_ok": true,
      "down_slope": -0.009072230636067059,
      "fresh_uptrend_ok": true,
      "up_slope": 0.07030302972504587,
      "up_hh_steps": 1,
      "up_hl_steps": 2,
      "up_pivot_highs": 3,
      "up_pivot_lows": 3,
      "resistance": 5.340000152587891,
      "pullback_from_resistance_pct": 1.6853960677187325,
      "state": "correction",
      "rank_score": 2.969100655380211
    },
    {
      "ticker": "VIRT",
      "tf": "1d",
      "bars_used": 350,
      "close": 36.630001068115234,
      "sma20": 34.02799968719482,
      "sma50": 34.400739135742185,
      "trend_ok": true,
      "prior_downtrend_ok": true,
      "down_slope": -0.042647320602445624,
      "fresh_uptrend_ok": true,
      "up_slope": 0.49696992816347063,
      "up_hh_steps": 1,
      "up_hl_steps": 1,
      "up_pivot_highs": 2,
      "up_pivot_lows": 2,
      "resistance": 37.20000076293945,
      "pullback_from_resistance_pct": 1.532257212725871,
      "state": "correction",
      "rank_score": 2.8946237978790212
    },
    {
      "ticker": "RLTY",
      "tf": "1d",
      "bars_used": 350,
      "close": 14.84000015258789,
      "sma20": 14.656702375411987,
      "sma50": 14.654240589141846,
      "trend_ok": true,
      "prior_downtrend_ok": true,
      "down_slope": -0.008158978288661248,
      "fresh_uptrend_ok": true,
      "up_slope": 0.03388901334820372,
      "up_hh_steps": 1,
      "up_hl_steps": 1,
      "up_pivot_highs": 2,
      "up_pivot_lows": 2,
      "resistance": 15.100000381469727,
      "pullback_from_resistance_pct": 1.7218557769104463,
      "state": "correction",
      "rank_score": 2.846383716389307
    },
    {
      "ticker": "UZD",
      "tf": "1d",
      "bars_used": 350,
      "close": 20.950000762939453,
      "sma20": 20.335000133514406,
      "sma50": 20.405874938964843,
      "trend_ok": true,
      "prior_downtrend_ok": true,
      "down_slope": -0.018375938694651536,
      "fresh_uptrend_ok": true,
      "up_slope": 0.03648495529637192,
      "up_hh_steps": 2,
      "up_hl_steps": 1,
      "up_pivot_highs": 3,
      "up_pivot_lows": 2,
      "resistance": 20.760000228881836,
      "pullback_from_resistance_pct": -0.9152241424028679,
      "state": "uptrend",
      "rank_score": 2.8253579315548665
    },
    {
      "ticker": "SKYH",
      "tf": "1d",
      "bars_used": 350,
      "close": 9.4399995803833,
      "sma20": 9.130500030517577,
      "sma50": 9.223200035095214,
      "trend_ok": true,