{
  "updated_utc": "2026-01-23T22:41:03.016743+00:00",
  "tf": "1d",
  "params": {
    "n_down": 40,
    "n_up": 10,
    "n_corr": 8,
    "sma_slow": 50,
    "sma_fast": 20,
    "pivot_strength": 1,
    "min_hh_steps": 1,
    "min_hl_steps": 1,
    "corr_min_pct": 0.5,
    "corr_max_pct": 12.0,
    "near_resistance_pct": 6.0,
    "breakout_wiggle_pct": 0.2
  },
  "count": 22,
  "data": [
    {
      "ticker": "ASPN",
      "tf": "1d",
      "bars_used": 350,
      "close": 3.9000000953674316,
      "sma20": 3.2550000071525576,
      "sma50": 3.2388000011444094,
      "trend_ok": true,
      "prior_downtrend_ok": true,
      "down_slope": -0.008576922210922384,
      "fresh_uptrend_ok": true,
      "up_slope": 0.050121220675381745,
      "up_hh_steps": 2,
      "up_hl_steps": 1,
      "up_pivot_highs": 3,
      "up_pivot_lows": 2,
      "resistance": 3.674999952316284,
      "pullback_from_resistance_pct": -6.122452951579879,
      "state": "uptrend",
      "rank_score": 3.7204088252633127
    },
    {
      "ticker": "BEPH",
      "tf": "1d",
      "bars_used": 350,
      "close": 15.210000038146973,
      "sma20": 15.147053050994874,
      "sma50": 15.21207103729248,
      "trend_ok": true,
      "prior_downtrend_ok": true,
      "down_slope": -0.0066386323932411525,
      "fresh_uptrend_ok": true,
      "up_slope": 0.016771333867853337,
      "up_hh_steps": 2,
      "up_hl_steps": 1,
      "up_pivot_highs": 3,
      "up_pivot_lows": 2,
      "resistance": 15.300000190734863,
      "pullback_from_resistance_pct": 0.5882362840909735,
      "state": "correction",
      "rank_score": 3.1832574916775824
    },
    {
      "ticker": "BNJ",
      "tf": "1d",
      "bars_used": 350,
      "close": 15.65999984741211,
      "sma20": 15.342999982833863,
      "sma50": 15.310280017852783,
      "trend_ok": true,
      "prior_downtrend_ok": true,
      "down_slope": -0.004409384056506416,
      "fresh_uptrend_ok": true,
      "up_slope": 0.05751514434814453,
      "up_hh_steps": 1,
      "up_hl_steps": 1,
      "up_pivot_highs": 2,
      "up_pivot_lows": 3,
      "resistance": 15.78499984741211,
      "pullback_from_resistance_pct": 0.7918910434483993,
      "state": "correction",
      "rank_score": 3.018018159425267
    },
    {
      "ticker": "AGRO",
      "tf": "1d",
      "bars_used": 350,
      "close": 8.920000076293945,
      "sma20": 8.166500020027161,
      "sma50": 7.98060001373291,
      "trend_ok": true,
      "prior_downtrend_ok": true,
      "down_slope": -0.0036529114277680415,
      "fresh_uptrend_ok": true,
      "up_slope": 0.08660607193455552,
      "up_hh_steps": 1,
      "up_hl_steps": 1,
      "up_pivot_highs": 2,
      "up_pivot_lows": 2,
      "resistance": 8.6899995803833,
      "pullback_from_resistance_pct": -2.646726202724392,
      "state": "uptrend",
      "rank_score": 2.9793445901263764
    },
    {
      "ticker": "BIPI",
      "tf": "1d",
      "bars_used": 350,
      "close": 17.100000381469727,
      "sma20": 16.818650245666504,
      "sma50": 17.063400077819825,
      "trend_ok": true,
      "prior_downtrend_ok": true,
      "down_slope": -0.020571939851284922,
      "fresh_uptrend_ok": true,
      "up_slope": 0.019121308760209517,
      "up_hh_steps": 1,
      "up_hl_steps": 1,
      "up_pivot_highs": 2,
      "up_pivot_lows": 3,
      "resistance": 17.187000274658203,
      "pullback_from_resistance_pct": 0.5061959143432126,
      "state": "correction",
      "rank_score": 2.909592272947022
    },
    {
      "ticker": "CDP",
      "tf": "1d",
      "bars_used": 350,
      "close": 30.43000030517578,
      "sma20": 29.0088472366333,
      "sma50": 29.083035736083986,
      "trend_ok": true,
      "prior_downtrend_ok": true,
      "down_slope": -0.040312934682248454,
      "fresh_uptrend_ok": true,
      "up_slope": 0.12430303169019294,
      "up_hh_steps": 1,
      "up_hl_steps": 1,
      "up_pivot_highs": 2,
      "up_pivot_lows": 2,
      "resistance": 30.889999389648438,
      "pullback_from_resistance_pct": 1.4891521319576546,
      "state": "correction",
      "rank_score": 2.899782973639997
    },
    {
      "ticker": "CACI",
      "tf": "1d",
      "bars_used": 350,
      "close": 655.4600219726562,
      "sma20": 582.7154998779297,
      "sma50": 586.7099975585937,
      "trend_ok": true,
      "prior_downtrend_ok": true,
      "down_slope": -1.6998264964033918,
      "fresh_uptrend_ok": true,
      "up_slope": 6.714727228338068,
      "up_hh_steps": 1,
      "up_hl_steps": 1,
      "up_pivot_highs": 2,
      "up_pivot_lows": 2,
      "resistance": 642.0,
      "pullback_from_resistance_pct": -2.0965766312548673,
      "state": "uptrend",
      "rank_score": 2.8994294385424775
    },
    {
      "ticker": "AFGC",
      "tf": "1d",
      "bars_used": 350,
      "close": 19.34000015258789,
      "sma20": 19.15205011367798,
      "sma50": 19.141571006774903,
      "trend_ok": true,
      "prior_downtrend_ok": true,
      "down_slope": -0.010859925483002224,
      "fresh_uptrend_ok": true,
      "up_slope": 0.0017454205137310606,
      "up_hh_steps": 1,
      "up_hl_steps": 1,
      "up_pivot_highs": 2,
      "up_pivot_lows": 3,
      "resistance": 19.469999313354492,
      "pullback_from_resistance_pct": 0.6676896011877874,
      "state": "correction",
      "rank_score": 2.7678639148528537
    },
    {
      "ticker": "CF",
      "tf": "1d",
      "bars_used": 350,
      "close": 89.2300033569336,
      "sma20": 81.89549980163574,
      "sma50": 80.39380294799804,
      "trend_ok": true,
      "prior_downtrend_ok": true,
      "down_slope": -0.10343508407277864,
      "fresh_uptrend_ok": true,
      "up_slope": 1.1349091038559422,
      "up_hh_steps": 1,
      "up_hl_steps": 1,
      "up_pivot_highs": 2,
      "up_pivot_lows": 2,
      "resistance": 88.16000366210938,
      "pullback_from_resistance_pct": -1.2137019627689716,
      "state": "uptrend",
      "rank_score": 2.752283660461495
    },
    {
      "ticker": "BRX",
      "tf": "1d",
      "bars_used": 350,
      "close": 26.25,
      "sma20": 26.024536895751954,
      "sma50": 25.763662872314452,
      "trend_ok": true,
      "prior_downtrend_ok": true,
      "down_slope": -0.005907569906724998,
      "fresh_uptrend_ok": true,
      "up_slope": 0.08630307515462239,
      "up_hh_steps": 1,
      "up_hl_steps": 1,
      "up_pivot_highs": 2,
      "up_pivot_lows": 2,
      "resistance": 26.8700008392334,
      "pullback_from_resistance_pct": 2.3074090802711233,
      "state": "correction",
      "rank_score": 2.695524372014879
    },
    {
      "ticker": "CCIF",
      "tf": "1d",
      "bars_used": 350,
      "close": 4.75,
      "sma20": 4.639971303939819,
      "sma50": 4.730083074569702,
      "trend_ok": true,
      "prior_downtrend_ok": true,
      "down_slope": -0.009442101947362159,
      "fresh_uptrend_ok": true,
      "up_slope": 0.02473402890292081,
      "up_hh_steps": 1,
      "up_hl_steps": 1,
      "up_pivot_highs": 2,
      "up_pivot_lows": 2,
      "resistance": 4.889999866485596,
      "pullback_from_resistance_pct": 2.8629830328852854,
      "state": "correction",
      "rank_score": 2.6479014761487405
    },
    {
      "ticker": "AFGE",
      "tf": "1d",
      "bars_used": 350,
      "close": 17.450000762939453,
      "sma20": 17.16800003051758,
      "sma50": 17.136983070373535,
      "trend_ok": true,
      "prior_downtrend_ok": true,
      "down_slope": -0.009351880644320546,
      "fresh_uptrend_ok": true,
      "up_slope": 0.036242433027787645,
      "up_hh_steps": 1,
      "up_hl_steps": 2,
      "up_pivot_highs": 2,
      "up_pivot_lows": 3,
      "resistance": 17.489999771118164,
      "pullback_from_resistance_pct": 0.22869644769671565,
      "state": "uptrend",
      "rank_score": 2.611211301379357
    },
    {
      "ticker": "CAG",
      "tf": "1d",
      "bars_used": 350,
      "close": 17.469999313354492,
      "sma20": 17.048999881744386,
      "sma50": 17.290799980163573,
      "trend_ok": true,