{
  "updated_utc": "2026-01-20T21:03:31.535085+00:00",
  "tf": "1d",
  "params": {
    "n_down": 40,
    "n_up": 10,
    "n_corr": 8,
    "sma_slow": 50,
    "sma_fast": 20,
    "pivot_strength": 1,
    "min_hh_steps": 1,
    "min_hl_steps": 1,
    "corr_min_pct": 0.5,
    "corr_max_pct": 12.0,
    "near_resistance_pct": 6.0,
    "breakout_wiggle_pct": 0.2
  },
  "count": 2,
  "data": [
    {
      "ticker": "WCC",
      "tf": "1d",
      "bars_used": 350,
      "close": 281.6300048828125,
      "sma20": 262.0949966430664,
      "sma50": 261.21257415771487,
      "trend_ok": true,
      "prior_downtrend_ok": true,
      "down_slope": -0.09456447436706658,
      "fresh_uptrend_ok": true,
      "up_slope": 1.8964255593039774,
      "up_hh_steps": 1,
      "up_hl_steps": 2,
      "up_pivot_highs": 2,
      "up_pivot_lows": 3,
      "resistance": 278.7699890136719,
      "pullback_from_resistance_pct": -1.0259410918871756,
      "state": "uptrend",
      "rank_score": 2.820990181981196
    },
    {
      "ticker": "XPRO",
      "tf": "1d",
      "bars_used": 350,
      "close": 16.209999084472656,
      "sma20": 14.179000043869019,
      "sma50": 14.010799980163574,
      "trend_ok": true,
      "prior_downtrend_ok": true,
      "down_slope": -0.0044446436146634155,
      "fresh_uptrend_ok": true,
      "up_slope": 0.26848479184237395,
      "up_hh_steps": 1,
      "up_hl_steps": 1,
      "up_pivot_highs": 2,
      "up_pivot_lows": 2,
      "resistance": 16.780000686645508,
      "pullback_from_resistance_pct": 3.396910481812386,
      "state": "correction",
      "rank_score": 2.583848253031269
    }
  ]
}