{
  "updated_utc": "2026-01-20T20:58:42.777933+00:00",
  "tf": "1d",
  "params": {
    "n_down": 40,
    "n_up": 10,
    "n_corr": 8,
    "sma_slow": 50,
    "sma_fast": 20,
    "pivot_strength": 1,
    "min_hh_steps": 1,
    "min_hl_steps": 1,
    "corr_min_pct": 0.5,
    "corr_max_pct": 12.0,
    "near_resistance_pct": 6.0,
    "breakout_wiggle_pct": 0.2
  },
  "count": 22,
  "data": [
    {
      "ticker": "VG",
      "tf": "1d",
      "bars_used": 247,
      "close": 8.800000190734863,
      "sma20": 7.171000051498413,
      "sma50": 7.135558176040649,
      "trend_ok": true,
      "prior_downtrend_ok": true,
      "down_slope": -0.04008389619680552,
      "fresh_uptrend_ok": true,
      "up_slope": 0.1906666813474713,
      "up_hh_steps": 1,
      "up_hl_steps": 2,
      "up_pivot_highs": 2,
      "up_pivot_lows": 3,
      "resistance": 8.279999732971191,
      "pullback_from_resistance_pct": -6.28019896779725,
      "state": "uptrend",
      "rank_score": 3.696699827966208
    },
    {
      "ticker": "SMA",
      "tf": "1d",
      "bars_used": 200,
      "close": 33.63999938964844,
      "sma20": 31.770991706848143,
      "sma50": 32.13630596160888,
      "trend_ok": true,
      "prior_downtrend_ok": true,
      "down_slope": -0.041369341372548975,
      "fresh_uptrend_ok": true,
      "up_slope": 0.30163634329131156,
      "up_hh_steps": 2,
      "up_hl_steps": 1,
      "up_pivot_highs": 3,
      "up_pivot_lows": 2,
      "resistance": 33.89500045776367,
      "pullback_from_resistance_pct": 0.752326492613533,
      "state": "correction",
      "rank_score": 3.1746122512310775
    },
    {
      "ticker": "TEL",
      "tf": "1d",
      "bars_used": 350,
      "close": 241.00999450683594,
      "sma20": 232.6804992675781,
      "sma50": 233.01859924316406,
      "trend_ok": true,
      "prior_downtrend_ok": true,
      "down_slope": -0.23746809538936078,
      "fresh_uptrend_ok": true,
      "up_slope": 1.3867882006096117,
      "up_hh_steps": 1,
      "up_hl_steps": 1,
      "up_pivot_highs": 2,
      "up_pivot_lows": 2,
      "resistance": 243.02999877929688,
      "pullback_from_resistance_pct": 0.8311748683730876,
      "state": "correction",
      "rank_score": 3.0114708552711518
    },
    {
      "ticker": "SEI",
      "tf": "1d",
      "bars_used": 350,
      "close": 56.869998931884766,
      "sma20": 49.19650001525879,
      "sma50": 48.69390396118164,
      "trend_ok": true,
      "prior_downtrend_ok": true,
      "down_slope": -0.07051585163452835,
      "fresh_uptrend_ok": true,
      "up_slope": 0.38236363728841144,
      "up_hh_steps": 1,
      "up_hl_steps": 1,
      "up_pivot_highs": 3,
      "up_pivot_lows": 3,
      "resistance": 55.130001068115234,
      "pullback_from_resistance_pct": -3.156172374492968,
      "state": "uptrend",
      "rank_score": 2.98298987776664
    },
    {
      "ticker": "SRG",
      "tf": "1d",
      "bars_used": 350,
      "close": 3.6700000762939453,
      "sma20": 3.4120000123977663,
      "sma50": 3.5570000123977663,
      "trend_ok": true,
      "prior_downtrend_ok": true,
      "down_slope": -0.021094748674145784,
      "fresh_uptrend_ok": true,
      "up_slope": 0.019878781925548206,
      "up_hh_steps": 1,
      "up_hl_steps": 1,
      "up_pivot_highs": 2,
      "up_pivot_lows": 3,
      "resistance": 3.5799999237060547,
      "pullback_from_resistance_pct": -2.5139707962541378,
      "state": "uptrend",
      "rank_score": 2.9495590682219013
    },
    {
      "ticker": "SPXC",
      "tf": "1d",
      "bars_used": 350,
      "close": 217.64999389648438,
      "sma20": 207.66449890136718,
      "sma50": 210.97279937744142,
      "trend_ok": true,
      "prior_downtrend_ok": true,
      "down_slope": -0.2775694097407987,
      "fresh_uptrend_ok": true,
      "up_slope": 1.0035751805160984,
      "up_hh_steps": 1,
      "up_hl_steps": 1,
      "up_pivot_highs": 2,
      "up_pivot_lows": 2,
      "resistance": 212.7899932861328,
      "pullback_from_resistance_pct": -2.2839422734585337,
      "state": "uptrend",
      "rank_score": 2.928266432752169
    },
    {
      "ticker": "TYG",
      "tf": "1d",
      "bars_used": 350,
      "close": 44.650001525878906,
      "sma20": 41.82356567382813,
      "sma50": 42.207052841186524,
      "trend_ok": true,
      "prior_downtrend_ok": true,
      "down_slope": -0.06611009851852903,
      "fresh_uptrend_ok": true,
      "up_slope": 0.39072730324485083,
      "up_hh_steps": 1,
      "up_hl_steps": 2,
      "up_pivot_highs": 2,
      "up_pivot_lows": 3,
      "resistance": 44.290000915527344,
      "pullback_from_resistance_pct": -0.8128259266423998,
      "state": "uptrend",
      "rank_score": 2.7854709877737336
    },
    {
      "ticker": "TBI",
      "tf": "1d",
      "bars_used": 350,
      "close": 5.25,
      "sma20": 4.75550000667572,
      "sma50": 4.847799997329712,
      "trend_ok": true,
      "prior_downtrend_ok": true,
      "down_slope": -0.00951782154097566,
      "fresh_uptrend_ok": true,
      "up_slope": 0.060666679613517994,
      "up_hh_steps": 1,
      "up_hl_steps": 2,
      "up_pivot_highs": 3,
      "up_pivot_lows": 3,
      "resistance": 5.210000038146973,
      "pullback_from_resistance_pct": -0.7677535808090709,
      "state": "uptrend",
      "rank_score": 2.7714444797512576
    },
    {
      "ticker": "VTOL",
      "tf": "1d",
      "bars_used": 350,
      "close": 40.18000030517578,
      "sma20": 38.120499992370604,
      "sma50": 37.59179969787598,
      "trend_ok": true,
      "prior_downtrend_ok": true,
      "down_slope": -0.041297367231930844,
      "fresh_uptrend_ok": true,
      "up_slope": 0.2196365587639086,
      "up_hh_steps": 1,
      "up_hl_steps": 2,
      "up_pivot_highs": 2,
      "up_pivot_lows": 3,
      "resistance": 41.349998474121094,
      "pullback_from_resistance_pct": 2.82949990839191,
      "state": "correction",
      "rank_score": 2.754681896329585
    },
    {
      "ticker": "TS",
      "tf": "1d",
      "bars_used": 350,
      "close": 41.790000915527344,
      "sma20": 39.62900009155273,
      "sma50": 40.10760025024414,
      "trend_ok": true,
      "prior_downtrend_ok": true,
      "down_slope": -0.05936397423663685,
      "fresh_uptrend_ok": true,
      "up_slope": 0.22775756373549952,
      "up_hh_steps": 1,
      "up_hl_steps": 1,
      "up_pivot_highs": 3,
      "up_pivot_lows": 2,
      "resistance": 42.689998626708984,
      "pullback_from_resistance_pct": 2.1082167723907053,
      "state": "correction",
      "rank_score": 2.754028728233631
    },
    {
      "ticker": "SKYH",
      "tf": "1d",
      "bars_used": 350,
      "close": 9.359999656677246,
      "sma20": 9.096000051498413,
      "sma50": 9.231200046539307,
      "trend_ok": true,
      "prior_downtrend_ok": true,
      "down_slope": -0.01399249905269544,
      "fresh_uptrend_ok": true,
      "up_slope": 0.03260601506088719,
      "up_hh_steps": 2,
      "up_hl_steps": 1,
      "up_pivot_highs": 3,
      "up_pivot_lows": 2,
      "resistance": 9.6899995803833,
      "pullback_from_resistance_pct": 3.405572115545965,
      "state": "correction",
      "rank_score": 2.676521188111991
    },
    {
      "ticker": "SJT",
      "tf": "1d",
      "bars_used": 350,
      "close": 5.849999904632568,
      "sma20": 5.607499980926514,
      "sma50": 5.766599998474121,
      "trend_ok": true,
      "prior_downtrend_ok": true,
      "down_slope": -0.01807035925688037,
      "fresh_uptrend_ok": true,
      "up_slope": 0.043151508678089485,
      "up_hh_steps": 2,
      "up_hl_steps": 1,
      "up_pivot_highs": 3,
      "up_pivot_lows": 2,
      "resistance": 6.090000152587891,
      "pullback_from_resistance_pct": 3.9408906722824355,
      "state": "correction",
      "rank_score": 2.6431848879529274
    },
    {
      "ticker": "UZD",
      "tf": "1d",
      "bars_used": 350,
      "close": 20.690000534057617,
      "sma20": 20.292000102996827,
      "sma50": 20.403475952148437,
      "trend_ok": true,