{
  "updated_utc": "2026-01-22T20:50:56.625871+00:00",
  "tf": "1d",
  "params": {
    "n_down": 40,
    "n_up": 10,
    "n_corr": 8,
    "sma_slow": 50,
    "sma_fast": 20,
    "pivot_strength": 1,
    "min_hh_steps": 1,
    "min_hl_steps": 1,
    "corr_min_pct": 0.5,
    "corr_max_pct": 12.0,
    "near_resistance_pct": 6.0,
    "breakout_wiggle_pct": 0.2
  },
  "count": 28,
  "data": [
    {
      "ticker": "TGE",
      "tf": "1d",
      "bars_used": 158,
      "close": 1.6100000143051147,
      "sma20": 1.2535000026226044,
      "sma50": 1.1881600093841553,
      "trend_ok": true,
      "prior_downtrend_ok": true,
      "down_slope": -0.005987429920772673,
      "fresh_uptrend_ok": true,
      "up_slope": 0.025757575035095216,
      "up_hh_steps": 1,
      "up_hl_steps": 2,
      "up_pivot_highs": 2,
      "up_pivot_lows": 3,
      "resistance": 1.4600000381469727,
      "pullback_from_resistance_pct": -10.273970701296802,
      "state": "uptrend",
      "rank_score": 4.328263726439773
    },
    {
      "ticker": "TIMB",
      "tf": "1d",
      "bars_used": 350,
      "close": 22.65999984741211,
      "sma20": 20.54650001525879,
      "sma50": 21.62040008544922,
      "trend_ok": true,
      "prior_downtrend_ok": true,
      "down_slope": -0.10981801124272159,
      "fresh_uptrend_ok": true,
      "up_slope": 0.26593937729344225,
      "up_hh_steps": 1,
      "up_hl_steps": 2,
      "up_pivot_highs": 2,
      "up_pivot_lows": 3,
      "resistance": 21.729999542236328,
      "pullback_from_resistance_pct": -4.279799009512868,
      "state": "uptrend",
      "rank_score": 3.3632998349188115
    },
    {
      "ticker": "SRG",
      "tf": "1d",
      "bars_used": 350,
      "close": 3.819999933242798,
      "sma20": 3.453500008583069,
      "sma50": 3.5456000089645388,
      "trend_ok": true,
      "prior_downtrend_ok": true,
      "down_slope": -0.01835178338117045,
      "fresh_uptrend_ok": true,
      "up_slope": 0.037878782098943534,
      "up_hh_steps": 1,
      "up_hl_steps": 2,
      "up_pivot_highs": 2,
      "up_pivot_lows": 4,
      "resistance": 3.700000047683716,
      "pullback_from_resistance_pct": -3.243240108448233,
      "state": "uptrend",
      "rank_score": 3.190540018074705
    },
    {
      "ticker": "SOJE",
      "tf": "1d",
      "bars_used": 350,
      "close": 18.239999771118164,
      "sma20": 17.843150806427,
      "sma50": 17.76129283905029,
      "trend_ok": true,
      "prior_downtrend_ok": true,
      "down_slope": -0.009368391555872017,
      "fresh_uptrend_ok": true,
      "up_slope": 0.03398191278631037,
      "up_hh_steps": 1,
      "up_hl_steps": 2,
      "up_pivot_highs": 2,
      "up_pivot_lows": 3,
      "resistance": 18.350000381469727,
      "pullback_from_resistance_pct": 0.5994583545766232,
      "state": "correction",
      "rank_score": 3.1500902742372294
    },
    {
      "ticker": "VG",
      "tf": "1d",
      "bars_used": 249,
      "close": 9.050000190734863,
      "sma20": 7.427000045776367,
      "sma50": 7.1770150852203365,
      "trend_ok": true,
      "prior_downtrend_ok": true,
      "down_slope": -0.035633723060364574,
      "fresh_uptrend_ok": true,
      "up_slope": 0.22072725874004942,
      "up_hh_steps": 2,
      "up_hl_steps": 1,
      "up_pivot_highs": 3,
      "up_pivot_lows": 2,
      "resistance": 8.819999694824219,
      "pullback_from_resistance_pct": -2.6077154633646327,
      "state": "uptrend",
      "rank_score": 3.134619243894105
    },
    {
      "ticker": "UZD",
      "tf": "1d",
      "bars_used": 350,
      "close": 21.1200008392334,
      "sma20": 20.39000015258789,
      "sma50": 20.411085205078123,
      "trend_ok": true,
      "prior_downtrend_ok": true,
      "down_slope": -0.015930207272184277,
      "fresh_uptrend_ok": true,
      "up_slope": 0.058666807232481064,
      "up_hh_steps": 2,
      "up_hl_steps": 2,
      "up_pivot_highs": 3,
      "up_pivot_lows": 3,
      "resistance": 20.760000228881836,
      "pullback_from_resistance_pct": -1.7341069671604366,
      "state": "uptrend",
      "rank_score": 3.0802603868875655
    },
    {
      "ticker": "SEG",
      "tf": "1d",
      "bars_used": 350,
      "close": 20.989999771118164,
      "sma20": 20.177499961853027,
      "sma50": 20.925199966430664,
      "trend_ok": true,
      "prior_downtrend_ok": true,
      "down_slope": -0.07309569399978609,
      "fresh_uptrend_ok": true,
      "up_slope": 0.08739387049819484,
      "up_hh_steps": 1,
      "up_hl_steps": 1,
      "up_pivot_highs": 2,
      "up_pivot_lows": 2,
      "resistance": 21.139999389648438,
      "pullback_from_resistance_pct": 0.7095535613105236,
      "state": "correction",
      "rank_score": 3.025378788186199
    },
    {
      "ticker": "VIRT",
      "tf": "1d",
      "bars_used": 350,
      "close": 36.90999984741211,
      "sma20": 34.18149967193604,
      "sma50": 34.44224655151367,
      "trend_ok": true,
      "prior_downtrend_ok": true,
      "down_slope": -0.04542632648689886,
      "fresh_uptrend_ok": true,
      "up_slope": 0.5482425805294152,
      "up_hh_steps": 1,
      "up_hl_steps": 1,
      "up_pivot_highs": 2,
      "up_pivot_lows": 2,
      "resistance": 37.20000076293945,
      "pullback_from_resistance_pct": 0.7795723375797817,
      "state": "correction",
      "rank_score": 3.0200712770700364
    },
    {
      "ticker": "VPV",
      "tf": "1d",
      "bars_used": 350,
      "close": 10.649999618530273,
      "sma20": 10.484097957611084,
      "sma50": 10.413555202484131,
      "trend_ok": true,
      "prior_downtrend_ok": true,
      "down_slope": -0.004049380769425441,
      "fresh_uptrend_ok": true,
      "up_slope": 0.025525948495575875,
      "up_hh_steps": 1,
      "up_hl_steps": 1,
      "up_pivot_highs": 2,
      "up_pivot_lows": 2,
      "resistance": 10.770000457763672,
      "pullback_from_resistance_pct": 1.1142138731005766,
      "state": "correction",
      "rank_score": 2.9605083803615786
    },
    {
      "ticker": "TNK",
      "tf": "1d",
      "bars_used": 350,
      "close": 62.0,
      "sma20": 56.753499794006345,
      "sma50": 57.39240005493164,
      "trend_ok": true,
      "prior_downtrend_ok": true,
      "down_slope": -0.28126454272815926,
      "fresh_uptrend_ok": true,
      "up_slope": 0.2976969169847893,
      "up_hh_steps": 1,
      "up_hl_steps": 1,
      "up_pivot_highs": 2,
      "up_pivot_lows": 2,
      "resistance": 62.650001525878906,
      "pullback_from_resistance_pct": 1.0375123863491198,
      "state": "correction",
      "rank_score": 2.949858433523846
    },
    {
      "ticker": "TR",
      "tf": "1d",
      "bars_used": 350,
      "close": 37.619998931884766,
      "sma20": 36.980478286743164,
      "sma50": 37.701255569458006,
      "trend_ok": true,
      "prior_downtrend_ok": true,
      "down_slope": -0.07008644626467134,
      "fresh_uptrend_ok": true,
      "up_slope": 0.1738180449514678,
      "up_hh_steps": 1,
      "up_hl_steps": 1,
      "up_pivot_highs": 2,
      "up_pivot_lows": 2,
      "resistance": 38.130001068115234,
      "pullback_from_resistance_pct": 1.3375350693523549,
      "state": "correction",
      "rank_score": 2.9186409306017262
    },
    {
      "ticker": "TYG",
      "tf": "1d",
      "bars_used": 350,
      "close": 45.47999954223633,
      "sma20": 42.29677677154541,
      "sma50": 42.32026222229004,
      "trend_ok": true,
      "prior_downtrend_ok": true,
      "down_slope": -0.06765948612291862,
      "fresh_uptrend_ok": true,
      "up_slope": 0.459212216463956,
      "up_hh_steps": 2,
      "up_hl_steps": 1,
      "up_pivot_highs": 3,
      "up_pivot_lows": 2,
      "resistance": 45.099998474121094,
      "pullback_from_resistance_pct": -0.842574458917739,
      "state": "uptrend",
      "rank_score": 2.8404290764862896
    },
    {
      "ticker": "STN",
      "tf": "1d",
      "bars_used": 350,
      "close": 98.97000122070312,
      "sma20": 97.39950027465821,
      "sma50": 97.40219970703124,
      "trend_ok": true,