{
  "updated_utc": "2026-01-24T20:14:11.627246+00:00",
  "tf": "1d",
  "params": {
    "n_down": 40,
    "n_up": 10,
    "n_corr": 8,
    "sma_slow": 50,
    "sma_fast": 20,
    "pivot_strength": 1,
    "min_hh_steps": 1,
    "min_hl_steps": 1,
    "corr_min_pct": 0.5,
    "corr_max_pct": 12.0,
    "near_resistance_pct": 6.0,
    "breakout_wiggle_pct": 0.2
  },
  "count": 9,
  "data": [
    {
      "ticker": "PFE",
      "tf": "1d",
      "bars_used": 350,
      "close": 25.649999618530273,
      "sma20": 24.980041122436525,
      "sma50": 25.00139358520508,
      "trend_ok": true,
      "prior_downtrend_ok": true,
      "down_slope": -0.006423357235334157,
      "fresh_uptrend_ok": true,
      "up_slope": 0.08635327888257575,
      "up_hh_steps": 2,
      "up_hl_steps": 1,
      "up_pivot_highs": 3,
      "up_pivot_lows": 2,
      "resistance": 25.8765394033302,
      "pullback_from_resistance_pct": 0.8754639917993464,
      "state": "correction",
      "rank_score": 3.1395188707936024
    },
    {
      "ticker": "MSM",
      "tf": "1d",
      "bars_used": 350,
      "close": 85.7699966430664,
      "sma20": 84.81465759277344,
      "sma50": 84.99911071777343,
      "trend_ok": true,
      "prior_downtrend_ok": true,
      "down_slope": -0.05559577584043005,
      "fresh_uptrend_ok": true,
      "up_slope": 0.4661936442057292,
      "up_hh_steps": 1,
      "up_hl_steps": 1,
      "up_pivot_highs": 2,
      "up_pivot_lows": 2,
      "resistance": 88.01000213623047,
      "pullback_from_resistance_pct": 2.545171501867212,
      "state": "correction",
      "rank_score": 2.7174441592276732
    },
    {
      "ticker": "PBT",
      "tf": "1d",
      "bars_used": 350,
      "close": 18.760000228881836,
      "sma20": 17.866389274597168,
      "sma50": 17.985810432434082,
      "trend_ok": true,
      "prior_downtrend_ok": true,
      "down_slope": -0.056678501079051175,
      "fresh_uptrend_ok": true,
      "up_slope": 0.13206066940770006,
      "up_hh_steps": 1,
      "up_hl_steps": 1,
      "up_pivot_highs": 2,
      "up_pivot_lows": 2,
      "resistance": 19.34000015258789,
      "pullback_from_resistance_pct": 2.998965455687676,
      "state": "correction",
      "rank_score": 2.650172424052054
    },
    {
      "ticker": "PWR",
      "tf": "1d",
      "bars_used": 350,
      "close": 468.760009765625,
      "sma20": 441.8265090942383,
      "sma50": 443.1761346435547,
      "trend_ok": true,
      "prior_downtrend_ok": true,
      "down_slope": -0.42282211275082815,
      "fresh_uptrend_ok": true,
      "up_slope": 5.527998860677084,
      "up_hh_steps": 1,
      "up_hl_steps": 1,
      "up_pivot_highs": 2,
      "up_pivot_lows": 2,
      "resistance": 483.2900085449219,
      "pullback_from_resistance_pct": 3.0064761369769366,
      "state": "correction",
      "rank_score": 2.6489206438371773
    },
    {
      "ticker": "MP",
      "tf": "1d",
      "bars_used": 350,
      "close": 69.58000183105469,
      "sma20": 61.24500026702881,
      "sma50": 59.27339996337891,
      "trend_ok": true,
      "prior_downtrend_ok": true,
      "down_slope": -0.12820168901339704,
      "fresh_uptrend_ok": true,
      "up_slope": 0.5642427849047111,
      "up_hh_steps": 1,
      "up_hl_steps": 1,
      "up_pivot_highs": 2,
      "up_pivot_lows": 3,
      "resistance": 71.69000244140625,
      "pullback_from_resistance_pct": 2.943228537446502,
      "state": "correction",
      "rank_score": 2.5855223568123136
    },
    {
      "ticker": "PSN",
      "tf": "1d",
      "bars_used": 350,
      "close": 72.7300033569336,
      "sma20": 67.65199985504151,
      "sma50": 71.91339981079102,
      "trend_ok": true,
      "prior_downtrend_ok": true,
      "down_slope": -0.7351632230948328,
      "fresh_uptrend_ok": true,
      "up_slope": 0.4137576941287879,
      "up_hh_steps": 1,
      "up_hl_steps": 1,
      "up_pivot_highs": 2,
      "up_pivot_lows": 2,
      "resistance": 72.80899810791016,
      "pullback_from_resistance_pct": 0.10849586318916853,
      "state": "uptrend",
      "rank_score": 2.53015140331766
    },
    {
      "ticker": "NVT",
      "tf": "1d",
      "bars_used": 350,
      "close": 110.29000091552734,
      "sma20": 106.65726509094239,
      "sma50": 105.45249710083007,
      "trend_ok": true,
      "prior_downtrend_ok": true,
      "down_slope": -0.06554145455136755,
      "fresh_uptrend_ok": true,
      "up_slope": 0.804675801595052,
      "up_hh_steps": 2,
      "up_hl_steps": 1,
      "up_pivot_highs": 3,
      "up_pivot_lows": 2,
      "resistance": 115.73174582429654,
      "pullback_from_resistance_pct": 4.70203302474226,
      "state": "correction",
      "rank_score": 2.4989930721089264
    },
    {
      "ticker": "OVV",
      "tf": "1d",
      "bars_used": 350,
      "close": 41.02000045776367,
      "sma20": 39.27400016784668,
      "sma50": 39.37868156433105,
      "trend_ok": true,
      "prior_downtrend_ok": true,
      "down_slope": -0.02351189769007699,
      "fresh_uptrend_ok": true,
      "up_slope": 0.22551533092151987,
      "up_hh_steps": 1,
      "up_hl_steps": 1,
      "up_pivot_highs": 2,
      "up_pivot_lows": 2,
      "resistance": 41.709999084472656,
      "pullback_from_resistance_pct": 1.654276293105577,
      "state": "uptrend",
      "rank_score": 2.2742872844824036
    },
    {
      "ticker": "PSA",
      "tf": "1d",
      "bars_used": 350,
      "close": 282.6300048828125,
      "sma20": 274.20549926757815,
      "sma50": 270.41479858398435,
      "trend_ok": true,
      "prior_downtrend_ok": true,
      "down_slope": -0.22237083621141387,
      "fresh_uptrend_ok": true,
      "up_slope": 0.7843640876538825,
      "up_hh_steps": 1,
      "up_hl_steps": 1,
      "up_pivot_highs": 3,
      "up_pivot_lows": 2,
      "resistance": 291.760009765625,
      "pullback_from_resistance_pct": 3.129285912125779,
      "state": "uptrend",
      "rank_score": 1.8772547599727853
    }
  ]
}