{
  "updated_utc": "2026-01-23T22:41:38.480379+00:00",
  "tf": "1d",
  "params": {
    "n_down": 40,
    "n_up": 10,
    "n_corr": 8,
    "sma_slow": 50,
    "sma_fast": 20,
    "pivot_strength": 1,
    "min_hh_steps": 1,
    "min_hl_steps": 1,
    "corr_min_pct": 0.5,
    "corr_max_pct": 12.0,
    "near_resistance_pct": 6.0,
    "breakout_wiggle_pct": 0.2
  },
  "count": 10,
  "data": [
    {
      "ticker": "GNRC",
      "tf": "1d",
      "bars_used": 350,
      "close": 175.33999633789062,
      "sma20": 150.93649826049804,
      "sma50": 151.89519958496095,
      "trend_ok": true,
      "prior_downtrend_ok": true,
      "down_slope": -0.307751423332973,
      "fresh_uptrend_ok": true,
      "up_slope": 2.495939405036695,
      "up_hh_steps": 1,
      "up_hl_steps": 1,
      "up_pivot_highs": 2,
      "up_pivot_lows": 2,
      "resistance": 163.52999877929688,
      "pullback_from_resistance_pct": -7.221915028894939,
      "state": "uptrend",
      "rank_score": 3.753652504815823
    },
    {
      "ticker": "GFL",
      "tf": "1d",
      "bars_used": 350,
      "close": 44.650001525878906,
      "sma20": 42.92150020599365,
      "sma50": 43.869200210571286,
      "trend_ok": true,
      "prior_downtrend_ok": true,
      "down_slope": -0.05631612630990835,
      "fresh_uptrend_ok": true,
      "up_slope": 0.2124243996360085,
      "up_hh_steps": 2,
      "up_hl_steps": 2,
      "up_pivot_highs": 3,
      "up_pivot_lows": 3,
      "resistance": 42.90999984741211,
      "pullback_from_resistance_pct": -4.055002760788255,
      "state": "uptrend",
      "rank_score": 3.4169682283339884
    },
    {
      "ticker": "MGY",
      "tf": "1d",
      "bars_used": 350,
      "close": 23.770000457763672,
      "sma20": 22.279999828338624,
      "sma50": 22.53619987487793,
      "trend_ok": true,
      "prior_downtrend_ok": true,
      "down_slope": -0.0347082637264402,
      "fresh_uptrend_ok": true,
      "up_slope": 0.1603636423746745,
      "up_hh_steps": 1,
      "up_hl_steps": 1,
      "up_pivot_highs": 2,
      "up_pivot_lows": 2,
      "resistance": 23.329999923706055,
      "pullback_from_resistance_pct": -1.8859860072717973,
      "state": "uptrend",
      "rank_score": 2.8575905108858
    },
    {
      "ticker": "KB",
      "tf": "1d",
      "bars_used": 350,
      "close": 92.7699966430664,
      "sma20": 87.90350036621093,
      "sma50": 86.79380004882813,
      "trend_ok": true,
      "prior_downtrend_ok": true,
      "down_slope": -0.010848007059007828,
      "fresh_uptrend_ok": true,
      "up_slope": 0.8925451105291193,
      "up_hh_steps": 2,
      "up_hl_steps": 1,
      "up_pivot_highs": 3,
      "up_pivot_lows": 2,
      "resistance": 95.55000305175781,
      "pullback_from_resistance_pct": 2.9094780951346744,
      "state": "correction",
      "rank_score": 2.8150869841442208
    },
    {
      "ticker": "GPJA",
      "tf": "1d",
      "bars_used": 350,
      "close": 23.18000030517578,
      "sma20": 22.777112770080567,
      "sma50": 22.62290843963623,
      "trend_ok": true,
      "prior_downtrend_ok": true,
      "down_slope": -0.0030644084007162985,
      "fresh_uptrend_ok": true,
      "up_slope": 0.03654544714725379,
      "up_hh_steps": 2,
      "up_hl_steps": 1,
      "up_pivot_highs": 3,
      "up_pivot_lows": 2,
      "resistance": 23.260000228881836,
      "pullback_from_resistance_pct": 0.3439377597542718,
      "state": "uptrend",
      "rank_score": 2.6283165627164307
    },
    {
      "ticker": "LUMN",
      "tf": "1d",
      "bars_used": 350,
      "close": 8.920000076293945,
      "sma20": 8.034000015258789,
      "sma50": 8.195000009536743,
      "trend_ok": true,
      "prior_downtrend_ok": true,
      "down_slope": -0.01994558736038924,
      "fresh_uptrend_ok": true,
      "up_slope": 0.07121215589118726,
      "up_hh_steps": 1,
      "up_hl_steps": 1,
      "up_pivot_highs": 2,
      "up_pivot_lows": 3,
      "resistance": 8.899999618530273,
      "pullback_from_resistance_pct": -0.22472425416771766,
      "state": "uptrend",
      "rank_score": 2.5197106061831303
    },
    {
      "ticker": "MGR",
      "tf": "1d",
      "bars_used": 350,
      "close": 21.579999923706055,
      "sma20": 21.289595222473146,
      "sma50": 21.122500610351562,
      "trend_ok": true,
      "prior_downtrend_ok": true,
      "down_slope": -0.0004952996130508509,
      "fresh_uptrend_ok": true,
      "up_slope": 0.024969655817205255,
      "up_hh_steps": 1,
      "up_hl_steps": 1,
      "up_pivot_highs": 2,
      "up_pivot_lows": 2,
      "resistance": 21.59000015258789,
      "pullback_from_resistance_pct": 0.046318799495873364,
      "state": "uptrend",
      "rank_score": 2.4809626761046237
    },
    {
      "ticker": "GSBD",
      "tf": "1d",
      "bars_used": 350,
      "close": 9.399999618530273,
      "sma20": 9.255732774734497,
      "sma50": 9.380013294219971,
      "trend_ok": true,
      "prior_downtrend_ok": true,
      "down_slope": -0.002390809175444812,
      "fresh_uptrend_ok": true,
      "up_slope": 0.03290906963926373,
      "up_hh_steps": 1,
      "up_hl_steps": 1,
      "up_pivot_highs": 2,
      "up_pivot_lows": 2,
      "resistance": 9.460000038146973,
      "pullback_from_resistance_pct": 0.6342539045956718,
      "state": "uptrend",
      "rank_score": 2.4123744686187925
    },
    {
      "ticker": "LNG",
      "tf": "1d",
      "bars_used": 350,
      "close": 206.7899932861328,
      "sma20": 197.1525001525879,
      "sma50": 200.72380096435546,
      "trend_ok": true,
      "prior_downtrend_ok": true,
      "down_slope": -0.6561829529381156,
      "fresh_uptrend_ok": true,
      "up_slope": 1.6636360862038353,
      "up_hh_steps": 1,
      "up_hl_steps": 1,
      "up_pivot_highs": 2,
      "up_pivot_lows": 2,
      "resistance": 208.91000366210938,
      "pullback_from_resistance_pct": 1.0147960072823812,
      "state": "uptrend",
      "rank_score": 2.3808673321196028
    },
    {
      "ticker": "JILL",
      "tf": "1d",
      "bars_used": 350,
      "close": 16.290000915527344,
      "sma20": 15.121000051498413,
      "sma50": 14.915596523284911,
      "trend_ok": true,
      "prior_downtrend_ok": true,
      "down_slope": -0.015368589630270093,
      "fresh_uptrend_ok": true,
      "up_slope": 0.1805454716537938,
      "up_hh_steps": 1,
      "up_hl_steps": 1,
      "up_pivot_highs": 2,
      "up_pivot_lows": 2,
      "resistance": 17.229999542236328,
      "pullback_from_resistance_pct": 5.455592871054595,
      "state": "correction",
      "rank_score": 2.226229784832161
    }
  ]
}