{
  "updated_utc": "2026-01-27T18:18:16.226591+00:00",
  "tf": "1d",
  "params": {
    "n_down": 40,
    "n_up": 10,
    "n_corr": 8,
    "sma_slow": 50,
    "sma_fast": 20,
    "pivot_strength": 1,
    "min_hh_steps": 1,
    "min_hl_steps": 1,
    "corr_min_pct": 0.5,
    "corr_max_pct": 12.0,
    "near_resistance_pct": 6.0,
    "breakout_wiggle_pct": 0.2
  },
  "count": 18,
  "data": [
    {
      "ticker": "CMS",
      "tf": "1d",
      "bars_used": 350,
      "close": 71.52999877929688,
      "sma20": 70.53199882507325,
      "sma50": 71.48879928588867,
      "trend_ok": true,
      "prior_downtrend_ok": true,
      "down_slope": -0.14682273793175787,
      "fresh_uptrend_ok": true,
      "up_slope": 0.10454559326171875,
      "up_hh_steps": 1,
      "up_hl_steps": 1,
      "up_pivot_highs": 2,
      "up_pivot_lows": 3,
      "resistance": 72.12000274658203,
      "pullback_from_resistance_pct": 0.8180864459452869,
      "state": "correction",
      "rank_score": 2.904346662572245
    },
    {
      "ticker": "ESE",
      "tf": "1d",
      "bars_used": 350,
      "close": 221.9199981689453,
      "sma20": 210.8047721862793,
      "sma50": 208.77153533935547,
      "trend_ok": true,
      "prior_downtrend_ok": true,
      "down_slope": -0.4341891591141864,
      "fresh_uptrend_ok": true,
      "up_slope": 1.1860608649976325,
      "up_hh_steps": 2,
      "up_hl_steps": 2,
      "up_pivot_highs": 3,
      "up_pivot_lows": 3,
      "resistance": 229.41000366210938,
      "pullback_from_resistance_pct": 3.264899251819834,
      "state": "correction",
      "rank_score": 2.8304792949672826
    },
    {
      "ticker": "FLO",
      "tf": "1d",
      "bars_used": 350,
      "close": 11.25,
      "sma20": 10.814999914169311,
      "sma50": 10.795055618286133,
      "trend_ok": true,
      "prior_downtrend_ok": true,
      "down_slope": -0.000742732829940252,
      "fresh_uptrend_ok": true,
      "up_slope": 0.060363630814985796,
      "up_hh_steps": 2,
      "up_hl_steps": 1,
      "up_pivot_highs": 3,
      "up_pivot_lows": 2,
      "resistance": 11.149999618530273,
      "pullback_from_resistance_pct": -0.8968644384842411,
      "state": "uptrend",
      "rank_score": 2.825008607169007
    },
    {
      "ticker": "CRGY",
      "tf": "1d",
      "bars_used": 350,
      "close": 8.84000015258789,
      "sma20": 8.34500002861023,
      "sma50": 8.777097759246827,
      "trend_ok": true,
      "prior_downtrend_ok": true,
      "down_slope": -0.03345555498720781,
      "fresh_uptrend_ok": true,
      "up_slope": 0.060848478837446734,
      "up_hh_steps": 1,
      "up_hl_steps": 2,
      "up_pivot_highs": 2,
      "up_pivot_lows": 3,
      "resistance": 8.75,
      "pullback_from_resistance_pct": -1.0285731724330358,
      "state": "uptrend",
      "rank_score": 2.804397761665884
    },
    {
      "ticker": "CNH",
      "tf": "1d",
      "bars_used": 350,
      "close": 10.930000305175781,
      "sma20": 10.230500030517579,
      "sma50": 9.851999969482423,
      "trend_ok": true,
      "prior_downtrend_ok": true,
      "down_slope": -0.0007260814616648834,
      "fresh_uptrend_ok": true,
      "up_slope": 0.06315155029296875,
      "up_hh_steps": 2,
      "up_hl_steps": 1,
      "up_pivot_highs": 3,
      "up_pivot_lows": 2,
      "resistance": 11.25,
      "pullback_from_resistance_pct": 2.8444417317708335,
      "state": "correction",
      "rank_score": 2.7873019460989967
    },
    {
      "ticker": "DUK",
      "tf": "1d",
      "bars_used": 350,
      "close": 118.77999877929688,
      "sma20": 117.78150024414063,
      "sma50": 118.65534698486329,
      "trend_ok": true,
      "prior_downtrend_ok": true,
      "down_slope": -0.19737295755525916,
      "fresh_uptrend_ok": true,
      "up_slope": 0.09575759425307766,
      "up_hh_steps": 1,
      "up_hl_steps": 1,
      "up_pivot_highs": 2,
      "up_pivot_lows": 3,
      "resistance": 120.83999633789062,
      "pullback_from_resistance_pct": 1.7047315632430358,
      "state": "correction",
      "rank_score": 2.6685700366365195
    },
    {
      "ticker": "FTS",
      "tf": "1d",
      "bars_used": 350,
      "close": 52.84000015258789,
      "sma20": 51.86499996185303,
      "sma50": 51.64619987487793,
      "trend_ok": true,
      "prior_downtrend_ok": true,
      "down_slope": -0.013432468392835548,
      "fresh_uptrend_ok": true,
      "up_slope": 0.1598788174715909,
      "up_hh_steps": 1,
      "up_hl_steps": 2,
      "up_pivot_highs": 2,
      "up_pivot_lows": 3,
      "resistance": 52.88999938964844,
      "pullback_from_resistance_pct": 0.09453438766787481,
      "state": "uptrend",
      "rank_score": 2.634244268722021
    },
    {
      "ticker": "CIG",
      "tf": "1d",
      "bars_used": 350,
      "close": 2.140000104904175,
      "sma20": 2.0399999976158143,
      "sma50": 2.0527999877929686,
      "trend_ok": true,
      "prior_downtrend_ok": true,
      "down_slope": -0.0033930582579707563,
      "fresh_uptrend_ok": true,
      "up_slope": 0.025393945520574397,
      "up_hh_steps": 1,
      "up_hl_steps": 1,
      "up_pivot_highs": 2,
      "up_pivot_lows": 2,
      "resistance": 2.2100000381469727,
      "pullback_from_resistance_pct": 3.1674177391187275,
      "state": "correction",
      "rank_score": 2.622097043480212
    },
    {
      "ticker": "ETX",
      "tf": "1d",
      "bars_used": 350,
      "close": 18.8700008392334,
      "sma20": 18.645125484466554,
      "sma50": 18.861652603149412,
      "trend_ok": true,
      "prior_downtrend_ok": true,
      "down_slope": -0.016152257901418946,
      "fresh_uptrend_ok": true,
      "up_slope": 0.02255407391172467,
      "up_hh_steps": 1,
      "up_hl_steps": 1,
      "up_pivot_highs": 2,
      "up_pivot_lows": 2,
      "resistance": 18.81999969482422,
      "pullback_from_resistance_pct": -0.2656808991496995,
      "state": "uptrend",
      "rank_score": 2.594280149858283
    },
    {
      "ticker": "FNF",
      "tf": "1d",
      "bars_used": 350,
      "close": 54.79999923706055,
      "sma20": 54.18450012207031,
      "sma50": 54.97112167358399,
      "trend_ok": true,
      "prior_downtrend_ok": true,
      "down_slope": -0.01554573624487442,
      "fresh_uptrend_ok": true,
      "up_slope": 0.27563626838452887,
      "up_hh_steps": 1,
      "up_hl_steps": 2,
      "up_pivot_highs": 2,
      "up_pivot_lows": 3,
      "resistance": 54.869998931884766,
      "pullback_from_resistance_pct": 0.1275737127516913,
      "state": "uptrend",
      "rank_score": 2.566899406378432
    },
    {
      "ticker": "CNX",
      "tf": "1d",
      "bars_used": 350,
      "close": 37.43000030517578,
      "sma20": 36.398999786376955,
      "sma50": 37.52539985656738,
      "trend_ok": true,
      "prior_downtrend_ok": true,
      "down_slope": -0.0375197000843499,
      "fresh_uptrend_ok": true,
      "up_slope": 0.1624849724047112,
      "up_hh_steps": 1,
      "up_hl_steps": 1,
      "up_pivot_highs": 2,
      "up_pivot_lows": 2,
      "resistance": 38.790000915527344,
      "pullback_from_resistance_pct": 3.506059753164802,
      "state": "correction",
      "rank_score": 2.559962174672075
    },
    {
      "ticker": "DLR",
      "tf": "1d",
      "bars_used": 350,
      "close": 161.57000732421875,
      "sma20": 157.78800048828126,
      "sma50": 156.87630950927735,
      "trend_ok": true,
      "prior_downtrend_ok": true,
      "down_slope": -0.1167786073953081,
      "fresh_uptrend_ok": true,
      "up_slope": 0.06672797925544507,
      "up_hh_steps": 1,
      "up_hl_steps": 1,
      "up_pivot_highs": 2,
      "up_pivot_lows": 3,
      "resistance": 165.2100067138672,
      "pullback_from_resistance_pct": 2.2032560024966745,
      "state": "correction",
      "rank_score": 2.5251185074619173
    },
    {
      "ticker": "FERG",
      "tf": "1d",
      "bars_used": 350,
      "close": 254.5,
      "sma20": 237.54831619262694,
      "sma50": 237.1639959716797,
      "trend_ok": true,
      "prior_downtrend_ok": true,