{
  "updated_utc": "2026-01-27T20:16:49.519262+00:00",
  "tf": "1d",
  "params": {
    "n_down": 40,
    "n_up": 10,
    "n_corr": 8,
    "sma_slow": 50,
    "sma_fast": 20,
    "pivot_strength": 1,
    "min_hh_steps": 1,
    "min_hl_steps": 1,
    "corr_min_pct": 0.5,
    "corr_max_pct": 12.0,
    "near_resistance_pct": 6.0,
    "breakout_wiggle_pct": 0.2
  },
  "count": 9,
  "data": [
    {
      "ticker": "ONL",
      "tf": "1d",
      "bars_used": 350,
      "close": 2.390000104904175,
      "sma20": 2.168968605995178,
      "sma50": 2.167226028442383,
      "trend_ok": true,
      "prior_downtrend_ok": true,
      "down_slope": -0.003302347883721901,
      "fresh_uptrend_ok": true,
      "up_slope": 0.01284849282467004,
      "up_hh_steps": 1,
      "up_hl_steps": 1,
      "up_pivot_highs": 3,
      "up_pivot_lows": 3,
      "resistance": 2.119999885559082,
      "pullback_from_resistance_pct": -12.735860090572073,
      "state": "uptrend",
      "rank_score": 4.501617961302298
    },
    {
      "ticker": "PNR",
      "tf": "1d",
      "bars_used": 350,
      "close": 108.0199966430664,
      "sma20": 104.76724281311036,
      "sma50": 104.54092269897461,
      "trend_ok": true,
      "prior_downtrend_ok": true,
      "down_slope": -0.02218745734409812,
      "fresh_uptrend_ok": true,
      "up_slope": 0.5853093465169271,
      "up_hh_steps": 2,
      "up_hl_steps": 1,
      "up_pivot_highs": 3,
      "up_pivot_lows": 2,
      "resistance": 108.81762011022072,
      "pullback_from_resistance_pct": 0.7329910967970091,
      "state": "correction",
      "rank_score": 3.1723593239309933
    },
    {
      "ticker": "PBT",
      "tf": "1d",
      "bars_used": 350,
      "close": 19.09000015258789,
      "sma20": 17.963545417785646,
      "sma50": 17.97752914428711,
      "trend_ok": true,
      "prior_downtrend_ok": true,
      "down_slope": -0.051359961583064155,
      "fresh_uptrend_ok": true,
      "up_slope": 0.11206069715095289,
      "up_hh_steps": 1,
      "up_hl_steps": 1,
      "up_pivot_highs": 2,
      "up_pivot_lows": 2,
      "resistance": 19.34000015258789,
      "pullback_from_resistance_pct": 1.292657694041163,
      "state": "correction",
      "rank_score": 2.9345570509931393
    },
    {
      "ticker": "MOD",
      "tf": "1d",
      "bars_used": 350,
      "close": 148.49000549316406,
      "sma20": 134.433500289917,
      "sma50": 141.4697999572754,
      "trend_ok": true,
      "prior_downtrend_ok": true,
      "down_slope": -0.43536022465403484,
      "fresh_uptrend_ok": true,
      "up_slope": 2.8549699263139203,
      "up_hh_steps": 1,
      "up_hl_steps": 1,
      "up_pivot_highs": 2,
      "up_pivot_lows": 2,
      "resistance": 150.75,
      "pullback_from_resistance_pct": 1.4991671687137231,
      "state": "correction",
      "rank_score": 2.9001388052143793
    },
    {
      "ticker": "RFM",
      "tf": "1d",
      "bars_used": 350,
      "close": 14.140000343322754,
      "sma20": 14.048801136016845,
      "sma50": 14.035764198303223,
      "trend_ok": true,
      "prior_downtrend_ok": true,
      "down_slope": -0.0035969711826174164,
      "fresh_uptrend_ok": true,
      "up_slope": 0.004638411782004617,
      "up_hh_steps": 1,
      "up_hl_steps": 1,
      "up_pivot_highs": 3,
      "up_pivot_lows": 3,
      "resistance": 14.279999732971191,
      "pullback_from_resistance_pct": 0.9803879010248994,
      "state": "correction",
      "rank_score": 2.7956015532108274
    },
    {
      "ticker": "PWR",
      "tf": "1d",
      "bars_used": 350,
      "close": 470.7699890136719,
      "sma20": 443.69165954589846,
      "sma50": 443.61567443847656,
      "trend_ok": true,
      "prior_downtrend_ok": true,
      "down_slope": -0.45908385199856355,
      "fresh_uptrend_ok": true,
      "up_slope": 4.527271062677557,
      "up_hh_steps": 1,
      "up_hl_steps": 1,
      "up_pivot_highs": 2,
      "up_pivot_lows": 2,
      "resistance": 483.2900085449219,
      "pullback_from_resistance_pct": 2.590581081728749,
      "state": "correction",
      "rank_score": 2.718236486378542
    },
    {
      "ticker": "NVT",
      "tf": "1d",
      "bars_used": 350,
      "close": 110.58000183105469,
      "sma20": 106.99755020141602,
      "sma50": 105.47642272949219,
      "trend_ok": true,
      "prior_downtrend_ok": true,
      "down_slope": -0.045505142927617113,
      "fresh_uptrend_ok": true,
      "up_slope": 0.6846647320371686,
      "up_hh_steps": 2,
      "up_hl_steps": 2,
      "up_pivot_highs": 3,
      "up_pivot_lows": 3,
      "resistance": 115.73174582429654,
      "pullback_from_resistance_pct": 4.451452759611185,
      "state": "correction",
      "rank_score": 2.6162259358608004
    },
    {
      "ticker": "PFE",
      "tf": "1d",
      "bars_used": 350,
      "close": 25.8799991607666,
      "sma20": 25.043159580230714,
      "sma50": 25.01719913482666,
      "trend_ok": true,
      "prior_downtrend_ok": true,
      "down_slope": -0.005424144523005101,
      "fresh_uptrend_ok": true,
      "up_slope": 0.10949488553133878,
      "up_hh_steps": 1,
      "up_hl_steps": 1,
      "up_pivot_highs": 2,
      "up_pivot_lows": 2,
      "resistance": 25.8765394033302,
      "pullback_from_resistance_pct": -0.013370247784978367,
      "state": "uptrend",
      "rank_score": 2.55222837463083
    },
    {
      "ticker": "PDT",
      "tf": "1d",
      "bars_used": 350,
      "close": 12.90999984741211,
      "sma20": 12.738029527664185,
      "sma50": 12.687041149139404,
      "trend_ok": true,
      "prior_downtrend_ok": true,
      "down_slope": -0.003962674955042397,
      "fresh_uptrend_ok": true,
      "up_slope": 0.023272710857969343,
      "up_hh_steps": 1,
      "up_hl_steps": 1,
      "up_pivot_highs": 2,
      "up_pivot_lows": 2,
      "resistance": 12.970000267028809,
      "pullback_from_resistance_pct": 0.4626092396407038,
      "state": "uptrend",
      "rank_score": 2.4585842816089016
    }
  ]
}