{
  "updated_utc": "2026-01-24T20:43:01.755512+00:00",
  "tf": "1d",
  "params": {
    "n_down": 40,
    "n_up": 10,
    "n_corr": 8,
    "sma_slow": 50,
    "sma_fast": 20,
    "pivot_strength": 1,
    "min_hh_steps": 1,
    "min_hl_steps": 1,
    "corr_min_pct": 0.5,
    "corr_max_pct": 12.0,
    "near_resistance_pct": 6.0,
    "breakout_wiggle_pct": 0.2
  },
  "count": 12,
  "data": [
    {
      "ticker": "CACI",
      "tf": "1d",
      "bars_used": 350,
      "close": 662.1900024414062,
      "sma20": 588.5975006103515,
      "sma50": 588.1167980957031,
      "trend_ok": true,
      "prior_downtrend_ok": true,
      "down_slope": -1.6302223191252345,
      "fresh_uptrend_ok": true,
      "up_slope": 6.818242853338068,
      "up_hh_steps": 1,
      "up_hl_steps": 1,
      "up_pivot_highs": 2,
      "up_pivot_lows": 2,
      "resistance": 642.0,
      "pullback_from_resistance_pct": -3.1448601933654596,
      "state": "uptrend",
      "rank_score": 3.07414336556091
    },
    {
      "ticker": "CF",
      "tf": "1d",
      "bars_used": 350,
      "close": 92.37999725341797,
      "sma20": 82.60749969482421,
      "sma50": 80.59422744750977,
      "trend_ok": true,
      "prior_downtrend_ok": true,
      "down_slope": -0.08277847476121857,
      "fresh_uptrend_ok": true,
      "up_slope": 1.226121104847301,
      "up_hh_steps": 1,
      "up_hl_steps": 1,
      "up_pivot_highs": 2,
      "up_pivot_lows": 2,
      "resistance": 92.9000015258789,
      "pullback_from_resistance_pct": 0.5597462474918058,
      "state": "correction",
      "rank_score": 3.056708958751366
    },
    {
      "ticker": "BNJ",
      "tf": "1d",
      "bars_used": 350,
      "close": 15.680000305175781,
      "sma20": 15.365999984741212,
      "sma50": 15.314080028533935,
      "trend_ok": true,
      "prior_downtrend_ok": true,
      "down_slope": -0.0036521618182842547,
      "fresh_uptrend_ok": true,
      "up_slope": 0.05515152324329723,
      "up_hh_steps": 1,
      "up_hl_steps": 1,
      "up_pivot_highs": 2,
      "up_pivot_lows": 3,
      "resistance": 15.800000190734863,
      "pullback_from_resistance_pct": 0.7594929374080014,
      "state": "correction",
      "rank_score": 3.023417843765333
    },
    {
      "ticker": "CAG",
      "tf": "1d",
      "bars_used": 350,
      "close": 17.5,
      "sma20": 17.07499990463257,
      "sma50": 17.301199989318846,
      "trend_ok": true,
      "prior_downtrend_ok": true,
      "down_slope": -0.011905258457835128,
      "fresh_uptrend_ok": true,
      "up_slope": 0.08418169888583096,
      "up_hh_steps": 1,
      "up_hl_steps": 1,
      "up_pivot_highs": 3,
      "up_pivot_lows": 2,
      "resistance": 17.65999984741211,
      "pullback_from_resistance_pct": 0.9060014088027056,
      "state": "correction",
      "rank_score": 2.9782903225153534
    },
    {
      "ticker": "BP",
      "tf": "1d",
      "bars_used": 350,
      "close": 36.529998779296875,
      "sma20": 35.003000259399414,
      "sma50": 35.41732360839844,
      "trend_ok": true,
      "prior_downtrend_ok": true,
      "down_slope": -0.064268759893879,
      "fresh_uptrend_ok": true,
      "up_slope": 0.17163622307054924,
      "up_hh_steps": 1,
      "up_hl_steps": 3,
      "up_pivot_highs": 3,
      "up_pivot_lows": 4,
      "resistance": 36.099998474121094,
      "pullback_from_resistance_pct": -1.1911366297813957,
      "state": "uptrend",
      "rank_score": 2.9188095100626628
    },
    {
      "ticker": "BIPI",
      "tf": "1d",
      "bars_used": 350,
      "close": 17.030000686645508,
      "sma20": 16.831650257110596,
      "sma50": 17.05700008392334,
      "trend_ok": true,
      "prior_downtrend_ok": true,
      "down_slope": -0.020630101280856534,
      "fresh_uptrend_ok": true,
      "up_slope": 0.018515245842211175,
      "up_hh_steps": 1,
      "up_hl_steps": 1,
      "up_pivot_highs": 2,
      "up_pivot_lows": 3,
      "resistance": 17.187000274658203,
      "pullback_from_resistance_pct": 0.9134787077660504,
      "state": "correction",
      "rank_score": 2.8379860594989115
    },
    {
      "ticker": "AFGB",
      "tf": "1d",
      "bars_used": 350,
      "close": 22.06999969482422,
      "sma20": 21.722899913787842,
      "sma50": 21.67723976135254,
      "trend_ok": true,
      "prior_downtrend_ok": true,
      "down_slope": -0.006147052020561404,
      "fresh_uptrend_ok": true,
      "up_slope": 0.03818182511763139,
      "up_hh_steps": 1,
      "up_hl_steps": 1,
      "up_pivot_highs": 2,
      "up_pivot_lows": 3,
      "resistance": 21.940000534057617,
      "pullback_from_resistance_pct": -0.5925212288158468,
      "state": "uptrend",
      "rank_score": 2.6482764892547332
    },
    {
      "ticker": "AMRC",
      "tf": "1d",
      "bars_used": 350,
      "close": 32.5099983215332,
      "sma20": 30.810499954223634,
      "sma50": 31.575400047302246,
      "trend_ok": true,
      "prior_downtrend_ok": true,
      "down_slope": -0.10278424644112363,
      "fresh_uptrend_ok": true,
      "up_slope": 0.22127264774206912,
      "up_hh_steps": 1,
      "up_hl_steps": 1,
      "up_pivot_highs": 2,
      "up_pivot_lows": 2,
      "resistance": 33.81999969482422,
      "pullback_from_resistance_pct": 3.8734517596447438,
      "state": "correction",
      "rank_score": 2.4561925638876496
    },
    {
      "ticker": "AKA",
      "tf": "1d",
      "bars_used": 350,
      "close": 12.270000457763672,
      "sma20": 11.523499965667725,
      "sma50": 11.84515998840332,
      "trend_ok": true,
      "prior_downtrend_ok": true,
      "down_slope": -0.06153049361638683,
      "fresh_uptrend_ok": true,
      "up_slope": 0.05758180329293916,
      "up_hh_steps": 1,
      "up_hl_steps": 1,
      "up_pivot_highs": 2,
      "up_pivot_lows": 3,
      "resistance": 12.289999961853027,
      "pullback_from_resistance_pct": 0.1627298954551017,
      "state": "uptrend",
      "rank_score": 2.3830442138975227
    },
    {
      "ticker": "CDRE",
      "tf": "1d",
      "bars_used": 350,
      "close": 43.43000030517578,
      "sma20": 42.56100006103516,
      "sma50": 42.344999923706055,
      "trend_ok": true,
      "prior_downtrend_ok": true,
      "down_slope": -0.0008348772718132549,
      "fresh_uptrend_ok": true,
      "up_slope": 0.21775757760712594,
      "up_hh_steps": 2,
      "up_hl_steps": 1,
      "up_pivot_highs": 3,
      "up_pivot_lows": 2,
      "resistance": 46.11399841308594,
      "pullback_from_resistance_pct": 5.820354339840781,
      "state": "correction",
      "rank_score": 2.2739860588059337
    },
    {
      "ticker": "AGX",
      "tf": "1d",
      "bars_used": 350,
      "close": 363.8800048828125,
      "sma20": 336.7286972045898,
      "sma50": 339.91755126953126,
      "trend_ok": true,
      "prior_downtrend_ok": true,
      "down_slope": -1.1168920864083753,
      "fresh_uptrend_ok": true,
      "up_slope": 9.949039713541667,
      "up_hh_steps": 1,
      "up_hl_steps": 1,
      "up_pivot_highs": 2,
      "up_pivot_lows": 2,
      "resistance": 400.0,
      "pullback_from_resistance_pct": 9.029998779296875,
      "state": "uptrend",
      "rank_score": 1.5428701066700707
    },
    {
      "ticker": "BBBY",
      "tf": "1d",
      "bars_used": 350,
      "close": 6.869999885559082,
      "sma20": 6.423999977111817,
      "sma50": 6.230400009155273,
      "trend_ok": true,
      "prior_downtrend_ok": true,
      "down_slope": -0.005042217327998234,
      "fresh_uptrend_ok": true,
      "up_slope": 0.04987879377422911,
      "up_hh_steps": 1,
      "up_hl_steps": 1,
      "up_pivot_highs": 2,
      "up_pivot_lows": 2,
      "resistance": 7.71999979019165,
      "pullback_from_resistance_pct": 11.010361758202418,
      "state": "uptrend",
      "rank_score": 1.4508215306973473
    }
  ]
}