{
  "updated_utc": "2026-01-15T23:10:49.433281+00:00",
  "tf": "1d",
  "params": {
    "n_down": 40,
    "n_up": 10,
    "n_corr": 8,
    "sma_slow": 50,
    "sma_fast": 20,
    "pivot_strength": 1,
    "min_hh_steps": 1,
    "min_hl_steps": 1,
    "corr_min_pct": 0.5,
    "corr_max_pct": 12.0,
    "near_resistance_pct": 6.0,
    "breakout_wiggle_pct": 0.2
  },
  "count": 20,
  "data": [
    {
      "ticker": "FCPT",
      "tf": "1d",
      "bars_used": 350,
      "close": 24.479999542236328,
      "sma20": 23.380072689056398,
      "sma50": 23.367546768188475,
      "trend_ok": true,
      "prior_downtrend_ok": true,
      "down_slope": -0.026036578137252835,
      "fresh_uptrend_ok": true,
      "up_slope": 0.1658181161591501,
      "up_hh_steps": 1,
      "up_hl_steps": 2,
      "up_pivot_highs": 2,
      "up_pivot_lows": 3,
      "resistance": 24.709999084472656,
      "pullback_from_resistance_pct": 0.9307954300202946,
      "state": "correction",
      "rank_score": 3.094867428329951
    },
    {
      "ticker": "DFP",
      "tf": "1d",
      "bars_used": 350,
      "close": 21.18000030517578,
      "sma20": 20.898160648345947,
      "sma50": 20.989033889770507,
      "trend_ok": true,
      "prior_downtrend_ok": true,
      "down_slope": -0.018915252971828094,
      "fresh_uptrend_ok": true,
      "up_slope": 0.0462423613577178,
      "up_hh_steps": 1,
      "up_hl_steps": 1,
      "up_pivot_highs": 2,
      "up_pivot_lows": 2,
      "resistance": 21.31999969482422,
      "pullback_from_resistance_pct": 0.6566575593452033,
      "state": "correction",
      "rank_score": 3.040557073442466
    },
    {
      "ticker": "FF",
      "tf": "1d",
      "bars_used": 350,
      "close": 3.4100000858306885,
      "sma20": 3.269000005722046,
      "sma50": 3.316547532081604,
      "trend_ok": true,
      "prior_downtrend_ok": true,
      "down_slope": -0.00873232578918142,
      "fresh_uptrend_ok": true,
      "up_slope": 0.024303020130504262,
      "up_hh_steps": 1,
      "up_hl_steps": 1,
      "up_pivot_highs": 2,
      "up_pivot_lows": 2,
      "resistance": 3.319999933242798,
      "pullback_from_resistance_pct": -2.710848024023401,
      "state": "uptrend",
      "rank_score": 3.0018080040039
    },
    {
      "ticker": "DTE",
      "tf": "1d",
      "bars_used": 350,
      "close": 133.9499969482422,
      "sma20": 129.5799987792969,
      "sma50": 131.81713836669923,
      "trend_ok": true,
      "prior_downtrend_ok": true,
      "down_slope": -0.2256713852873439,
      "fresh_uptrend_ok": true,
      "up_slope": 0.40048476710464015,
      "up_hh_steps": 1,
      "up_hl_steps": 2,
      "up_pivot_highs": 2,
      "up_pivot_lows": 3,
      "resistance": 131.55999755859375,
      "pullback_from_resistance_pct": -1.8166611690487358,
      "state": "uptrend",
      "rank_score": 2.9023925002331583
    },
    {
      "ticker": "DINO",
      "tf": "1d",
      "bars_used": 350,
      "close": 50.56999969482422,
      "sma20": 47.808999633789064,
      "sma50": 50.59088005065918,
      "trend_ok": true,
      "prior_downtrend_ok": true,
      "down_slope": -0.23555411540992263,
      "fresh_uptrend_ok": true,
      "up_slope": 0.4166665741891572,
      "up_hh_steps": 1,
      "up_hl_steps": 1,
      "up_pivot_highs": 2,
      "up_pivot_lows": 2,
      "resistance": 51.31999969482422,
      "pullback_from_resistance_pct": 1.4614185589631634,
      "state": "correction",
      "rank_score": 2.889307320090117
    },
    {
      "ticker": "CHT",
      "tf": "1d",
      "bars_used": 350,
      "close": 42.09000015258789,
      "sma20": 41.586499977111814,
      "sma50": 41.75280021667481,
      "trend_ok": true,
      "prior_downtrend_ok": true,
      "down_slope": -0.03292121243074285,
      "fresh_uptrend_ok": true,
      "up_slope": 0.035515224572384,
      "up_hh_steps": 1,
      "up_hl_steps": 1,
      "up_pivot_highs": 2,
      "up_pivot_lows": 2,
      "resistance": 42.540000915527344,
      "pullback_from_resistance_pct": 1.0578296973548027,
      "state": "correction",
      "rank_score": 2.8304431812041217
    },
    {
      "ticker": "DSL",
      "tf": "1d",
      "bars_used": 350,
      "close": 11.3100004196167,
      "sma20": 11.149512338638306,
      "sma50": 11.126459064483642,
      "trend_ok": true,
      "prior_downtrend_ok": true,
      "down_slope": -0.0025529020499109553,
      "fresh_uptrend_ok": true,
      "up_slope": 0.01599677692760121,
      "up_hh_steps": 1,
      "up_hl_steps": 2,
      "up_pivot_highs": 2,
      "up_pivot_lows": 4,
      "resistance": 11.2202909474166,
      "pullback_from_resistance_pct": -0.7995289304040164,
      "state": "uptrend",
      "rank_score": 2.7824796892852666
    },
    {
      "ticker": "DOC",
      "tf": "1d",
      "bars_used": 350,
      "close": 17.260000228881836,
      "sma20": 16.396218633651735,
      "sma50": 16.96266237258911,
      "trend_ok": true,
      "prior_downtrend_ok": true,
      "down_slope": -0.04742247195002286,
      "fresh_uptrend_ok": true,
      "up_slope": 0.11290908582282788,
      "up_hh_steps": 1,
      "up_hl_steps": 2,
      "up_pivot_highs": 3,
      "up_pivot_lows": 3,
      "resistance": 17.1299991607666,
      "pullback_from_resistance_pct": -0.7589087827451859,
      "state": "uptrend",
      "rank_score": 2.7764847971241973
    },
    {
      "ticker": "CRC",
      "tf": "1d",
      "bars_used": 350,
      "close": 48.310001373291016,
      "sma20": 45.130000305175784,
      "sma50": 46.27484764099121,
      "trend_ok": true,
      "prior_downtrend_ok": true,
      "down_slope": -0.06291592080865971,
      "fresh_uptrend_ok": true,
      "up_slope": 0.1751517324736624,
      "up_hh_steps": 1,
      "up_hl_steps": 1,
      "up_pivot_highs": 2,
      "up_pivot_lows": 2,
      "resistance": 47.470001220703125,
      "pullback_from_resistance_pct": -1.7695389319297947,
      "state": "uptrend",
      "rank_score": 2.7207283929923145
    },
    {
      "ticker": "ES",
      "tf": "1d",
      "bars_used": 350,
      "close": 69.94999694824219,
      "sma20": 67.4548511505127,
      "sma50": 68.08711074829101,
      "trend_ok": true,
      "prior_downtrend_ok": true,
      "down_slope": -0.15656673009131683,
      "fresh_uptrend_ok": true,
      "up_slope": 0.22787854743726327,
      "up_hh_steps": 1,
      "up_hl_steps": 1,
      "up_pivot_highs": 2,
      "up_pivot_lows": 3,
      "resistance": 69.20999908447266,
      "pullback_from_resistance_pct": -1.0692065793359482,
      "state": "uptrend",
      "rank_score": 2.639118874109665
    },
    {
      "ticker": "FLR",
      "tf": "1d",
      "bars_used": 350,
      "close": 44.29999923706055,
      "sma20": 42.30850028991699,
      "sma50": 43.071600112915036,
      "trend_ok": true,
      "prior_downtrend_ok": true,
      "down_slope": -0.10960319368745328,
      "fresh_uptrend_ok": true,
      "up_slope": 0.3468484589547822,
      "up_hh_steps": 1,
      "up_hl_steps": 1,
      "up_pivot_highs": 2,
      "up_pivot_lows": 2,
      "resistance": 45.5,
      "pullback_from_resistance_pct": 2.637364314152644,
      "state": "correction",
      "rank_score": 2.6297286983334462
    },
    {
      "ticker": "DTB",
      "tf": "1d",
      "bars_used": 350,
      "close": 17.579999923706055,
      "sma20": 17.236982154846192,
      "sma50": 17.319508056640625,
      "trend_ok": true,
      "prior_downtrend_ok": true,
      "down_slope": -0.022331480058451755,
      "fresh_uptrend_ok": true,
      "up_slope": 0.041454523259943185,
      "up_hh_steps": 1,
      "up_hl_steps": 1,
      "up_pivot_highs": 3,
      "up_pivot_lows": 3,
      "resistance": 17.499000549316406,
      "pullback_from_resistance_pct": -0.46288000369719773,
      "state": "uptrend",
      "rank_score": 2.6248981631096377
    },
    {
      "ticker": "DTG",
      "tf": "1d",
      "bars_used": 350,
      "close": 17.6200008392334,
      "sma20": 17.342000102996828,
      "sma50": 17.412631645202637,
      "trend_ok": true,