{
  "updated_utc": "2026-01-15T04:10:12.785190+00:00",
  "tf": "1d",
  "params": {
    "n_down": 40,
    "n_up": 10,
    "n_corr": 8,
    "sma_slow": 50,
    "sma_fast": 20,
    "pivot_strength": 1,
    "min_hh_steps": 1,
    "min_hl_steps": 1,
    "corr_min_pct": 0.5,
    "corr_max_pct": 12.0,
    "near_resistance_pct": 6.0,
    "breakout_wiggle_pct": 0.2
  },
  "count": 11,
  "data": [
    {
      "ticker": "GNE",
      "tf": "1d",
      "bars_used": 350,
      "close": 14.479999542236328,
      "sma20": 14.084999990463256,
      "sma50": 14.290315189361571,
      "trend_ok": true,
      "prior_downtrend_ok": true,
      "down_slope": -0.023358529235811217,
      "fresh_uptrend_ok": true,
      "up_slope": 0.08418180292302913,
      "up_hh_steps": 1,
      "up_hl_steps": 2,
      "up_pivot_highs": 2,
      "up_pivot_lows": 3,
      "resistance": 14.6899995803833,
      "pullback_from_resistance_pct": 1.4295442079345058,
      "state": "correction",
      "rank_score": 3.0117426320109155
    },
    {
      "ticker": "HD",
      "tf": "1d",
      "bars_used": 350,
      "close": 375.95001220703125,
      "sma20": 354.44450225830076,
      "sma50": 355.200810546875,
      "trend_ok": true,
      "prior_downtrend_ok": true,
      "down_slope": -0.49272530503836626,
      "fresh_uptrend_ok": true,
      "up_slope": 4.635696873520359,
      "up_hh_steps": 1,
      "up_hl_steps": 1,
      "up_pivot_highs": 2,
      "up_pivot_lows": 3,
      "resistance": 380.17999267578125,
      "pullback_from_resistance_pct": 1.1126257431325013,
      "state": "correction",
      "rank_score": 2.964562376144583
    },
    {
      "ticker": "GHI",
      "tf": "1d",
      "bars_used": 350,
      "close": 7.869999885559082,
      "sma20": 7.036437892913819,
      "sma50": 6.772417259216309,
      "trend_ok": true,
      "prior_downtrend_ok": true,
      "down_slope": -0.012919257684675433,
      "fresh_uptrend_ok": true,
      "up_slope": 0.08684849016594165,
      "up_hh_steps": 1,
      "up_hl_steps": 1,
      "up_pivot_highs": 2,
      "up_pivot_lows": 2,
      "resistance": 7.75,
      "pullback_from_resistance_pct": -1.5483856201171875,
      "state": "uptrend",
      "rank_score": 2.808064270019531
    },
    {
      "ticker": "LRN",
      "tf": "1d",
      "bars_used": 350,
      "close": 70.37999725341797,
      "sma20": 67.03949966430665,
      "sma50": 65.80299995422364,
      "trend_ok": true,
      "prior_downtrend_ok": true,
      "down_slope": -0.09504415322423652,
      "fresh_uptrend_ok": true,
      "up_slope": 0.5683636752041903,
      "up_hh_steps": 1,
      "up_hl_steps": 3,
      "up_pivot_highs": 2,
      "up_pivot_lows": 4,
      "resistance": 70.37000274658203,
      "pullback_from_resistance_pct": -0.014202794437752025,
      "state": "uptrend",
      "rank_score": 2.7523671324062917
    },
    {
      "ticker": "MGRB",
      "tf": "1d",
      "bars_used": 350,
      "close": 17.579999923706055,
      "sma20": 17.138632678985594,
      "sma50": 17.088555297851563,
      "trend_ok": true,
      "prior_downtrend_ok": true,
      "down_slope": -0.003325822339943605,
      "fresh_uptrend_ok": true,
      "up_slope": 0.05424247510505445,
      "up_hh_steps": 1,
      "up_hl_steps": 1,
      "up_pivot_highs": 2,
      "up_pivot_lows": 2,
      "resistance": 17.415000915527344,
      "pullback_from_resistance_pct": -0.9474533419725324,
      "state": "uptrend",
      "rank_score": 2.7079088903287554
    },
    {
      "ticker": "GPJA",
      "tf": "1d",
      "bars_used": 350,
      "close": 23.040000915527344,
      "sma20": 22.609192180633546,
      "sma50": 22.591443176269532,
      "trend_ok": true,
      "prior_downtrend_ok": true,
      "down_slope": -0.008535493918699798,
      "fresh_uptrend_ok": true,
      "up_slope": 0.05787892197117661,
      "up_hh_steps": 2,
      "up_hl_steps": 1,
      "up_pivot_highs": 3,
      "up_pivot_lows": 2,
      "resistance": 23.149999618530273,
      "pullback_from_resistance_pct": 0.47515639229160894,
      "state": "uptrend",
      "rank_score": 2.620807267951398
    },
    {
      "ticker": "JBI",
      "tf": "1d",
      "bars_used": 350,
      "close": 6.889999866485596,
      "sma20": 6.795999979972839,
      "sma50": 6.658199987411499,
      "trend_ok": true,
      "prior_downtrend_ok": true,
      "down_slope": -0.016879923079742943,
      "fresh_uptrend_ok": true,
      "up_slope": 0.046848476294315225,
      "up_hh_steps": 1,
      "up_hl_steps": 2,
      "up_pivot_highs": 3,
      "up_pivot_lows": 3,
      "resistance": 7.179999828338623,
      "pullback_from_resistance_pct": 4.03899677975522,
      "state": "correction",
      "rank_score": 2.5434259870002407
    },
    {
      "ticker": "KIO",
      "tf": "1d",
      "bars_used": 350,
      "close": 11.729999542236328,
      "sma20": 11.622500038146972,
      "sma50": 11.609955005645752,
      "trend_ok": true,
      "prior_downtrend_ok": true,
      "down_slope": -0.003050683363293617,
      "fresh_uptrend_ok": true,
      "up_slope": 0.018909078655820904,
      "up_hh_steps": 1,
      "up_hl_steps": 1,
      "up_pivot_highs": 2,
      "up_pivot_lows": 2,
      "resistance": 11.75,
      "pullback_from_resistance_pct": 0.17021666181848405,
      "state": "uptrend",
      "rank_score": 2.521630556363586
    },
    {
      "ticker": "LTC",
      "tf": "1d",
      "bars_used": 350,
      "close": 35.83000183105469,
      "sma20": 34.78069953918457,
      "sma50": 35.16134666442871,
      "trend_ok": true,
      "prior_downtrend_ok": true,
      "down_slope": -0.04192342919211898,
      "fresh_uptrend_ok": true,
      "up_slope": 0.14218188199129972,
      "up_hh_steps": 1,
      "up_hl_steps": 1,
      "up_pivot_highs": 2,
      "up_pivot_lows": 2,
      "resistance": 35.97999954223633,
      "pullback_from_resistance_pct": 0.4168919207615909,
      "state": "uptrend",
      "rank_score": 2.4805180132064013
    },
    {
      "ticker": "ITT",
      "tf": "1d",
      "bars_used": 350,
      "close": 180.97000122070312,
      "sma20": 177.84849853515624,
      "sma50": 180.06953002929689,
      "trend_ok": true,
      "prior_downtrend_ok": true,
      "down_slope": -0.3640322028584149,
      "fresh_uptrend_ok": true,
      "up_slope": 0.9844245679450757,
      "up_hh_steps": 2,
      "up_hl_steps": 1,
      "up_pivot_highs": 3,
      "up_pivot_lows": 2,
      "resistance": 183.60000610351562,
      "pullback_from_resistance_pct": 1.4324644855020732,
      "state": "uptrend",
      "rank_score": 2.4599538236941556
    },
    {
      "ticker": "LEU",
      "tf": "1d",
      "bars_used": 350,
      "close": 307.57000732421875,
      "sma20": 271.8194999694824,
      "sma50": 269.5867999267578,
      "trend_ok": true,
      "prior_downtrend_ok": true,
      "down_slope": -1.2544739213267142,
      "fresh_uptrend_ok": true,
      "up_slope": 4.570363825017756,
      "up_hh_steps": 1,
      "up_hl_steps": 1,
      "up_pivot_highs": 3,
      "up_pivot_lows": 2,
      "resistance": 332.0,
      "pullback_from_resistance_pct": 7.358431528849774,
      "state": "uptrend",
      "rank_score": 1.4564797437693384
    }
  ]
}