{
  "updated_utc": "2026-01-16T16:53:49.804696+00:00",
  "tf": "1d",
  "params": {
    "n_down": 40,
    "n_up": 10,
    "n_corr": 8,
    "sma_slow": 50,
    "sma_fast": 20,
    "pivot_strength": 1,
    "min_hh_steps": 1,
    "min_hl_steps": 1,
    "corr_min_pct": 0.5,
    "corr_max_pct": 12.0,
    "near_resistance_pct": 6.0,
    "breakout_wiggle_pct": 0.2
  },
  "count": 4,
  "data": [
    {
      "ticker": "WCC",
      "tf": "1d",
      "bars_used": 350,
      "close": 283.9100036621094,
      "sma20": 260.5329963684082,
      "sma50": 260.61412200927737,
      "trend_ok": true,
      "prior_downtrend_ok": true,
      "down_slope": -0.047272800638796464,
      "fresh_uptrend_ok": true,
      "up_slope": 2.4819398822206438,
      "up_hh_steps": 1,
      "up_hl_steps": 2,
      "up_pivot_highs": 2,
      "up_pivot_lows": 3,
      "resistance": 278.7699890136719,
      "pullback_from_resistance_pct": -1.8438192240935287,
      "state": "uptrend",
      "rank_score": 2.957303204015588
    },
    {
      "ticker": "WOR",
      "tf": "1d",
      "bars_used": 350,
      "close": 54.5099983215332,
      "sma20": 52.860499954223634,
      "sma50": 54.16160453796387,
      "trend_ok": true,
      "prior_downtrend_ok": true,
      "down_slope": -0.033034606632998474,
      "fresh_uptrend_ok": true,
      "up_slope": 0.25781814112807766,
      "up_hh_steps": 1,
      "up_hl_steps": 1,
      "up_pivot_highs": 2,
      "up_pivot_lows": 2,
      "resistance": 54.02000045776367,
      "pullback_from_resistance_pct": -0.9070674928124877,
      "state": "uptrend",
      "rank_score": 2.669470412607577
    },
    {
      "ticker": "XPRO",
      "tf": "1d",
      "bars_used": 350,
      "close": 16.239999771118164,
      "sma20": 14.027000093460083,
      "sma50": 13.961800003051758,
      "trend_ok": true,
      "prior_downtrend_ok": true,
      "down_slope": -0.004001869001263302,
      "fresh_uptrend_ok": true,
      "up_slope": 0.264909062241063,
      "up_hh_steps": 1,
      "up_hl_steps": 1,
      "up_pivot_highs": 3,
      "up_pivot_lows": 2,
      "resistance": 16.780000686645508,
      "pullback_from_resistance_pct": 3.218122130096858,
      "state": "correction",
      "rank_score": 2.6136463116505237
    },
    {
      "ticker": "WSO",
      "tf": "1d",
      "bars_used": 350,
      "close": 380.1000061035156,
      "sma20": 355.32849884033203,
      "sma50": 349.5493988037109,
      "trend_ok": true,
      "prior_downtrend_ok": true,
      "down_slope": -0.041272107208423725,
      "fresh_uptrend_ok": true,
      "up_slope": 3.722971043442235,
      "up_hh_steps": 1,
      "up_hl_steps": 1,
      "up_pivot_highs": 2,
      "up_pivot_lows": 2,
      "resistance": 381.70001220703125,
      "pullback_from_resistance_pct": 0.4191789500514329,
      "state": "uptrend",
      "rank_score": 2.4801368416580942
    }
  ]
}