{
  "updated_utc": "2026-01-15T22:11:52.386580+00:00",
  "tf": "1d",
  "params": {
    "n_down": 40,
    "n_up": 10,
    "n_corr": 8,
    "sma_slow": 50,
    "sma_fast": 20,
    "pivot_strength": 1,
    "min_hh_steps": 1,
    "min_hl_steps": 1,
    "corr_min_pct": 0.5,
    "corr_max_pct": 12.0,
    "near_resistance_pct": 6.0,
    "breakout_wiggle_pct": 0.2
  },
  "count": 21,
  "data": [
    {
      "ticker": "VG",
      "tf": "1d",
      "bars_used": 245,
      "close": 7.920000076293945,
      "sma20": 6.926000046730041,
      "sma50": 7.1260553741455075,
      "trend_ok": true,
      "prior_downtrend_ok": true,
      "down_slope": -0.04717976675695595,
      "fresh_uptrend_ok": true,
      "up_slope": 0.12145455100319602,
      "up_hh_steps": 1,
      "up_hl_steps": 1,
      "up_pivot_highs": 2,
      "up_pivot_lows": 2,
      "resistance": 7.599999904632568,
      "pullback_from_resistance_pct": -4.2105286273269735,
      "state": "uptrend",
      "rank_score": 3.2517547712211616
    },
    {
      "ticker": "TGE",
      "tf": "1d",
      "bars_used": 154,
      "close": 1.440000057220459,
      "sma20": 1.1624000072479248,
      "sma50": 1.182560007572174,
      "trend_ok": true,
      "prior_downtrend_ok": true,
      "down_slope": -0.009635271710705355,
      "fresh_uptrend_ok": true,
      "up_slope": 0.046424242944428415,
      "up_hh_steps": 1,
      "up_hl_steps": 1,
      "up_pivot_highs": 2,
      "up_pivot_lows": 2,
      "resistance": 1.4490000009536743,
      "pullback_from_resistance_pct": 0.6211141288676277,
      "state": "correction",
      "rank_score": 3.046480978522062
    },
    {
      "ticker": "VIRT",
      "tf": "1d",
      "bars_used": 350,
      "close": 35.18000030517578,
      "sma20": 33.61249961853027,
      "sma50": 34.27977264404297,
      "trend_ok": true,
      "prior_downtrend_ok": true,
      "down_slope": -0.02914287431155092,
      "fresh_uptrend_ok": true,
      "up_slope": 0.16618180708451705,
      "up_hh_steps": 1,
      "up_hl_steps": 2,
      "up_pivot_highs": 2,
      "up_pivot_lows": 4,
      "resistance": 34.279998779296875,
      "pullback_from_resistance_pct": -2.6254421176422413,
      "state": "uptrend",
      "rank_score": 3.007716593662797
    },
    {
      "ticker": "VHI",
      "tf": "1d",
      "bars_used": 350,
      "close": 13.960000038146973,
      "sma20": 12.52750005722046,
      "sma50": 12.632365512847901,
      "trend_ok": true,
      "prior_downtrend_ok": true,
      "down_slope": -0.03219017696201689,
      "fresh_uptrend_ok": true,
      "up_slope": 0.224424223466353,
      "up_hh_steps": 1,
      "up_hl_steps": 1,
      "up_pivot_highs": 3,
      "up_pivot_lows": 2,
      "resistance": 14.109999656677246,
      "pullback_from_resistance_pct": 1.0630731550676504,
      "state": "correction",
      "rank_score": 2.972821140822058
    },
    {
      "ticker": "TEL",
      "tf": "1d",
      "bars_used": 350,
      "close": 237.3000030517578,
      "sma20": 231.0159996032715,
      "sma50": 233.16839935302735,
      "trend_ok": true,
      "prior_downtrend_ok": true,
      "down_slope": -0.3095665808242884,
      "fresh_uptrend_ok": true,
      "up_slope": 0.7944250858191287,
      "up_hh_steps": 1,
      "up_hl_steps": 1,
      "up_pivot_highs": 2,
      "up_pivot_lows": 2,
      "resistance": 239.1300048828125,
      "pullback_from_resistance_pct": 0.7652748687691844,
      "state": "correction",
      "rank_score": 2.9680408809894274
    },
    {
      "ticker": "SHW",
      "tf": "1d",
      "bars_used": 350,
      "close": 354.3500061035156,
      "sma20": 333.4979995727539,
      "sma50": 334.50567321777345,
      "trend_ok": true,
      "prior_downtrend_ok": true,
      "down_slope": -0.43757704400211067,
      "fresh_uptrend_ok": true,
      "up_slope": 3.916787812204072,
      "up_hh_steps": 1,
      "up_hl_steps": 1,
      "up_pivot_highs": 2,
      "up_pivot_lows": 2,
      "resistance": 359.0,
      "pullback_from_resistance_pct": 1.2952629238118036,
      "state": "correction",
      "rank_score": 2.934122846031366
    },
    {
      "ticker": "TU",
      "tf": "1d",
      "bars_used": 350,
      "close": 13.569999694824219,
      "sma20": 13.02849988937378,
      "sma50": 13.434999923706055,
      "trend_ok": true,
      "prior_downtrend_ok": true,
      "down_slope": -0.05636679522315736,
      "fresh_uptrend_ok": true,
      "up_slope": 0.04751516399961529,
      "up_hh_steps": 2,
      "up_hl_steps": 1,
      "up_pivot_highs": 3,
      "up_pivot_lows": 2,
      "resistance": 13.420000076293945,
      "pullback_from_resistance_pct": -1.1177318753912944,
      "state": "uptrend",
      "rank_score": 2.886288645898549
    },
    {
      "ticker": "RWTO",
      "tf": "1d",
      "bars_used": 350,
      "close": 25.1200008392334,
      "sma20": 24.982250213623047,
      "sma50": 24.907280044555662,
      "trend_ok": true,
      "prior_downtrend_ok": true,
      "down_slope": -0.0023275781527692784,
      "fresh_uptrend_ok": true,
      "up_slope": 0.02418190927216501,
      "up_hh_steps": 1,
      "up_hl_steps": 1,
      "up_pivot_highs": 3,
      "up_pivot_lows": 2,
      "resistance": 25.43000030517578,
      "pullback_from_resistance_pct": 1.2190305238780845,
      "state": "correction",
      "rank_score": 2.8613632343389126
    },
    {
      "ticker": "SJT",
      "tf": "1d",
      "bars_used": 350,
      "close": 5.889999866485596,
      "sma20": 5.570499968528748,
      "sma50": 5.766000003814697,
      "trend_ok": true,
      "prior_downtrend_ok": true,
      "down_slope": -0.018243905393088736,
      "fresh_uptrend_ok": true,
      "up_slope": 0.02884847756588098,
      "up_hh_steps": 1,
      "up_hl_steps": 1,
      "up_pivot_highs": 3,
      "up_pivot_lows": 2,
      "resistance": 5.980000019073486,
      "pullback_from_resistance_pct": 1.5050192692446653,
      "state": "correction",
      "rank_score": 2.845486789930365
    },
    {
      "ticker": "W",
      "tf": "1d",
      "bars_used": 350,
      "close": 114.5999984741211,
      "sma20": 106.18799934387206,
      "sma50": 103.66839981079102,
      "trend_ok": true,
      "prior_downtrend_ok": true,
      "down_slope": -0.14008445596605482,
      "fresh_uptrend_ok": true,
      "up_slope": 1.7263029156309186,
      "up_hh_steps": 3,
      "up_hl_steps": 1,
      "up_pivot_highs": 4,
      "up_pivot_lows": 2,
      "resistance": 119.28500366210938,
      "pullback_from_resistance_pct": 3.9275726572127883,
      "state": "correction",
      "rank_score": 2.7954045571312016
    },
    {
      "ticker": "SMA",
      "tf": "1d",
      "bars_used": 198,
      "close": 33.06999969482422,
      "sma20": 31.596557998657225,
      "sma50": 32.14662849426269,
      "trend_ok": true,
      "prior_downtrend_ok": true,
      "down_slope": -0.045338310041302364,
      "fresh_uptrend_ok": true,
      "up_slope": 0.23745461666222775,
      "up_hh_steps": 1,
      "up_hl_steps": 2,
      "up_pivot_highs": 2,
      "up_pivot_lows": 3,
      "resistance": 32.84000015258789,
      "pullback_from_resistance_pct": -0.7003640108637559,
      "state": "uptrend",
      "rank_score": 2.766727335143959
    },
    {
      "ticker": "TDW",
      "tf": "1d",
      "bars_used": 350,
      "close": 58.9900016784668,
      "sma20": 52.93149967193604,
      "sma50": 54.355799713134765,
      "trend_ok": true,
      "prior_downtrend_ok": true,
      "down_slope": -0.05409192949477548,
      "fresh_uptrend_ok": true,
      "up_slope": 0.9006668784401634,
      "up_hh_steps": 1,
      "up_hl_steps": 1,
      "up_pivot_highs": 2,
      "up_pivot_lows": 2,
      "resistance": 58.38999938964844,
      "pullback_from_resistance_pct": -1.0275771452135514,
      "state": "uptrend",
      "rank_score": 2.7212628575355917
    },
    {
      "ticker": "SES",
      "tf": "1d",
      "bars_used": 350,
      "close": 2.2200000286102295,
      "sma20": 2.0095000088214876,
      "sma50": 2.0374000000953676,
      "trend_ok": true,