{
  "updated_utc": "2026-01-23T23:05:39.455920+00:00",
  "tf": "1d",
  "params": {
    "n_down": 40,
    "n_up": 10,
    "n_corr": 8,
    "sma_slow": 50,
    "sma_fast": 20,
    "pivot_strength": 1,
    "min_hh_steps": 1,
    "min_hl_steps": 1,
    "corr_min_pct": 0.5,
    "corr_max_pct": 12.0,
    "near_resistance_pct": 6.0,
    "breakout_wiggle_pct": 0.2
  },
  "count": 15,
  "data": [
    {
      "ticker": "MNR",
      "tf": "1d",
      "bars_used": 350,
      "close": 11.449999809265137,
      "sma20": 11.080999946594238,
      "sma50": 11.493526573181152,
      "trend_ok": true,
      "prior_downtrend_ok": true,
      "down_slope": -0.018630681118419427,
      "fresh_uptrend_ok": true,
      "up_slope": 0.05212119709361683,
      "up_hh_steps": 2,
      "up_hl_steps": 1,
      "up_pivot_highs": 3,
      "up_pivot_lows": 2,
      "resistance": 11.508999824523926,
      "pullback_from_resistance_pct": 0.5126424203523665,
      "state": "correction",
      "rank_score": 3.1782679743317996
    },
    {
      "ticker": "RFM",
      "tf": "1d",
      "bars_used": 350,
      "close": 14.09000015258789,
      "sma20": 14.02387957572937,
      "sma50": 14.032348594665528,
      "trend_ok": true,
      "prior_downtrend_ok": true,
      "down_slope": -0.004362965972070175,
      "fresh_uptrend_ok": true,
      "up_slope": 0.014592401909105705,
      "up_hh_steps": 1,
      "up_hl_steps": 1,
      "up_pivot_highs": 3,
      "up_pivot_lows": 2,
      "resistance": 14.232000350952148,
      "pullback_from_resistance_pct": 0.997752914998753,
      "state": "correction",
      "rank_score": 2.913792333169107
    },
    {
      "ticker": "MSI",
      "tf": "1d",
      "bars_used": 350,
      "close": 397.489990234375,
      "sma20": 385.4080017089844,
      "sma50": 377.8497601318359,
      "trend_ok": true,
      "prior_downtrend_ok": true,
      "down_slope": -0.009746950875974731,
      "fresh_uptrend_ok": true,
      "up_slope": 1.7230883049242425,
      "up_hh_steps": 1,
      "up_hl_steps": 1,
      "up_pivot_highs": 2,
      "up_pivot_lows": 2,
      "resistance": 403.2200012207031,
      "pullback_from_resistance_pct": 1.4210631836171723,
      "state": "correction",
      "rank_score": 2.9093086390579996
    },
    {
      "ticker": "OGE",
      "tf": "1d",
      "bars_used": 350,
      "close": 43.18000030517578,
      "sma20": 42.83170108795166,
      "sma50": 43.28270355224609,
      "trend_ok": true,
      "prior_downtrend_ok": true,
      "down_slope": -0.070517971189116,
      "fresh_uptrend_ok": true,
      "up_slope": 0.11284845525568182,
      "up_hh_steps": 2,
      "up_hl_steps": 1,
      "up_pivot_highs": 3,
      "up_pivot_lows": 2,
      "resistance": 44.16999816894531,
      "pullback_from_resistance_pct": 2.24133553273627,
      "state": "correction",
      "rank_score": 2.8813969420958956
    },
    {
      "ticker": "OVV",
      "tf": "1d",
      "bars_used": 350,
      "close": 40.720001220703125,
      "sma20": 39.12400016784668,
      "sma50": 39.32950309753418,
      "trend_ok": true,
      "prior_downtrend_ok": true,
      "down_slope": -0.018858413982570283,
      "fresh_uptrend_ok": true,
      "up_slope": 0.22042437466708095,
      "up_hh_steps": 1,
      "up_hl_steps": 1,
      "up_pivot_highs": 2,
      "up_pivot_lows": 2,
      "resistance": 41.709999084472656,
      "pullback_from_resistance_pct": 2.3735264576835653,
      "state": "correction",
      "rank_score": 2.7530280282208075
    },
    {
      "ticker": "OPP",
      "tf": "1d",
      "bars_used": 350,
      "close": 7.841000080108643,
      "sma20": 7.818943452835083,
      "sma50": 7.795506248474121,
      "trend_ok": true,
      "prior_downtrend_ok": true,
      "down_slope": -0.00022972046098834354,
      "fresh_uptrend_ok": true,
      "up_slope": 0.0012844490282463304,
      "up_hh_steps": 1,
      "up_hl_steps": 1,
      "up_pivot_highs": 2,
      "up_pivot_lows": 3,
      "resistance": 7.920000076293945,
      "pullback_from_resistance_pct": 0.9974746897006306,
      "state": "correction",
      "rank_score": 2.7351086676075824
    },
    {
      "ticker": "MSM",
      "tf": "1d",
      "bars_used": 350,
      "close": 87.80000305175781,
      "sma20": 84.83120079040528,
      "sma50": 85.0152099609375,
      "trend_ok": true,
      "prior_downtrend_ok": true,
      "down_slope": -0.054192324382502856,
      "fresh_uptrend_ok": true,
      "up_slope": 0.5414813879764442,
      "up_hh_steps": 1,
      "up_hl_steps": 1,
      "up_pivot_highs": 2,
      "up_pivot_lows": 2,
      "resistance": 87.56999969482422,
      "pullback_from_resistance_pct": -0.2626508595810672,
      "state": "uptrend",
      "rank_score": 2.593775143263511
    },
    {
      "ticker": "PUMP",
      "tf": "1d",
      "bars_used": 350,
      "close": 11.0,
      "sma20": 9.831500005722045,
      "sma50": 9.931000022888183,
      "trend_ok": true,
      "prior_downtrend_ok": true,
      "down_slope": -0.016555346333287223,
      "fresh_uptrend_ok": true,
      "up_slope": 0.1942423964991714,
      "up_hh_steps": 1,
      "up_hl_steps": 1,
      "up_pivot_highs": 2,
      "up_pivot_lows": 2,
      "resistance": 11.399999618530273,
      "pullback_from_resistance_pct": 3.5087687010102084,
      "state": "correction",
      "rank_score": 2.5652052164982986
    },
    {
      "ticker": "MOS",
      "tf": "1d",
      "bars_used": 350,
      "close": 28.15999984741211,
      "sma20": 25.714499855041502,
      "sma50": 24.91457332611084,
      "trend_ok": true,
      "prior_downtrend_ok": true,
      "down_slope": -0.006682938080120266,
      "fresh_uptrend_ok": true,
      "up_slope": 0.2043637246796579,
      "up_hh_steps": 1,
      "up_hl_steps": 1,
      "up_pivot_highs": 2,
      "up_pivot_lows": 2,
      "resistance": 28.170000076293945,
      "pullback_from_resistance_pct": 0.03549956994942107,
      "state": "uptrend",
      "rank_score": 2.5002028782703816
    },
    {
      "ticker": "PSN",
      "tf": "1d",
      "bars_used": 350,
      "close": 72.36000061035156,
      "sma20": 67.15249977111816,
      "sma50": 72.17619979858398,
      "trend_ok": true,
      "prior_downtrend_ok": true,
      "down_slope": -0.7705497197764899,
      "fresh_uptrend_ok": true,
      "up_slope": 0.48103031967625476,
      "up_hh_steps": 1,
      "up_hl_steps": 1,
      "up_pivot_highs": 2,
      "up_pivot_lows": 2,
      "resistance": 72.80899810791016,
      "pullback_from_resistance_pct": 0.6166785826294916,
      "state": "uptrend",
      "rank_score": 2.447220236228418
    },
    {
      "ticker": "MP",
      "tf": "1d",
      "bars_used": 350,
      "close": 68.37000274658203,
      "sma20": 60.47650012969971,
      "sma50": 59.16539993286133,
      "trend_ok": true,
      "prior_downtrend_ok": true,
      "down_slope": -0.16698030790289617,
      "fresh_uptrend_ok": true,
      "up_slope": 0.6813335303104285,
      "up_hh_steps": 1,
      "up_hl_steps": 2,
      "up_pivot_highs": 2,
      "up_pivot_lows": 4,
      "resistance": 71.69000244140625,
      "pullback_from_resistance_pct": 4.6310497722994555,
      "state": "correction",
      "rank_score": 2.420935201309877
    },
    {
      "ticker": "NPFD",
      "tf": "1d",
      "bars_used": 350,
      "close": 19.15999984741211,
      "sma20": 19.043024158477785,
      "sma50": 19.09225215911865,
      "trend_ok": true,
      "prior_downtrend_ok": true,
      "down_slope": -0.005769187827047667,
      "fresh_uptrend_ok": true,
      "up_slope": 0.026544085415926847,
      "up_hh_steps": 1,
      "up_hl_steps": 1,
      "up_pivot_highs": 2,
      "up_pivot_lows": 2,
      "resistance": 19.270000457763672,
      "pullback_from_resistance_pct": 0.5708386493952804,
      "state": "uptrend",
      "rank_score": 2.4125877087315404
    },
    {
      "ticker": "NVT",
      "tf": "1d",
      "bars_used": 350,
      "close": 111.56999969482422,
      "sma20": 106.53200073242188,
      "sma50": 105.68800003051757,
      "trend_ok": true,