{
  "updated_utc": "2026-01-24T20:07:38.336609+00:00",
  "tf": "1d",
  "params": {
    "n_down": 40,
    "n_up": 10,
    "n_corr": 8,
    "sma_slow": 50,
    "sma_fast": 20,
    "pivot_strength": 1,
    "min_hh_steps": 1,
    "min_hl_steps": 1,
    "corr_min_pct": 0.5,
    "corr_max_pct": 12.0,
    "near_resistance_pct": 6.0,
    "breakout_wiggle_pct": 0.2
  },
  "count": 18,
  "data": [
    {
      "ticker": "EQNR",
      "tf": "1d",
      "bars_used": 350,
      "close": 25.610000610351562,
      "sma20": 24.154500007629395,
      "sma50": 23.556351432800295,
      "trend_ok": true,
      "prior_downtrend_ok": true,
      "down_slope": -0.007786171431836672,
      "fresh_uptrend_ok": true,
      "up_slope": 0.18581823869185013,
      "up_hh_steps": 1,
      "up_hl_steps": 1,
      "up_pivot_highs": 3,
      "up_pivot_lows": 3,
      "resistance": 25.739999771118164,
      "pullback_from_resistance_pct": 0.5050472491164063,
      "state": "correction",
      "rank_score": 3.046570950621647
    },
    {
      "ticker": "ES",
      "tf": "1d",
      "bars_used": 350,
      "close": 69.58000183105469,
      "sma20": 68.45650062561035,
      "sma50": 67.86071182250977,
      "trend_ok": true,
      "prior_downtrend_ok": true,
      "down_slope": -0.06945810944233334,
      "fresh_uptrend_ok": true,
      "up_slope": 0.27787863991477274,
      "up_hh_steps": 2,
      "up_hl_steps": 1,
      "up_pivot_highs": 3,
      "up_pivot_lows": 2,
      "resistance": 71.5999984741211,
      "pullback_from_resistance_pct": 2.821224421948149,
      "state": "correction",
      "rank_score": 2.7940531621654294
    },
    {
      "ticker": "CIA",
      "tf": "1d",
      "bars_used": 350,
      "close": 5.519999980926514,
      "sma20": 5.1379999876022335,
      "sma50": 5.342999982833862,
      "trend_ok": true,
      "prior_downtrend_ok": true,
      "down_slope": -0.020384615670896604,
      "fresh_uptrend_ok": true,
      "up_slope": 0.07230305816188003,
      "up_hh_steps": 1,
      "up_hl_steps": 1,
      "up_pivot_highs": 2,
      "up_pivot_lows": 2,
      "resistance": 5.650000095367432,
      "pullback_from_resistance_pct": 2.300886942418074,
      "state": "correction",
      "rank_score": 2.7606536541941633
    },
    {
      "ticker": "ESRT",
      "tf": "1d",
      "bars_used": 350,
      "close": 6.699999809265137,
      "sma20": 6.469999980926514,
      "sma50": 6.705903072357177,
      "trend_ok": true,
      "prior_downtrend_ok": true,
      "down_slope": -0.01566629526091785,
      "fresh_uptrend_ok": true,
      "up_slope": 0.04490910732384884,
      "up_hh_steps": 1,
      "up_hl_steps": 1,
      "up_pivot_highs": 2,
      "up_pivot_lows": 2,
      "resistance": 6.610000133514404,
      "pullback_from_resistance_pct": -1.3615684407389173,
      "state": "uptrend",
      "rank_score": 2.7329488024200836
    },
    {
      "ticker": "DTE",
      "tf": "1d",
      "bars_used": 350,
      "close": 134.3300018310547,
      "sma20": 131.59999923706056,
      "sma50": 131.98356842041017,
      "trend_ok": true,
      "prior_downtrend_ok": true,
      "down_slope": -0.23774796247929614,
      "fresh_uptrend_ok": true,
      "up_slope": 0.6324249267578125,
      "up_hh_steps": 1,
      "up_hl_steps": 1,
      "up_pivot_highs": 2,
      "up_pivot_lows": 2,
      "resistance": 137.63999938964844,
      "pullback_from_resistance_pct": 2.4048224159195155,
      "state": "correction",
      "rank_score": 2.7326833845713674
    },
    {
      "ticker": "FCPT",
      "tf": "1d",
      "bars_used": 350,
      "close": 24.43000030517578,
      "sma20": 23.8863956451416,
      "sma50": 23.48797466278076,
      "trend_ok": true,
      "prior_downtrend_ok": true,
      "down_slope": -0.013827176299819803,
      "fresh_uptrend_ok": true,
      "up_slope": 0.03763649680397727,
      "up_hh_steps": 1,
      "up_hl_steps": 1,
      "up_pivot_highs": 2,
      "up_pivot_lows": 2,
      "resistance": 24.969999313354492,
      "pullback_from_resistance_pct": 2.16259120155405,
      "state": "correction",
      "rank_score": 2.6281010326366174
    },
    {
      "ticker": "ESE",
      "tf": "1d",
      "bars_used": 350,
      "close": 220.14999389648438,
      "sma20": 209.79963912963868,
      "sma50": 208.65596466064454,
      "trend_ok": true,
      "prior_downtrend_ok": true,
      "down_slope": -0.491439936711238,
      "fresh_uptrend_ok": true,
      "up_slope": 1.3940005215731535,
      "up_hh_steps": 2,
      "up_hl_steps": 1,
      "up_pivot_highs": 3,
      "up_pivot_lows": 2,
      "resistance": 229.41000366210938,
      "pullback_from_resistance_pct": 4.036445498367966,
      "state": "correction",
      "rank_score": 2.623283020816287
    },
    {
      "ticker": "ELS",
      "tf": "1d",
      "bars_used": 350,
      "close": 63.97999954223633,
      "sma20": 61.413750076293944,
      "sma50": 61.43422752380371,
      "trend_ok": true,
      "prior_downtrend_ok": true,
      "down_slope": -0.042948280892721034,
      "fresh_uptrend_ok": true,
      "up_slope": 0.3658182548754143,
      "up_hh_steps": 1,
      "up_hl_steps": 1,
      "up_pivot_highs": 2,
      "up_pivot_lows": 2,
      "resistance": 63.72999954223633,
      "pullback_from_resistance_pct": -0.39227993377642406,
      "state": "uptrend",
      "rank_score": 2.6153799889627374
    },
    {
      "ticker": "FLO",
      "tf": "1d",
      "bars_used": 350,
      "close": 11.109999656677246,
      "sma20": 10.795999908447266,
      "sma50": 10.796552448272704,
      "trend_ok": true,
      "prior_downtrend_ok": true,
      "down_slope": -0.002667992110547608,
      "fresh_uptrend_ok": true,
      "up_slope": 0.051939351630933356,
      "up_hh_steps": 2,
      "up_hl_steps": 1,
      "up_pivot_highs": 3,
      "up_pivot_lows": 2,
      "resistance": 11.149999618530273,
      "pullback_from_resistance_pct": 0.3587440647670614,
      "state": "uptrend",
      "rank_score": 2.5978867513103925
    },
    {
      "ticker": "EIC",
      "tf": "1d",
      "bars_used": 350,
      "close": 11.300000190734863,
      "sma20": 11.233000040054321,
      "sma50": 11.317800025939942,
      "trend_ok": true,
      "prior_downtrend_ok": true,
      "down_slope": -0.011338649055523899,
      "fresh_uptrend_ok": true,
      "up_slope": 0.019030345569957387,
      "up_hh_steps": 1,
      "up_hl_steps": 1,
      "up_pivot_highs": 2,
      "up_pivot_lows": 2,
      "resistance": 11.25,
      "pullback_from_resistance_pct": -0.4444461398654514,
      "state": "uptrend",
      "rank_score": 2.5280989387514987
    },
    {
      "ticker": "ETX",
      "tf": "1d",
      "bars_used": 350,
      "close": 18.790000915527344,
      "sma20": 18.637225437164307,
      "sma50": 18.864364013671874,
      "trend_ok": true,
      "prior_downtrend_ok": true,
      "down_slope": -0.015293101119279414,
      "fresh_uptrend_ok": true,
      "up_slope": 0.02007128397623698,
      "up_hh_steps": 1,
      "up_hl_steps": 1,
      "up_pivot_highs": 2,
      "up_pivot_lows": 2,
      "resistance": 18.81999969482422,
      "pullback_from_resistance_pct": 0.1593984047997892,
      "state": "uptrend",
      "rank_score": 2.5234335992000347
    },
    {
      "ticker": "EPC",
      "tf": "1d",
      "bars_used": 350,
      "close": 19.559999465942383,
      "sma20": 18.02799997329712,
      "sma50": 17.65546058654785,
      "trend_ok": true,
      "prior_downtrend_ok": true,
      "down_slope": -0.014571888227623802,
      "fresh_uptrend_ok": true,
      "up_slope": 0.15066661256732364,
      "up_hh_steps": 1,
      "up_hl_steps": 1,
      "up_pivot_highs": 2,
      "up_pivot_lows": 3,
      "resistance": 19.6200008392334,
      "pullback_from_resistance_pct": 0.30581738391689095,
      "state": "uptrend",
      "rank_score": 2.4990304360138516
    },
    {
      "ticker": "FTS",
      "tf": "1d",
      "bars_used": 350,
      "close": 52.70000076293945,
      "sma20": 51.81049995422363,
      "sma50": 51.626999893188476,
      "trend_ok": true,