{
  "updated_utc": "2026-01-16T13:55:05.892162+00:00",
  "tf": "1d",
  "params": {
    "n_down": 40,
    "n_up": 10,
    "n_corr": 8,
    "sma_slow": 50,
    "sma_fast": 20,
    "pivot_strength": 1,
    "min_hh_steps": 1,
    "min_hl_steps": 1,
    "corr_min_pct": 0.5,
    "corr_max_pct": 12.0,
    "near_resistance_pct": 6.0,
    "breakout_wiggle_pct": 0.2
  },
  "count": 29,
  "data": [
    {
      "ticker": "NYC",
      "tf": "1d",
      "bars_used": 350,
      "close": 9.880000114440918,
      "sma20": 8.620099973678588,
      "sma50": 8.186179981231689,
      "trend_ok": true,
      "prior_downtrend_ok": true,
      "down_slope": -0.002059667955867344,
      "fresh_uptrend_ok": true,
      "up_slope": 0.1953636053836707,
      "up_hh_steps": 1,
      "up_hl_steps": 2,
      "up_pivot_highs": 2,
      "up_pivot_lows": 3,
      "resistance": 9.300000190734863,
      "pullback_from_resistance_pct": -6.23655819151359,
      "state": "uptrend",
      "rank_score": 3.689426365252265
    },
    {
      "ticker": "NE",
      "tf": "1d",
      "bars_used": 350,
      "close": 32.97999954223633,
      "sma20": 29.32149991989136,
      "sma50": 29.79022953033447,
      "trend_ok": true,
      "prior_downtrend_ok": true,
      "down_slope": -0.013393669593624952,
      "fresh_uptrend_ok": true,
      "up_slope": 0.42399999445134945,
      "up_hh_steps": 1,
      "up_hl_steps": 1,
      "up_pivot_highs": 2,
      "up_pivot_lows": 2,
      "resistance": 30.93000030517578,
      "pullback_from_resistance_pct": -6.627866850416756,
      "state": "uptrend",
      "rank_score": 3.654644475069459
    },
    {
      "ticker": "PSA",
      "tf": "1d",
      "bars_used": 350,
      "close": 293.0299987792969,
      "sma20": 267.7829986572266,
      "sma50": 268.96873352050784,
      "trend_ok": true,
      "prior_downtrend_ok": true,
      "down_slope": -0.3041162773547432,
      "fresh_uptrend_ok": true,
      "up_slope": 3.603272039240057,
      "up_hh_steps": 1,
      "up_hl_steps": 2,
      "up_pivot_highs": 2,
      "up_pivot_lows": 3,
      "resistance": 282.0899963378906,
      "pullback_from_resistance_pct": -3.8781958181537886,
      "state": "uptrend",
      "rank_score": 3.2963659696922982
    },
    {
      "ticker": "NIM",
      "tf": "1d",
      "bars_used": 350,
      "close": 9.369999885559082,
      "sma20": 9.295357847213745,
      "sma50": 9.288816261291505,
      "trend_ok": true,
      "prior_downtrend_ok": true,
      "down_slope": -0.003399945468437381,
      "fresh_uptrend_ok": true,
      "up_slope": 0.015161300427985913,
      "up_hh_steps": 1,
      "up_hl_steps": 2,
      "up_pivot_highs": 2,
      "up_pivot_lows": 3,
      "resistance": 9.430999755859375,
      "pullback_from_resistance_pct": 0.6468017376672545,
      "state": "correction",
      "rank_score": 3.142199710388791
    },
    {
      "ticker": "PNW",
      "tf": "1d",
      "bars_used": 350,
      "close": 92.69000244140625,
      "sma20": 89.0355010986328,
      "sma50": 88.74600051879882,
      "trend_ok": true,
      "prior_downtrend_ok": true,
      "down_slope": -0.01863222820002858,
      "fresh_uptrend_ok": true,
      "up_slope": 0.5392732100053267,
      "up_hh_steps": 1,
      "up_hl_steps": 2,
      "up_pivot_highs": 2,
      "up_pivot_lows": 3,
      "resistance": 90.31999969482422,
      "pullback_from_resistance_pct": -2.62400659277,
      "state": "uptrend",
      "rank_score": 3.087334432128333
    },
    {
      "ticker": "MTD",
      "tf": "1d",
      "bars_used": 350,
      "close": 1496.6099853515625,
      "sma20": 1439.6080017089844,
      "sma50": 1432.270400390625,
      "trend_ok": true,
      "prior_downtrend_ok": true,
      "down_slope": -0.9301804075545262,
      "fresh_uptrend_ok": true,
      "up_slope": 6.793455551609848,
      "up_hh_steps": 2,
      "up_hl_steps": 1,
      "up_pivot_highs": 3,
      "up_pivot_lows": 2,
      "resistance": 1514.4200439453125,
      "pullback_from_resistance_pct": 1.1760316211446777,
      "state": "correction",
      "rank_score": 3.079933842453823
    },
    {
      "ticker": "PFH",
      "tf": "1d",
      "bars_used": 350,
      "close": 17.809999465942383,
      "sma20": 17.517000102996825,
      "sma50": 17.48775890350342,
      "trend_ok": true,
      "prior_downtrend_ok": true,
      "down_slope": -0.011767211327185998,
      "fresh_uptrend_ok": true,
      "up_slope": 0.03133333379572088,
      "up_hh_steps": 1,
      "up_hl_steps": 1,
      "up_pivot_highs": 2,
      "up_pivot_lows": 2,
      "resistance": 17.93000030517578,
      "pullback_from_resistance_pct": 0.6692740501446521,
      "state": "correction",
      "rank_score": 3.0384543249758913
    },
    {
      "ticker": "OTIS",
      "tf": "1d",
      "bars_used": 350,
      "close": 90.3499984741211,
      "sma20": 88.66849899291992,
      "sma50": 88.48545654296875,
      "trend_ok": true,
      "prior_downtrend_ok": true,
      "down_slope": -0.06530642768902806,
      "fresh_uptrend_ok": true,
      "up_slope": 0.15769690311316287,
      "up_hh_steps": 1,
      "up_hl_steps": 1,
      "up_pivot_highs": 2,
      "up_pivot_lows": 2,
      "resistance": 90.94499969482422,
      "pullback_from_resistance_pct": 0.654242919016676,
      "state": "correction",
      "rank_score": 2.9630313217791926
    },
    {
      "ticker": "MOS",
      "tf": "1d",
      "bars_used": 350,
      "close": 27.579999923706055,
      "sma20": 25.06049976348877,
      "sma50": 24.777404708862306,
      "trend_ok": true,
      "prior_downtrend_ok": true,
      "down_slope": -0.033813229466021395,
      "fresh_uptrend_ok": true,
      "up_slope": 0.29357564521558355,
      "up_hh_steps": 2,
      "up_hl_steps": 1,
      "up_pivot_highs": 3,
      "up_pivot_lows": 2,
      "resistance": 28.170000076293945,
      "pullback_from_resistance_pct": 2.0944272310613044,
      "state": "correction",
      "rank_score": 2.9509287948231155
    },
    {
      "ticker": "MRP",
      "tf": "1d",
      "bars_used": 238,
      "close": 30.540000915527344,
      "sma20": 29.490839385986327,
      "sma50": 29.98230270385742,
      "trend_ok": true,
      "prior_downtrend_ok": true,
      "down_slope": -0.03122105303222198,
      "fresh_uptrend_ok": true,
      "up_slope": 0.20278801195549243,
      "up_hh_steps": 1,
      "up_hl_steps": 2,
      "up_pivot_highs": 2,
      "up_pivot_lows": 3,
      "resistance": 31.18000030517578,
      "pullback_from_resistance_pct": 2.0525958415151124,
      "state": "correction",
      "rank_score": 2.88250634981399
    },
    {
      "ticker": "NXRT",
      "tf": "1d",
      "bars_used": 350,
      "close": 31.530000686645508,
      "sma20": 29.813500118255615,
      "sma50": 30.07112590789795,
      "trend_ok": true,
      "prior_downtrend_ok": true,
      "down_slope": -0.0580096373638561,
      "fresh_uptrend_ok": true,
      "up_slope": 0.18842433582652698,
      "up_hh_steps": 1,
      "up_hl_steps": 1,
      "up_pivot_highs": 2,
      "up_pivot_lows": 2,
      "resistance": 30.969999313354492,
      "pullback_from_resistance_pct": -1.8082059596608997,
      "state": "uptrend",
      "rank_score": 2.8513676599434827
    },
    {
      "ticker": "NMI",
      "tf": "1d",
      "bars_used": 350,
      "close": 10.149999618530273,
      "sma20": 9.993816041946411,
      "sma50": 9.961312789916992,
      "trend_ok": true,
      "prior_downtrend_ok": true,
      "down_slope": -0.0010676415284176482,
      "fresh_uptrend_ok": true,
      "up_slope": 0.02417344180020419,
      "up_hh_steps": 1,
      "up_hl_steps": 1,
      "up_pivot_highs": 3,
      "up_pivot_lows": 2,
      "resistance": 10.321175778448774,
      "pullback_from_resistance_pct": 1.658494764481452,
      "state": "correction",
      "rank_score": 2.8506182872399948
    },
    {
      "ticker": "MSI",
      "tf": "1d",
      "bars_used": 350,
      "close": 394.44000244140625,
      "sma20": 380.7465026855469,
      "sma50": 377.43467590332034,
      "trend_ok": true,