{
  "updated_utc": "2026-01-28T14:07:14.207967+00:00",
  "tf": "1d",
  "params": {
    "n_down": 40,
    "n_up": 10,
    "n_corr": 8,
    "sma_slow": 50,
    "sma_fast": 20,
    "pivot_strength": 1,
    "min_hh_steps": 1,
    "min_hl_steps": 1,
    "corr_min_pct": 0.5,
    "corr_max_pct": 12.0,
    "near_resistance_pct": 6.0,
    "breakout_wiggle_pct": 0.2
  },
  "count": 8,
  "data": [
    {
      "ticker": "PNR",
      "tf": "1d",
      "bars_used": 350,
      "close": 107.5999984741211,
      "sma20": 104.87643585205078,
      "sma50": 104.52474960327149,
      "trend_ok": true,
      "prior_downtrend_ok": true,
      "down_slope": -0.011282284935240897,
      "fresh_uptrend_ok": true,
      "up_slope": 0.48800603693181815,
      "up_hh_steps": 1,
      "up_hl_steps": 1,
      "up_pivot_highs": 2,
      "up_pivot_lows": 2,
      "resistance": 108.81762011022072,
      "pullback_from_resistance_pct": 1.1189563187159401,
      "state": "correction",
      "rank_score": 2.9370658493994157
    },
    {
      "ticker": "ONL",
      "tf": "1d",
      "bars_used": 350,
      "close": 2.4100000858306885,
      "sma20": 2.1779775738716127,
      "sma50": 2.167063694000244,
      "trend_ok": true,
      "prior_downtrend_ok": true,
      "down_slope": -0.0026466084913285993,
      "fresh_uptrend_ok": true,
      "up_slope": 0.028727280009876597,
      "up_hh_steps": 1,
      "up_hl_steps": 1,
      "up_pivot_highs": 3,
      "up_pivot_lows": 3,
      "resistance": 2.4590001106262207,
      "pullback_from_resistance_pct": 1.9926808699107235,
      "state": "correction",
      "rank_score": 2.733301723785823
    },
    {
      "ticker": "PBT",
      "tf": "1d",
      "bars_used": 350,
      "close": 18.81999969482422,
      "sma20": 18.056694316864014,
      "sma50": 17.964846153259277,
      "trend_ok": true,
      "prior_downtrend_ok": true,
      "down_slope": -0.04514633468570674,
      "fresh_uptrend_ok": true,
      "up_slope": 0.0727272958466501,
      "up_hh_steps": 1,
      "up_hl_steps": 1,
      "up_pivot_highs": 2,
      "up_pivot_lows": 2,
      "resistance": 19.34000015258789,
      "pullback_from_resistance_pct": 2.6887303705325487,
      "state": "correction",
      "rank_score": 2.683986095926419
    },
    {
      "ticker": "NMCO",
      "tf": "1d",
      "bars_used": 350,
      "close": 10.600000381469727,
      "sma20": 10.41391372680664,
      "sma50": 10.439067916870117,
      "trend_ok": true,
      "prior_downtrend_ok": true,
      "down_slope": -0.010799519787586205,
      "fresh_uptrend_ok": true,
      "up_slope": 0.008141881769353694,
      "up_hh_steps": 1,
      "up_hl_steps": 1,
      "up_pivot_highs": 2,
      "up_pivot_lows": 3,
      "resistance": 10.619999885559082,
      "pullback_from_resistance_pct": 0.1883192495750447,
      "state": "uptrend",
      "rank_score": 2.446512960801414
    },
    {
      "ticker": "PDT",
      "tf": "1d",
      "bars_used": 350,
      "close": 12.90999984741211,
      "sma20": 12.750676250457763,
      "sma50": 12.686504287719726,
      "trend_ok": true,
      "prior_downtrend_ok": true,
      "down_slope": -0.002818548030745916,
      "fresh_uptrend_ok": true,
      "up_slope": 0.0184242075139826,
      "up_hh_steps": 1,
      "up_hl_steps": 1,
      "up_pivot_highs": 3,
      "up_pivot_lows": 2,
      "resistance": 12.970000267028809,
      "pullback_from_resistance_pct": 0.4626092396407038,
      "state": "uptrend",
      "rank_score": 2.441183326398042
    },
    {
      "ticker": "PEG",
      "tf": "1d",
      "bars_used": 350,
      "close": 80.41999816894531,
      "sma20": 79.29400062561035,
      "sma50": 79.99263870239258,
      "trend_ok": true,
      "prior_downtrend_ok": true,
      "down_slope": -0.06479000427933168,
      "fresh_uptrend_ok": true,
      "up_slope": 0.06593896114464962,
      "up_hh_steps": 1,
      "up_hl_steps": 1,
      "up_pivot_highs": 2,
      "up_pivot_lows": 3,
      "resistance": 80.26000213623047,
      "pullback_from_resistance_pct": -0.19934715730915653,
      "state": "uptrend",
      "rank_score": 2.4018297622082154
    },
    {
      "ticker": "PSN",
      "tf": "1d",
      "bars_used": 350,
      "close": 71.41000366210938,
      "sma20": 68.47849979400635,
      "sma50": 71.29079986572266,
      "trend_ok": true,
      "prior_downtrend_ok": true,
      "down_slope": -0.6395910044772093,
      "fresh_uptrend_ok": true,
      "up_slope": 0.15030300255977747,
      "up_hh_steps": 1,
      "up_hl_steps": 1,
      "up_pivot_highs": 2,
      "up_pivot_lows": 3,
      "resistance": 74.62999725341797,
      "pullback_from_resistance_pct": 4.31461035751428,
      "state": "correction",
      "rank_score": 2.2635248505304926
    },
    {
      "ticker": "MOD",
      "tf": "1d",
      "bars_used": 350,
      "close": 146.89999389648438,
      "sma20": 134.896000289917,
      "sma50": 141.45979995727538,
      "trend_ok": true,
      "prior_downtrend_ok": true,
      "down_slope": -0.4730103254765552,
      "fresh_uptrend_ok": true,
      "up_slope": 2.7420604821407433,
      "up_hh_steps": 1,
      "up_hl_steps": 1,
      "up_pivot_highs": 2,
      "up_pivot_lows": 2,
      "resistance": 150.75,
      "pullback_from_resistance_pct": 2.553901229529436,
      "state": "uptrend",
      "rank_score": 2.124349795078427
    }
  ]
}