{
  "updated_utc": "2026-01-28T14:06:33.550956+00:00",
  "tf": "1d",
  "params": {
    "n_down": 40,
    "n_up": 10,
    "n_corr": 8,
    "sma_slow": 50,
    "sma_fast": 20,
    "pivot_strength": 1,
    "min_hh_steps": 1,
    "min_hl_steps": 1,
    "corr_min_pct": 0.5,
    "corr_max_pct": 12.0,
    "near_resistance_pct": 6.0,
    "breakout_wiggle_pct": 0.2
  },
  "count": 7,
  "data": [
    {
      "ticker": "IDA",
      "tf": "1d",
      "bars_used": 350,
      "close": 134.16000366210938,
      "sma20": 130.1715003967285,
      "sma50": 128.5208004760742,
      "trend_ok": true,
      "prior_downtrend_ok": true,
      "down_slope": -0.033817103745566075,
      "fresh_uptrend_ok": true,
      "up_slope": 0.20563705906723484,
      "up_hh_steps": 1,
      "up_hl_steps": 1,
      "up_pivot_highs": 2,
      "up_pivot_lows": 2,
      "resistance": 134.89999389648438,
      "pullback_from_resistance_pct": 0.5485472704638016,
      "state": "correction",
      "rank_score": 2.9227657233294546
    },
    {
      "ticker": "GFL",
      "tf": "1d",
      "bars_used": 350,
      "close": 43.79999923706055,
      "sma20": 43.07199993133545,
      "sma50": 43.902800216674805,
      "trend_ok": true,
      "prior_downtrend_ok": true,
      "down_slope": -0.07907693480013907,
      "fresh_uptrend_ok": true,
      "up_slope": 0.2915150497898911,
      "up_hh_steps": 2,
      "up_hl_steps": 1,
      "up_pivot_highs": 3,
      "up_pivot_lows": 2,
      "resistance": 45.290000915527344,
      "pullback_from_resistance_pct": 3.2899131118276506,
      "state": "correction",
      "rank_score": 2.7345964547576074
    },
    {
      "ticker": "LUMN",
      "tf": "1d",
      "bars_used": 350,
      "close": 9.289999961853027,
      "sma20": 8.196000003814698,
      "sma50": 8.159000005722046,
      "trend_ok": true,
      "prior_downtrend_ok": true,
      "down_slope": -0.006120073191444153,
      "fresh_uptrend_ok": true,
      "up_slope": 0.08842427224823923,
      "up_hh_steps": 1,
      "up_hl_steps": 1,
      "up_pivot_highs": 2,
      "up_pivot_lows": 3,
      "resistance": 9.1899995803833,
      "pullback_from_resistance_pct": -1.0881434824348022,
      "state": "uptrend",
      "rank_score": 2.6767137084135686
    },
    {
      "ticker": "MGY",
      "tf": "1d",
      "bars_used": 350,
      "close": 24.700000762939453,
      "sma20": 22.66899995803833,
      "sma50": 22.641199913024902,
      "trend_ok": true,
      "prior_downtrend_ok": true,
      "down_slope": -0.03565104200066142,
      "fresh_uptrend_ok": true,
      "up_slope": 0.2619394128972834,
      "up_hh_steps": 1,
      "up_hl_steps": 1,
      "up_pivot_highs": 2,
      "up_pivot_lows": 2,
      "resistance": 24.530000686645508,
      "pullback_from_resistance_pct": -0.6930292357737106,
      "state": "uptrend",
      "rank_score": 2.6655048726289516
    },
    {
      "ticker": "HTD",
      "tf": "1d",
      "bars_used": 350,
      "close": 24.219999313354492,
      "sma20": 23.791347599029542,
      "sma50": 23.814281120300294,
      "trend_ok": true,
      "prior_downtrend_ok": true,
      "down_slope": -0.020598100408156864,
      "fresh_uptrend_ok": true,
      "up_slope": 0.018545347271543562,
      "up_hh_steps": 1,
      "up_hl_steps": 1,
      "up_pivot_highs": 2,
      "up_pivot_lows": 2,
      "resistance": 24.25,
      "pullback_from_resistance_pct": 0.12371417173405283,
      "state": "uptrend",
      "rank_score": 2.4157672174492357
    },
    {
      "ticker": "GSBD",
      "tf": "1d",
      "bars_used": 350,
      "close": 9.390000343322754,
      "sma20": 9.276566553115845,
      "sma50": 9.383466205596925,
      "trend_ok": true,
      "prior_downtrend_ok": true,
      "down_slope": -0.005535614647069076,
      "fresh_uptrend_ok": true,
      "up_slope": 0.027999958847508288,
      "up_hh_steps": 1,
      "up_hl_steps": 2,
      "up_pivot_highs": 2,
      "up_pivot_lows": 3,
      "resistance": 9.520000457763672,
      "pullback_from_resistance_pct": 1.3655473549363262,
      "state": "uptrend",
      "rank_score": 2.3694695115058746
    },
    {
      "ticker": "LPL",
      "tf": "1d",
      "bars_used": 350,
      "close": 4.360000133514404,
      "sma20": 4.284500002861023,
      "sma50": 4.290799989700317,
      "trend_ok": true,
      "prior_downtrend_ok": true,
      "down_slope": -0.0039015003708916356,
      "fresh_uptrend_ok": true,
      "up_slope": 0.026484830451734137,
      "up_hh_steps": 1,
      "up_hl_steps": 1,
      "up_pivot_highs": 3,
      "up_pivot_lows": 2,
      "resistance": 4.460000038146973,
      "pullback_from_resistance_pct": 2.242150308907083,
      "state": "uptrend",
      "rank_score": 2.1649180716203524
    }
  ]
}