{
  "updated_utc": "2026-01-25T20:47:47.517264+00:00",
  "tf": "1d",
  "params": {
    "n_down": 40,
    "n_up": 10,
    "n_corr": 8,
    "sma_slow": 50,
    "sma_fast": 20,
    "pivot_strength": 1,
    "min_hh_steps": 1,
    "min_hl_steps": 1,
    "corr_min_pct": 0.5,
    "corr_max_pct": 12.0,
    "near_resistance_pct": 6.0,
    "breakout_wiggle_pct": 0.2
  },
  "count": 1,
  "data": [
    {
      "ticker": "WDS",
      "tf": "1d",
      "bars_used": 350,
      "close": 16.719999313354492,
      "sma20": 15.826499843597412,
      "sma50": 16.170199871063232,
      "trend_ok": true,
      "prior_downtrend_ok": true,
      "down_slope": -0.052424027369572565,
      "fresh_uptrend_ok": true,
      "up_slope": 0.07181815523089785,
      "up_hh_steps": 1,
      "up_hl_steps": 1,
      "up_pivot_highs": 2,
      "up_pivot_lows": 2,
      "resistance": 16.420000076293945,
      "pullback_from_resistance_pct": -1.827035539991653,
      "state": "uptrend",
      "rank_score": 2.799961730628295
    }
  ]
}