{
  "updated_utc": "2026-01-16T16:55:19.070026+00:00",
  "tf": "1d",
  "params": {
    "n_down": 40,
    "n_up": 10,
    "n_corr": 8,
    "sma_slow": 50,
    "sma_fast": 20,
    "pivot_strength": 1,
    "min_hh_steps": 1,
    "min_hl_steps": 1,
    "corr_min_pct": 0.5,
    "corr_max_pct": 12.0,
    "near_resistance_pct": 6.0,
    "breakout_wiggle_pct": 0.2
  },
  "count": 20,
  "data": [
    {
      "ticker": "BIPI",
      "tf": "1d",
      "bars_used": 350,
      "close": 17.075000762939453,
      "sma20": 16.800900173187255,
      "sma50": 17.097000007629394,
      "trend_ok": true,
      "prior_downtrend_ok": true,
      "down_slope": -0.01821171060959349,
      "fresh_uptrend_ok": true,
      "up_slope": 0.03815155029296875,
      "up_hh_steps": 1,
      "up_hl_steps": 2,
      "up_pivot_highs": 3,
      "up_pivot_lows": 3,
      "resistance": 17.18000030517578,
      "pullback_from_resistance_pct": 0.611173110425936,
      "state": "correction",
      "rank_score": 3.14199489287176
    },
    {
      "ticker": "APH",
      "tf": "1d",
      "bars_used": 350,
      "close": 154.22000122070312,
      "sma20": 138.9310001373291,
      "sma50": 137.67027084350585,
      "trend_ok": true,
      "prior_downtrend_ok": true,
      "down_slope": -0.09572551863278501,
      "fresh_uptrend_ok": true,
      "up_slope": 1.4493326822916666,
      "up_hh_steps": 1,
      "up_hl_steps": 1,
      "up_pivot_highs": 2,
      "up_pivot_lows": 2,
      "resistance": 149.11000061035156,
      "pullback_from_resistance_pct": -3.427000596495749,
      "state": "uptrend",
      "rank_score": 3.0983494513312517
    },
    {
      "ticker": "CACI",
      "tf": "1d",
      "bars_used": 350,
      "close": 627.5,
      "sma20": 565.9034973144531,
      "sma50": 582.5979968261719,
      "trend_ok": true,
      "prior_downtrend_ok": true,
      "down_slope": -1.4539081909866762,
      "fresh_uptrend_ok": true,
      "up_slope": 8.947275242660984,
      "up_hh_steps": 2,
      "up_hl_steps": 1,
      "up_pivot_highs": 3,
      "up_pivot_lows": 2,
      "resistance": 615.0,
      "pullback_from_resistance_pct": -2.0325203252032518,
      "state": "uptrend",
      "rank_score": 3.0387533875338746
    },
    {
      "ticker": "BBWI",
      "tf": "1d",
      "bars_used": 350,
      "close": 23.399999618530273,
      "sma20": 21.040500259399415,
      "sma50": 20.286242752075196,
      "trend_ok": true,
      "prior_downtrend_ok": true,
      "down_slope": -0.05404481476288128,
      "fresh_uptrend_ok": true,
      "up_slope": 0.30636360862038353,
      "up_hh_steps": 1,
      "up_hl_steps": 2,
      "up_pivot_highs": 2,
      "up_pivot_lows": 3,
      "resistance": 23.729999542236328,
      "pullback_from_resistance_pct": 1.3906444587944367,
      "state": "correction",
      "rank_score": 3.0182259235342603
    },
    {
      "ticker": "AVAL",
      "tf": "1d",
      "bars_used": 350,
      "close": 4.28000020980835,
      "sma20": 4.148000049591064,
      "sma50": 4.160302715301514,
      "trend_ok": true,
      "prior_downtrend_ok": true,
      "down_slope": -0.002211576152250422,
      "fresh_uptrend_ok": true,
      "up_slope": 0.029636380166718455,
      "up_hh_steps": 1,
      "up_hl_steps": 1,
      "up_pivot_highs": 2,
      "up_pivot_lows": 2,
      "resistance": 4.320000171661377,
      "pullback_from_resistance_pct": 0.9259250061011975,
      "state": "correction",
      "rank_score": 2.9956791656498005
    },
    {
      "ticker": "CARR",
      "tf": "1d",
      "bars_used": 350,
      "close": 55.54999923706055,
      "sma20": 53.90550022125244,
      "sma50": 54.08200012207031,
      "trend_ok": true,
      "prior_downtrend_ok": true,
      "down_slope": -0.07549247777484372,
      "fresh_uptrend_ok": true,
      "up_slope": 0.3049089142770478,
      "up_hh_steps": 1,
      "up_hl_steps": 2,
      "up_pivot_highs": 3,
      "up_pivot_lows": 3,
      "resistance": 56.380001068115234,
      "pullback_from_resistance_pct": 1.4721564656444839,
      "state": "correction",
      "rank_score": 2.969556250944544
    },
    {
      "ticker": "AIZN",
      "tf": "1d",
      "bars_used": 350,
      "close": 20.170000076293945,
      "sma20": 19.73105306625366,
      "sma50": 19.62636817932129,
      "trend_ok": true,
      "prior_downtrend_ok": true,
      "down_slope": -0.01292443445431135,
      "fresh_uptrend_ok": true,
      "up_slope": 0.07581824100378788,
      "up_hh_steps": 1,
      "up_hl_steps": 1,
      "up_pivot_highs": 2,
      "up_pivot_lows": 2,
      "resistance": 20.40999984741211,
      "pullback_from_resistance_pct": 1.1758930568958084,
      "state": "correction",
      "rank_score": 2.9416343652358865
    },
    {
      "ticker": "AXR",
      "tf": "1d",
      "bars_used": 350,
      "close": 21.399999618530273,
      "sma20": 19.690499782562256,
      "sma50": 20.431399993896484,
      "trend_ok": true,
      "prior_downtrend_ok": true,
      "down_slope": -0.06377112207895819,
      "fresh_uptrend_ok": true,
      "up_slope": 0.3787271788626006,
      "up_hh_steps": 1,
      "up_hl_steps": 1,
      "up_pivot_highs": 3,
      "up_pivot_lows": 2,
      "resistance": 21.739999771118164,
      "pullback_from_resistance_pct": 1.563938160843887,
      "state": "correction",
      "rank_score": 2.889343639859352
    },
    {
      "ticker": "BZH",
      "tf": "1d",
      "bars_used": 350,
      "close": 24.100000381469727,
      "sma20": 21.37100019454956,
      "sma50": 21.734800186157226,
      "trend_ok": true,
      "prior_downtrend_ok": true,
      "down_slope": -0.023371476214553804,
      "fresh_uptrend_ok": true,
      "up_slope": 0.514666713367809,
      "up_hh_steps": 1,
      "up_hl_steps": 1,
      "up_pivot_highs": 2,
      "up_pivot_lows": 3,
      "resistance": 24.549999237060547,
      "pullback_from_resistance_pct": 1.8329892854395875,
      "state": "correction",
      "rank_score": 2.8445017857600687
    },
    {
      "ticker": "CF",
      "tf": "1d",
      "bars_used": 350,
      "close": 86.5999984741211,
      "sma20": 79.75399971008301,
      "sma50": 79.89070556640625,
      "trend_ok": true,
      "prior_downtrend_ok": true,
      "down_slope": -0.1570136272437577,
      "fresh_uptrend_ok": true,
      "up_slope": 0.7274548617276279,
      "up_hh_steps": 1,
      "up_hl_steps": 1,
      "up_pivot_highs": 2,
      "up_pivot_lows": 2,
      "resistance": 88.16000366210938,
      "pullback_from_resistance_pct": 1.7695157930883367,
      "state": "correction",
      "rank_score": 2.838924378460354
    },
    {
      "ticker": "BBBY",
      "tf": "1d",
      "bars_used": 350,
      "close": 7.199999809265137,
      "sma20": 6.137999963760376,
      "sma50": 6.231999998092651,
      "trend_ok": true,
      "prior_downtrend_ok": true,
      "down_slope": -0.026912758274328864,
      "fresh_uptrend_ok": true,
      "up_slope": 0.11872727654196999,
      "up_hh_steps": 1,
      "up_hl_steps": 1,
      "up_pivot_highs": 2,
      "up_pivot_lows": 2,
      "resistance": 7.119999885559082,
      "pullback_from_resistance_pct": -1.1235944521335182,
      "state": "uptrend",
      "rank_score": 2.737265742022253
    },
    {
      "ticker": "AEFC",
      "tf": "1d",
      "bars_used": 350,
      "close": 20.260000228881836,
      "sma20": 19.85094995498657,
      "sma50": 19.814258155822753,
      "trend_ok": true,
      "prior_downtrend_ok": true,
      "down_slope": -0.001761264693669933,
      "fresh_uptrend_ok": true,
      "up_slope": 0.051090968738902696,
      "up_hh_steps": 1,
      "up_hl_steps": 1,
      "up_pivot_highs": 2,
      "up_pivot_lows": 2,
      "resistance": 20.110000610351562,
      "pullback_from_resistance_pct": -0.7458956438472786,
      "state": "uptrend",
      "rank_score": 2.674315940641213
    },
    {
      "ticker": "BIO",
      "tf": "1d",
      "bars_used": 350,
      "close": 322.05999755859375,
      "sma20": 311.54949951171875,
      "sma50": 312.94779907226564,
      "trend_ok": true,