{
  "updated_utc": "2026-01-22T20:50:54.939214+00:00",
  "tf": "1d",
  "params": {
    "n_down": 40,
    "n_up": 10,
    "n_corr": 8,
    "sma_slow": 50,
    "sma_fast": 20,
    "pivot_strength": 1,
    "min_hh_steps": 1,
    "min_hl_steps": 1,
    "corr_min_pct": 0.5,
    "corr_max_pct": 12.0,
    "near_resistance_pct": 6.0,
    "breakout_wiggle_pct": 0.2
  },
  "count": 16,
  "data": [
    {
      "ticker": "GNRC",
      "tf": "1d",
      "bars_used": 350,
      "close": 172.05999755859375,
      "sma20": 149.1719985961914,
      "sma50": 151.49419952392577,
      "trend_ok": true,
      "prior_downtrend_ok": true,
      "down_slope": -0.2982570297498864,
      "fresh_uptrend_ok": true,
      "up_slope": 2.55812118992661,
      "up_hh_steps": 1,
      "up_hl_steps": 1,
      "up_pivot_highs": 2,
      "up_pivot_lows": 2,
      "resistance": 163.52999877929688,
      "pullback_from_resistance_pct": -5.2161675796311355,
      "state": "uptrend",
      "rank_score": 3.419361263271856
    },
    {
      "ticker": "GFL",
      "tf": "1d",
      "bars_used": 350,
      "close": 44.38999938964844,
      "sma20": 42.844000053405765,
      "sma50": 43.835400161743166,
      "trend_ok": true,
      "prior_downtrend_ok": true,
      "down_slope": -0.04265664120328807,
      "fresh_uptrend_ok": true,
      "up_slope": 0.15315165664210464,
      "up_hh_steps": 2,
      "up_hl_steps": 2,
      "up_pivot_highs": 3,
      "up_pivot_lows": 4,
      "resistance": 42.90999984741211,
      "pullback_from_resistance_pct": -3.449078414120727,
      "state": "uptrend",
      "rank_score": 3.294406001007938
    },
    {
      "ticker": "GPJA",
      "tf": "1d",
      "bars_used": 350,
      "close": 23.030000686645508,
      "sma20": 22.741969680786134,
      "sma50": 22.61358528137207,
      "trend_ok": true,
      "prior_downtrend_ok": true,
      "down_slope": -0.004173132268393912,
      "fresh_uptrend_ok": true,
      "up_slope": 0.041333343043471825,
      "up_hh_steps": 2,
      "up_hl_steps": 2,
      "up_pivot_highs": 3,
      "up_pivot_lows": 3,
      "resistance": 23.260000228881836,
      "pullback_from_resistance_pct": 0.9888200342781542,
      "state": "correction",
      "rank_score": 3.2234853314968444
    },
    {
      "ticker": "LNG",
      "tf": "1d",
      "bars_used": 350,
      "close": 207.3000030517578,
      "sma20": 196.28150024414063,
      "sma50": 200.7460009765625,
      "trend_ok": true,
      "prior_downtrend_ok": true,
      "down_slope": -0.6639493645243976,
      "fresh_uptrend_ok": true,
      "up_slope": 1.475029962713068,
      "up_hh_steps": 1,
      "up_hl_steps": 1,
      "up_pivot_highs": 2,
      "up_pivot_lows": 2,
      "resistance": 208.91000366210938,
      "pullback_from_resistance_pct": 0.7706670729639038,
      "state": "correction",
      "rank_score": 3.0136307656494363
    },
    {
      "ticker": "MEGI",
      "tf": "1d",
      "bars_used": 350,
      "close": 13.829999923706055,
      "sma20": 13.755499935150146,
      "sma50": 13.716193523406982,
      "trend_ok": true,
      "prior_downtrend_ok": true,
      "down_slope": -0.0036654949188232424,
      "fresh_uptrend_ok": true,
      "up_slope": 0.035515155214251894,
      "up_hh_steps": 1,
      "up_hl_steps": 1,
      "up_pivot_highs": 2,
      "up_pivot_lows": 2,
      "resistance": 13.960000038146973,
      "pullback_from_resistance_pct": 0.9312329089232149,
      "state": "correction",
      "rank_score": 2.994794515179464
    },
    {
      "ticker": "MIR",
      "tf": "1d",
      "bars_used": 350,
      "close": 26.780000686645508,
      "sma20": 25.053000068664552,
      "sma50": 25.002600059509277,
      "trend_ok": true,
      "prior_downtrend_ok": true,
      "down_slope": -0.05206473441777042,
      "fresh_uptrend_ok": true,
      "up_slope": 0.24945461388790247,
      "up_hh_steps": 2,
      "up_hl_steps": 1,
      "up_pivot_highs": 3,
      "up_pivot_lows": 2,
      "resistance": 27.399999618530273,
      "pullback_from_resistance_pct": 2.262769855899809,
      "state": "correction",
      "rank_score": 2.8881441487429296
    },
    {
      "ticker": "MGY",
      "tf": "1d",
      "bars_used": 350,
      "close": 23.729999542236328,
      "sma20": 22.181499767303468,
      "sma50": 22.496999855041505,
      "trend_ok": true,
      "prior_downtrend_ok": true,
      "down_slope": -0.027422145786249616,
      "fresh_uptrend_ok": true,
      "up_slope": 0.17181817257043086,
      "up_hh_steps": 1,
      "up_hl_steps": 1,
      "up_pivot_highs": 2,
      "up_pivot_lows": 2,
      "resistance": 23.329999923706055,
      "pullback_from_resistance_pct": -1.7145290177383425,
      "state": "uptrend",
      "rank_score": 2.827499676258259
    },
    {
      "ticker": "LPG",
      "tf": "1d",
      "bars_used": 350,
      "close": 28.6200008392334,
      "sma20": 26.467499923706054,
      "sma50": 25.653821067810057,
      "trend_ok": true,
      "prior_downtrend_ok": true,
      "down_slope": -0.03761552252420565,
      "fresh_uptrend_ok": true,
      "up_slope": 0.12290919910777699,
      "up_hh_steps": 2,
      "up_hl_steps": 1,
      "up_pivot_highs": 3,
      "up_pivot_lows": 3,
      "resistance": 29.5,
      "pullback_from_resistance_pct": 2.9830480025986494,
      "state": "correction",
      "rank_score": 2.723100735329126
    },
    {
      "ticker": "JILL",
      "tf": "1d",
      "bars_used": 350,
      "close": 16.760000228881836,
      "sma20": 15.01498875617981,
      "sma50": 14.891488418579101,
      "trend_ok": true,
      "prior_downtrend_ok": true,
      "down_slope": -0.01636667242640626,
      "fresh_uptrend_ok": true,
      "up_slope": 0.25757574023622454,
      "up_hh_steps": 1,
      "up_hl_steps": 1,
      "up_pivot_highs": 2,
      "up_pivot_lows": 2,
      "resistance": 17.229999542236328,
      "pullback_from_resistance_pct": 2.7277964355272974,
      "state": "correction",
      "rank_score": 2.69536726074545
    },
    {
      "ticker": "KR",
      "tf": "1d",
      "bars_used": 350,
      "close": 63.91999816894531,
      "sma20": 62.075,
      "sma50": 63.662836151123045,
      "trend_ok": true,
      "prior_downtrend_ok": true,
      "down_slope": -0.11931575503179324,
      "fresh_uptrend_ok": true,
      "up_slope": 0.5382424325654,
      "up_hh_steps": 1,
      "up_hl_steps": 1,
      "up_pivot_highs": 2,
      "up_pivot_lows": 2,
      "resistance": 63.630001068115234,
      "pullback_from_resistance_pct": -0.4557552977559113,
      "state": "uptrend",
      "rank_score": 2.6259592162926517
    },
    {
      "ticker": "HD",
      "tf": "1d",
      "bars_used": 350,
      "close": 384.6400146484375,
      "sma20": 359.92750396728513,
      "sma50": 355.68895568847654,
      "trend_ok": true,
      "prior_downtrend_ok": true,
      "down_slope": -0.2758134995795101,
      "fresh_uptrend_ok": true,
      "up_slope": 2.82175810842803,
      "up_hh_steps": 1,
      "up_hl_steps": 1,
      "up_pivot_highs": 2,
      "up_pivot_lows": 2,
      "resistance": 382.7699890136719,
      "pullback_from_resistance_pct": -0.4885507454710173,
      "state": "uptrend",
      "rank_score": 2.6077554433878456
    },
    {
      "ticker": "GSBD",
      "tf": "1d",
      "bars_used": 350,
      "close": 9.420000076293945,
      "sma20": 9.25026602745056,
      "sma50": 9.382276859283447,
      "trend_ok": true,
      "prior_downtrend_ok": true,
      "down_slope": -0.0010542810522369327,
      "fresh_uptrend_ok": true,
      "up_slope": 0.04103031158447266,
      "up_hh_steps": 1,
      "up_hl_steps": 1,
      "up_pivot_highs": 2,
      "up_pivot_lows": 2,
      "resistance": 9.460000038146973,
      "pullback_from_resistance_pct": 0.42283257602251073,
      "state": "uptrend",
      "rank_score": 2.4628982038220557
    },
    {
      "ticker": "HPS",
      "tf": "1d",
      "bars_used": 350,
      "close": 14.59000015258789,
      "sma20": 14.436870193481445,
      "sma50": 14.526779022216797,
      "trend_ok": true,