{
  "updated_utc": "2026-01-15T23:14:49.251491+00:00",
  "tf": "1d",
  "params": {
    "n_down": 40,
    "n_up": 10,
    "n_corr": 8,
    "sma_slow": 50,
    "sma_fast": 20,
    "pivot_strength": 1,
    "min_hh_steps": 1,
    "min_hl_steps": 1,
    "corr_min_pct": 0.5,
    "corr_max_pct": 12.0,
    "near_resistance_pct": 6.0,
    "breakout_wiggle_pct": 0.2
  },
  "count": 21,
  "data": [
    {
      "ticker": "NYC",
      "tf": "1d",
      "bars_used": 350,
      "close": 10.0,
      "sma20": 8.518599963188171,
      "sma50": 8.172979984283447,
      "trend_ok": true,
      "prior_downtrend_ok": true,
      "down_slope": -0.00777983629681156,
      "fresh_uptrend_ok": true,
      "up_slope": 0.17648483623157848,
      "up_hh_steps": 1,
      "up_hl_steps": 1,
      "up_pivot_highs": 2,
      "up_pivot_lows": 2,
      "resistance": 9.300000190734863,
      "pullback_from_resistance_pct": -7.526879515147885,
      "state": "uptrend",
      "rank_score": 3.8044799191913143
    },
    {
      "ticker": "NE",
      "tf": "1d",
      "bars_used": 350,
      "close": 32.58000183105469,
      "sma20": 29.07249994277954,
      "sma50": 29.718356857299806,
      "trend_ok": true,
      "prior_downtrend_ok": true,
      "down_slope": -0.0071052370554510694,
      "fresh_uptrend_ok": true,
      "up_slope": 0.37030307885372277,
      "up_hh_steps": 1,
      "up_hl_steps": 2,
      "up_pivot_highs": 2,
      "up_pivot_lows": 3,
      "resistance": 30.93000030517578,
      "pullback_from_resistance_pct": -5.334631456834474,
      "state": "uptrend",
      "rank_score": 3.539105242805746
    },
    {
      "ticker": "OTIS",
      "tf": "1d",
      "bars_used": 350,
      "close": 89.94999694824219,
      "sma20": 88.5489990234375,
      "sma50": 88.47349548339844,
      "trend_ok": true,
      "prior_downtrend_ok": true,
      "down_slope": -0.06767510705772528,
      "fresh_uptrend_ok": true,
      "up_slope": 0.2311514189749053,
      "up_hh_steps": 1,
      "up_hl_steps": 2,
      "up_pivot_highs": 2,
      "up_pivot_lows": 3,
      "resistance": 90.94499969482422,
      "pullback_from_resistance_pct": 1.0940708669205241,
      "state": "correction",
      "rank_score": 3.0157796788969313
    },
    {
      "ticker": "PFH",
      "tf": "1d",
      "bars_used": 350,
      "close": 17.760000228881836,
      "sma20": 17.49850015640259,
      "sma50": 17.488300132751466,
      "trend_ok": true,
      "prior_downtrend_ok": true,
      "down_slope": -0.012534517821406781,
      "fresh_uptrend_ok": true,
      "up_slope": 0.04890913529829546,
      "up_hh_steps": 1,
      "up_hl_steps": 1,
      "up_pivot_highs": 2,
      "up_pivot_lows": 2,
      "resistance": 17.93000030517578,
      "pullback_from_resistance_pct": 0.9481320323506747,
      "state": "correction",
      "rank_score": 2.991977994608221
    },
    {
      "ticker": "PNW",
      "tf": "1d",
      "bars_used": 350,
      "close": 92.30000305175781,
      "sma20": 88.79200096130371,
      "sma50": 88.68120040893555,
      "trend_ok": true,
      "prior_downtrend_ok": true,
      "down_slope": -0.022753214880852045,
      "fresh_uptrend_ok": true,
      "up_slope": 0.39012178363222066,
      "up_hh_steps": 1,
      "up_hl_steps": 2,
      "up_pivot_highs": 2,
      "up_pivot_lows": 3,
      "resistance": 90.31999969482422,
      "pullback_from_resistance_pct": -2.192209215703815,
      "state": "uptrend",
      "rank_score": 2.98901216813844
    },
    {
      "ticker": "PSA",
      "tf": "1d",
      "bars_used": 350,
      "close": 287.7699890136719,
      "sma20": 266.5054992675781,
      "sma50": 268.59995544433593,
      "trend_ok": true,
      "prior_downtrend_ok": true,
      "down_slope": -0.2985402262904183,
      "fresh_uptrend_ok": true,
      "up_slope": 3.1793323863636362,
      "up_hh_steps": 1,
      "up_hl_steps": 2,
      "up_pivot_highs": 2,
      "up_pivot_lows": 3,
      "resistance": 282.0899963378906,
      "pullback_from_resistance_pct": -2.0135392071747518,
      "state": "uptrend",
      "rank_score": 2.985589867862459
    },
    {
      "ticker": "MOS",
      "tf": "1d",
      "bars_used": 350,
      "close": 27.639999389648438,
      "sma20": 24.854499721527098,
      "sma50": 24.76605041503906,
      "trend_ok": true,
      "prior_downtrend_ok": true,
      "down_slope": -0.041632052523557506,
      "fresh_uptrend_ok": true,
      "up_slope": 0.2919392441258286,
      "up_hh_steps": 1,
      "up_hl_steps": 2,
      "up_pivot_highs": 2,
      "up_pivot_lows": 3,
      "resistance": 27.25,
      "pullback_from_resistance_pct": -1.4311904207282111,
      "state": "uptrend",
      "rank_score": 2.888531736788035
    },
    {
      "ticker": "NMI",
      "tf": "1d",
      "bars_used": 350,
      "close": 10.140000343322754,
      "sma20": 10.017500019073486,
      "sma50": 9.99410348892212,
      "trend_ok": true,
      "prior_downtrend_ok": true,
      "down_slope": -0.0008522386175159218,
      "fresh_uptrend_ok": true,
      "up_slope": 0.02884845733642578,
      "up_hh_steps": 1,
      "up_hl_steps": 1,
      "up_pivot_highs": 3,
      "up_pivot_lows": 2,
      "resistance": 10.359999656677246,
      "pullback_from_resistance_pct": 2.123545566072464,
      "state": "correction",
      "rank_score": 2.7901391434994336
    },
    {
      "ticker": "MRP",
      "tf": "1d",
      "bars_used": 237,
      "close": 30.540000915527344,
      "sma20": 29.4641450881958,
      "sma50": 29.98644283294678,
      "trend_ok": true,
      "prior_downtrend_ok": true,
      "down_slope": -0.0305964532533685,
      "fresh_uptrend_ok": true,
      "up_slope": 0.20611559549967448,
      "up_hh_steps": 1,
      "up_hl_steps": 1,
      "up_pivot_highs": 2,
      "up_pivot_lows": 3,
      "resistance": 31.18000030517578,
      "pullback_from_resistance_pct": 2.0525958415151124,
      "state": "correction",
      "rank_score": 2.785036967767974
    },
    {
      "ticker": "PNI",
      "tf": "1d",
      "bars_used": 350,
      "close": 7.059999942779541,
      "sma20": 6.905491685867309,
      "sma50": 6.882960577011108,
      "trend_ok": true,
      "prior_downtrend_ok": true,
      "down_slope": -0.0011658937354025207,
      "fresh_uptrend_ok": true,
      "up_slope": 0.021970581285881273,
      "up_hh_steps": 2,
      "up_hl_steps": 2,
      "up_pivot_highs": 3,
      "up_pivot_lows": 3,
      "resistance": 7.070000171661377,
      "pullback_from_resistance_pct": 0.14144594963264318,
      "state": "uptrend",
      "rank_score": 2.776425675061226
    },
    {
      "ticker": "RELX",
      "tf": "1d",
      "bars_used": 350,
      "close": 41.91999816894531,
      "sma20": 41.405999946594235,
      "sma50": 41.1707999420166,
      "trend_ok": true,
      "prior_downtrend_ok": true,
      "down_slope": -0.05397370358121775,
      "fresh_uptrend_ok": true,
      "up_slope": 0.23078782052704783,
      "up_hh_steps": 2,
      "up_hl_steps": 1,
      "up_pivot_highs": 3,
      "up_pivot_lows": 2,
      "resistance": 43.36000061035156,
      "pullback_from_resistance_pct": 3.32103879413339,
      "state": "correction",
      "rank_score": 2.685379942481748
    },
    {
      "ticker": "PRKS",
      "tf": "1d",
      "bars_used": 350,
      "close": 38.650001525878906,
      "sma20": 36.12850017547608,
      "sma50": 35.92880012512207,
      "trend_ok": true,
      "prior_downtrend_ok": true,
      "down_slope": -0.06534052414026315,
      "fresh_uptrend_ok": true,
      "up_slope": 0.26563646721117423,
      "up_hh_steps": 2,
      "up_hl_steps": 1,
      "up_pivot_highs": 3,
      "up_pivot_lows": 2,
      "resistance": 38.77000045776367,
      "pullback_from_resistance_pct": 0.309514909641266,
      "state": "uptrend",
      "rank_score": 2.6406147890017375
    },
    {
      "ticker": "PSF",
      "tf": "1d",
      "bars_used": 350,
      "close": 20.399999618530273,
      "sma20": 20.183566951751708,
      "sma50": 20.195655326843262,
      "trend_ok": true,
      "prior_downtrend_ok": true,