{
  "updated_utc": "2026-01-27T20:16:27.516059+00:00",
  "tf": "1d",
  "params": {
    "n_down": 40,
    "n_up": 10,
    "n_corr": 8,
    "sma_slow": 50,
    "sma_fast": 20,
    "pivot_strength": 1,
    "min_hh_steps": 1,
    "min_hl_steps": 1,
    "corr_min_pct": 0.5,
    "corr_max_pct": 12.0,
    "near_resistance_pct": 6.0,
    "breakout_wiggle_pct": 0.2
  },
  "count": 15,
  "data": [
    {
      "ticker": "UZD",
      "tf": "1d",
      "bars_used": 350,
      "close": 21.040000915527344,
      "sma20": 20.527500247955324,
      "sma50": 20.414887924194336,
      "trend_ok": true,
      "prior_downtrend_ok": true,
      "down_slope": -0.006761988018959146,
      "fresh_uptrend_ok": true,
      "up_slope": 0.07430314728707978,
      "up_hh_steps": 2,
      "up_hl_steps": 1,
      "up_pivot_highs": 3,
      "up_pivot_lows": 2,
      "resistance": 21.280000686645508,
      "pullback_from_resistance_pct": 1.127818436908127,
      "state": "correction",
      "rank_score": 3.112030260515312
    },
    {
      "ticker": "RRC",
      "tf": "1d",
      "bars_used": 350,
      "close": 36.689998626708984,
      "sma20": 34.891500091552736,
      "sma50": 36.39000518798828,
      "trend_ok": true,
      "prior_downtrend_ok": true,
      "down_slope": -0.13468769030544145,
      "fresh_uptrend_ok": true,
      "up_slope": 0.40866646044182053,
      "up_hh_steps": 2,
      "up_hl_steps": 1,
      "up_pivot_highs": 3,
      "up_pivot_lows": 2,
      "resistance": 37.25,
      "pullback_from_resistance_pct": 1.503359391385277,
      "state": "correction",
      "rank_score": 3.049440101435787
    },
    {
      "ticker": "VIRT",
      "tf": "1d",
      "bars_used": 350,
      "close": 37.5099983215332,
      "sma20": 34.75099964141846,
      "sma50": 34.54783851623535,
      "trend_ok": true,
      "prior_downtrend_ok": true,
      "down_slope": -0.04701891321178672,
      "fresh_uptrend_ok": true,
      "up_slope": 0.40339397083629264,
      "up_hh_steps": 1,
      "up_hl_steps": 1,
      "up_pivot_highs": 2,
      "up_pivot_lows": 2,
      "resistance": 37.779998779296875,
      "pullback_from_resistance_pct": 0.7146650780508492,
      "state": "correction",
      "rank_score": 3.0308891536581917
    },
    {
      "ticker": "VAL",
      "tf": "1d",
      "bars_used": 350,
      "close": 57.869998931884766,
      "sma20": 53.02499980926514,
      "sma50": 54.275199813842775,
      "trend_ok": true,
      "prior_downtrend_ok": true,
      "down_slope": -0.18835647074858647,
      "fresh_uptrend_ok": true,
      "up_slope": 0.29684836647727275,
      "up_hh_steps": 2,
      "up_hl_steps": 1,
      "up_pivot_highs": 3,
      "up_pivot_lows": 2,
      "resistance": 56.79999923706055,
      "pullback_from_resistance_pct": -1.8838023049233974,
      "state": "uptrend",
      "rank_score": 2.9513590487429133
    },
    {
      "ticker": "STN",
      "tf": "1d",
      "bars_used": 350,
      "close": 100.04000091552734,
      "sma20": 98.1875,
      "sma50": 96.98939971923828,
      "trend_ok": true,
      "prior_downtrend_ok": true,
      "down_slope": -0.08412289145292529,
      "fresh_uptrend_ok": true,
      "up_slope": 0.24872718579841382,
      "up_hh_steps": 1,
      "up_hl_steps": 1,
      "up_pivot_highs": 2,
      "up_pivot_lows": 2,
      "resistance": 102.18000030517578,
      "pullback_from_resistance_pct": 2.094342712132522,
      "state": "correction",
      "rank_score": 2.7400530345065692
    },
    {
      "ticker": "SO",
      "tf": "1d",
      "bars_used": 350,
      "close": 88.16000366210938,
      "sma20": 87.6560001373291,
      "sma50": 87.74092636108398,
      "trend_ok": true,
      "prior_downtrend_ok": true,
      "down_slope": -0.10274521861693649,
      "fresh_uptrend_ok": true,
      "up_slope": 0.05569735440340909,
      "up_hh_steps": 1,
      "up_hl_steps": 1,
      "up_pivot_highs": 2,
      "up_pivot_lows": 3,
      "resistance": 89.55000305175781,
      "pullback_from_resistance_pct": 1.5522047373298808,
      "state": "correction",
      "rank_score": 2.6656574179569255
    },
    {
      "ticker": "TG",
      "tf": "1d",
      "bars_used": 350,
      "close": 8.729999542236328,
      "sma20": 7.78950002193451,
      "sma50": 7.807200031280518,
      "trend_ok": true,
      "prior_downtrend_ok": true,
      "down_slope": -0.023341464817412127,
      "fresh_uptrend_ok": true,
      "up_slope": 0.11878788687966087,
      "up_hh_steps": 1,
      "up_hl_steps": 2,
      "up_pivot_highs": 2,
      "up_pivot_lows": 3,
      "resistance": 9.0600004196167,
      "pullback_from_resistance_pct": 3.642393621371735,
      "state": "correction",
      "rank_score": 2.642934396438044
    },
    {
      "ticker": "SHCO",
      "tf": "1d",
      "bars_used": 350,
      "close": 8.90999984741211,
      "sma20": 8.675999999046326,
      "sma50": 8.787400007247925,
      "trend_ok": true,
      "prior_downtrend_ok": true,
      "down_slope": -0.001503756480190141,
      "fresh_uptrend_ok": true,
      "up_slope": 0.13454541871041964,
      "up_hh_steps": 1,
      "up_hl_steps": 1,
      "up_pivot_highs": 2,
      "up_pivot_lows": 2,
      "resistance": 8.920000076293945,
      "pullback_from_resistance_pct": 0.11211018829935708,
      "state": "uptrend",
      "rank_score": 2.516150979178961
    },
    {
      "ticker": "TIMB",
      "tf": "1d",
      "bars_used": 350,
      "close": 23.3799991607666,
      "sma20": 21.004499912261963,
      "sma50": 21.61740005493164,
      "trend_ok": true,
      "prior_downtrend_ok": true,
      "down_slope": -0.10515572760834256,
      "fresh_uptrend_ok": true,
      "up_slope": 0.33496965350526753,
      "up_hh_steps": 1,
      "up_hl_steps": 1,
      "up_pivot_highs": 2,
      "up_pivot_lows": 2,
      "resistance": 23.450000762939453,
      "pullback_from_resistance_pct": 0.2985142852680951,
      "state": "uptrend",
      "rank_score": 2.500247619121984
    },
    {
      "ticker": "VRT",
      "tf": "1d",
      "bars_used": 350,
      "close": 181.22999572753906,
      "sma20": 172.22649765014648,
      "sma50": 170.9182208251953,
      "trend_ok": true,
      "prior_downtrend_ok": true,
      "down_slope": -0.13343316913769349,
      "fresh_uptrend_ok": true,
      "up_slope": 1.4880605986624054,
      "up_hh_steps": 1,
      "up_hl_steps": 2,
      "up_pivot_highs": 2,
      "up_pivot_lows": 3,
      "resistance": 189.89999389648438,
      "pullback_from_resistance_pct": 4.565560004004729,
      "state": "correction",
      "rank_score": 2.4890733326658783
    },
    {
      "ticker": "SEG",
      "tf": "1d",
      "bars_used": 350,
      "close": 20.850000381469727,
      "sma20": 20.348499965667724,
      "sma50": 20.763199920654298,
      "trend_ok": true,
      "prior_downtrend_ok": true,
      "down_slope": -0.05149624486354234,
      "fresh_uptrend_ok": true,
      "up_slope": 0.03690911495324337,
      "up_hh_steps": 1,
      "up_hl_steps": 1,
      "up_pivot_highs": 2,
      "up_pivot_lows": 2,
      "resistance": 21.559999465942383,
      "pullback_from_resistance_pct": 3.293131271149697,
      "state": "correction",
      "rank_score": 2.480549009318749
    },
    {
      "ticker": "VET",
      "tf": "1d",
      "bars_used": 350,
      "close": 9.4399995803833,
      "sma20": 8.552499914169312,
      "sma50": 8.664399976730346,
      "trend_ok": true,
      "prior_downtrend_ok": true,
      "down_slope": -0.02761632188399782,
      "fresh_uptrend_ok": true,
      "up_slope": 0.11206060467344342,
      "up_hh_steps": 1,
      "up_hl_steps": 1,
      "up_pivot_highs": 2,
      "up_pivot_lows": 2,
      "resistance": 9.479999542236328,
      "pullback_from_resistance_pct": 0.4219405462501886,
      "state": "uptrend",
      "rank_score": 2.4796765756249686
    },
    {
      "ticker": "TNK",
      "tf": "1d",
      "bars_used": 350,
      "close": 61.45000076293945,
      "sma20": 57.83499984741211,
      "sma50": 57.40860008239746,
      "trend_ok": true,
      "prior_downtrend_ok": true,