{
  "updated_utc": "2026-01-16T16:53:44.755664+00:00",
  "tf": "1d",
  "params": {
    "n_down": 40,
    "n_up": 10,
    "n_corr": 8,
    "sma_slow": 50,
    "sma_fast": 20,
    "pivot_strength": 1,
    "min_hh_steps": 1,
    "min_hl_steps": 1,
    "corr_min_pct": 0.5,
    "corr_max_pct": 12.0,
    "near_resistance_pct": 6.0,
    "breakout_wiggle_pct": 0.2
  },
  "count": 22,
  "data": [
    {
      "ticker": "JILL",
      "tf": "1d",
      "bars_used": 350,
      "close": 16.8799991607666,
      "sma20": 14.700097513198852,
      "sma50": 14.77885648727417,
      "trend_ok": true,
      "prior_downtrend_ok": true,
      "down_slope": -0.011092932810255555,
      "fresh_uptrend_ok": true,
      "up_slope": 0.3190302473126036,
      "up_hh_steps": 1,
      "up_hl_steps": 1,
      "up_pivot_highs": 2,
      "up_pivot_lows": 2,
      "resistance": 16.114999771118164,
      "pullback_from_resistance_pct": -4.747126283051488,
      "state": "uptrend",
      "rank_score": 3.341187713841914
    },
    {
      "ticker": "MGRB",
      "tf": "1d",
      "bars_used": 350,
      "close": 17.610000610351562,
      "sma20": 17.1597243309021,
      "sma50": 17.098367767333983,
      "trend_ok": true,
      "prior_downtrend_ok": true,
      "down_slope": -0.00339159187188068,
      "fresh_uptrend_ok": true,
      "up_slope": 0.055636388605291194,
      "up_hh_steps": 2,
      "up_hl_steps": 1,
      "up_pivot_highs": 3,
      "up_pivot_lows": 2,
      "resistance": 17.709999084472656,
      "pullback_from_resistance_pct": 0.5646441518383137,
      "state": "correction",
      "rank_score": 3.205892641360281
    },
    {
      "ticker": "LDP",
      "tf": "1d",
      "bars_used": 350,
      "close": 21.309999465942383,
      "sma20": 21.1451828956604,
      "sma50": 21.12449432373047,
      "trend_ok": true,
      "prior_downtrend_ok": true,
      "down_slope": -0.0043802876857163536,
      "fresh_uptrend_ok": true,
      "up_slope": 0.015926638516512784,
      "up_hh_steps": 1,
      "up_hl_steps": 2,
      "up_pivot_highs": 2,
      "up_pivot_lows": 3,
      "resistance": 21.43000030517578,
      "pullback_from_resistance_pct": 0.5599665773425855,
      "state": "correction",
      "rank_score": 3.1400958830114276
    },
    {
      "ticker": "GHI",
      "tf": "1d",
      "bars_used": 350,
      "close": 7.96999979019165,
      "sma20": 7.127717804908753,
      "sma50": 6.77233247756958,
      "trend_ok": true,
      "prior_downtrend_ok": true,
      "down_slope": -0.006799927258804637,
      "fresh_uptrend_ok": true,
      "up_slope": 0.091090895912864,
      "up_hh_steps": 1,
      "up_hl_steps": 1,
      "up_pivot_highs": 2,
      "up_pivot_lows": 2,
      "resistance": 7.75,
      "pullback_from_resistance_pct": -2.8387069702148438,
      "state": "uptrend",
      "rank_score": 3.0231178283691404
    },
    {
      "ticker": "JBI",
      "tf": "1d",
      "bars_used": 350,
      "close": 7.090000152587891,
      "sma20": 6.8109999895095825,
      "sma50": 6.607599992752075,
      "trend_ok": true,
      "prior_downtrend_ok": true,
      "down_slope": -0.005547841047032911,
      "fresh_uptrend_ok": true,
      "up_slope": 0.03842424334901752,
      "up_hh_steps": 1,
      "up_hl_steps": 2,
      "up_pivot_highs": 3,
      "up_pivot_lows": 3,
      "resistance": 7.179999828338623,
      "pullback_from_resistance_pct": 1.2534774081123816,
      "state": "correction",
      "rank_score": 2.9931574179907807
    },
    {
      "ticker": "KBH",
      "tf": "1d",
      "bars_used": 350,
      "close": 62.2400016784668,
      "sma20": 58.8165002822876,
      "sma50": 60.802207489013675,
      "trend_ok": true,
      "prior_downtrend_ok": true,
      "down_slope": -0.03878348066032939,
      "fresh_uptrend_ok": true,
      "up_slope": 0.7386668118563565,
      "up_hh_steps": 1,
      "up_hl_steps": 1,
      "up_pivot_highs": 3,
      "up_pivot_lows": 2,
      "resistance": 62.86000061035156,
      "pullback_from_resistance_pct": 0.9863170949169008,
      "state": "correction",
      "rank_score": 2.973355148024528
    },
    {
      "ticker": "IIM",
      "tf": "1d",
      "bars_used": 350,
      "close": 12.430000305175781,
      "sma20": 12.291514921188355,
      "sma50": 12.30449462890625,
      "trend_ok": true,
      "prior_downtrend_ok": true,
      "down_slope": -0.0030062521599918102,
      "fresh_uptrend_ok": true,
      "up_slope": 0.02379293730764678,
      "up_hh_steps": 1,
      "up_hl_steps": 1,
      "up_pivot_highs": 2,
      "up_pivot_lows": 2,
      "resistance": 12.552570622669117,
      "pullback_from_resistance_pct": 0.9764559083378683,
      "state": "correction",
      "rank_score": 2.9632270673271277
    },
    {
      "ticker": "MD",
      "tf": "1d",
      "bars_used": 350,
      "close": 22.670000076293945,
      "sma20": 21.992000007629393,
      "sma50": 22.430400047302246,
      "trend_ok": true,
      "prior_downtrend_ok": true,
      "down_slope": -0.024546912552939122,
      "fresh_uptrend_ok": true,
      "up_slope": 0.09060601899118134,
      "up_hh_steps": 1,
      "up_hl_steps": 1,
      "up_pivot_highs": 2,
      "up_pivot_lows": 3,
      "resistance": 22.84000015258789,
      "pullback_from_resistance_pct": 0.7443085602373931,
      "state": "correction",
      "rank_score": 2.962905317460694
    },
    {
      "ticker": "LEN",
      "tf": "1d",
      "bars_used": 350,
      "close": 122.25,
      "sma20": 109.87250022888183,
      "sma50": 117.52100051879883,
      "trend_ok": true,
      "prior_downtrend_ok": true,
      "down_slope": -0.46532835038920506,
      "fresh_uptrend_ok": true,
      "up_slope": 2.5430907278349903,
      "up_hh_steps": 1,
      "up_hl_steps": 1,
      "up_pivot_highs": 2,
      "up_pivot_lows": 2,
      "resistance": 123.70999908447266,
      "pullback_from_resistance_pct": 1.1801787206187981,
      "state": "correction",
      "rank_score": 2.9533035465635336
    },
    {
      "ticker": "MED",
      "tf": "1d",
      "bars_used": 350,
      "close": 11.829999923706055,
      "sma20": 11.246999931335449,
      "sma50": 11.306999988555908,
      "trend_ok": true,
      "prior_downtrend_ok": true,
      "down_slope": -0.0072073218970093,
      "fresh_uptrend_ok": true,
      "up_slope": 0.15890913876620205,
      "up_hh_steps": 1,
      "up_hl_steps": 1,
      "up_pivot_highs": 2,
      "up_pivot_lows": 2,
      "resistance": 12.020000457763672,
      "pullback_from_resistance_pct": 1.5807032181508494,
      "state": "correction",
      "rank_score": 2.886549463641525
    },
    {
      "ticker": "MCI",
      "tf": "1d",
      "bars_used": 350,
      "close": 19.6299991607666,
      "sma20": 18.945755767822266,
      "sma50": 19.69445930480957,
      "trend_ok": true,
      "prior_downtrend_ok": true,
      "down_slope": -0.03387525104000242,
      "fresh_uptrend_ok": true,
      "up_slope": 0.09818179968631628,
      "up_hh_steps": 1,
      "up_hl_steps": 1,
      "up_pivot_highs": 2,
      "up_pivot_lows": 2,
      "resistance": 19.450000762939453,
      "pullback_from_resistance_pct": -0.9254415977716677,
      "state": "uptrend",
      "rank_score": 2.6802271777567386
    },
    {
      "ticker": "J",
      "tf": "1d",
      "bars_used": 350,
      "close": 141.5,
      "sma20": 136.5140007019043,
      "sma50": 139.91369018554687,
      "trend_ok": true,
      "prior_downtrend_ok": true,
      "down_slope": -0.5519999863730138,
      "fresh_uptrend_ok": true,
      "up_slope": 0.4555752840909091,
      "up_hh_steps": 2,
      "up_hl_steps": 1,
      "up_pivot_highs": 3,
      "up_pivot_lows": 2,
      "resistance": 141.66000366210938,
      "pullback_from_resistance_pct": 0.11294907381974896,
      "state": "uptrend",
      "rank_score": 2.659557746143174
    },
    {
      "ticker": "GPJA",
      "tf": "1d",
      "bars_used": 350,
      "close": 23.06999969482422,
      "sma20": 22.642287254333496,
      "sma50": 22.598171844482422,
      "trend_ok": true,
      "prior_downtrend_ok": true,