{
  "updated_utc": "2026-01-22T20:53:18.710951+00:00",
  "tf": "1d",
  "params": {
    "n_down": 40,
    "n_up": 10,
    "n_corr": 8,
    "sma_slow": 50,
    "sma_fast": 20,
    "pivot_strength": 1,
    "min_hh_steps": 1,
    "min_hl_steps": 1,
    "corr_min_pct": 0.5,
    "corr_max_pct": 12.0,
    "near_resistance_pct": 6.0,
    "breakout_wiggle_pct": 0.2
  },
  "count": 18,
  "data": [
    {
      "ticker": "MOD",
      "tf": "1d",
      "bars_used": 350,
      "close": 143.67999267578125,
      "sma20": 132.94649925231934,
      "sma50": 141.9863996887207,
      "trend_ok": true,
      "prior_downtrend_ok": true,
      "down_slope": -0.3225187791892333,
      "fresh_uptrend_ok": true,
      "up_slope": 2.430848231460109,
      "up_hh_steps": 1,
      "up_hl_steps": 1,
      "up_pivot_highs": 2,
      "up_pivot_lows": 2,
      "resistance": 139.38999938964844,
      "pullback_from_resistance_pct": -3.077690870878504,
      "state": "uptrend",
      "rank_score": 3.0629484784797505
    },
    {
      "ticker": "MSI",
      "tf": "1d",
      "bars_used": 350,
      "close": 394.95001220703125,
      "sma20": 384.1685028076172,
      "sma50": 377.68903198242185,
      "trend_ok": true,
      "prior_downtrend_ok": true,
      "down_slope": -0.07538891876392471,
      "fresh_uptrend_ok": true,
      "up_slope": 2.020908055160985,
      "up_hh_steps": 2,
      "up_hl_steps": 2,
      "up_pivot_highs": 3,
      "up_pivot_lows": 3,
      "resistance": 403.2200012207031,
      "pullback_from_resistance_pct": 2.0509868033915515,
      "state": "correction",
      "rank_score": 3.058168866101408
    },
    {
      "ticker": "NSA",
      "tf": "1d",
      "bars_used": 350,
      "close": 33.400001525878906,
      "sma20": 30.138500022888184,
      "sma50": 29.341266098022462,
      "trend_ok": true,
      "prior_downtrend_ok": true,
      "down_slope": -0.018937824814672988,
      "fresh_uptrend_ok": true,
      "up_slope": 0.43872729214754974,
      "up_hh_steps": 1,
      "up_hl_steps": 2,
      "up_pivot_highs": 2,
      "up_pivot_lows": 3,
      "resistance": 33.915000915527344,
      "pullback_from_resistance_pct": 1.518500297054849,
      "state": "correction",
      "rank_score": 2.996916617157525
    },
    {
      "ticker": "POST",
      "tf": "1d",
      "bars_used": 350,
      "close": 100.1500015258789,
      "sma20": 99.06749992370605,
      "sma50": 100.62639953613281,
      "trend_ok": true,
      "prior_downtrend_ok": true,
      "down_slope": -0.19682360393245046,
      "fresh_uptrend_ok": true,
      "up_slope": 0.2043637362393466,
      "up_hh_steps": 1,
      "up_hl_steps": 1,
      "up_pivot_highs": 3,
      "up_pivot_lows": 2,
      "resistance": 101.08999633789062,
      "pullback_from_resistance_pct": 0.9298593788348859,
      "state": "correction",
      "rank_score": 2.9106357400593943
    },
    {
      "ticker": "PSA",
      "tf": "1d",
      "bars_used": 350,
      "close": 288.70001220703125,
      "sma20": 271.78699951171876,
      "sma50": 269.92700439453125,
      "trend_ok": true,
      "prior_downtrend_ok": true,
      "down_slope": -0.278309199063013,
      "fresh_uptrend_ok": true,
      "up_slope": 2.628668027935606,
      "up_hh_steps": 1,
      "up_hl_steps": 2,
      "up_pivot_highs": 2,
      "up_pivot_lows": 3,
      "resistance": 295.7200012207031,
      "pullback_from_resistance_pct": 2.3738634467381474,
      "state": "correction",
      "rank_score": 2.854356092210309
    },
    {
      "ticker": "MOS",
      "tf": "1d",
      "bars_used": 350,
      "close": 27.649999618530273,
      "sma20": 25.52249984741211,
      "sma50": 24.858324356079102,
      "trend_ok": true,
      "prior_downtrend_ok": true,
      "down_slope": -0.013436890543066314,
      "fresh_uptrend_ok": true,
      "up_slope": 0.20521222894841976,
      "up_hh_steps": 1,
      "up_hl_steps": 1,
      "up_pivot_highs": 2,
      "up_pivot_lows": 2,
      "resistance": 28.170000076293945,
      "pullback_from_resistance_pct": 1.8459370122660055,
      "state": "correction",
      "rank_score": 2.7987217770916466
    },
    {
      "ticker": "MPV",
      "tf": "1d",
      "bars_used": 350,
      "close": 19.350000381469727,
      "sma20": 17.92686610221863,
      "sma50": 18.694009494781493,
      "trend_ok": true,
      "prior_downtrend_ok": true,
      "down_slope": -0.06687425475630483,
      "fresh_uptrend_ok": true,
      "up_slope": 0.20890908674760297,
      "up_hh_steps": 1,
      "up_hl_steps": 1,
      "up_pivot_highs": 2,
      "up_pivot_lows": 2,
      "resistance": 19.790000915527344,
      "pullback_from_resistance_pct": 2.2233477195667555,
      "state": "correction",
      "rank_score": 2.779442046738874
    },
    {
      "ticker": "PUMP",
      "tf": "1d",
      "bars_used": 350,
      "close": 11.069999694824219,
      "sma20": 9.749000024795532,
      "sma50": 9.925800018310547,
      "trend_ok": true,
      "prior_downtrend_ok": true,
      "down_slope": -0.01761069387253409,
      "fresh_uptrend_ok": true,
      "up_slope": 0.18812115409157493,
      "up_hh_steps": 1,
      "up_hl_steps": 1,
      "up_pivot_highs": 2,
      "up_pivot_lows": 2,
      "resistance": 10.970000267028809,
      "pullback_from_resistance_pct": -0.9115717899840553,
      "state": "uptrend",
      "rank_score": 2.7019286316640088
    },
    {
      "ticker": "PDT",
      "tf": "1d",
      "bars_used": 350,
      "close": 12.930000305175781,
      "sma20": 12.69315767288208,
      "sma50": 12.68200901031494,
      "trend_ok": true,
      "prior_downtrend_ok": true,
      "down_slope": -0.005443849885665006,
      "fresh_uptrend_ok": true,
      "up_slope": 0.028609645727908972,
      "up_hh_steps": 1,
      "up_hl_steps": 1,
      "up_pivot_highs": 2,
      "up_pivot_lows": 2,
      "resistance": 12.890000343322754,
      "pullback_from_resistance_pct": -0.31031777182029346,
      "state": "uptrend",
      "rank_score": 2.6017196286367152
    },
    {
      "ticker": "PSN",
      "tf": "1d",
      "bars_used": 350,
      "close": 72.69999694824219,
      "sma20": 66.64299964904785,
      "sma50": 72.44759979248047,
      "trend_ok": true,
      "prior_downtrend_ok": true,
      "down_slope": -0.7935272080813295,
      "fresh_uptrend_ok": true,
      "up_slope": 0.649696904962713,
      "up_hh_steps": 1,
      "up_hl_steps": 1,
      "up_pivot_highs": 2,
      "up_pivot_lows": 2,
      "resistance": 72.80899810791016,
      "pullback_from_resistance_pct": 0.14970836366463694,
      "state": "uptrend",
      "rank_score": 2.525048606055894
    },
    {
      "ticker": "MSM",
      "tf": "1d",
      "bars_used": 350,
      "close": 87.37000274658203,
      "sma20": 84.75416107177735,
      "sma50": 84.98463317871094,
      "trend_ok": true,
      "prior_downtrend_ok": true,
      "down_slope": -0.0402064081875513,
      "fresh_uptrend_ok": true,
      "up_slope": 0.6018062707149621,
      "up_hh_steps": 1,
      "up_hl_steps": 1,
      "up_pivot_highs": 2,
      "up_pivot_lows": 2,
      "resistance": 87.56999969482422,
      "pullback_from_resistance_pct": 0.2283852334579924,
      "state": "uptrend",
      "rank_score": 2.5119357944236675
    },
    {
      "ticker": "RFM",
      "tf": "1d",
      "bars_used": 350,
      "close": 14.180000305175781,
      "sma20": 14.020513582229615,
      "sma50": 14.031065673828126,
      "trend_ok": true,
      "prior_downtrend_ok": true,
      "down_slope": -0.004428409590730076,
      "fresh_uptrend_ok": true,
      "up_slope": 0.0230556025649562,
      "up_hh_steps": 1,
      "up_hl_steps": 1,
      "up_pivot_highs": 2,
      "up_pivot_lows": 2,
      "resistance": 14.239999771118164,
      "pullback_from_resistance_pct": 0.4213445709744663,
      "state": "uptrend",
      "rank_score": 2.479775904837589
    },
    {
      "ticker": "PNR",
      "tf": "1d",
      "bars_used": 350,
      "close": 107.1500015258789,
      "sma20": 104.62299995422363,
      "sma50": 104.80340042114258,
      "trend_ok": true,