{
  "updated_utc": "2026-01-23T23:05:48.099692+00:00",
  "tf": "1d",
  "params": {
    "n_down": 40,
    "n_up": 10,
    "n_corr": 8,
    "sma_slow": 50,
    "sma_fast": 20,
    "pivot_strength": 1,
    "min_hh_steps": 1,
    "min_hl_steps": 1,
    "corr_min_pct": 0.5,
    "corr_max_pct": 12.0,
    "near_resistance_pct": 6.0,
    "breakout_wiggle_pct": 0.2
  },
  "count": 20,
  "data": [
    {
      "ticker": "DTB",
      "tf": "1d",
      "bars_used": 350,
      "close": 17.64699935913086,
      "sma20": 17.36738176345825,
      "sma50": 17.29903175354004,
      "trend_ok": true,
      "prior_downtrend_ok": true,
      "down_slope": -0.010906832303159903,
      "fresh_uptrend_ok": true,
      "up_slope": 0.029412136655865295,
      "up_hh_steps": 1,
      "up_hl_steps": 1,
      "up_pivot_highs": 2,
      "up_pivot_lows": 2,
      "resistance": 17.75,
      "pullback_from_resistance_pct": 0.5802853006712148,
      "state": "correction",
      "rank_score": 3.0529223048923817
    },
    {
      "ticker": "ES",
      "tf": "1d",
      "bars_used": 350,
      "close": 70.44999694824219,
      "sma20": 68.29600067138672,
      "sma50": 67.90322692871094,
      "trend_ok": true,
      "prior_downtrend_ok": true,
      "down_slope": -0.08602972835805582,
      "fresh_uptrend_ok": true,
      "up_slope": 0.39799957275390624,
      "up_hh_steps": 2,
      "up_hl_steps": 1,
      "up_pivot_highs": 3,
      "up_pivot_lows": 2,
      "resistance": 71.5999984741211,
      "pullback_from_resistance_pct": 1.6061474167413003,
      "state": "correction",
      "rank_score": 3.0323087638764497
    },
    {
      "ticker": "FLO",
      "tf": "1d",
      "bars_used": 350,
      "close": 10.979999542236328,
      "sma20": 10.777499914169312,
      "sma50": 10.796549949645996,
      "trend_ok": true,
      "prior_downtrend_ok": true,
      "down_slope": -0.003039462481385995,
      "fresh_uptrend_ok": true,
      "up_slope": 0.05569692091508345,
      "up_hh_steps": 2,
      "up_hl_steps": 1,
      "up_pivot_highs": 3,
      "up_pivot_lows": 2,
      "resistance": 11.140000343322754,
      "pullback_from_resistance_pct": 1.4362728559728388,
      "state": "correction",
      "rank_score": 3.0258404240548575
    },
    {
      "ticker": "FTS",
      "tf": "1d",
      "bars_used": 350,
      "close": 52.25,
      "sma20": 51.763999938964844,
      "sma50": 51.60079986572266,
      "trend_ok": true,
      "prior_downtrend_ok": true,
      "down_slope": -0.014144474480433938,
      "fresh_uptrend_ok": true,
      "up_slope": 0.10800009062795927,
      "up_hh_steps": 1,
      "up_hl_steps": 1,
      "up_pivot_highs": 2,
      "up_pivot_lows": 2,
      "resistance": 52.88999938964844,
      "pullback_from_resistance_pct": 1.2100574721762947,
      "state": "correction",
      "rank_score": 2.942549594728369
    },
    {
      "ticker": "FRA",
      "tf": "1d",
      "bars_used": 350,
      "close": 11.9399995803833,
      "sma20": 11.812083673477172,
      "sma50": 11.685076026916503,
      "trend_ok": true,
      "prior_downtrend_ok": true,
      "down_slope": -0.004882321617169407,
      "fresh_uptrend_ok": true,
      "up_slope": 0.005295892195268111,
      "up_hh_steps": 1,
      "up_hl_steps": 1,
      "up_pivot_highs": 2,
      "up_pivot_lows": 2,
      "resistance": 12.104460220421913,
      "pullback_from_resistance_pct": 1.358678016564046,
      "state": "correction",
      "rank_score": 2.706687853647571
    },
    {
      "ticker": "ESE",
      "tf": "1d",
      "bars_used": 350,
      "close": 222.9499969482422,
      "sma20": 208.96897048950194,
      "sma50": 208.67515350341796,
      "trend_ok": true,
      "prior_downtrend_ok": true,
      "down_slope": -0.5562543385918994,
      "fresh_uptrend_ok": true,
      "up_slope": 1.7340006510416666,
      "up_hh_steps": 1,
      "up_hl_steps": 1,
      "up_pivot_highs": 2,
      "up_pivot_lows": 2,
      "resistance": 221.05999755859375,
      "pullback_from_resistance_pct": -0.8549712342901288,
      "state": "uptrend",
      "rank_score": 2.692495205715021
    },
    {
      "ticker": "CMSD",
      "tf": "1d",
      "bars_used": 350,
      "close": 24.040000915527344,
      "sma20": 23.591150093078614,
      "sma50": 23.529538764953614,
      "trend_ok": true,
      "prior_downtrend_ok": true,
      "down_slope": -0.015588123937037828,
      "fresh_uptrend_ok": true,
      "up_slope": 0.048103078206380205,
      "up_hh_steps": 2,
      "up_hl_steps": 1,
      "up_pivot_highs": 3,
      "up_pivot_lows": 2,
      "resistance": 24.05500030517578,
      "pullback_from_resistance_pct": 0.06235456020846594,
      "state": "uptrend",
      "rank_score": 2.6896075732985887
    },
    {
      "ticker": "D",
      "tf": "1d",
      "bars_used": 350,
      "close": 59.93000030517578,
      "sma20": 59.19150009155273,
      "sma50": 59.56646057128906,
      "trend_ok": true,
      "prior_downtrend_ok": true,
      "down_slope": -0.06286032427989967,
      "fresh_uptrend_ok": true,
      "up_slope": 0.3616363987778172,
      "up_hh_steps": 1,
      "up_hl_steps": 1,
      "up_pivot_highs": 2,
      "up_pivot_lows": 2,
      "resistance": 61.810001373291016,
      "pullback_from_resistance_pct": 3.0415806930035267,
      "state": "correction",
      "rank_score": 2.6385903563157114
    },
    {
      "ticker": "FCPT",
      "tf": "1d",
      "bars_used": 350,
      "close": 24.280000686645508,
      "sma20": 23.810279178619385,
      "sma50": 23.474657135009764,
      "trend_ok": true,
      "prior_downtrend_ok": true,
      "down_slope": -0.01835844870132532,
      "fresh_uptrend_ok": true,
      "up_slope": 0.07139401291355943,
      "up_hh_steps": 1,
      "up_hl_steps": 1,
      "up_pivot_highs": 2,
      "up_pivot_lows": 2,
      "resistance": 24.969999313354492,
      "pullback_from_resistance_pct": 2.7633105553990074,
      "state": "correction",
      "rank_score": 2.6127545877932423
    },
    {
      "ticker": "ESRT",
      "tf": "1d",
      "bars_used": 350,
      "close": 6.690000057220459,
      "sma20": 6.458999991416931,
      "sma50": 6.717564754486084,
      "trend_ok": true,
      "prior_downtrend_ok": true,
      "down_slope": -0.016623140723351915,
      "fresh_uptrend_ok": true,
      "up_slope": 0.024000008900960285,
      "up_hh_steps": 1,
      "up_hl_steps": 1,
      "up_pivot_highs": 3,
      "up_pivot_lows": 2,
      "resistance": 6.610000133514404,
      "pullback_from_resistance_pct": -1.2102862646013341,
      "state": "uptrend",
      "rank_score": 2.603794985123417
    },
    {
      "ticker": "CIA",
      "tf": "1d",
      "bars_used": 350,
      "close": 5.460000038146973,
      "sma20": 5.116499996185302,
      "sma50": 5.35479998588562,
      "trend_ok": true,
      "prior_downtrend_ok": true,
      "down_slope": -0.0209352738414428,
      "fresh_uptrend_ok": true,
      "up_slope": 0.08539396054816968,
      "up_hh_steps": 1,
      "up_hl_steps": 1,
      "up_pivot_highs": 2,
      "up_pivot_lows": 2,
      "resistance": 5.650000095367432,
      "pullback_from_resistance_pct": 3.362832814396667,
      "state": "correction",
      "rank_score": 2.589527864267222
    },
    {
      "ticker": "DDD",
      "tf": "1d",
      "bars_used": 350,
      "close": 2.8299999237060547,
      "sma20": 2.227499985694885,
      "sma50": 2.1067999958992005,
      "trend_ok": true,
      "prior_downtrend_ok": true,
      "down_slope": -0.007778611113832771,
      "fresh_uptrend_ok": true,
      "up_slope": 0.038545451019749495,
      "up_hh_steps": 1,
      "up_hl_steps": 1,
      "up_pivot_highs": 2,
      "up_pivot_lows": 2,
      "resistance": 2.819999933242798,
      "pullback_from_resistance_pct": -0.3546095992902228,
      "state": "uptrend",
      "rank_score": 2.558764274030312
    },
    {
      "ticker": "EIC",
      "tf": "1d",
      "bars_used": 350,
      "close": 11.300000190734863,
      "sma20": 11.241000032424926,
      "sma50": 11.3346000289917,
      "trend_ok": true,