{
  "updated_utc": "2026-01-24T20:42:59.867158+00:00",
  "tf": "1d",
  "params": {
    "n_down": 40,
    "n_up": 10,
    "n_corr": 8,
    "sma_slow": 50,
    "sma_fast": 20,
    "pivot_strength": 1,
    "min_hh_steps": 1,
    "min_hl_steps": 1,
    "corr_min_pct": 0.5,
    "corr_max_pct": 12.0,
    "near_resistance_pct": 6.0,
    "breakout_wiggle_pct": 0.2
  },
  "count": 11,
  "data": [
    {
      "ticker": "GFL",
      "tf": "1d",
      "bars_used": 350,
      "close": 44.439998626708984,
      "sma20": 42.98350009918213,
      "sma50": 43.88200019836426,
      "trend_ok": true,
      "prior_downtrend_ok": true,
      "down_slope": -0.0646041268926624,
      "fresh_uptrend_ok": true,
      "up_slope": 0.2590303132028291,
      "up_hh_steps": 2,
      "up_hl_steps": 2,
      "up_pivot_highs": 3,
      "up_pivot_lows": 3,
      "resistance": 42.90999984741211,
      "pullback_from_resistance_pct": -3.565599591558024,
      "state": "uptrend",
      "rank_score": 3.3603711692796097
    },
    {
      "ticker": "LNG",
      "tf": "1d",
      "bars_used": 350,
      "close": 207.35000610351562,
      "sma20": 197.93500061035155,
      "sma50": 200.63980102539062,
      "trend_ok": true,
      "prior_downtrend_ok": true,
      "down_slope": -0.6305853909891497,
      "fresh_uptrend_ok": true,
      "up_slope": 1.7815153179746686,
      "up_hh_steps": 1,
      "up_hl_steps": 1,
      "up_pivot_highs": 2,
      "up_pivot_lows": 2,
      "resistance": 209.5,
      "pullback_from_resistance_pct": 1.0262500699209427,
      "state": "correction",
      "rank_score": 2.9789583216798428
    },
    {
      "ticker": "KB",
      "tf": "1d",
      "bars_used": 350,
      "close": 94.5199966430664,
      "sma20": 88.34700012207031,
      "sma50": 86.91779998779298,
      "trend_ok": true,
      "prior_downtrend_ok": true,
      "down_slope": -0.007052519978993829,
      "fresh_uptrend_ok": true,
      "up_slope": 0.922605341131037,
      "up_hh_steps": 1,
      "up_hl_steps": 1,
      "up_pivot_highs": 2,
      "up_pivot_lows": 2,
      "resistance": 95.55000305175781,
      "pullback_from_resistance_pct": 1.0779763221289163,
      "state": "correction",
      "rank_score": 2.9703372796451806
    },
    {
      "ticker": "GSBD",
      "tf": "1d",
      "bars_used": 350,
      "close": 9.40999984741211,
      "sma20": 9.264116430282593,
      "sma50": 9.3827640914917,
      "trend_ok": true,
      "prior_downtrend_ok": true,
      "down_slope": -0.0036713416759784406,
      "fresh_uptrend_ok": true,
      "up_slope": 0.03599995121811375,
      "up_hh_steps": 1,
      "up_hl_steps": 1,
      "up_pivot_highs": 2,
      "up_pivot_lows": 2,
      "resistance": 9.520000457763672,
      "pullback_from_resistance_pct": 1.1554685405698244,
      "state": "correction",
      "rank_score": 2.9407874283445596
    },
    {
      "ticker": "HTD",
      "tf": "1d",
      "bars_used": 350,
      "close": 23.969999313354492,
      "sma20": 23.721206665039062,
      "sma50": 23.83509349822998,
      "trend_ok": true,
      "prior_downtrend_ok": true,
      "down_slope": -0.02698100700163707,
      "fresh_uptrend_ok": true,
      "up_slope": 0.025951443296490295,
      "up_hh_steps": 1,
      "up_hl_steps": 1,
      "up_pivot_highs": 2,
      "up_pivot_lows": 2,
      "resistance": 24.25,
      "pullback_from_resistance_pct": 1.1546420067855991,
      "state": "correction",
      "rank_score": 2.872102079976302
    },
    {
      "ticker": "KR",
      "tf": "1d",
      "bars_used": 350,
      "close": 64.25,
      "sma20": 62.19050006866455,
      "sma50": 63.62756118774414,
      "trend_ok": true,
      "prior_downtrend_ok": true,
      "down_slope": -0.1509829454976667,
      "fresh_uptrend_ok": true,
      "up_slope": 0.4149091547185724,
      "up_hh_steps": 2,
      "up_hl_steps": 1,
      "up_pivot_highs": 3,
      "up_pivot_lows": 2,
      "resistance": 64.23999786376953,
      "pullback_from_resistance_pct": -0.015569951063323144,
      "state": "uptrend",
      "rank_score": 2.702594991843887
    },
    {
      "ticker": "GLP",
      "tf": "1d",
      "bars_used": 350,
      "close": 44.27000045776367,
      "sma20": 43.11299991607666,
      "sma50": 43.17099983215332,
      "trend_ok": true,
      "prior_downtrend_ok": true,
      "down_slope": -0.022196045065015612,
      "fresh_uptrend_ok": true,
      "up_slope": 0.15333342118696733,
      "up_hh_steps": 1,
      "up_hl_steps": 1,
      "up_pivot_highs": 2,
      "up_pivot_lows": 2,
      "resistance": 45.599998474121094,
      "pullback_from_resistance_pct": 2.9166624141714,
      "state": "correction",
      "rank_score": 2.576793975473789
    },
    {
      "ticker": "GNRC",
      "tf": "1d",
      "bars_used": 350,
      "close": 173.00999450683594,
      "sma20": 152.59349822998047,
      "sma50": 152.22259948730468,
      "trend_ok": true,
      "prior_downtrend_ok": true,
      "down_slope": -0.2841801555697958,
      "fresh_uptrend_ok": true,
      "up_slope": 2.3628479928681343,
      "up_hh_steps": 2,
      "up_hl_steps": 1,
      "up_pivot_highs": 3,
      "up_pivot_lows": 2,
      "resistance": 181.11000061035156,
      "pullback_from_resistance_pct": 4.472423431184429,
      "state": "correction",
      "rank_score": 2.554596094802595
    },
    {
      "ticker": "IGR",
      "tf": "1d",
      "bars_used": 350,
      "close": 4.670000076293945,
      "sma20": 4.530530977249145,
      "sma50": 4.438075799942016,
      "trend_ok": true,
      "prior_downtrend_ok": true,
      "down_slope": -0.007308866651152133,
      "fresh_uptrend_ok": true,
      "up_slope": 0.011021414670077237,
      "up_hh_steps": 1,
      "up_hl_steps": 1,
      "up_pivot_highs": 2,
      "up_pivot_lows": 2,
      "resistance": 4.829999923706055,
      "pullback_from_resistance_pct": 3.3126262927420846,
      "state": "correction",
      "rank_score": 2.4940751121591687
    },
    {
      "ticker": "GPJA",
      "tf": "1d",
      "bars_used": 350,
      "close": 23.18000030517578,
      "sma20": 22.812255859375,
      "sma50": 22.63045627593994,
      "trend_ok": true,
      "prior_downtrend_ok": true,
      "down_slope": -0.0011632709968380811,
      "fresh_uptrend_ok": true,
      "up_slope": 0.033333356452710704,
      "up_hh_steps": 1,
      "up_hl_steps": 1,
      "up_pivot_highs": 2,
      "up_pivot_lows": 2,
      "resistance": 23.260000228881836,
      "pullback_from_resistance_pct": 0.3439377597542718,
      "state": "uptrend",
      "rank_score": 2.472440819871564
    },
    {
      "ticker": "LUMN",
      "tf": "1d",
      "bars_used": 350,
      "close": 8.569999694824219,
      "sma20": 8.07300000190735,
      "sma50": 8.156600008010864,
      "trend_ok": true,
      "prior_downtrend_ok": true,
      "down_slope": -0.011048777644674506,
      "fresh_uptrend_ok": true,
      "up_slope": 0.0795757871685606,
      "up_hh_steps": 1,
      "up_hl_steps": 1,
      "up_pivot_highs": 2,
      "up_pivot_lows": 3,
      "resistance": 9.1899995803833,
      "pullback_from_resistance_pct": 6.746462610101912,
      "state": "uptrend",
      "rank_score": 1.5022346585890447
    }
  ]
}