{
  "updated_utc": "2026-01-28T14:07:23.516812+00:00",
  "tf": "1d",
  "params": {
    "n_down": 40,
    "n_up": 10,
    "n_corr": 8,
    "sma_slow": 50,
    "sma_fast": 20,
    "pivot_strength": 1,
    "min_hh_steps": 1,
    "min_hl_steps": 1,
    "corr_min_pct": 0.5,
    "corr_max_pct": 12.0,
    "near_resistance_pct": 6.0,
    "breakout_wiggle_pct": 0.2
  },
  "count": 12,
  "data": [
    {
      "ticker": "TTE",
      "tf": "1d",
      "bars_used": 350,
      "close": 71.79000091552734,
      "sma20": 66.3045000076294,
      "sma50": 65.71459999084473,
      "trend_ok": true,
      "prior_downtrend_ok": true,
      "down_slope": -0.005995309554166239,
      "fresh_uptrend_ok": true,
      "up_slope": 0.6162424723307292,
      "up_hh_steps": 1,
      "up_hl_steps": 1,
      "up_pivot_highs": 2,
      "up_pivot_lows": 2,
      "resistance": 67.9800033569336,
      "pullback_from_resistance_pct": -5.604585717051382,
      "state": "uptrend",
      "rank_score": 3.484097619508564
    },
    {
      "ticker": "VAL",
      "tf": "1d",
      "bars_used": 350,
      "close": 58.290000915527344,
      "sma20": 53.46399993896485,
      "sma50": 54.31339981079102,
      "trend_ok": true,
      "prior_downtrend_ok": true,
      "down_slope": -0.18541649823788184,
      "fresh_uptrend_ok": true,
      "up_slope": 0.3776363950787169,
      "up_hh_steps": 2,
      "up_hl_steps": 1,
      "up_pivot_highs": 3,
      "up_pivot_lows": 2,
      "resistance": 56.79999923706055,
      "pullback_from_resistance_pct": -2.6232424269023737,
      "state": "uptrend",
      "rank_score": 3.0858822761569953
    },
    {
      "ticker": "STN",
      "tf": "1d",
      "bars_used": 350,
      "close": 100.91999816894531,
      "sma20": 98.4279998779297,
      "sma50": 96.85019973754883,
      "trend_ok": true,
      "prior_downtrend_ok": true,
      "down_slope": -0.03044934442745588,
      "fresh_uptrend_ok": true,
      "up_slope": 0.29272724498401986,
      "up_hh_steps": 1,
      "up_hl_steps": 2,
      "up_pivot_highs": 2,
      "up_pivot_lows": 3,
      "resistance": 102.18000030517578,
      "pullback_from_resistance_pct": 1.233120113982467,
      "state": "correction",
      "rank_score": 3.008874409386636
    },
    {
      "ticker": "SM",
      "tf": "1d",
      "bars_used": 350,
      "close": 19.280000686645508,
      "sma20": 18.49350004196167,
      "sma50": 18.75936668395996,
      "trend_ok": true,
      "prior_downtrend_ok": true,
      "down_slope": -0.012395298727010473,
      "fresh_uptrend_ok": true,
      "up_slope": 0.11000007860588305,
      "up_hh_steps": 2,
      "up_hl_steps": 1,
      "up_pivot_highs": 3,
      "up_pivot_lows": 2,
      "resistance": 19.6299991607666,
      "pullback_from_resistance_pct": 1.7829775297220412,
      "state": "correction",
      "rank_score": 2.9962280538987027
    },
    {
      "ticker": "TS",
      "tf": "1d",
      "bars_used": 350,
      "close": 44.79999923706055,
      "sma20": 41.38549995422363,
      "sma50": 40.49880020141602,
      "trend_ok": true,
      "prior_downtrend_ok": true,
      "down_slope": -0.03254127645582017,
      "fresh_uptrend_ok": true,
      "up_slope": 0.3811515576911695,
      "up_hh_steps": 1,
      "up_hl_steps": 1,
      "up_pivot_highs": 2,
      "up_pivot_lows": 2,
      "resistance": 45.41999816894531,
      "pullback_from_resistance_pct": 1.365035131834666,
      "state": "correction",
      "rank_score": 2.9224941446942223
    },
    {
      "ticker": "VET",
      "tf": "1d",
      "bars_used": 350,
      "close": 9.6899995803833,
      "sma20": 8.627999877929687,
      "sma50": 8.68159996986389,
      "trend_ok": true,
      "prior_downtrend_ok": true,
      "down_slope": -0.027612570347526507,
      "fresh_uptrend_ok": true,
      "up_slope": 0.11969695813728101,
      "up_hh_steps": 1,
      "up_hl_steps": 1,
      "up_pivot_highs": 2,
      "up_pivot_lows": 2,
      "resistance": 9.479999542236328,
      "pullback_from_resistance_pct": -2.2151903827775263,
      "state": "uptrend",
      "rank_score": 2.9191983971295876
    },
    {
      "ticker": "TNK",
      "tf": "1d",
      "bars_used": 350,
      "close": 61.90999984741211,
      "sma20": 58.21349983215332,
      "sma50": 57.41000007629395,
      "trend_ok": true,
      "prior_downtrend_ok": true,
      "down_slope": -0.1780356559252426,
      "fresh_uptrend_ok": true,
      "up_slope": 0.13721218687115294,
      "up_hh_steps": 2,
      "up_hl_steps": 2,
      "up_pivot_highs": 3,
      "up_pivot_lows": 3,
      "resistance": 63.7599983215332,
      "pullback_from_resistance_pct": 2.901503329394391,
      "state": "correction",
      "rank_score": 2.8048316760311676
    },
    {
      "ticker": "TEN",
      "tf": "1d",
      "bars_used": 350,
      "close": 26.469999313354492,
      "sma20": 24.486999988555908,
      "sma50": 24.17159999847412,
      "trend_ok": true,
      "prior_downtrend_ok": true,
      "down_slope": -0.06646904059691008,
      "fresh_uptrend_ok": true,
      "up_slope": 0.07090902617483429,
      "up_hh_steps": 1,
      "up_hl_steps": 1,
      "up_pivot_highs": 3,
      "up_pivot_lows": 3,
      "resistance": 26.979999542236328,
      "pullback_from_resistance_pct": 1.8902899834503217,
      "state": "correction",
      "rank_score": 2.713750133771682
    },
    {
      "ticker": "VTS",
      "tf": "1d",
      "bars_used": 350,
      "close": 20.40999984741211,
      "sma20": 19.56549987792969,
      "sma50": 20.099538192749023,
      "trend_ok": true,
      "prior_downtrend_ok": true,
      "down_slope": -0.040642160948848184,
      "fresh_uptrend_ok": true,
      "up_slope": 0.030000039302941525,
      "up_hh_steps": 1,
      "up_hl_steps": 2,
      "up_pivot_highs": 3,
      "up_pivot_lows": 3,
      "resistance": 20.09000015258789,
      "pullback_from_resistance_pct": -1.5928307237120556,
      "state": "uptrend",
      "rank_score": 2.709166348424923
    },
    {
      "ticker": "UZD",
      "tf": "1d",
      "bars_used": 350,
      "close": 21.190000534057617,
      "sma20": 20.599000263214112,
      "sma50": 20.422675590515137,
      "trend_ok": true,
      "prior_downtrend_ok": true,
      "down_slope": -0.004269819993239183,
      "fresh_uptrend_ok": true,
      "up_slope": 0.074181909272165,
      "up_hh_steps": 1,
      "up_hl_steps": 1,
      "up_pivot_highs": 2,
      "up_pivot_lows": 2,
      "resistance": 21.280000686645508,
      "pullback_from_resistance_pct": 0.4229330342285712,
      "state": "uptrend",
      "rank_score": 2.4795111609619047
    },
    {
      "ticker": "TG",
      "tf": "1d",
      "bars_used": 350,
      "close": 8.699999809265137,
      "sma20": 7.853500008583069,
      "sma50": 7.813600025177002,
      "trend_ok": true,
      "prior_downtrend_ok": true,
      "down_slope": -0.02083583602762133,
      "fresh_uptrend_ok": true,
      "up_slope": 0.11848484964081735,
      "up_hh_steps": 1,
      "up_hl_steps": 2,
      "up_pivot_highs": 3,
      "up_pivot_lows": 3,
      "resistance": 8.979999542236328,
      "pullback_from_resistance_pct": 3.1180372744368965,
      "state": "uptrend",
      "rank_score": 2.1303271209271837
    },
    {
      "ticker": "SPMC",
      "tf": "1d",
      "bars_used": 350,
      "close": 14.100000381469727,
      "sma20": 14.059899759292602,
      "sma50": 13.981555309295654,
      "trend_ok": true,
      "prior_downtrend_ok": true,
      "down_slope": -0.029980287050887747,
      "fresh_uptrend_ok": true,
      "up_slope": 0.020971506292169744,
      "up_hh_steps": 1,
      "up_hl_steps": 1,
      "up_pivot_highs": 3,
      "up_pivot_lows": 3,
      "resistance": 14.42199993133545,
      "pullback_from_resistance_pct": 2.232696931069158,
      "state": "uptrend",
      "rank_score": 2.079101017363945
    }
  ]
}