{
  "updated_utc": "2026-01-19T22:47:45.492382+00:00",
  "tf": "1d",
  "params": {
    "n_down": 40,
    "n_up": 10,
    "n_corr": 8,
    "sma_slow": 50,
    "sma_fast": 20,
    "pivot_strength": 1,
    "min_hh_steps": 1,
    "min_hl_steps": 1,
    "corr_min_pct": 0.5,
    "corr_max_pct": 12.0,
    "near_resistance_pct": 6.0,
    "breakout_wiggle_pct": 0.2
  },
  "count": 18,
  "data": [
    {
      "ticker": "FCPT",
      "tf": "1d",
      "bars_used": 350,
      "close": 24.799999237060547,
      "sma20": 23.58021984100342,
      "sma50": 23.417875862121583,
      "trend_ok": true,
      "prior_downtrend_ok": true,
      "down_slope": -0.024280939048495122,
      "fresh_uptrend_ok": true,
      "up_slope": 0.18248473658706202,
      "up_hh_steps": 1,
      "up_hl_steps": 2,
      "up_pivot_highs": 2,
      "up_pivot_lows": 3,
      "resistance": 24.969999313354492,
      "pullback_from_resistance_pct": 0.6808173046405557,
      "state": "correction",
      "rank_score": 3.136530449226574
    },
    {
      "ticker": "ECAT",
      "tf": "1d",
      "bars_used": 350,
      "close": 15.90999984741211,
      "sma20": 15.69081907272339,
      "sma50": 15.573953685760499,
      "trend_ok": true,
      "prior_downtrend_ok": true,
      "down_slope": -0.00028141497671045016,
      "fresh_uptrend_ok": true,
      "up_slope": 0.02787874973181522,
      "up_hh_steps": 1,
      "up_hl_steps": 2,
      "up_pivot_highs": 2,
      "up_pivot_lows": 3,
      "resistance": 16.020000457763672,
      "pullback_from_resistance_pct": 0.6866454881919407,
      "state": "correction",
      "rank_score": 3.126909875159504
    },
    {
      "ticker": "ELS",
      "tf": "1d",
      "bars_used": 350,
      "close": 63.599998474121094,
      "sma20": 60.93287906646729,
      "sma50": 61.24009414672852,
      "trend_ok": true,
      "prior_downtrend_ok": true,
      "down_slope": -0.018904254763032438,
      "fresh_uptrend_ok": true,
      "up_slope": 0.38969684947620736,
      "up_hh_steps": 1,
      "up_hl_steps": 1,
      "up_pivot_highs": 2,
      "up_pivot_lows": 2,
      "resistance": 61.709999084472656,
      "pullback_from_resistance_pct": -3.0627117447551466,
      "state": "uptrend",
      "rank_score": 3.0604519574591906
    },
    {
      "ticker": "DTG",
      "tf": "1d",
      "bars_used": 350,
      "close": 17.6299991607666,
      "sma20": 17.380000114440918,
      "sma50": 17.406667556762695,
      "trend_ok": true,
      "prior_downtrend_ok": true,
      "down_slope": -0.016049066940794294,
      "fresh_uptrend_ok": true,
      "up_slope": 0.03163630167643229,
      "up_hh_steps": 1,
      "up_hl_steps": 1,
      "up_pivot_highs": 2,
      "up_pivot_lows": 2,
      "resistance": 17.760000228881836,
      "pullback_from_resistance_pct": 0.7319879867108493,
      "state": "correction",
      "rank_score": 3.0280020022148584
    },
    {
      "ticker": "DE",
      "tf": "1d",
      "bars_used": 350,
      "close": 514.4000244140625,
      "sma20": 481.22640533447264,
      "sma50": 477.4653887939453,
      "trend_ok": true,
      "prior_downtrend_ok": true,
      "down_slope": -0.1606236699374487,
      "fresh_uptrend_ok": true,
      "up_slope": 4.978422777580493,
      "up_hh_steps": 1,
      "up_hl_steps": 1,
      "up_pivot_highs": 2,
      "up_pivot_lows": 2,
      "resistance": 519.1799926757812,
      "pullback_from_resistance_pct": 0.9206765147253576,
      "state": "correction",
      "rank_score": 2.9965539142124404
    },
    {
      "ticker": "ESE",
      "tf": "1d",
      "bars_used": 350,
      "close": 218.5800018310547,
      "sma20": 205.30174255371094,
      "sma50": 208.41236907958984,
      "trend_ok": true,
      "prior_downtrend_ok": true,
      "down_slope": -0.669987658130295,
      "fresh_uptrend_ok": true,
      "up_slope": 1.7148489287405304,
      "up_hh_steps": 1,
      "up_hl_steps": 1,
      "up_pivot_highs": 2,
      "up_pivot_lows": 2,
      "resistance": 221.05999755859375,
      "pullback_from_resistance_pct": 1.1218654460003419,
      "state": "correction",
      "rank_score": 2.9630224256666096
    },
    {
      "ticker": "EPAC",
      "tf": "1d",
      "bars_used": 350,
      "close": 40.70000076293945,
      "sma20": 39.58699989318848,
      "sma50": 39.013199920654294,
      "trend_ok": true,
      "prior_downtrend_ok": true,
      "down_slope": -0.0023958696433348235,
      "fresh_uptrend_ok": true,
      "up_slope": 0.12290931470466382,
      "up_hh_steps": 2,
      "up_hl_steps": 1,
      "up_pivot_highs": 3,
      "up_pivot_lows": 2,
      "resistance": 41.540000915527344,
      "pullback_from_resistance_pct": 2.0221476506369185,
      "state": "correction",
      "rank_score": 2.91943443766534
    },
    {
      "ticker": "FLO",
      "tf": "1d",
      "bars_used": 350,
      "close": 10.979999542236328,
      "sma20": 10.773999977111817,
      "sma50": 10.833251514434814,
      "trend_ok": true,
      "prior_downtrend_ok": true,
      "down_slope": -0.006786398413481005,
      "fresh_uptrend_ok": true,
      "up_slope": 0.07193938746596827,
      "up_hh_steps": 1,
      "up_hl_steps": 1,
      "up_pivot_highs": 3,
      "up_pivot_lows": 2,
      "resistance": 11.100000381469727,
      "pullback_from_resistance_pct": 1.0810886045889432,
      "state": "correction",
      "rank_score": 2.9125944903998358
    },
    {
      "ticker": "ES",
      "tf": "1d",
      "bars_used": 350,
      "close": 70.11000061035156,
      "sma20": 67.72400131225587,
      "sma50": 67.95238143920898,
      "trend_ok": true,
      "prior_downtrend_ok": true,
      "down_slope": -0.11950166856146664,
      "fresh_uptrend_ok": true,
      "up_slope": 0.41484809644294507,
      "up_hh_steps": 1,
      "up_hl_steps": 1,
      "up_pivot_highs": 2,
      "up_pivot_lows": 2,
      "resistance": 71.36000061035156,
      "pullback_from_resistance_pct": 1.7516815993674102,
      "state": "correction",
      "rank_score": 2.858053066772098
    },
    {
      "ticker": "DLR",
      "tf": "1d",
      "bars_used": 350,
      "close": 163.60000610351562,
      "sma20": 155.9099998474121,
      "sma50": 157.6320944213867,
      "trend_ok": true,
      "prior_downtrend_ok": true,
      "down_slope": -0.2913891089119115,
      "fresh_uptrend_ok": true,
      "up_slope": 0.8582430752840909,
      "up_hh_steps": 1,
      "up_hl_steps": 1,
      "up_pivot_highs": 2,
      "up_pivot_lows": 2,
      "resistance": 161.08999633789062,
      "pullback_from_resistance_pct": -1.5581413015617596,
      "state": "uptrend",
      "rank_score": 2.7972179982118037
    },
    {
      "ticker": "CMSA",
      "tf": "1d",
      "bars_used": 350,
      "close": 22.68000030517578,
      "sma20": 22.169499683380128,
      "sma50": 22.280606079101563,
      "trend_ok": true,
      "prior_downtrend_ok": true,
      "down_slope": -0.02584590822402353,
      "fresh_uptrend_ok": true,
      "up_slope": 0.06278791716604522,
      "up_hh_steps": 2,
      "up_hl_steps": 1,
      "up_pivot_highs": 3,
      "up_pivot_lows": 2,
      "resistance": 22.739999771118164,
      "pullback_from_resistance_pct": 0.26384989686142174,
      "state": "uptrend",
      "rank_score": 2.6560250171897626
    },
    {
      "ticker": "DTB",
      "tf": "1d",
      "bars_used": 350,
      "close": 17.690000534057617,
      "sma20": 17.295353126525878,
      "sma50": 17.313920097351073,
      "trend_ok": true,
      "prior_downtrend_ok": true,
      "down_slope": -0.019381629772078923,
      "fresh_uptrend_ok": true,
      "up_slope": 0.034896931503758284,
      "up_hh_steps": 2,
      "up_hl_steps": 1,
      "up_pivot_highs": 3,
      "up_pivot_lows": 3,
      "resistance": 17.75,
      "pullback_from_resistance_pct": 0.33802516023877643,
      "state": "uptrend",
      "rank_score": 2.643662473293537
    },
    {
      "ticker": "CMSD",
      "tf": "1d",
      "bars_used": 350,
      "close": 23.920000076293945,
      "sma20": 23.47465009689331,
      "sma50": 23.508873405456544,
      "trend_ok": true,