{
  "updated_utc": "2026-01-06T19:52:56.929375+00:00",
  "tf": "1d",
  "params": {
    "n_down": 40,
    "n_up": 10,
    "n_corr": 8,
    "sma_slow": 50,
    "sma_fast": 20,
    "pivot_strength": 1,
    "min_hh_steps": 1,
    "min_hl_steps": 1,
    "corr_min_pct": 0.5,
    "corr_max_pct": 12.0,
    "near_resistance_pct": 6.0,
    "breakout_wiggle_pct": 0.2
  },
  "count": 31,
  "data": [
    {
      "ticker": "CVX",
      "tf": "1d",
      "bars_used": 350,
      "close": 163.85000610351562,
      "sma20": 150.85600204467772,
      "sma50": 151.73267211914063,
      "trend_ok": true,
      "prior_downtrend_ok": true,
      "down_slope": -0.13374502958544646,
      "fresh_uptrend_ok": true,
      "up_slope": 1.2333335182883522,
      "up_hh_steps": 1,
      "up_hl_steps": 1,
      "up_pivot_highs": 2,
      "up_pivot_lows": 2,
      "resistance": 152.6699981689453,
      "pullback_from_resistance_pct": -7.322989499350399,
      "state": "uptrend",
      "rank_score": 3.7560274697687137
    },
    {
      "ticker": "BLDR",
      "tf": "1d",
      "bars_used": 350,
      "close": 108.44000244140625,
      "sma20": 105.40700073242188,
      "sma50": 107.94080032348633,
      "trend_ok": true,
      "prior_downtrend_ok": true,
      "down_slope": -0.2748685847527538,
      "fresh_uptrend_ok": true,
      "up_slope": 0.2824242794152462,
      "up_hh_steps": 1,
      "up_hl_steps": 2,
      "up_pivot_highs": 3,
      "up_pivot_lows": 3,
      "resistance": 104.2699966430664,
      "pullback_from_resistance_pct": -3.9992384507448193,
      "state": "uptrend",
      "rank_score": 3.198461071296142
    },
    {
      "ticker": "TDG",
      "tf": "1d",
      "bars_used": 350,
      "close": 1367.8900146484375,
      "sma20": 1310.940496826172,
      "sma50": 1320.4406005859375,
      "trend_ok": true,
      "prior_downtrend_ok": true,
      "down_slope": -0.31462489373241087,
      "fresh_uptrend_ok": true,
      "up_slope": 7.932547644412879,
      "up_hh_steps": 1,
      "up_hl_steps": 1,
      "up_pivot_highs": 2,
      "up_pivot_lows": 3,
      "resistance": 1320.6700439453125,
      "pullback_from_resistance_pct": -3.5754555742070218,
      "state": "uptrend",
      "rank_score": 3.1459092623678364
    },
    {
      "ticker": "APTV",
      "tf": "1d",
      "bars_used": 350,
      "close": 80.5199966430664,
      "sma20": 77.52049980163574,
      "sma50": 78.92219985961914,
      "trend_ok": true,
      "prior_downtrend_ok": true,
      "down_slope": -0.22896622734713956,
      "fresh_uptrend_ok": true,
      "up_slope": 0.16769691236091383,
      "up_hh_steps": 1,
      "up_hl_steps": 1,
      "up_pivot_highs": 2,
      "up_pivot_lows": 2,
      "resistance": 77.05000305175781,
      "pullback_from_resistance_pct": -4.503560615017302,
      "state": "uptrend",
      "rank_score": 3.13444025119685
    },
    {
      "ticker": "FWONK",
      "tf": "1d",
      "bars_used": 350,
      "close": 98.25,
      "sma20": 95.72799949645996,
      "sma50": 96.65490005493164,
      "trend_ok": true,
      "prior_downtrend_ok": true,
      "down_slope": -0.15948078949947966,
      "fresh_uptrend_ok": true,
      "up_slope": 0.1721211288914536,
      "up_hh_steps": 1,
      "up_hl_steps": 1,
      "up_pivot_highs": 2,
      "up_pivot_lows": 2,
      "resistance": 99.04000091552734,
      "pullback_from_resistance_pct": 0.7976584291443484,
      "state": "correction",
      "rank_score": 2.9995931020981885
    },
    {
      "ticker": "INTC",
      "tf": "1d",
      "bars_used": 350,
      "close": 39.369998931884766,
      "sma20": 37.949499702453615,
      "sma50": 38.058400039672854,
      "trend_ok": true,
      "prior_downtrend_ok": true,
      "down_slope": -0.0004643699688938277,
      "fresh_uptrend_ok": true,
      "up_slope": 0.30709103670987214,
      "up_hh_steps": 1,
      "up_hl_steps": 1,
      "up_pivot_highs": 2,
      "up_pivot_lows": 2,
      "resistance": 38.2599983215332,
      "pullback_from_resistance_pct": -2.9012040226014344,
      "state": "uptrend",
      "rank_score": 2.9983558879787493
    },
    {
      "ticker": "CI",
      "tf": "1d",
      "bars_used": 350,
      "close": 283.9700012207031,
      "sma20": 273.2885025024414,
      "sma50": 272.65879913330076,
      "trend_ok": true,
      "prior_downtrend_ok": true,
      "down_slope": -0.22694528805158376,
      "fresh_uptrend_ok": true,
      "up_slope": 0.8795147520123106,
      "up_hh_steps": 1,
      "up_hl_steps": 2,
      "up_pivot_highs": 2,
      "up_pivot_lows": 3,
      "resistance": 277.8900146484375,
      "pullback_from_resistance_pct": -2.187911134539145,
      "state": "uptrend",
      "rank_score": 2.9976555625760923
    },
    {
      "ticker": "BA",
      "tf": "1d",
      "bars_used": 350,
      "close": 228.1300048828125,
      "sma20": 211.514501953125,
      "sma50": 203.1264013671875,
      "trend_ok": true,
      "prior_downtrend_ok": true,
      "down_slope": -0.21411820746273305,
      "fresh_uptrend_ok": true,
      "up_slope": 1.2493334221117425,
      "up_hh_steps": 1,
      "up_hl_steps": 1,
      "up_pivot_highs": 2,
      "up_pivot_lows": 2,
      "resistance": 221.8800048828125,
      "pullback_from_resistance_pct": -2.8168378684239626,
      "state": "uptrend",
      "rank_score": 2.9935783844342927
    },
    {
      "ticker": "LINE",
      "tf": "1d",
      "bars_used": 350,
      "close": 35.349998474121094,
      "sma20": 34.74748821258545,
      "sma50": 35.33061019897461,
      "trend_ok": true,
      "prior_downtrend_ok": true,
      "down_slope": -0.09904122200513199,
      "fresh_uptrend_ok": true,
      "up_slope": 0.1809209650213068,
      "up_hh_steps": 1,
      "up_hl_steps": 2,
      "up_pivot_highs": 2,
      "up_pivot_lows": 3,
      "resistance": 34.67183000594919,
      "pullback_from_resistance_pct": -1.9559638705414173,
      "state": "uptrend",
      "rank_score": 2.973318092525349
    },
    {
      "ticker": "VRT",
      "tf": "1d",
      "bars_used": 350,
      "close": 173.9499969482422,
      "sma20": 168.48450088500977,
      "sma50": 174.81539184570312,
      "trend_ok": true,
      "prior_downtrend_ok": true,
      "down_slope": -0.6273076971744731,
      "fresh_uptrend_ok": true,
      "up_slope": 0.981150956587358,
      "up_hh_steps": 1,
      "up_hl_steps": 1,
      "up_pivot_highs": 2,
      "up_pivot_lows": 3,
      "resistance": 168.99000549316406,
      "pullback_from_resistance_pct": -2.935079764393975,
      "state": "uptrend",
      "rank_score": 2.953773184523233
    },
    {
      "ticker": "CELH",
      "tf": "1d",
      "bars_used": 350,
      "close": 48.09000015258789,
      "sma20": 44.36700019836426,
      "sma50": 46.643200149536135,
      "trend_ok": true,
      "prior_downtrend_ok": true,
      "down_slope": -0.5323320900521628,
      "fresh_uptrend_ok": true,
      "up_slope": 0.497575771447384,
      "up_hh_steps": 1,
      "up_hl_steps": 1,
      "up_pivot_highs": 2,
      "up_pivot_lows": 2,
      "resistance": 47.08000183105469,
      "pullback_from_resistance_pct": -2.145280973347356,
      "state": "uptrend",
      "rank_score": 2.907546828891226
    },
    {
      "ticker": "PCG",
      "tf": "1d",
      "bars_used": 350,
      "close": 16.1299991607666,
      "sma20": 15.558529710769653,
      "sma50": 15.84121238708496,
      "trend_ok": true,
      "prior_downtrend_ok": true,
      "down_slope": -0.03271222034046395,
      "fresh_uptrend_ok": true,
      "up_slope": 0.052797040072354404,
      "up_hh_steps": 1,
      "up_hl_steps": 1,
      "up_pivot_highs": 2,
      "up_pivot_lows": 2,
      "resistance": 16.3799991607666,
      "pullback_from_resistance_pct": 1.526251604449409,
      "state": "correction",
      "rank_score": 2.8861536345013916
    },
    {
      "ticker": "O",
      "tf": "1d",
      "bars_used": 350,
      "close": 57.849998474121094,
      "sma20": 56.87873249053955,
      "sma50": 56.9162239074707,
      "trend_ok": true,
      "prior_downtrend_ok": true,