{
  "updated_utc": "2026-01-07T15:47:40.030220+00:00",
  "tf": "1d",
  "params": {
    "n_down": 40,
    "n_up": 10,
    "n_corr": 8,
    "sma_slow": 50,
    "sma_fast": 20,
    "pivot_strength": 1,
    "min_hh_steps": 1,
    "min_hl_steps": 1,
    "corr_min_pct": 0.5,
    "corr_max_pct": 12.0,
    "near_resistance_pct": 6.0,
    "breakout_wiggle_pct": 0.2
  },
  "count": 29,
  "data": [
    {
      "ticker": "APTV",
      "tf": "1d",
      "bars_used": 350,
      "close": 82.61000061035156,
      "sma20": 77.83249969482422,
      "sma50": 78.87499984741211,
      "trend_ok": true,
      "prior_downtrend_ok": true,
      "down_slope": -0.21082362949736347,
      "fresh_uptrend_ok": true,
      "up_slope": 0.5079394716205019,
      "up_hh_steps": 1,
      "up_hl_steps": 1,
      "up_pivot_highs": 2,
      "up_pivot_lows": 2,
      "resistance": 77.05000305175781,
      "pullback_from_resistance_pct": -7.216089991403192,
      "state": "uptrend",
      "rank_score": 3.706809863257268
    },
    {
      "ticker": "ARE",
      "tf": "1d",
      "bars_used": 350,
      "close": 52.380001068115234,
      "sma20": 47.46110305786133,
      "sma50": 51.3336685180664,
      "trend_ok": true,
      "prior_downtrend_ok": true,
      "down_slope": -0.4590882829161567,
      "fresh_uptrend_ok": true,
      "up_slope": 0.38443649754379733,
      "up_hh_steps": 1,
      "up_hl_steps": 1,
      "up_pivot_highs": 2,
      "up_pivot_lows": 2,
      "resistance": 49.351124000404596,
      "pullback_from_resistance_pct": -6.137402397736285,
      "state": "uptrend",
      "rank_score": 3.561496342919682
    },
    {
      "ticker": "BBWI",
      "tf": "1d",
      "bars_used": 350,
      "close": 22.040000915527344,
      "sma20": 19.919000148773193,
      "sma50": 20.57557025909424,
      "trend_ok": true,
      "prior_downtrend_ok": true,
      "down_slope": -0.1699751150764623,
      "fresh_uptrend_ok": true,
      "up_slope": 0.22684847513834636,
      "up_hh_steps": 1,
      "up_hl_steps": 2,
      "up_pivot_highs": 2,
      "up_pivot_lows": 3,
      "resistance": 20.979999542236328,
      "pullback_from_resistance_pct": -5.052437542513057,
      "state": "uptrend",
      "rank_score": 3.4877387411590224
    },
    {
      "ticker": "PRGO",
      "tf": "1d",
      "bars_used": 350,
      "close": 14.75,
      "sma20": 13.576500034332275,
      "sma50": 14.80500005722046,
      "trend_ok": true,
      "prior_downtrend_ok": true,
      "down_slope": -0.20209850092989867,
      "fresh_uptrend_ok": true,
      "up_slope": 0.09793941035415187,
      "up_hh_steps": 1,
      "up_hl_steps": 1,
      "up_pivot_highs": 2,
      "up_pivot_lows": 2,
      "resistance": 14.069999694824219,
      "pullback_from_resistance_pct": -4.8329802411149005,
      "state": "uptrend",
      "rank_score": 3.354966870615204
    },
    {
      "ticker": "TDG",
      "tf": "1d",
      "bars_used": 350,
      "close": 1384.4000244140625,
      "sma20": 1312.8174987792968,
      "sma50": 1321.1286010742188,
      "trend_ok": true,
      "prior_downtrend_ok": true,
      "down_slope": -0.3604402753246658,
      "fresh_uptrend_ok": true,
      "up_slope": 8.510910866477273,
      "up_hh_steps": 1,
      "up_hl_steps": 1,
      "up_pivot_highs": 2,
      "up_pivot_lows": 3,
      "resistance": 1320.6700439453125,
      "pullback_from_resistance_pct": -4.825579315660542,
      "state": "uptrend",
      "rank_score": 3.354263219276757
    },
    {
      "ticker": "BLDR",
      "tf": "1d",
      "bars_used": 350,
      "close": 111.26000213623047,
      "sma20": 105.46950073242188,
      "sma50": 107.6820004272461,
      "trend_ok": true,
      "prior_downtrend_ok": true,
      "down_slope": -0.2347700981440732,
      "fresh_uptrend_ok": true,
      "up_slope": 0.65521240234375,
      "up_hh_steps": 2,
      "up_hl_steps": 2,
      "up_pivot_highs": 3,
      "up_pivot_lows": 3,
      "resistance": 112.6500015258789,
      "pullback_from_resistance_pct": 1.23390978324054,
      "state": "correction",
      "rank_score": 3.1419085247912166
    },
    {
      "ticker": "BA",
      "tf": "1d",
      "bars_used": 350,
      "close": 229.83999633789062,
      "sma20": 212.9120018005371,
      "sma50": 203.3678012084961,
      "trend_ok": true,
      "prior_downtrend_ok": true,
      "down_slope": -0.08772701241956643,
      "fresh_uptrend_ok": true,
      "up_slope": 1.4987877123283617,
      "up_hh_steps": 1,
      "up_hl_steps": 1,
      "up_pivot_highs": 2,
      "up_pivot_lows": 2,
      "resistance": 221.8800048828125,
      "pullback_from_resistance_pct": -3.5875208580792357,
      "state": "uptrend",
      "rank_score": 3.1349785234303313
    },
    {
      "ticker": "CELH",
      "tf": "1d",
      "bars_used": 350,
      "close": 48.689998626708984,
      "sma20": 44.698500061035155,
      "sma50": 46.37800010681153,
      "trend_ok": true,
      "prior_downtrend_ok": true,
      "down_slope": -0.48943246623141234,
      "fresh_uptrend_ok": true,
      "up_slope": 0.476545322302616,
      "up_hh_steps": 1,
      "up_hl_steps": 1,
      "up_pivot_highs": 2,
      "up_pivot_lows": 2,
      "resistance": 47.08000183105469,
      "pullback_from_resistance_pct": -3.4197041908191226,
      "state": "uptrend",
      "rank_score": 3.1199506984698537
    },
    {
      "ticker": "O",
      "tf": "1d",
      "bars_used": 350,
      "close": 57.41999816894531,
      "sma20": 56.839575576782224,
      "sma50": 56.87715232849121,
      "trend_ok": true,
      "prior_downtrend_ok": true,
      "down_slope": -0.007556615403624458,
      "fresh_uptrend_ok": true,
      "up_slope": 0.1761442011052912,
      "up_hh_steps": 2,
      "up_hl_steps": 1,
      "up_pivot_highs": 3,
      "up_pivot_lows": 2,
      "resistance": 58.09000015258789,
      "pullback_from_resistance_pct": 1.1533860937900682,
      "state": "correction",
      "rank_score": 3.098330236492517
    },
    {
      "ticker": "MSI",
      "tf": "1d",
      "bars_used": 350,
      "close": 381.05999755859375,
      "sma20": 374.04323120117186,
      "sma50": 382.8909674072266,
      "trend_ok": true,
      "prior_downtrend_ok": true,
      "down_slope": -1.539235405268857,
      "fresh_uptrend_ok": true,
      "up_slope": 0.9305434718276515,
      "up_hh_steps": 2,
      "up_hl_steps": 2,
      "up_pivot_highs": 3,
      "up_pivot_lows": 3,
      "resistance": 387.6199951171875,
      "pullback_from_resistance_pct": 1.6923785256770603,
      "state": "correction",
      "rank_score": 3.0904079767745203
    },
    {
      "ticker": "ADM",
      "tf": "1d",
      "bars_used": 350,
      "close": 60.4900016784668,
      "sma20": 58.57199993133545,
      "sma50": 58.86124237060547,
      "trend_ok": true,
      "prior_downtrend_ok": true,
      "down_slope": -0.011827088833749855,
      "fresh_uptrend_ok": true,
      "up_slope": 0.26406083540482955,
      "up_hh_steps": 1,
      "up_hl_steps": 1,
      "up_pivot_highs": 2,
      "up_pivot_lows": 3,
      "resistance": 58.709999084472656,
      "pullback_from_resistance_pct": -3.0318559389398922,
      "state": "uptrend",
      "rank_score": 3.0353971347124453
    },
    {
      "ticker": "KMX",
      "tf": "1d",
      "bars_used": 350,
      "close": 40.93000030517578,
      "sma20": 39.76499996185303,
      "sma50": 38.50260005950928,
      "trend_ok": true,
      "prior_downtrend_ok": true,
      "down_slope": -0.0019737345640028605,
      "fresh_uptrend_ok": true,
      "up_slope": 0.22369687629468513,
      "up_hh_steps": 1,
      "up_hl_steps": 1,
      "up_pivot_highs": 3,
      "up_pivot_lows": 3,
      "resistance": 41.310001373291016,
      "pullback_from_resistance_pct": 0.9198766775179149,
      "state": "correction",
      "rank_score": 2.9807389554232966
    },
    {
      "ticker": "CI",
      "tf": "1d",
      "bars_used": 350,
      "close": 284.760009765625,
      "sma20": 274.25450286865237,
      "sma50": 272.2866812133789,
      "trend_ok": true,
      "prior_downtrend_ok": true,