{
  "updated_utc": "2026-01-08T04:15:18.570198+00:00",
  "tf": "1d",
  "params": {
    "n_down": 40,
    "n_up": 10,
    "n_corr": 8,
    "sma_slow": 50,
    "sma_fast": 20,
    "pivot_strength": 1,
    "min_hh_steps": 1,
    "min_hl_steps": 1,
    "corr_min_pct": 0.5,
    "corr_max_pct": 12.0,
    "near_resistance_pct": 6.0,
    "breakout_wiggle_pct": 0.2
  },
  "count": 20,
  "data": [
    {
      "ticker": "ARE",
      "tf": "1d",
      "bars_used": 350,
      "close": 52.18000030517578,
      "sma20": 47.854328346252444,
      "sma50": 50.85160140991211,
      "trend_ok": true,
      "prior_downtrend_ok": true,
      "down_slope": -0.38034968241965345,
      "fresh_uptrend_ok": true,
      "up_slope": 0.5064721540971235,
      "up_hh_steps": 1,
      "up_hl_steps": 1,
      "up_pivot_highs": 2,
      "up_pivot_lows": 2,
      "resistance": 49.351124000404596,
      "pullback_from_resistance_pct": -5.732141591644384,
      "state": "uptrend",
      "rank_score": 3.5053569319407307
    },
    {
      "ticker": "BBWI",
      "tf": "1d",
      "bars_used": 350,
      "close": 21.950000762939453,
      "sma20": 20.034000205993653,
      "sma50": 20.48139705657959,
      "trend_ok": true,
      "prior_downtrend_ok": true,
      "down_slope": -0.15207003992449275,
      "fresh_uptrend_ok": true,
      "up_slope": 0.2640000545617306,
      "up_hh_steps": 1,
      "up_hl_steps": 2,
      "up_pivot_highs": 2,
      "up_pivot_lows": 3,
      "resistance": 20.979999542236328,
      "pullback_from_resistance_pct": -4.62345682491721,
      "state": "uptrend",
      "rank_score": 3.420576137486201
    },
    {
      "ticker": "TDG",
      "tf": "1d",
      "bars_used": 350,
      "close": 1385.25,
      "sma20": 1314.7214965820312,
      "sma50": 1321.6476000976563,
      "trend_ok": true,
      "prior_downtrend_ok": true,
      "down_slope": -0.26544089827260203,
      "fresh_uptrend_ok": true,
      "up_slope": 9.495762310606061,
      "up_hh_steps": 1,
      "up_hl_steps": 1,
      "up_pivot_highs": 2,
      "up_pivot_lows": 3,
      "resistance": 1320.6700439453125,
      "pullback_from_resistance_pct": -4.889938736080069,
      "state": "uptrend",
      "rank_score": 3.3649897893466783
    },
    {
      "ticker": "O",
      "tf": "1d",
      "bars_used": 350,
      "close": 57.349998474121094,
      "sma20": 56.854644203186034,
      "sma50": 56.841216201782224,
      "trend_ok": true,
      "prior_downtrend_ok": true,
      "down_slope": -0.0008724956977658155,
      "fresh_uptrend_ok": true,
      "up_slope": 0.18999992139411695,
      "up_hh_steps": 1,
      "up_hl_steps": 1,
      "up_pivot_highs": 2,
      "up_pivot_lows": 2,
      "resistance": 58.09000015258789,
      "pullback_from_resistance_pct": 1.2738882363969661,
      "state": "correction",
      "rank_score": 2.9376852939338387
    },
    {
      "ticker": "BIO",
      "tf": "1d",
      "bars_used": 350,
      "close": 324.0899963378906,
      "sma20": 307.88499908447267,
      "sma50": 312.8121984863281,
      "trend_ok": true,
      "prior_downtrend_ok": true,
      "down_slope": -0.271046859998864,
      "fresh_uptrend_ok": true,
      "up_slope": 2.8435748475970644,
      "up_hh_steps": 1,
      "up_hl_steps": 1,
      "up_pivot_highs": 2,
      "up_pivot_lows": 2,
      "resistance": 328.25,
      "pullback_from_resistance_pct": 1.2673278483196877,
      "state": "correction",
      "rank_score": 2.935955518082061
    },
    {
      "ticker": "EXR",
      "tf": "1d",
      "bars_used": 350,
      "close": 133.8800048828125,
      "sma20": 130.98140907287598,
      "sma50": 131.30950622558595,
      "trend_ok": true,
      "prior_downtrend_ok": true,
      "down_slope": -0.15655194796048677,
      "fresh_uptrend_ok": true,
      "up_slope": 0.4704256924715909,
      "up_hh_steps": 1,
      "up_hl_steps": 2,
      "up_pivot_highs": 2,
      "up_pivot_lows": 4,
      "resistance": 136.5800018310547,
      "pullback_from_resistance_pct": 1.9768611158623366,
      "state": "correction",
      "rank_score": 2.8902425084146968
    },
    {
      "ticker": "FIX",
      "tf": "1d",
      "bars_used": 350,
      "close": 1035.1199951171875,
      "sma20": 972.6509979248046,
      "sma50": 962.381220703125,
      "trend_ok": true,
      "prior_downtrend_ok": true,
      "down_slope": -0.1134433825065227,
      "fresh_uptrend_ok": true,
      "up_slope": 10.028485662286931,
      "up_hh_steps": 1,
      "up_hl_steps": 1,
      "up_pivot_highs": 2,
      "up_pivot_lows": 3,
      "resistance": 1050.449951171875,
      "pullback_from_resistance_pct": 1.45937043812373,
      "state": "correction",
      "rank_score": 2.8710141525944075
    },
    {
      "ticker": "INTC",
      "tf": "1d",
      "bars_used": 350,
      "close": 42.630001068115234,
      "sma20": 37.99749984741211,
      "sma50": 38.18300010681153,
      "trend_ok": true,
      "prior_downtrend_ok": true,
      "down_slope": -0.013075075632635692,
      "fresh_uptrend_ok": true,
      "up_slope": 0.6498789469401042,
      "up_hh_steps": 1,
      "up_hl_steps": 2,
      "up_pivot_highs": 2,
      "up_pivot_lows": 3,
      "resistance": 42.099998474121094,
      "pullback_from_resistance_pct": -1.258913570554958,
      "state": "uptrend",
      "rank_score": 2.859818928425826
    },
    {
      "ticker": "ENTG",
      "tf": "1d",
      "bars_used": 350,
      "close": 97.8499984741211,
      "sma20": 89.31649971008301,
      "sma50": 85.3995428466797,
      "trend_ok": true,
      "prior_downtrend_ok": true,
      "down_slope": -0.01606368517562552,
      "fresh_uptrend_ok": true,
      "up_slope": 1.5645451863606772,
      "up_hh_steps": 1,
      "up_hl_steps": 1,
      "up_pivot_highs": 2,
      "up_pivot_lows": 2,
      "resistance": 99.80000305175781,
      "pullback_from_resistance_pct": 1.953912342693433,
      "state": "correction",
      "rank_score": 2.8197450128930277
    },
    {
      "ticker": "EME",
      "tf": "1d",
      "bars_used": 350,
      "close": 650.969970703125,
      "sma20": 626.7775024414062,
      "sma50": 635.4722033691406,
      "trend_ok": true,
      "prior_downtrend_ok": true,
      "down_slope": -2.326422290909357,
      "fresh_uptrend_ok": true,
      "up_slope": 3.694967373934659,
      "up_hh_steps": 1,
      "up_hl_steps": 1,
      "up_pivot_highs": 2,
      "up_pivot_lows": 3,
      "resistance": 662.6500244140625,
      "pullback_from_resistance_pct": 1.7626278247352962,
      "state": "correction",
      "rank_score": 2.803561524013672
    },
    {
      "ticker": "INGR",
      "tf": "1d",
      "bars_used": 350,
      "close": 110.4000015258789,
      "sma20": 110.12443504333496,
      "sma50": 109.1146614074707,
      "trend_ok": true,
      "prior_downtrend_ok": true,
      "down_slope": -0.06471029786186862,
      "fresh_uptrend_ok": true,
      "up_slope": 0.0750058260830966,
      "up_hh_steps": 1,
      "up_hl_steps": 1,
      "up_pivot_highs": 2,
      "up_pivot_lows": 3,
      "resistance": 112.4000015258789,
      "pullback_from_resistance_pct": 1.779359406449404,
      "state": "correction",
      "rank_score": 2.6950708842493762
    },
    {
      "ticker": "LOAR",
      "tf": "1d",
      "bars_used": 350,
      "close": 70.47000122070312,
      "sma20": 68.97700004577636,
      "sma50": 70.22999977111816,
      "trend_ok": true,
      "prior_downtrend_ok": true,
      "down_slope": -0.29487052437959427,
      "fresh_uptrend_ok": true,
      "up_slope": 0.27478762539950286,
      "up_hh_steps": 1,
      "up_hl_steps": 1,
      "up_pivot_highs": 2,
      "up_pivot_lows": 2,
      "resistance": 72.47000122070312,
      "pullback_from_resistance_pct": 2.759762613925061,
      "state": "correction",
      "rank_score": 2.653700237150374
    },
    {
      "ticker": "MAN",
      "tf": "1d",
      "bars_used": 350,
      "close": 29.790000915527344,
      "sma20": 29.544500160217286,
      "sma50": 28.821699333190917,
      "trend_ok": true,
      "prior_downtrend_ok": true,