{
  "updated_utc": "2025-12-27T22:13:36.037655+00:00",
  "params": {
    "years": 3,
    "lookbacks": [
      26,
      39,
      52
    ],
    "k": 2.0,
    "min_r2": 0.65,
    "min_inside": 0.92,
    "min_touch": 0.03,
    "only_in_channel": true,
    "pos_min": 0.05,
    "pos_max": 0.95,
    "only_ascending": false,
    "sideways_threshold_pct": 8.0,
    "support_cutoff": 0.2,
    "resistance_cutoff": 0.8,
    "prior_trend_weeks": 13,
    "recent_trend_weeks": 6
  },
  "count": 19,
  "data": [
    {
      "ticker": "M&M.NS",
      "slope": 0.008728931155019458,
      "r2": 0.8810257441563735,
      "inside": 0.9743589743589743,
      "near_upper": 0.07692307692307693,
      "near_lower": 0.10256410256410256,
      "pos": 0.07230862025489551,
      "k": 2.0,
      "lookback": 39.0,
      "annual_trend_pct": 57.44475046866495,
      "trend_type": "Ascending",
      "near_support": true,
      "near_resistance": false,
      "action_zone": "Near Support",
      "prior_trend_weeks": 13,
      "recent_trend_weeks": 6,
      "prior_trend_pct": 41.13000749909857,
      "prior_trend_type": "Ascending",
      "recent_trend_pct": -36.629369080154326,
      "recent_trend_type": "Descending",
      "previously_descending": false,
      "rank_score": 0.923025599796287
    },
    {
      "ticker": "SBIN.NS",
      "slope": 0.009731177652857095,
      "r2": 0.888425116691077,
      "inside": 1.0,
      "near_upper": 0.038461538461538464,
      "near_lower": 0.07692307692307693,
      "pos": 0.26292451779082127,
      "k": 2.0,
      "lookback": 26.0,
      "annual_trend_pct": 65.86785613062113,
      "trend_type": "Ascending",
      "near_support": false,
      "near_resistance": false,
      "action_zone": "Mid Channel",
      "prior_trend_weeks": 13,
      "recent_trend_weeks": 6,
      "prior_trend_pct": 126.76927807379093,
      "prior_trend_type": "Ascending",
      "recent_trend_pct": -5.369001459389667,
      "recent_trend_type": "Sideways",
      "previously_descending": false,
      "rank_score": 0.9179201065664564
    },
    {
      "ticker": "LT.NS",
      "slope": 0.006999853630033175,
      "r2": 0.8907938879405959,
      "inside": 0.9615384615384616,
      "near_upper": 0.07692307692307693,
      "near_lower": 0.07692307692307693,
      "pos": 0.28171903818568006,
      "k": 2.0,
      "lookback": 26.0,
      "annual_trend_pct": 43.906326106299055,
      "trend_type": "Ascending",
      "near_support": false,
      "near_resistance": false,
      "action_zone": "Mid Channel",
      "prior_trend_weeks": 13,
      "recent_trend_weeks": 6,
      "prior_trend_pct": 71.54220182353438,
      "prior_trend_type": "Ascending",
      "recent_trend_pct": 6.040124520632206,
      "recent_trend_type": "Sideways",
      "previously_descending": false,
      "rank_score": 0.9018404247671147
    },
    {
      "ticker": "HINDALCO.NS",
      "slope": 0.009679127799897897,
      "r2": 0.9476320905022799,
      "inside": 0.9743589743589743,
      "near_upper": 0.05128205128205128,
      "near_lower": 0.07692307692307693,
      "pos": 0.6918839527265385,
      "k": 2.0,
      "lookback": 39.0,
      "annual_trend_pct": 65.41952645599036,
      "trend_type": "Ascending",
      "near_support": false,
      "near_resistance": false,
      "action_zone": "Mid Channel",
      "prior_trend_weeks": 13,
      "recent_trend_weeks": 6,
      "prior_trend_pct": 91.00236120509177,
      "prior_trend_type": "Ascending",
      "recent_trend_pct": 213.66585246524198,
      "recent_trend_type": "Ascending",
      "previously_descending": false,
      "rank_score": 0.8943712397220758
    },
    {
      "ticker": "EICHERMOT.NS",
      "slope": 0.010328322578745533,
      "r2": 0.858849869700066,
      "inside": 0.9743589743589743,
      "near_upper": 0.10256410256410256,
      "near_lower": 0.05128205128205128,
      "pos": 0.4281910094950886,
      "k": 2.0,
      "lookback": 39.0,
      "annual_trend_pct": 71.09910672083592,
      "trend_type": "Ascending",
      "near_support": false,
      "near_resistance": false,
      "action_zone": "Mid Channel",
      "prior_trend_weeks": 13,
      "recent_trend_weeks": 6,
      "prior_trend_pct": 57.10071350242713,
      "prior_trend_type": "Ascending",
      "recent_trend_pct": 35.14734286325041,
      "recent_trend_type": "Ascending",
      "previously_descending": false,
      "rank_score": 0.876349423644114
    },
    {
      "ticker": "SBILIFE.NS",
      "slope": 0.006902664380764234,
      "r2": 0.851712832248573,
      "inside": 0.9615384615384616,
      "near_upper": 0.09615384615384616,
      "near_lower": 0.057692307692307696,
      "pos": 0.37887115062219456,
      "k": 2.0,
      "lookback": 52.0,
      "annual_trend_pct": 43.18088110662899,
      "trend_type": "Ascending",
      "near_support": false,
      "near_resistance": false,
      "action_zone": "Mid Channel",
      "prior_trend_weeks": 13,
      "recent_trend_weeks": 6,
      "prior_trend_pct": 44.77183834398786,
      "prior_trend_type": "Ascending",
      "recent_trend_pct": 13.69904841509284,
      "recent_trend_type": "Ascending",
      "previously_descending": false,
      "rank_score": 0.8725846856774517
    },
    {
      "ticker": "BHARTIARTL.NS",
      "slope": 0.005500217783489261,
      "r2": 0.8780510925894471,
      "inside": 0.9230769230769231,
      "near_upper": 0.057692307692307696,
      "near_lower": 0.038461538461538464,
      "pos": 0.40156691674232764,
      "k": 2.0,
      "lookback": 52.0,
      "annual_trend_pct": 33.11075296155388,
      "trend_type": "Ascending",
      "near_support": false,
      "near_resistance": false,
      "action_zone": "Mid Channel",
      "prior_trend_weeks": 13,
      "recent_trend_weeks": 6,
      "prior_trend_pct": 47.71137937975192,
      "prior_trend_type": "Ascending",
      "recent_trend_pct": -20.208644351899085,
      "recent_trend_type": "Descending",
      "previously_descending": false,
      "rank_score": 0.86809962385126
    },
    {
      "ticker": "TATACONSUM.NS",
      "slope": 0.004768585218250726,
      "r2": 0.7910241428896742,
      "inside": 1.0,
      "near_upper": 0.038461538461538464,
      "near_lower": 0.038461538461538464,
      "pos": 0.3430924175965787,
      "k": 2.0,
      "lookback": 26.0,
      "annual_trend_pct": 28.141691603483654,
      "trend_type": "Ascending",
      "near_support": false,
      "near_resistance": false,
      "action_zone": "Mid Channel",
      "prior_trend_weeks": 13,
      "recent_trend_weeks": 6,
      "prior_trend_pct": 48.918888184001254,
      "prior_trend_type": "Ascending",
      "recent_trend_pct": -2.0001689557476943,
      "recent_trend_type": "Sideways",
      "previously_descending": false,
      "rank_score": 0.8612028296851792
    },
    {
      "ticker": "JSWSTEEL.NS",
      "slope": 0.004417792237305354,
      "r2": 0.7870193688481704,
      "inside": 0.9230769230769231,
      "near_upper": 0.057692307692307696,
      "near_lower": 0.038461538461538464,
      "pos": 0.05364363690354346,
      "k": 2.0,
      "lookback": 52.0,
      "annual_trend_pct": 25.825418955864833,
      "trend_type": "Ascending",
      "near_support": true,
      "near_resistance": false,
      "action_zone": "Near Support",
      "prior_trend_weeks": 13,
      "recent_trend_weeks": 6,
      "prior_trend_pct": 74.88921137318452,
      "prior_trend_type": "Ascending",
      "recent_trend_pct": -49.042756058443175,
      "recent_trend_type": "Descending",
      "previously_descending": false,
      "rank_score": 0.8573760899645001
    },
    {
      "ticker": "TRENT.NS",
      "slope": -0.012003987269141347,
      "r2": 0.860069454558871,
      "inside": 0.9615384615384616,
      "near_upper": 0.038461538461538464,
      "near_lower": 0.038461538461538464,
      "pos": 0.6991985893638599,
      "k": 2.0,
      "lookback": 26.0,
      "annual_trend_pct": -46.43141218837577,
      "trend_type": "Descending",
      "near_support": false,
      "near_resistance": false,